pid,wave,group_f,z_verbal,z_money,att_baseline,prior_engagement,polknow_total,pol_interest_general,newsuse_online,edu_time,age,gender_f,url_int_visits_yn,att_pre,att_post,att_signed,att_abs,kno_pre,kno_post,kno_signed,n_visits_total,exp_topic_uptake_n,exp_topic_uptake_yn,n_topic_search,n_topic_url,n_topic_domains,total_duration,topic_duration,exp_topic_uptake_dw,exp_topic_uptake_logdw,n_scored,n_domains,exp_q_dur,exp_q_unw,exp_q_log,n_scored_news,n_domains_news,exp_q_dur_news,exp_q_unw_news,exp_q_log_news,n_scored_all,n_domains_all,exp_q_dur_all,exp_q_unw_all,exp_q_log_all,meets_activity_threshold,hab_overall_dw_pc1,hab_news_dw_pc1,hab_news_corrected_dw_pc1,hab_overall_dw_sd_pc1,hab_news_dw_sd_pc1,hab_news_corrected_dw_sd_pc1,hab_overall_level_group,hab_news_level_group,hab_news_corrected_level_group,hab_overall_diversity_group,hab_news_diversity_group,hab_news_corrected_diversity_group,hab_overall_level_diversity_group,hab_news_level_diversity_group,hab_news_corrected_level_diversity_group,nfc,topic,y_abs,y_signed,effort_count,q_primary,t_verbal,t_money
273726366948,3,verbal,1,NA,7,0,0.29411764705882354,3,2,14,34,female,0,7,4,-3,3,2,3,1,132,0,0,0,0,0,3021,0,0,0,NA,NA,NA,NA,NA,NA,NA,NA,NA,NA,NA,NA,NA,NA,NA,TRUE,0.6264111204930775,0.6160979209925354,0.6998698797282011,0.10690867161887058,0.054353884120818,0.02791315431987175,low,low,low,high,high,low,low_level-high_diversity,low_level-high_diversity,low_level-low_diversity,5.5,Cannabis legalisation,3,-3,0,NA,1,0
273746614716,3,control,0,0,1,0,0.6470588235294118,3,8,14,53,not female,0,1,1,0,0,2,2,0,93,0,0,0,0,0,22232,0,0,0,NA,NA,NA,NA,NA,NA,NA,NA,NA,NA,NA,NA,NA,NA,NA,TRUE,0.7236212963664705,0.6691029307873299,0.718303326480675,0.13887278974203057,0.0670081274048784,0.14311363314838704,high,low,high,high,high,high,high_level-high_diversity,low_level-high_diversity,high_level-high_diversity,3,Cannabis legalisation,0,0,0,NA,0,0
273971922264,3,control,0,0,4,1,0.35294117647058826,1,1,16,43,not female,0,4,7,3,3,1,2,1,62,0,0,0,0,0,1609,0,0,0,NA,NA,NA,NA,NA,NA,NA,NA,NA,NA,NA,NA,NA,NA,NA,TRUE,0.7013083914975364,0.5654789404934871,0.5654789404934871,0.08071869099924879,0.05571795524863983,0.05571795524863983,high,low,low,low,high,high,high_level-low_diversity,low_level-high_diversity,low_level-high_diversity,7,Cannabis legalisation,3,3,0,NA,0,0
273984233580,3,verbal,1,NA,5,1,0.7058823529411765,3,1,12,42,not female,0,5,4,-1,1,3,2,-1,88,0,0,0,0,0,6615,0,0,0,NA,NA,NA,NA,NA,NA,NA,NA,NA,NA,NA,NA,NA,NA,NA,TRUE,0.6682711331335252,NA,NA,NA,NA,NA,high,NA,NA,NA,NA,NA,NA,NA,NA,4.5,Cannabis legalisation,1,-1,0,NA,1,0
274115558160,3,monetary,NA,1,4,1,0.6470588235294118,4,8,12,56,not female,0,4,5,1,1,3,3,0,22,0,0,0,0,0,362,0,0,0,NA,NA,NA,NA,NA,NA,NA,NA,NA,NA,NA,NA,NA,NA,NA,TRUE,0.8143085483678827,0.8252050812982378,0.6486088918234147,0.05522173342432,0.03959651626403652,0.0033182767265942,high,high,low,low,low,low,high_level-low_diversity,high_level-low_diversity,low_level-low_diversity,NA,Cannabis legalisation,1,1,0,NA,0,1
274131498096,3,control,0,0,2,NA,0.47058823529411764,4,7,9,47,not female,0,2,2,0,0,1,1,0,59,0,0,0,0,0,3496,0,0,0,NA,NA,NA,NA,NA,NA,NA,NA,NA,NA,NA,NA,NA,NA,NA,TRUE,0.6769139949176581,0.6645719265562136,0.6941716819838668,0.08206884778457035,0.03411920358055405,0.03671835029707749,high,low,low,low,low,low,high_level-low_diversity,low_level-low_diversity,low_level-low_diversity,4.5,Cannabis legalisation,0,0,0,NA,0,0
274350928032,3,verbal,1,NA,1,0,0.6470588235294118,3,6,16,56,not female,0,1,1,0,0,2,2,0,63,0,0,0,0,0,2063,0,0,0,NA,NA,NA,NA,NA,NA,NA,NA,NA,NA,NA,NA,NA,NA,NA,TRUE,0.6554521080113752,0.6846173026865041,0.6519199680058343,0.06289372186218704,0.07828392829213009,0.07062430795591475,low,high,low,low,high,high,low_level-low_diversity,high_level-high_diversity,low_level-high_diversity,3.5,Cannabis legalisation,0,0,0,NA,1,0
274397163696,3,control,0,0,4,0,0.6470588235294118,3,3,15,40,not female,0,4,5,1,1,2,2,0,31,0,0,0,0,0,1466,0,0,0,NA,NA,NA,NA,NA,NA,NA,NA,NA,NA,NA,NA,NA,NA,NA,TRUE,0.6472853541685365,0.6477420270691425,0.6529705945357465,0.06908665085630246,0.05994385835736209,0.05870851676388791,low,low,low,low,high,high,low_level-low_diversity,low_level-high_diversity,low_level-high_diversity,6,Cannabis legalisation,1,1,0,NA,0,0
274430404728,3,verbal,1,NA,4,1,0.8235294117647058,5,8,15,57,female,0,4,3,-1,1,3,3,0,6,0,0,0,0,0,407,0,0,0,NA,NA,NA,NA,NA,NA,NA,NA,NA,NA,NA,NA,NA,NA,NA,TRUE,0.6316852514399058,0.6240534937720692,0.6240561980538143,0.03731417664214322,0.02944142741178378,0.02942775944331381,low,low,low,low,low,low,low_level-low_diversity,low_level-low_diversity,low_level-low_diversity,NA,Cannabis legalisation,1,-1,0,NA,1,0
274502024316,3,control,0,0,7,0,0.5294117647058824,3,6,19,58,not female,1,7,7,0,0,3,3,0,97,2,1,1,1,2,8948,260,0.029056772463120252,0.027554073715274584,1,1,0.682819360793679,0.682819360793679,0.682819360793679,NA,NA,NA,NA,NA,2,2,0.6789025302697914,0.6755452469636021,0.6763017841640182,TRUE,0.5944178117414799,0.5731896009622547,0.694568585623084,0.1407807420587936,0.03509097616269954,0.12180712523270287,low,low,low,high,low,high,low_level-high_diversity,low_level-low_diversity,low_level-high_diversity,7,Cannabis legalisation,0,0,2,0.682819360793679,0,0
274518574380,3,verbal,1,NA,7,1,0.7058823529411765,5,8,13,54,not female,0,7,7,0,0,3,3,0,60,0,0,0,0,0,3524,0,0,0,NA,NA,NA,NA,NA,NA,NA,NA,NA,NA,NA,NA,NA,NA,NA,TRUE,0.4747644453670618,0.71153824924995,0.796940096219946,0.17047060993051755,0.04231446826094477,0.065519419040634,low,high,high,high,low,high,low_level-high_diversity,high_level-low_diversity,high_level-high_diversity,7,Cannabis legalisation,0,0,0,NA,1,0
274526852832,3,verbal,1,NA,1,1,0.29411764705882354,5,8,13,33,not female,0,1,6,5,5,3,3,0,176,0,0,0,0,0,7939,0,0,0,NA,NA,NA,NA,NA,NA,NA,NA,NA,NA,NA,NA,NA,NA,NA,TRUE,0.6779425649247712,0.649956272688751,0.650370838079818,0.08734354845437889,NA,0.1336639221015863,high,low,low,high,NA,high,high_level-high_diversity,NA,low_level-high_diversity,6.5,Cannabis legalisation,5,5,0,NA,1,0
274533484212,3,verbal,1,NA,4,1,0.5882352941176471,4,8,13,39,not female,0,4,4,0,0,2,3,1,17,0,0,0,0,0,407,0,0,0,NA,NA,NA,NA,NA,NA,NA,NA,NA,NA,NA,NA,NA,NA,NA,TRUE,0.664372713161187,0.6376397740155628,0.6507900063621356,0.02693181227891573,0.04057707275884113,0.04488772040679006,high,low,low,low,low,low,high_level-low_diversity,low_level-low_diversity,low_level-low_diversity,5.5,Cannabis legalisation,0,0,0,NA,1,0
274596068844,3,verbal,1,NA,7,0,0.7647058823529411,4,5,14,45,female,0,7,7,0,0,2,3,1,698,2,1,2,0,1,16572,30,0.0018102824040550326,0.0034923415170180685,NA,NA,NA,NA,NA,NA,NA,NA,NA,NA,2,1,0.668271133133525,0.668271133133525,0.6682711331335249,TRUE,0.6694847583058584,0.6463259067236102,0.6589221460816185,0.02503756145192256,0.05408783994837251,0.0765831362368233,high,low,low,low,high,high,high_level-low_diversity,low_level-high_diversity,low_level-high_diversity,6,Cannabis legalisation,0,0,2,NA,1,0
274654142496,3,monetary,NA,1,7,1,0.7058823529411765,3,4,13,38,not female,1,7,6,-1,1,2,3,1,221,2,1,1,1,2,5359,152,0.028363500653106923,0.013759727138668394,1,1,0.682819360793679,0.682819360793679,0.682819360793679,NA,NA,NA,NA,NA,2,2,0.6935800640951065,0.7412346072871425,0.7242170501527423,TRUE,0.6297990845990772,0.6314081380248933,0.7672129419722968,0.17420955403414096,0.01617006069224575,0.0749694323760772,low,low,high,high,low,high,low_level-high_diversity,low_level-low_diversity,high_level-high_diversity,5.5,Cannabis legalisation,1,-1,2,0.682819360793679,0,1
274671650160,3,monetary,NA,1,7,0,0.17647058823529413,5,3,10,56,female,1,7,7,0,0,1,3,2,139,2,1,1,1,2,3181,228,0.0716755737189563,0.022598378703014278,1,1,0.932303283086416,0.932303283086416,0.932303283086416,1,1,0.932303283086416,0.932303283086416,0.932303283086416,2,2,0.925903336935697,0.865976568433511,0.8904155512563884,TRUE,0.7559278690934972,0.6686958523575889,0.7916643860823033,0.12087020381701866,0.01906712260964196,0.04220903637743675,high,low,high,high,low,low,high_level-high_diversity,low_level-low_diversity,high_level-low_diversity,6.5,Cannabis legalisation,0,0,2,0.932303283086416,0,1
274758455232,3,verbal,1,NA,6,1,0.4117647058823529,2,1,14,23,female,0,6,6,0,0,2,3,1,23,0,0,0,0,0,1924,0,0,0,NA,NA,NA,NA,NA,NA,NA,NA,NA,NA,NA,NA,NA,NA,NA,TRUE,0.6948718042751311,0.7308403788242238,0.7113772498993113,0.08705346261231305,0.07957247577695051,0.0944162972887854,high,high,high,high,high,high,high_level-high_diversity,high_level-high_diversity,high_level-high_diversity,5.5,Cannabis legalisation,0,0,0,NA,1,0
274880751012,3,control,0,0,5,0,0.8235294117647058,4,6,17,56,not female,0,5,4,-1,1,2,2,0,540,0,0,0,0,0,11496,0,0,0,NA,NA,NA,NA,NA,NA,NA,NA,NA,NA,NA,NA,NA,NA,NA,TRUE,0.6677450523098124,0.6445442957144905,0.7150481634384233,0.10985549130622688,0.04952917642603072,0.07701899539577008,high,low,high,high,low,high,high_level-high_diversity,low_level-low_diversity,high_level-high_diversity,5,Cannabis legalisation,1,-1,0,NA,0,0
275780146716,3,monetary,NA,1,7,0,0.5294117647058824,4,4,13,47,not female,0,7,7,0,0,3,3,0,81,0,0,0,0,0,5188,0,0,0,NA,NA,NA,NA,NA,NA,NA,NA,NA,NA,NA,NA,NA,NA,NA,TRUE,0.5699050303072496,0.755136387124125,0.7442581307667446,0.16875125276470448,0.05255098522330981,0.05336628391223925,low,high,high,high,low,low,low_level-high_diversity,high_level-low_diversity,high_level-low_diversity,5.5,Cannabis legalisation,0,0,0,NA,0,1
275794438896,3,control,0,0,4,1,0.35294117647058826,4,8,12,69,female,0,4,4,0,0,3,4,1,24,0,0,0,0,0,1282,0,0,0,NA,NA,NA,NA,NA,NA,NA,NA,NA,NA,NA,NA,NA,NA,NA,TRUE,0.7861565041363631,0.7869009107019644,0.7861565041363631,0.02650513742291137,0.02377141180845494,0.02650513742291137,high,high,high,low,low,low,high_level-low_diversity,high_level-low_diversity,high_level-low_diversity,7,Cannabis legalisation,0,0,0,NA,0,0
275853123360,3,verbal,1,NA,3,0,0.5882352941176471,1,0,12,66,female,0,3,4,1,1,1,1,0,117,0,0,0,0,0,3076,0,0,0,NA,NA,NA,NA,NA,NA,NA,NA,NA,NA,NA,NA,NA,NA,NA,TRUE,0.6982490430659427,NA,0.799649853780606,0.14985625673212305,NA,NA,high,NA,high,high,NA,NA,high_level-high_diversity,NA,NA,NA,Cannabis legalisation,1,1,0,NA,1,0
275910784560,3,monetary,NA,1,1,0,0.4117647058823529,4,6,13,58,female,1,1,4,3,3,3,3,0,204,2,1,1,1,2,5501,102,0.01854208325758953,0.015501561008236112,1,1,0.932303283086416,0.932303283086416,0.932303283086416,1,1,0.932303283086416,0.932303283086416,0.932303283086416,2,2,0.889919353678097,0.812215483096179,0.8365710832800979,TRUE,0.7576344363906501,0.6696503035178876,0.7596364211990613,0.04060142881804126,0.04354261431638326,0.0362050637944314,high,low,high,low,low,low,high_level-low_diversity,low_level-low_diversity,high_level-low_diversity,6,Cannabis legalisation,3,3,2,0.932303283086416,0,1
276126931980,3,monetary,NA,1,2,0,0.8235294117647058,5,8,17,68,not female,0,2,1,-1,1,2,2,0,91,0,0,0,0,0,7275,0,0,0,NA,NA,NA,NA,NA,NA,NA,NA,NA,NA,NA,NA,NA,NA,NA,TRUE,0.6733584323618417,0.6700081211174582,0.7787170802560528,0.16565888198276252,0.05353303822155766,0.01797637288845145,high,low,high,high,low,low,high_level-high_diversity,low_level-low_diversity,high_level-low_diversity,6,Cannabis legalisation,1,-1,0,NA,0,1
276150871980,3,control,0,0,7,1,0.7058823529411765,1,7,14,38,not female,0,7,7,0,0,2,3,1,105,0,0,0,0,0,3214,0,0,0,NA,NA,NA,NA,NA,NA,NA,NA,NA,NA,NA,NA,NA,NA,NA,TRUE,0.558934361580899,0.7420586749866322,0.7055361464074476,0.14954595687793457,0.06794848500427916,0.07825202030046885,low,high,low,high,high,high,low_level-high_diversity,high_level-high_diversity,low_level-high_diversity,4,Cannabis legalisation,0,0,0,NA,0,0
276190955064,3,control,0,0,1,0,0.9411764705882353,5,6,11,47,female,0,1,1,0,0,2,2,0,127,0,0,0,0,0,5187,0,0,0,NA,NA,NA,NA,NA,NA,NA,NA,NA,NA,NA,NA,NA,NA,NA,TRUE,0.7665858455602849,NA,0.7661555486991698,0.02494551708983053,NA,0.02443405210257126,high,NA,high,low,NA,low,high_level-low_diversity,NA,high_level-low_diversity,6.5,Cannabis legalisation,0,0,0,NA,0,0
276272487864,3,verbal,1,NA,1,0,0.7647058823529411,4,8,13,44,not female,0,1,1,0,0,2,3,1,263,0,0,0,0,0,5420,0,0,0,NA,NA,NA,NA,NA,NA,NA,NA,NA,NA,NA,NA,NA,NA,NA,TRUE,0.5610134282497864,0.6612907854799731,0.6638420887348064,0.1400653850663727,0.03535677906126843,0.04550949426581543,low,low,low,high,low,low,low_level-high_diversity,low_level-low_diversity,low_level-low_diversity,4.5,Cannabis legalisation,0,0,0,NA,1,0
276479328780,3,monetary,NA,1,6,1,0.7058823529411765,4,2,18,52,not female,0,6,7,1,1,4,3,-1,10,0,0,0,0,0,561,0,0,0,NA,NA,NA,NA,NA,NA,NA,NA,NA,NA,NA,NA,NA,NA,NA,TRUE,0.46518959200366,0.648355875595028,0.6944375354841693,0.11342398575788148,NA,0.0096086903105617,low,low,low,high,NA,low,low_level-high_diversity,NA,low_level-low_diversity,3,Cannabis legalisation,1,1,0,NA,0,1
276821393760,3,control,0,0,5,0,0.47058823529411764,4,6,10,61,female,0,5,4,-1,1,2,2,0,8,0,0,0,0,0,1019,0,0,0,NA,NA,NA,NA,NA,NA,NA,NA,NA,NA,NA,NA,NA,NA,NA,TRUE,0.6603757054461673,0.6674778238015756,0.6612982253046729,0.05115346007930619,0.02820786854606381,0.00732432094839032,low,low,low,low,low,low,low_level-low_diversity,low_level-low_diversity,low_level-low_diversity,6,Cannabis legalisation,1,-1,0,NA,0,0
277769624328,3,control,0,0,5,0,0.5882352941176471,4,4,17,33,not female,0,5,5,0,0,3,2,-1,8,0,0,0,0,0,842,0,0,0,NA,NA,NA,NA,NA,NA,NA,NA,NA,NA,NA,NA,NA,NA,NA,TRUE,0.6279878135446983,0.6553150629132469,0.6330032218332491,0.07979745162816841,0.01873818531616458,0.0182507808058943,low,low,low,low,low,low,low_level-low_diversity,low_level-low_diversity,low_level-low_diversity,NA,Cannabis legalisation,0,0,0,NA,0,0
277781255748,3,verbal,1,NA,5,NA,0.7058823529411765,3,8,12,51,not female,0,5,7,2,2,2,2,0,189,0,0,0,0,0,6920,0,0,0,NA,NA,NA,NA,NA,NA,NA,NA,NA,NA,NA,NA,NA,NA,NA,TRUE,0.4537538162774295,0.657704132898628,0.6574101456606081,0.12917315963686654,0.03321529541415145,0.03472530847378606,low,low,low,high,low,low,low_level-high_diversity,low_level-low_diversity,low_level-low_diversity,6,Cannabis legalisation,2,2,0,NA,1,0
277792883064,3,monetary,NA,1,7,1,0.6470588235294118,4,5,17,37,not female,0,7,6,-1,1,4,4,0,180,0,0,0,0,0,7568,0,0,0,NA,NA,NA,NA,NA,NA,NA,NA,NA,NA,NA,NA,NA,NA,NA,TRUE,0.6406235021779547,0.62179963661493165,0.6311670017727857,0.04619793450999463,0.03952641333106148,0.05013347329275447,low,low,low,low,low,low,low_level-low_diversity,low_level-low_diversity,low_level-low_diversity,7,Cannabis legalisation,1,-1,0,NA,0,1
277824618612,3,control,0,0,5,0,0.4117647058823529,2,7,12,39,female,0,5,5,0,0,2,3,1,23,0,0,0,0,0,397,0,0,0,NA,NA,NA,NA,NA,NA,NA,NA,NA,NA,NA,NA,NA,NA,NA,TRUE,0.6760013155129992,0.6363743609031033,0.6901499784841137,0.09957800293050945,0.07807887305825952,0.07738355580140435,high,low,low,high,high,high,high_level-high_diversity,low_level-high_diversity,low_level-high_diversity,4,Cannabis legalisation,0,0,0,NA,0,0
277871473980,3,monetary,NA,1,6,0,0.6470588235294118,3,4,18,36,female,1,6,6,0,0,1,3,2,67,8,1,7,1,2,2534,402,0.15864246250986583,0.13011189244939828,1,1,0.9323032830864159,0.932303283086416,0.932303283086416,1,1,0.9323032830864159,0.932303283086416,0.932303283086416,8,2,0.8042279864674763,0.7012751518776364,0.7245662015249223,TRUE,0.47159647292092377,NA,0.692127683105942,0.13706677742122475,NA,NA,low,NA,low,high,NA,NA,low_level-high_diversity,NA,NA,7,Cannabis legalisation,0,0,8,0.9323032830864159,0,1
277902182844,3,control,0,0,1,0,0.5882352941176471,5,5,15,41,not female,0,1,1,0,0,1,2,1,45,0,0,0,0,0,3236,0,0,0,NA,NA,NA,NA,NA,NA,NA,NA,NA,NA,NA,NA,NA,NA,NA,TRUE,0.7035472079968853,0.673345608147543,0.7917155616834773,0.11452139234056706,0.082409799667932,0.03622529771942162,high,high,high,high,high,low,high_level-high_diversity,high_level-high_diversity,high_level-low_diversity,5,Cannabis legalisation,0,0,0,NA,0,0
277948352160,3,monetary,NA,1,4,1,0.7647058823529411,4,5,13,60,female,1,4,6,2,2,3,2,-1,243,3,1,1,2,3,12138,211,0.01738342395781842,0.014011315782051581,2,2,0.679047346906204,0.6305500254958121,0.6531056489481103,1,1,0.578280690197945,0.578280690197945,0.578280690197945,3,3,0.6781791211520072,0.6431237280417164,0.657400455030984,TRUE,0.7750816225173722,0.7133017141394368,0.8229844887837194,0.1390804127711041,0.04130181828695988,0.06459054035891502,high,high,high,high,low,high,high_level-high_diversity,high_level-low_diversity,high_level-high_diversity,5.5,Cannabis legalisation,2,2,3,0.679047346906204,0,1
277955127180,3,monetary,NA,1,3,1,0.7058823529411765,4,8,15,44,not female,0,3,4,1,1,2,2,0,31,0,0,0,0,0,729,0,0,0,NA,NA,NA,NA,NA,NA,NA,NA,NA,NA,NA,NA,NA,NA,NA,TRUE,0.646460633952786,0.6431503357185324,0.6436075420030927,0.03729873325137221,0.03535624011535118,0.03574448278849662,low,low,low,low,low,low,low_level-low_diversity,low_level-low_diversity,low_level-low_diversity,5.5,Cannabis legalisation,1,1,0,NA,0,1
277957794096,3,control,0,0,5,1,0.7058823529411765,3,2,20,37,female,0,5,5,0,0,2,2,0,83,0,0,0,0,0,3561,0,0,0,NA,NA,NA,NA,NA,NA,NA,NA,NA,NA,NA,NA,NA,NA,NA,TRUE,0.7242515760463359,0.6945802767070929,0.6892184676901896,0.11452131191097364,0.10073912870718071,0.0988820722553435,high,high,low,high,high,high,high_level-high_diversity,high_level-high_diversity,low_level-high_diversity,NA,Cannabis legalisation,0,0,0,NA,0,0
277967714148,3,control,0,0,7,1,0.6470588235294118,4,7,13,58,not female,0,7,7,0,0,4,3,-1,21,0,0,0,0,0,2952,0,0,0,NA,NA,NA,NA,NA,NA,NA,NA,NA,NA,NA,NA,NA,NA,NA,TRUE,0.41509248620919487,NA,NA,0.04394854818553832,NA,NA,low,NA,NA,low,NA,NA,low_level-low_diversity,NA,NA,7,Cannabis legalisation,0,0,0,NA,0,0
278016416316,3,control,0,0,1,1,0.47058823529411764,3,5,20,50,female,0,1,1,0,0,3,2,-1,18,0,0,0,0,0,1572,0,0,0,NA,NA,NA,NA,NA,NA,NA,NA,NA,NA,NA,NA,NA,NA,NA,TRUE,0.6984160201928852,0.6363628890650725,0.7212319490629003,0.12559038299978817,0.07271682084431016,0.12993657473088915,high,low,high,high,high,high,high_level-high_diversity,low_level-high_diversity,high_level-high_diversity,4.5,Cannabis legalisation,0,0,0,NA,0,0
278052255864,3,control,0,0,4,0,0.5882352941176471,4,8,13,43,female,0,4,4,0,0,3,2,-1,244,0,0,0,0,0,22946,0,0,0,NA,NA,NA,NA,NA,NA,NA,NA,NA,NA,NA,NA,NA,NA,NA,TRUE,0.5628107283787207,0.5729751623243373,0.5689495264134193,0.08457606539824465,0.01855864367304268,0.07862311536782797,low,low,low,low,low,high,low_level-low_diversity,low_level-low_diversity,low_level-high_diversity,NA,Cannabis legalisation,0,0,0,NA,0,0
278064084960,3,verbal,1,NA,1,1,0.5294117647058824,3,0,10,45,not female,1,1,1,0,0,2,3,1,1584,2,1,1,1,2,47511,157,0.0033044979057481427,0.002361394413989554,1,1,0.682819360793679,0.682819360793679,0.682819360793679,NA,NA,NA,NA,NA,2,2,0.6807807556438485,0.6755452469636021,0.6771514882053101,TRUE,0.680376825234097,0.6934441632947376,0.7487268823182699,0.12564598819235992,0.0732172055560236,0.06296011070572896,high,high,high,high,high,high,high_level-high_diversity,high_level-high_diversity,high_level-high_diversity,4,Cannabis legalisation,0,0,2,0.682819360793679,1,0
278079206148,3,verbal,1,NA,7,0,0.7647058823529411,3,3,13,59,not female,1,7,7,0,0,2,3,1,186,2,1,1,1,2,16963,90,0.005305665271473206,0.015555569835878085,NA,NA,NA,NA,NA,NA,NA,NA,NA,NA,1,1,0.668271133133525,0.668271133133525,0.668271133133525,TRUE,0.4491118769538913,NA,0.7282545765913131,0.10491668922306702,NA,0.00661627508435972,low,NA,high,high,NA,low,low_level-high_diversity,NA,high_level-low_diversity,5.5,Cannabis legalisation,0,0,2,NA,1,0
278168810148,3,control,0,0,5,1,0.8235294117647058,5,8,16,59,not female,0,5,4,-1,1,2,2,0,84,0,0,0,0,0,10058,0,0,0,NA,NA,NA,NA,NA,NA,NA,NA,NA,NA,NA,NA,NA,NA,NA,TRUE,0.3946531408444727,0.7215408136885586,0.7324097302718563,0.08156513415979696,0.06187867658792871,0.07618489903781844,low,high,high,low,high,high,low_level-low_diversity,high_level-high_diversity,high_level-high_diversity,6.5,Cannabis legalisation,1,-1,0,NA,0,0
278241382548,3,control,0,0,1,0,0.5294117647058824,1,8,9,49,not female,0,1,1,0,0,1,1,0,453,0,0,0,0,0,22111,0,0,0,NA,NA,NA,NA,NA,NA,NA,NA,NA,NA,NA,NA,NA,NA,NA,TRUE,0.7941631368038263,0.6416174716303499,0.8870245684067556,0.20362651160919432,0.01680580691964811,0.07382032771440473,high,low,high,high,low,high,high_level-high_diversity,low_level-low_diversity,high_level-high_diversity,4,Cannabis legalisation,0,0,0,NA,0,0
278441178948,3,control,0,0,3,1,0.8235294117647058,5,8,17,65,not female,0,3,4,1,1,2,3,1,458,0,0,0,0,0,13219,0,0,0,NA,NA,NA,NA,NA,NA,NA,NA,NA,NA,NA,NA,NA,NA,NA,TRUE,0.6462526544552691,0.6232627117893093,0.6463547092664268,0.04537653619455571,0.00755062725171555,0.04429316487681141,low,low,low,low,low,low,low_level-low_diversity,low_level-low_diversity,low_level-low_diversity,7,Cannabis legalisation,1,1,0,NA,0,0
278572228560,3,verbal,1,NA,7,0,0.7058823529411765,5,8,21,27,female,1,7,7,0,0,2,4,2,158,3,1,2,1,2,15973,197,0.012333312464784323,0.017202222891880833,1,1,0.578455258625987,0.578455258625987,0.578455258625987,1,1,0.578455258625987,0.578455258625987,0.578455258625987,1,1,0.578455258625987,0.578455258625987,0.578455258625987,TRUE,0.7629705452548438,0.8103478890436435,0.8078896623421626,0.13244280341025166,0.02255206058085009,0.02984047067326817,high,high,high,high,low,low,high_level-high_diversity,high_level-low_diversity,high_level-low_diversity,5.5,Cannabis legalisation,0,0,3,0.578455258625987,1,0
278622229644,3,verbal,1,NA,4,1,0.8235294117647058,3,5,13,55,not female,0,4,4,0,0,2,3,1,11,0,0,0,0,0,1461,0,0,0,NA,NA,NA,NA,NA,NA,NA,NA,NA,NA,NA,NA,NA,NA,NA,TRUE,0.7009538261579118,0.78367572130994545,0.7919423020286429,0.12251749835680788,0.06158369661522198,0.02046212916083983,high,high,high,high,high,low,high_level-high_diversity,high_level-high_diversity,high_level-low_diversity,4,Cannabis legalisation,0,0,0,NA,1,0
278633794032,3,verbal,1,NA,1,1,0.5294117647058824,4,2,14,67,female,0,1,1,0,0,2,3,1,48,0,0,0,0,0,4213,0,0,0,NA,NA,NA,NA,NA,NA,NA,NA,NA,NA,NA,NA,NA,NA,NA,TRUE,0.7029391005215274,NA,0.7286932313580259,0.02988048473412168,NA,NA,high,NA,high,low,NA,NA,high_level-low_diversity,NA,NA,4,Cannabis legalisation,0,0,0,NA,1,0
278659579464,3,monetary,NA,1,2,0,0,3,0,9,45,not female,0,2,2,0,0,1,2,1,196,1,1,1,0,1,6887,32,0.004646435312908378,0.007146798138314781,NA,NA,NA,NA,NA,NA,NA,NA,NA,NA,1,1,0.668271133133525,0.668271133133525,0.668271133133525,TRUE,0.6429028713989231,0.6689086435063135,0.666767298907898,0.08154804991548671,0.0195652884572571,0.0254660607364342,low,low,low,low,low,low,low_level-low_diversity,low_level-low_diversity,low_level-low_diversity,3,Cannabis legalisation,0,0,1,NA,0,1
278660944728,3,control,0,0,4,0,0.5882352941176471,3,1,16,37,female,0,4,4,0,0,2,2,0,98,0,0,0,0,0,2956,0,0,0,NA,NA,NA,NA,NA,NA,NA,NA,NA,NA,NA,NA,NA,NA,NA,TRUE,0.6372641886693775,0.6485972965873855,0.682137443468187,0.1162093428010024,0.01028194510993287,0.05817506837230046,low,low,low,high,low,high,low_level-high_diversity,low_level-low_diversity,low_level-high_diversity,5,Cannabis legalisation,0,0,0,NA,0,0
278872026444,3,verbal,1,NA,5,0,0.5882352941176471,4,4,11,57,female,1,5,7,2,2,2,3,1,373,7,1,2,5,4,15378,862,0.056054103264403694,0.023202407066869848,3,2,0.6819445913125086,0.6423855714418056,0.6659541292725832,1,1,0.561517992738059,0.561517992738059,0.561517992738059,5,3,0.681561223326182,0.6527397961184934,0.6665667346019203,TRUE,0.7600461538194002,NA,0.774245829077289,0.04480310114723097,NA,0.00493512426212195,high,NA,high,low,NA,low,high_level-low_diversity,NA,high_level-low_diversity,7,Cannabis legalisation,2,2,7,0.6819445913125086,1,0
278911290096,3,monetary,NA,1,7,0,0.7058823529411765,3,4,12,65,female,0,7,7,0,0,2,3,1,20,0,0,0,0,0,3062,0,0,0,NA,NA,NA,NA,NA,NA,NA,NA,NA,NA,NA,NA,NA,NA,NA,TRUE,0.6313768746401122,0.615384401866297,0.6337389590646689,0.05892391527206982,0.0384143947406008,0.05506400045941526,low,low,low,low,low,high,low_level-low_diversity,low_level-low_diversity,low_level-high_diversity,6,Cannabis legalisation,0,0,0,NA,0,1
279013821696,3,verbal,1,NA,2,1,0.5294117647058824,4,8,21,57,female,0,2,3,1,1,3,3,0,13,0,0,0,0,0,757,0,0,0,NA,NA,NA,NA,NA,NA,NA,NA,NA,NA,NA,NA,NA,NA,NA,TRUE,0.6370944746499019,0.676772122938108,0.794123269988808,0.08477188224645013,NA,0.04790840516742168,low,high,high,low,NA,low,low_level-low_diversity,NA,high_level-low_diversity,5,Cannabis legalisation,1,1,0,NA,1,0
280442421360,3,control,0,0,1,1,0.7058823529411765,4,8,9,54,not female,0,1,1,0,0,3,3,0,75,0,0,0,0,0,4075,0,0,0,NA,NA,NA,NA,NA,NA,NA,NA,NA,NA,NA,NA,NA,NA,NA,TRUE,0.7312457592744263,0.82696906016092,0.731866647211734,0.01937295409594862,NA,0.01737237764322521,high,high,high,low,NA,low,high_level-low_diversity,NA,high_level-low_diversity,7,Cannabis legalisation,0,0,0,NA,0,0
280499878728,3,monetary,NA,1,7,1,0.7058823529411765,4,8,15,41,not female,0,7,6,-1,1,3,3,0,70,0,0,0,0,0,5308,0,0,0,NA,NA,NA,NA,NA,NA,NA,NA,NA,NA,NA,NA,NA,NA,NA,TRUE,0.6450408580314249,0.6504575254459324,0.6418803989470556,0.02394798647257192,0.01410188306687869,0.01762861806678353,low,low,low,low,low,low,low_level-low_diversity,low_level-low_diversity,low_level-low_diversity,3.5,Cannabis legalisation,1,-1,0,NA,0,1
280752412212,3,verbal,1,NA,4,1,0.8235294117647058,4,8,11,36,not female,0,4,4,0,0,2,3,1,249,0,0,0,0,0,11510,0,0,0,NA,NA,NA,NA,NA,NA,NA,NA,NA,NA,NA,NA,NA,NA,NA,TRUE,0.4743134750701272,0.6804680119717045,0.5857736348065743,0.14489834726825723,0.10146780941499156,0.2333252118198198,low,high,low,high,high,high,low_level-high_diversity,high_level-high_diversity,low_level-high_diversity,5.5,Cannabis legalisation,0,0,0,NA,1,0
281166779412,3,control,0,0,5,0,0.8235294117647058,3,4,13,41,not female,0,5,6,1,1,1,1,0,403,0,0,0,0,0,16455,0,0,0,NA,NA,NA,NA,NA,NA,NA,NA,NA,NA,NA,NA,NA,NA,NA,TRUE,0.44854965090525095,0.6462225311010352,0.6300319139011021,0.14139856710184842,0.02613077981957783,0.05332764118012619,low,low,low,high,low,low,low_level-high_diversity,low_level-low_diversity,low_level-low_diversity,6,Cannabis legalisation,1,1,0,NA,0,0
281236409928,3,monetary,NA,1,5,0,0.29411764705882354,2,2,12,23,female,0,5,5,0,0,1,3,2,2,0,0,0,0,0,16,0,0,0,NA,NA,NA,NA,NA,NA,NA,NA,NA,NA,NA,NA,NA,NA,NA,TRUE,0.7897689520108977,NA,0.8118594645340564,0.05198822906528369,NA,0.00471698415463105,high,NA,high,low,NA,low,high_level-low_diversity,NA,high_level-low_diversity,5,Cannabis legalisation,0,0,0,NA,0,1
281257755516,3,monetary,NA,1,7,0,0.35294117647058826,3,7,13,57,female,1,7,7,0,0,2,3,1,135,4,1,3,1,2,6706,344,0.05129734566060245,0.03978370761389996,NA,NA,NA,NA,NA,NA,NA,NA,NA,NA,3,1,0.7996498537806062,0.799649853780606,0.799649853780606,TRUE,0.7110392884740803,0.6561961944175411,0.7396871862970491,0.10662220264250884,0.05102037095670604,0.05513085574670399,high,low,high,high,low,high,high_level-high_diversity,low_level-low_diversity,high_level-high_diversity,7,Cannabis legalisation,0,0,4,NA,0,1
281279369916,3,monetary,NA,1,6,0,0.47058823529411764,2,4,12,64,not female,0,6,4,-2,2,2,2,0,31,0,0,0,0,0,492,0,0,0,NA,NA,NA,NA,NA,NA,NA,NA,NA,NA,NA,NA,NA,NA,NA,TRUE,0.738900926561291,NA,0.7466469649228515,0.03909250138114235,NA,0.03277722192646163,high,NA,high,low,NA,low,high_level-low_diversity,NA,high_level-low_diversity,5.5,Cannabis legalisation,2,-2,0,NA,0,1
281337505812,3,monetary,NA,1,1,0,0.9411764705882353,4,4,16,42,not female,0,1,1,0,0,2,2,0,8,0,0,0,0,0,577,0,0,0,NA,NA,NA,NA,NA,NA,NA,NA,NA,NA,NA,NA,NA,NA,NA,TRUE,0.8084606936477354,0.7503113271911184,0.6745089532681274,0.05579399471795913,0.06772081380465382,0.07795594101222443,high,high,low,low,high,high,high_level-low_diversity,high_level-high_diversity,low_level-high_diversity,5.5,Cannabis legalisation,0,0,0,NA,0,1
281345780160,3,monetary,NA,1,7,NA,0.35294117647058826,3,3,13,44,female,1,7,7,0,0,3,3,0,234,4,1,2,2,2,28373,142,0.005004758044619885,0.012453446527005434,NA,NA,NA,NA,NA,NA,NA,NA,NA,NA,2,1,0.668271133133525,0.668271133133525,0.668271133133525,TRUE,0.4147425867166888,0.7166838235965342,0.6969619033261232,0.07593447233758512,0.09714163148247965,0.02698284858411908,low,high,low,low,high,low,low_level-low_diversity,high_level-high_diversity,low_level-low_diversity,4.5,Cannabis legalisation,0,0,4,NA,0,1
281408440032,3,verbal,1,NA,7,1,0.7647058823529411,3,4,10,34,female,0,7,7,0,0,4,3,-1,205,0,0,0,0,0,4291,0,0,0,NA,NA,NA,NA,NA,NA,NA,NA,NA,NA,NA,NA,NA,NA,NA,TRUE,0.5325578354303202,0.6494471739127841,0.6995863010748004,0.1649374749563135,0.02411183549814705,0.1131925946677689,low,low,low,high,low,high,low_level-high_diversity,low_level-low_diversity,low_level-high_diversity,5.5,Cannabis legalisation,0,0,0,NA,1,0
281426425812,3,monetary,NA,1,5,0,0.7058823529411765,2,0,20,60,female,0,5,5,0,0,1,2,1,328,0,0,0,0,0,25216,0,0,0,NA,NA,NA,NA,NA,NA,NA,NA,NA,NA,NA,NA,NA,NA,NA,TRUE,0.6636323853427505,0.661123352679398,0.7415324088403503,0.03401494915072011,0.05464713762077467,0.07310124646081506,high,low,high,low,high,high,high_level-low_diversity,low_level-high_diversity,high_level-high_diversity,6,Cannabis legalisation,0,0,0,NA,0,1
281433058560,3,control,0,0,6,0,0.5294117647058824,2,1,13,26,female,1,6,7,1,1,3,3,0,73,2,1,1,1,2,1703,486,0.2853787433940106,0.045915331424661386,1,1,0.682819360793679,0.682819360793679,0.682819360793679,NA,NA,NA,NA,NA,2,2,0.6827594915440487,0.6755452469636021,0.6806247451401347,TRUE,0.6902886488740141,NA,0.7286932313580259,0.02977139133215146,NA,NA,high,NA,high,low,NA,NA,high_level-low_diversity,NA,NA,4.5,Cannabis legalisation,1,1,2,0.682819360793679,0,0
281443592160,3,verbal,1,NA,1,1,0.9411764705882353,5,8,17,63,not female,0,1,1,0,0,2,2,0,85,0,0,0,0,0,5777,0,0,0,NA,NA,NA,NA,NA,NA,NA,NA,NA,NA,NA,NA,NA,NA,NA,TRUE,0.685489083178071,0.7883391504879269,0.7883391504879269,0.08414235247049455,NA,NA,high,high,high,low,NA,NA,high_level-low_diversity,NA,NA,NA,Cannabis legalisation,0,0,0,NA,1,0
281464595748,3,control,0,0,6,1,0.5882352941176471,4,2,12,54,not female,0,6,6,0,0,3,3,0,724,0,0,0,0,0,8228,0,0,0,NA,NA,NA,NA,NA,NA,NA,NA,NA,NA,NA,NA,NA,NA,NA,TRUE,0.5578858857677877,0.6502714244738702,0.6851466336951646,0.14660560557502092,0.03484137171245144,0.02301034716003265,low,low,low,high,low,low,low_level-high_diversity,low_level-low_diversity,low_level-low_diversity,5,Cannabis legalisation,0,0,0,NA,0,0
281467056780,3,monetary,NA,1,1,1,0.9411764705882353,5,8,19,53,not female,1,1,1,0,0,3,4,1,627,6,1,1,5,6,27348,82,0.002998391107210765,0.009180467746725743,5,5,0.7229792034076387,0.7142165521065752,0.7178247052752705,4,4,0.7564460735252623,0.7387993853754082,0.7457982794067334,6,6,0.6962923398592905,0.7065589822777335,0.7054325027578366,TRUE,0.4733591872138872,0.6590717289934538,0.748177263735085,0.14512908556200857,0.09580207077623648,0.10746083918327784,low,low,high,high,high,high,low_level-high_diversity,low_level-high_diversity,high_level-high_diversity,5.5,Cannabis legalisation,0,0,6,0.7229792034076387,0,1
281526837012,3,monetary,NA,1,4,0,0.6470588235294118,3,5,20,54,female,1,4,5,1,1,1,2,1,15,3,1,0,3,3,1597,639,0.4001252348152787,0.2769355734622332,3,3,0.70379414219609715,0.6926820890962203,0.7002123662837967,2,2,0.757279834772264,0.697613453247491,0.7124119820558397,3,3,0.70379414219609715,0.6926820890962203,0.7002123662837967,TRUE,0.6347967197993666,0.6337842738824604,0.6178913487274601,0.11196534094245188,0.09718701380412616,0.09916493179048712,low,low,low,high,high,high,low_level-high_diversity,low_level-high_diversity,low_level-high_diversity,6,Cannabis legalisation,1,1,3,0.70379414219609715,0,1
281546467812,3,monetary,NA,1,2,1,0.8823529411764706,4,8,19,37,not female,0,2,1,-1,1,3,3,0,13,0,0,0,0,0,249,0,0,0,NA,NA,NA,NA,NA,NA,NA,NA,NA,NA,NA,NA,NA,NA,NA,TRUE,0.6518038029312204,0.6395470388757357,0.6349232689891731,0.08091273405247405,0.0989243269572906,0.09742775221054964,low,low,low,low,high,high,low_level-low_diversity,low_level-high_diversity,low_level-high_diversity,7,Cannabis legalisation,1,-1,0,NA,0,1
281546536212,3,verbal,1,NA,4,NA,0.11764705882352941,3,5,15,47,female,0,4,4,0,0,1,2,1,1,0,0,0,0,0,4,0,0,0,NA,NA,NA,NA,NA,NA,NA,NA,NA,NA,NA,NA,NA,NA,NA,TRUE,0.7731911039272196,0.8320935436710482,0.864176124892771,0.08418108643064273,0.03762016114454614,NA,high,high,high,low,low,NA,high_level-low_diversity,high_level-low_diversity,NA,NA,Cannabis legalisation,0,0,0,NA,1,0
281646404316,3,control,0,0,1,0,0.7647058823529411,4,4,19,47,not female,0,1,1,0,0,2,2,0,301,0,0,0,0,0,12598,0,0,0,NA,NA,NA,NA,NA,NA,NA,NA,NA,NA,NA,NA,NA,NA,NA,TRUE,0.42505394645516814,0.6164671743737997,0.909704779537682,0.08424341327355536,0.0874962271300438,0.08800843875916078,low,low,high,low,high,high,low_level-low_diversity,low_level-high_diversity,high_level-high_diversity,6,Cannabis legalisation,0,0,0,NA,0,0
281649409812,3,verbal,1,NA,1,0,0.8823529411764706,3,2,20,38,female,0,1,1,0,0,2,2,0,45,0,0,0,0,0,1937,0,0,0,NA,NA,NA,NA,NA,NA,NA,NA,NA,NA,NA,NA,NA,NA,NA,FALSE,NA,NA,NA,NA,NA,NA,NA,NA,NA,NA,NA,NA,NA,NA,NA,NA,Cannabis legalisation,0,0,0,NA,1,0
281672870328,3,verbal,1,NA,7,0,0.5294117647058824,3,4,12,57,not female,0,7,6,-1,1,2,2,0,31,0,0,0,0,0,7994,0,0,0,NA,NA,NA,NA,NA,NA,NA,NA,NA,NA,NA,NA,NA,NA,NA,TRUE,0.37969803987146183,0.7047835914639455,0.6890149935500001,0.03916592413185062,0.07575330119103038,0.06945948186675373,low,high,low,low,high,high,low_level-low_diversity,high_level-high_diversity,low_level-high_diversity,5,Cannabis legalisation,1,-1,0,NA,1,0
281730809232,3,control,0,0,5,0,0.47058823529411764,3,2,13,57,not female,0,5,7,2,2,4,2,-2,454,0,0,0,0,0,8300,0,0,0,NA,NA,NA,NA,NA,NA,NA,NA,NA,NA,NA,NA,NA,NA,NA,TRUE,0.7563777522074012,0.641905525846655,0.769024879736781,0.05121790389362477,0.03988239618186063,0.02821689328118024,high,low,high,low,low,low,high_level-low_diversity,low_level-low_diversity,high_level-low_diversity,NA,Cannabis legalisation,2,2,0,NA,0,0
282511387296,3,verbal,1,NA,4,1,0.5294117647058824,3,0,11,61,female,0,4,4,0,0,2,2,0,0,0,0,0,0,0,0,0,NA,NA,NA,NA,NA,NA,NA,NA,NA,NA,NA,NA,NA,NA,NA,NA,NA,FALSE,NA,NA,NA,NA,NA,NA,NA,NA,NA,NA,NA,NA,NA,NA,NA,NA,Cannabis legalisation,0,0,0,NA,1,0
282556875348,3,control,0,0,4,0,0.6470588235294118,4,8,13,53,female,0,4,1,-3,3,1,2,1,471,0,0,0,0,0,14417,0,0,0,NA,NA,NA,NA,NA,NA,NA,NA,NA,NA,NA,NA,NA,NA,NA,TRUE,0.7387883417488508,0.6784781627628436,0.7466670635867304,0.08108885346098355,0.03725127006371209,0.05467020803159276,high,high,high,low,low,high,high_level-low_diversity,high_level-low_diversity,high_level-high_diversity,6.5,Cannabis legalisation,3,-3,0,NA,0,0
282582731232,3,control,0,0,1,0,0.5882352941176471,4,1,12,61,not female,0,1,1,0,0,1,1,0,111,0,0,0,0,0,5603,0,0,0,NA,NA,NA,NA,NA,NA,NA,NA,NA,NA,NA,NA,NA,NA,NA,TRUE,0.5397334914698274,0.673272769415145,0.7044185171497079,0.14977438464866713,0.08633215086238957,0.04606613881508941,low,high,low,high,high,low,low_level-high_diversity,high_level-high_diversity,low_level-low_diversity,4,Cannabis legalisation,0,0,0,NA,0,0
282636288432,3,verbal,1,NA,1,0,0.5882352941176471,4,7,12,58,not female,0,1,1,0,0,2,3,1,18,0,0,0,0,0,1881,0,0,0,NA,NA,NA,NA,NA,NA,NA,NA,NA,NA,NA,NA,NA,NA,NA,TRUE,0.6533023177295392,0.6275508807540272,0.6364624004000553,0.04096359804456691,0.04725614260335358,0.05504660158012501,low,low,low,low,low,high,low_level-low_diversity,low_level-low_diversity,low_level-high_diversity,NA,Cannabis legalisation,0,0,0,NA,1,0
282651334380,3,monetary,NA,1,1,1,0.5882352941176471,3,4,11,44,not female,1,1,1,0,0,2,2,0,121,2,1,1,1,2,4909,176,0.0358525157873294,0.024421046344263977,1,1,0.682819360793679,0.682819360793679,0.682819360793679,NA,NA,NA,NA,NA,2,2,0.68166211541162125,0.6755452469636021,0.6777695865350194,TRUE,0.7477601912230994,0.7840538577885499,0.7751563576671,0.10576646877879951,0.04052715985617328,0.04707240155274843,high,high,high,high,low,low,high_level-high_diversity,high_level-low_diversity,high_level-low_diversity,6.5,Cannabis legalisation,0,0,2,0.682819360793679,0,1
282693195180,3,verbal,1,NA,1,0,0.5294117647058824,3,8,12,60,not female,1,1,4,3,3,1,1,0,197,2,1,0,2,1,18199,219,0.012033628221330842,0.016100374574081477,2,1,0.813681794497258,0.813681794497258,0.813681794497258,2,1,0.813681794497258,0.813681794497258,0.813681794497258,2,1,0.813681794497258,0.813681794497258,0.813681794497258,TRUE,0.8024091276248697,0.648980731843828,0.8024686443222965,0.04146937710682776,0.005724459586193,0.04101933196295355,high,low,high,low,low,low,high_level-low_diversity,low_level-low_diversity,high_level-low_diversity,4.5,Cannabis legalisation,3,3,2,0.813681794497258,1,0
282727054548,3,monetary,NA,1,2,0,0.47058823529411764,3,8,12,54,female,1,2,3,1,1,2,3,1,114,4,1,2,2,3,6423,721,0.11225284135139343,0.060247102730938785,1,1,0.682819360793679,0.682819360793679,0.682819360793679,NA,NA,NA,NA,NA,3,2,0.6755854354378014,0.6731205423535763,0.6735968495982413,TRUE,0.7690701874953499,NA,0.799649853780606,0.07554166592423636,NA,NA,high,NA,high,low,NA,NA,high_level-low_diversity,NA,NA,6.5,Cannabis legalisation,1,1,4,0.682819360793679,0,1
282756805128,3,control,0,0,4,0,0.5882352941176471,3,8,13,60,female,0,4,4,0,0,3,2,-1,150,0,0,0,0,0,7730,0,0,0,NA,NA,NA,NA,NA,NA,NA,NA,NA,NA,NA,NA,NA,NA,NA,TRUE,0.6476826936623393,0.6992538224077952,0.6966165863475283,0.10012906000626498,0.06862303282452806,0.01715482388502562,low,high,low,high,high,low,low_level-high_diversity,high_level-high_diversity,low_level-low_diversity,3,Cannabis legalisation,0,0,0,NA,0,0
282825414432,3,monetary,NA,1,4,0,0.6470588235294118,3,1,13,55,female,0,4,4,0,0,2,2,0,105,2,1,2,0,1,8426,100,0.011868027533823879,0.024332237562239196,NA,NA,NA,NA,NA,NA,NA,NA,NA,NA,2,1,0.6682711331335249,0.668271133133525,0.668271133133525,TRUE,0.6309372839384886,0.642944173256451,0.7290606981226927,0.14075607595696543,NA,0.0063745028499364,low,low,high,high,NA,low,low_level-high_diversity,NA,high_level-low_diversity,4,Cannabis legalisation,0,0,2,NA,0,1
282839092380,3,verbal,1,NA,4,0,0.8235294117647058,5,8,21,65,not female,0,4,5,1,1,2,2,0,34,0,0,0,0,0,1323,0,0,0,NA,NA,NA,NA,NA,NA,NA,NA,NA,NA,NA,NA,NA,NA,NA,TRUE,0.6752377263719841,0.716003717833404,0.7423666626695953,0.08740736244082475,NA,0.03168431645970535,high,high,high,high,NA,low,high_level-high_diversity,NA,high_level-low_diversity,7,Cannabis legalisation,1,1,0,NA,1,0
282877258212,3,verbal,1,NA,2,1,0.47058823529411764,2,1,13,48,female,0,2,2,0,0,3,2,-1,230,0,0,0,0,0,10133,0,0,0,NA,NA,NA,NA,NA,NA,NA,NA,NA,NA,NA,NA,NA,NA,NA,TRUE,0.5844867020990971,0.7173245545525665,0.7745119643406185,0.18355830603669823,0.05576178241439116,0.01169986497070785,low,high,high,high,high,low,low_level-high_diversity,high_level-high_diversity,high_level-low_diversity,4.5,Cannabis legalisation,0,0,0,NA,1,0
282882728844,3,verbal,1,NA,4,0,0.058823529411764705,2,0,16,57,female,1,4,7,3,3,1,2,1,240,3,1,1,2,2,7326,92,0.012558012558012558,0.01498874598671219,2,1,0.682819360793679,0.682819360793679,0.682819360793679,NA,NA,NA,NA,NA,3,2,0.681870563337582,0.6779699515736277,0.6794937491367691,TRUE,0.46281363589467134,0.7088654838398807,0.6877637582274585,0.13731699512319637,0.06386241275103952,0.07080136981934503,low,high,low,high,high,high,low_level-high_diversity,high_level-high_diversity,low_level-high_diversity,7,Cannabis legalisation,3,3,3,0.682819360793679,1,0
282911935644,3,control,0,0,1,0,0.6470588235294118,3,1,10,53,female,0,1,1,0,0,2,2,0,97,0,0,0,0,0,5415,0,0,0,NA,NA,NA,NA,NA,NA,NA,NA,NA,NA,NA,NA,NA,NA,NA,TRUE,0.7486607977060263,0.6860374293294654,0.7513218272851088,0.06401687969536486,0.06629831646677596,0.05753314123760955,high,high,high,low,high,high,high_level-low_diversity,high_level-high_diversity,high_level-high_diversity,1,Cannabis legalisation,0,0,0,NA,0,0
282993196896,3,monetary,NA,1,7,0,0.17647058823529413,1,4,9,43,not female,0,7,4,-3,3,3,2,-1,9,0,0,0,0,0,548,0,0,0,NA,NA,NA,NA,NA,NA,NA,NA,NA,NA,NA,NA,NA,NA,NA,TRUE,0.6682711331335253,NA,NA,NA,NA,NA,high,NA,NA,NA,NA,NA,NA,NA,NA,5.5,Cannabis legalisation,3,-3,0,NA,0,1
283103593128,3,verbal,1,NA,4,1,0.7647058823529411,4,4,13,42,not female,0,4,5,1,1,2,3,1,78,0,0,0,0,0,2730,0,0,0,NA,NA,NA,NA,NA,NA,NA,NA,NA,NA,NA,NA,NA,NA,NA,TRUE,0.6460406316470536,0.5508063571425585,0.6067001251698276,0.07981432957616981,0.16913398248933947,0.0913151952049228,low,low,low,low,high,high,low_level-low_diversity,low_level-high_diversity,low_level-high_diversity,5,Cannabis legalisation,1,1,0,NA,1,0
283103661528,3,monetary,NA,1,1,1,0.5882352941176471,3,1,13,63,not female,0,1,1,0,0,2,3,1,86,0,0,0,0,0,5289,0,0,0,NA,NA,NA,NA,NA,NA,NA,NA,NA,NA,NA,NA,NA,NA,NA,TRUE,0.630827941446284,NA,0.7384498553775156,0.09735479518243698,NA,0.02555710522976175,low,NA,high,high,NA,low,low_level-high_diversity,NA,high_level-low_diversity,6,Cannabis legalisation,0,0,0,NA,0,1
283218440832,3,monetary,NA,1,5,1,0.8823529411764706,5,0,13,66,not female,0,5,6,1,1,2,2,0,69,0,0,0,0,0,1705,0,0,0,NA,NA,NA,NA,NA,NA,NA,NA,NA,NA,NA,NA,NA,NA,NA,TRUE,0.704952819586173,0.6736511974989706,0.6803211974049743,0.14306262220671237,0.13406304046013692,0.14483772752157262,high,high,low,high,high,high,high_level-high_diversity,high_level-high_diversity,low_level-high_diversity,5.5,Cannabis legalisation,1,1,0,NA,0,1
283254009516,3,control,0,0,2,1,0.9411764705882353,4,8,21,35,not female,0,2,2,0,0,3,3,0,810,0,0,0,0,0,26062,0,0,0,NA,NA,NA,NA,NA,NA,NA,NA,NA,NA,NA,NA,NA,NA,NA,TRUE,0.5999581594709553,0.6739295207334195,0.6760009987001915,0.14191003279055153,0.04204334645422756,0.05176764428376825,low,high,low,high,low,low,low_level-high_diversity,high_level-low_diversity,low_level-low_diversity,5.5,Cannabis legalisation,0,0,0,NA,0,0
283567484664,3,verbal,1,NA,5,1,0.7647058823529411,4,7,10,75,not female,0,5,4,-1,1,2,2,0,5,0,0,0,0,0,532,0,0,0,NA,NA,NA,NA,NA,NA,NA,NA,NA,NA,NA,NA,NA,NA,NA,TRUE,0.7479277799543853,0.7857826352223752,0.770852469998273,0.09994113237488114,0.02456170606537756,0.04326369733060997,high,high,high,high,low,low,high_level-high_diversity,high_level-low_diversity,high_level-low_diversity,5,Cannabis legalisation,1,-1,0,NA,1,0
283737523644,3,monetary,NA,1,4,0,0.8235294117647058,3,4,22,60,female,0,4,4,0,0,1,2,1,44,0,0,0,0,0,895,0,0,0,NA,NA,NA,NA,NA,NA,NA,NA,NA,NA,NA,NA,NA,NA,NA,TRUE,0.4696266024968397,0.705769170970334,0.7160378178752324,0.1402383409374243,NA,0.01139973563247402,low,high,high,high,NA,low,low_level-high_diversity,NA,high_level-low_diversity,NA,Cannabis legalisation,0,0,0,NA,0,1
283830482664,3,verbal,1,NA,4,0,0.5294117647058824,3,6,13,44,female,0,4,4,0,0,2,2,0,15,0,0,0,0,0,1164,0,0,0,NA,NA,NA,NA,NA,NA,NA,NA,NA,NA,NA,NA,NA,NA,NA,TRUE,0.6717342070182009,0.6593154701573639,0.6922504212828875,0.03323895769298576,0.01458786196308612,0.05174646380603371,high,low,low,low,low,low,high_level-low_diversity,low_level-low_diversity,low_level-low_diversity,5,Cannabis legalisation,0,0,0,NA,1,0
284818927644,3,monetary,NA,1,1,0,0.5882352941176471,3,2,13,50,not female,0,1,4,3,3,2,2,0,14,0,0,0,0,0,933,0,0,0,NA,NA,NA,NA,NA,NA,NA,NA,NA,NA,NA,NA,NA,NA,NA,TRUE,0.6220751399247905,0.816532413128382,0.6922996623321267,0.13300405712911645,0.00343730727530169,0.04315922548096867,low,high,low,high,low,low,low_level-high_diversity,high_level-low_diversity,low_level-low_diversity,5,Cannabis legalisation,3,3,0,NA,0,1
284853542148,3,control,0,0,7,NA,0.7058823529411765,3,3,12,65,not female,0,7,6,-1,1,2,2,0,1,0,0,0,0,0,32,0,0,0,NA,NA,NA,NA,NA,NA,NA,NA,NA,NA,NA,NA,NA,NA,NA,TRUE,0.5768444906336538,0.6992820324606153,0.6954974867434011,0.07554059118658546,0.07657352805186274,0.06149619912829104,low,high,low,low,high,high,low_level-low_diversity,high_level-high_diversity,low_level-high_diversity,4,Cannabis legalisation,1,-1,0,NA,0,0
284916813516,3,verbal,1,NA,5,1,0.8235294117647058,3,0,13,43,female,0,5,5,0,0,3,3,0,21,0,0,0,0,0,5187,0,0,0,NA,NA,NA,NA,NA,NA,NA,NA,NA,NA,NA,NA,NA,NA,NA,TRUE,0.3811177273393167,NA,0.6987278278840195,0.04161127285933018,NA,0.00212741929122684,low,NA,low,low,NA,low,low_level-low_diversity,NA,low_level-low_diversity,2.5,Cannabis legalisation,0,0,0,NA,1,0
284926453128,3,monetary,NA,1,4,0,0.23529411764705882,3,2,10,35,female,0,4,4,0,0,3,3,0,33,0,0,0,0,0,1806,0,0,0,NA,NA,NA,NA,NA,NA,NA,NA,NA,NA,NA,NA,NA,NA,NA,TRUE,0.6693450736292775,NA,0.7996498537806062,0.01182960608789087,NA,NA,high,NA,high,low,NA,NA,high_level-low_diversity,NA,NA,NA,Cannabis legalisation,0,0,0,NA,0,1
285019478496,3,verbal,1,NA,1,0,0.4117647058823529,2,1,9,59,not female,0,1,1,0,0,1,1,0,58,0,0,0,0,0,7039,0,0,0,NA,NA,NA,NA,NA,NA,NA,NA,NA,NA,NA,NA,NA,NA,NA,TRUE,0.6303658802224406,0.6205785751683881,0.6201859922227346,0.03205768810519888,NA,0.00562066354642061,low,low,low,low,NA,low,low_level-low_diversity,NA,low_level-low_diversity,4,Cannabis legalisation,0,0,0,NA,1,0
285118863012,3,monetary,NA,1,5,1,0.5294117647058824,3,3,10,23,not female,0,5,2,-3,3,4,3,-1,104,0,0,0,0,0,2094,0,0,0,NA,NA,NA,NA,NA,NA,NA,NA,NA,NA,NA,NA,NA,NA,NA,TRUE,0.6157717272088413,NA,0.7330015351804368,0.1521882714187122,NA,0.09576275916524844,low,NA,high,high,NA,high,low_level-high_diversity,NA,high_level-high_diversity,4,Cannabis legalisation,3,-3,0,NA,0,1
285151150548,3,monetary,NA,1,4,0,0.5882352941176471,4,3,17,49,not female,0,4,4,0,0,2,2,0,34,0,0,0,0,0,550,0,0,0,NA,NA,NA,NA,NA,NA,NA,NA,NA,NA,NA,NA,NA,NA,NA,TRUE,0.7903602105141503,0.6901295900537445,0.7984052002492393,0.08068737597352668,0.05835498275534576,0.1279870802007167,high,high,high,low,high,high,high_level-low_diversity,high_level-high_diversity,high_level-high_diversity,6.5,Cannabis legalisation,0,0,0,NA,0,1
285234732612,3,verbal,1,NA,5,0,0.5882352941176471,3,8,10,68,female,0,5,4,-1,1,2,2,0,40,0,0,0,0,0,1668,0,0,0,NA,NA,NA,NA,NA,NA,NA,NA,NA,NA,NA,NA,NA,NA,NA,TRUE,0.6866607173224044,NA,0.7842442485064478,0.09150656326032933,NA,0.02371276325617042,high,NA,high,high,NA,low,high_level-high_diversity,NA,high_level-low_diversity,5,Cannabis legalisation,1,-1,0,NA,1,0
285315995916,3,verbal,1,NA,2,0,0.5294117647058824,2,2,11,46,female,0,2,1,-1,1,2,2,0,9,0,0,0,0,0,2182,0,0,0,NA,NA,NA,NA,NA,NA,NA,NA,NA,NA,NA,NA,NA,NA,NA,TRUE,0.5694773008947872,0.6492291729889271,0.6467957153605597,0.1219490537323768,0.04624722884209219,0.05537450358239906,low,low,low,high,low,high,low_level-high_diversity,low_level-low_diversity,low_level-high_diversity,4.5,Cannabis legalisation,1,-1,0,NA,1,0
285322560948,3,control,0,0,7,0,0.11764705882352941,1,0,16,41,female,0,7,7,0,0,2,2,0,2,0,0,0,0,0,18,0,0,0,NA,NA,NA,NA,NA,NA,NA,NA,NA,NA,NA,NA,NA,NA,NA,TRUE,0.661476979027776,NA,NA,0.06537972702413979,NA,NA,low,NA,NA,low,NA,NA,low_level-low_diversity,NA,NA,3,Cannabis legalisation,0,0,0,NA,0,0
285326048664,3,control,0,0,1,0,0.4117647058823529,2,1,17,50,not female,0,1,1,0,0,3,3,0,4,0,0,0,0,0,115,0,0,0,NA,NA,NA,NA,NA,NA,NA,NA,NA,NA,NA,NA,NA,NA,NA,TRUE,0.623401173116144,0.598909713642671,0.598909713642671,0.05311003179066528,NA,NA,low,low,low,low,NA,NA,low_level-low_diversity,NA,NA,4,Cannabis legalisation,0,0,0,NA,0,0
285369343128,3,verbal,1,NA,4,0,0.7058823529411765,3,1,12,58,female,0,4,1,-3,3,2,2,0,93,0,0,0,0,0,3264,0,0,0,NA,NA,NA,NA,NA,NA,NA,NA,NA,NA,NA,NA,NA,NA,NA,TRUE,0.697097219317539,NA,0.6964467750042866,0.0136558501638074,NA,3.121232093866402e-4,high,NA,low,low,NA,low,high_level-low_diversity,NA,low_level-low_diversity,7,Cannabis legalisation,3,-3,0,NA,1,0
285428582316,3,verbal,1,NA,2,0,0.8235294117647058,4,6,17,60,female,0,2,2,0,0,2,2,0,75,0,0,0,0,0,15155,0,0,0,NA,NA,NA,NA,NA,NA,NA,NA,NA,NA,NA,NA,NA,NA,NA,TRUE,0.7051003384671827,0.7081434752128906,0.6712352254807505,0.09962496202852796,0.07912999233569182,0.08531561129437114,high,high,low,high,high,high,high_level-high_diversity,high_level-high_diversity,low_level-high_diversity,4,Cannabis legalisation,0,0,0,NA,1,0
285510524148,3,monetary,NA,1,7,1,0.5882352941176471,4,5,15,46,female,1,7,7,0,0,3,3,0,409,2,1,1,1,2,7739,35,0.004522548132833699,0.0063088690041978365,1,1,0.517449981400759,0.517449981400759,0.517449981400759,1,1,0.517449981400759,0.517449981400759,0.517449981400759,2,2,0.5907059693852454,0.592860557267142,0.5921617787676805,TRUE,0.7448870512279838,NA,0.7740729539383691,0.0688120222909662,NA,0.00347585861880014,high,NA,high,low,NA,low,high_level-low_diversity,NA,high_level-low_diversity,6.5,Cannabis legalisation,0,0,2,0.517449981400759,0,1
285613125516,3,verbal,1,NA,5,0,0.5294117647058824,4,8,12,67,female,0,5,4,-1,1,3,2,-1,100,0,0,0,0,0,5635,0,0,0,NA,NA,NA,NA,NA,NA,NA,NA,NA,NA,NA,NA,NA,NA,NA,TRUE,0.6334350617465176,0.7875888905166799,0.7042862156371955,0.14326473212511623,0.00737933503219224,0.00464476192718464,low,high,low,high,low,low,low_level-high_diversity,high_level-low_diversity,low_level-low_diversity,7,Cannabis legalisation,1,-1,0,NA,1,0
285635829528,3,control,0,0,4,0,0.17647058823529413,2,1,15,34,female,0,4,3,-1,1,1,1,0,55,0,0,0,0,0,1087,0,0,0,NA,NA,NA,NA,NA,NA,NA,NA,NA,NA,NA,NA,NA,NA,NA,TRUE,0.7145741212627529,0.6919094707911161,0.707215443858607,0.0974051729801407,0.05937535750848064,0.08213498467594905,high,high,low,high,high,high,high_level-high_diversity,high_level-high_diversity,low_level-high_diversity,5.5,Cannabis legalisation,1,-1,0,NA,0,0
285820032780,3,monetary,NA,1,1,1,0.5294117647058824,5,8,10,54,female,0,1,5,4,4,3,4,1,25,0,0,0,0,0,2569,0,0,0,NA,NA,NA,NA,NA,NA,NA,NA,NA,NA,NA,NA,NA,NA,NA,TRUE,0.6742300758975855,0.648355875595028,0.6927376203570779,0.0830852960436405,NA,0.05797444791480664,high,low,low,low,NA,high,high_level-low_diversity,NA,low_level-high_diversity,7,Cannabis legalisation,4,4,0,NA,0,1
285874411464,3,verbal,1,NA,6,0,0.6470588235294118,4,8,16,72,not female,0,6,1,-5,5,3,2,-1,162,0,0,0,0,0,18190,0,0,0,NA,NA,NA,NA,NA,NA,NA,NA,NA,NA,NA,NA,NA,NA,NA,TRUE,0.721373284775437,0.6976754289887138,0.7727859253524381,0.13424104752625715,0.07964093237138715,0.04679663920415699,high,high,high,high,high,low,high_level-high_diversity,high_level-high_diversity,high_level-low_diversity,7,Cannabis legalisation,5,-5,0,NA,1,0
287413070832,3,verbal,1,NA,5,0,0.7647058823529411,3,1,18,52,female,0,5,6,1,1,2,2,0,21,0,0,0,0,0,1650,0,0,0,NA,NA,NA,NA,NA,NA,NA,NA,NA,NA,NA,NA,NA,NA,NA,TRUE,0.6682139907148213,0.661535946715665,0.661535946715665,6.177374736250225e-4,NA,NA,high,low,low,low,NA,NA,high_level-low_diversity,NA,NA,NA,Cannabis legalisation,1,1,0,NA,1,0
287788307760,3,verbal,1,NA,7,1,0.8823529411764706,4,3,12,40,not female,0,7,5,-2,2,3,3,0,250,0,0,0,0,0,5758,0,0,0,NA,NA,NA,NA,NA,NA,NA,NA,NA,NA,NA,NA,NA,NA,NA,TRUE,0.6648169870664676,0.6525243226283459,0.6578950646599423,0.02774254874119429,0.01355289142847358,0.02347270848357539,high,low,low,low,low,low,high_level-low_diversity,low_level-low_diversity,low_level-low_diversity,6,Cannabis legalisation,2,-2,0,NA,1,0
287869498560,3,control,0,0,7,0,0.29411764705882354,3,3,10,20,not female,0,7,7,0,0,4,4,0,128,0,0,0,0,0,4814,0,0,0,NA,NA,NA,NA,NA,NA,NA,NA,NA,NA,NA,NA,NA,NA,NA,TRUE,0.4453501519557224,NA,NA,0.1251473370611907,NA,NA,low,NA,NA,high,NA,NA,low_level-high_diversity,NA,NA,5.5,Cannabis legalisation,0,0,0,NA,0,0
287975928960,3,control,0,0,4,0,0.8235294117647058,3,6,12,62,female,0,4,4,0,0,2,2,0,152,0,0,0,0,0,5140,0,0,0,NA,NA,NA,NA,NA,NA,NA,NA,NA,NA,NA,NA,NA,NA,NA,TRUE,0.7593379125454683,NA,0.7797901690965114,0.06672989861374161,NA,0.01781288810968081,high,NA,high,low,NA,low,high_level-low_diversity,NA,high_level-low_diversity,NA,Cannabis legalisation,0,0,0,NA,0,0
288042623064,3,control,0,0,4,NA,0.058823529411764705,3,0,18,26,female,0,4,4,0,0,2,2,0,275,0,0,0,0,0,17814,0,0,0,NA,NA,NA,NA,NA,NA,NA,NA,NA,NA,NA,NA,NA,NA,NA,TRUE,0.397655773652686,NA,0.6921276831059421,0.07969471234280272,NA,NA,low,NA,low,low,NA,NA,low_level-low_diversity,NA,NA,4.5,Cannabis legalisation,0,0,0,NA,0,0
288088104960,3,monetary,NA,1,7,0,0.8823529411764706,5,8,21,45,not female,0,7,7,0,0,3,3,0,61,0,0,0,0,0,5896,0,0,0,NA,NA,NA,NA,NA,NA,NA,NA,NA,NA,NA,NA,NA,NA,NA,TRUE,0.6773165485290447,0.6788463812636873,0.6787221866026371,0.05906470132710608,0.0603316607594668,0.06015944195670502,high,high,low,low,high,high,high_level-low_diversity,high_level-high_diversity,low_level-high_diversity,5.5,Cannabis legalisation,0,0,0,NA,0,1
288101380032,3,monetary,NA,1,2,NA,0.7058823529411765,4,3,13,28,not female,0,2,2,0,0,2,2,0,107,0,0,0,0,0,1916,0,0,0,NA,NA,NA,NA,NA,NA,NA,NA,NA,NA,NA,NA,NA,NA,NA,TRUE,0.5727199601628654,0.6994076631584953,0.7107761290058561,0.15065598878328082,0.0712026039646881,0.03767271895517543,low,high,high,high,high,low,low_level-high_diversity,high_level-high_diversity,high_level-low_diversity,6,Cannabis legalisation,0,0,0,NA,0,1
288140845464,3,verbal,1,NA,4,0,0.17647058823529413,2,1,10,37,female,0,4,1,-3,3,2,3,1,14,0,0,0,0,0,199,0,0,0,NA,NA,NA,NA,NA,NA,NA,NA,NA,NA,NA,NA,NA,NA,NA,TRUE,0.6532472975648626,0.803253940730544,0.6427318770287551,0.08735518180670479,NA,0.08113566358531477,low,high,low,high,NA,high,low_level-high_diversity,NA,low_level-high_diversity,NA,Cannabis legalisation,3,-3,0,NA,1,0
288142415928,3,control,0,0,7,1,0.7647058823529411,5,8,18,45,not female,0,7,7,0,0,2,2,0,802,0,0,0,0,0,23931,0,0,0,NA,NA,NA,NA,NA,NA,NA,NA,NA,NA,NA,NA,NA,NA,NA,TRUE,0.7271761114685602,0.7453662829883207,0.7369790922811112,0.06937902104211444,0.06982156487747436,0.06449580632380326,high,high,high,low,high,high,high_level-low_diversity,high_level-high_diversity,high_level-high_diversity,7,Cannabis legalisation,0,0,0,NA,0,0
288148845528,3,control,0,0,1,0,0.47058823529411764,2,1,14,46,not female,0,1,1,0,0,1,2,1,83,0,0,0,0,0,5402,0,0,0,NA,NA,NA,NA,NA,NA,NA,NA,NA,NA,NA,NA,NA,NA,NA,TRUE,0.699170015286498,0.6876107170570935,0.7082496332337489,0.0668684566516026,0.0700145610853717,0.06304759630372656,high,high,low,low,high,high,high_level-low_diversity,high_level-high_diversity,low_level-high_diversity,4,Cannabis legalisation,0,0,0,NA,0,0
288163964664,3,verbal,1,NA,4,NA,0.7058823529411765,4,8,20,61,not female,1,4,4,0,0,3,3,0,287,2,1,1,1,2,10135,94,0.009274790330537741,0.010012423431679577,1,1,0.682819360793679,0.682819360793679,0.682819360793679,NA,NA,NA,NA,NA,2,2,0.6809621402413188,0.6755452469636021,0.6774762065214648,TRUE,0.6796757824284364,0.6569019133209141,0.6941184744440715,0.08105522410816068,0.02846015164902294,0.0622853001960158,high,low,low,low,low,high,high_level-low_diversity,low_level-low_diversity,low_level-high_diversity,7,Cannabis legalisation,0,0,2,0.682819360793679,1,0
288183869748,3,verbal,1,NA,6,0,0.47058823529411764,3,3,19,39,female,0,6,1,-5,5,2,2,0,41,0,0,0,0,0,1495,0,0,0,NA,NA,NA,NA,NA,NA,NA,NA,NA,NA,NA,NA,NA,NA,NA,TRUE,0.6665175800525601,0.6805709156256685,0.6528603336822885,0.0584508190434258,0.027947757234317,0.0456872057379247,high,high,low,low,low,low,high_level-low_diversity,high_level-low_diversity,low_level-low_diversity,5,Cannabis legalisation,5,-5,0,NA,1,0
288199733760,3,verbal,1,NA,7,0,0.5882352941176471,2,0,10,64,female,0,7,4,-3,3,1,2,1,51,0,0,0,0,0,1512,0,0,0,NA,NA,NA,NA,NA,NA,NA,NA,NA,NA,NA,NA,NA,NA,NA,TRUE,0.5164657715688605,0.7025408893365541,0.7300444290037725,0.15530067548854196,0.06192582520074298,0.05200392548900327,low,high,high,high,high,low,low_level-high_diversity,high_level-high_diversity,high_level-low_diversity,7,Cannabis legalisation,3,-3,0,NA,1,0
288271144044,3,monetary,NA,1,1,0,0.35294117647058826,2,1,17,23,female,0,1,1,0,0,2,3,1,45,0,0,0,0,0,10619,0,0,0,NA,NA,NA,NA,NA,NA,NA,NA,NA,NA,NA,NA,NA,NA,NA,TRUE,0.6472448610168389,0.6945512465948634,0.6777673152259442,0.17807096925170007,0.10772992290960304,0.10651974484530058,low,high,low,high,high,high,low_level-high_diversity,high_level-high_diversity,low_level-high_diversity,5.5,Cannabis legalisation,0,0,0,NA,0,1
288318753864,3,verbal,1,NA,3,0,0.47058823529411764,2,4,13,27,female,1,3,3,0,0,2,2,0,52,3,1,2,1,2,3799,82,0.021584627533561464,0.0610055229209432,1,1,0.816946216297037,0.816946216297037,0.816946216297037,1,1,0.816946216297037,0.816946216297037,0.816946216297037,3,2,0.7933757762833095,0.717829494188029,0.7449505833998915,TRUE,0.7101726165325829,0.6565987541608612,0.7280367558477087,0.02800099087378088,0.02034323240700989,0.00711798383793856,high,low,high,low,low,low,high_level-low_diversity,low_level-low_diversity,high_level-low_diversity,5,Cannabis legalisation,0,0,3,0.816946216297037,1,0
288351171360,3,monetary,NA,1,1,0,0.7058823529411765,3,3,10,39,not female,0,1,1,0,0,1,2,1,299,0,0,0,0,0,12084,0,0,0,NA,NA,NA,NA,NA,NA,NA,NA,NA,NA,NA,NA,NA,NA,NA,TRUE,0.5504209491870841,0.6127030037087552,0.6127030037087552,0.14077985582292638,0.02343322791598627,0.02343322791598627,low,low,low,high,low,low,low_level-high_diversity,low_level-low_diversity,low_level-low_diversity,3.5,Cannabis legalisation,0,0,0,NA,0,1
288509588496,3,monetary,NA,1,2,0,0.35294117647058826,3,0,13,60,female,0,2,1,-1,1,2,2,0,14,0,0,0,0,0,1238,0,0,0,NA,NA,NA,NA,NA,NA,NA,NA,NA,NA,NA,NA,NA,NA,NA,TRUE,0.5515493500516746,0.6483620183384748,0.6543882934928749,0.13167068711062302,0.07440563336617531,0.07024371821942801,low,low,low,high,high,high,low_level-high_diversity,low_level-high_diversity,low_level-high_diversity,5.5,Cannabis legalisation,1,-1,0,NA,0,1
288531952560,3,verbal,1,NA,2,0,0.5294117647058824,3,8,11,61,female,0,2,2,0,0,2,2,0,141,0,0,0,0,0,4277,0,0,0,NA,NA,NA,NA,NA,NA,NA,NA,NA,NA,NA,NA,NA,NA,NA,TRUE,0.7537955129207601,0.79062802330461035,0.7581028595134865,0.04966420596522915,1.6347992748760715e-4,0.04633206865911249,high,high,high,low,low,low,high_level-low_diversity,high_level-low_diversity,high_level-low_diversity,2,Cannabis legalisation,0,0,0,NA,1,0
288547276212,3,verbal,1,NA,7,1,0.7058823529411765,5,8,19,35,not female,1,7,7,0,0,3,3,0,79,2,1,1,1,2,2600,142,0.054615384615384614,0.03367620892744184,1,1,0.816946216297037,0.816946216297037,0.816946216297037,1,1,0.816946216297037,0.816946216297037,0.816946216297037,2,2,0.8127581857853888,0.742608674715281,0.7803804248981469,TRUE,0.4319886192154624,0.300595884727057,0.3044403047209366,0.1996291811705639,0.05224402742663444,0.06439186002917245,low,low,low,high,low,high,low_level-high_diversity,low_level-low_diversity,low_level-high_diversity,3.5,Cannabis legalisation,0,0,2,0.816946216297037,1,0
288610616664,3,control,0,0,2,0,0.5294117647058824,2,4,15,31,female,0,2,2,0,0,2,2,0,142,1,1,1,0,1,3537,93,0.026293469041560644,0.01440550058168965,NA,NA,NA,NA,NA,NA,NA,NA,NA,NA,1,1,0.668271133133525,0.668271133133525,0.668271133133525,TRUE,0.6694792974571234,0.6720270646621879,0.6939943168144728,0.1063433209541148,0.0786251261968177,0.06801798751829627,high,high,low,high,high,high,high_level-high_diversity,high_level-high_diversity,low_level-high_diversity,4,Cannabis legalisation,0,0,1,NA,0,0
289344954960,3,monetary,NA,1,5,0,0.6470588235294118,2,4,12,64,not female,0,5,7,2,2,2,2,0,180,0,0,0,0,0,27658,0,0,0,NA,NA,NA,NA,NA,NA,NA,NA,NA,NA,NA,NA,NA,NA,NA,TRUE,0.7008883571656059,NA,0.7286918894298714,0.0951443904506487,NA,5.035816723895197e-4,high,NA,high,high,NA,low,high_level-high_diversity,NA,high_level-low_diversity,4.5,Cannabis legalisation,2,2,0,NA,0,1
289391882832,3,monetary,NA,1,2,0,0.5882352941176471,3,6,16,52,not female,1,2,5,3,3,2,3,1,63,4,1,2,2,3,3956,1662,0.4201213346814965,0.10631708202582407,2,2,0.6885980899748512,0.6942942658820065,0.6933344285385741,1,1,0.705769170970334,0.705769170970334,0.705769170970334,4,3,0.6869714442107738,0.6812826995077658,0.6838234932332281,TRUE,0.5774248573528371,0.696947622161204,0.7287738604542449,0.14705818307539167,0.09207543450061235,0.0529345507202929,low,high,high,high,high,low,low_level-high_diversity,high_level-high_diversity,high_level-low_diversity,5.5,Cannabis legalisation,3,3,4,0.6885980899748512,0,1
289399062780,3,control,0,0,4,0,0.5294117647058824,3,3,14,54,not female,0,4,3,-1,1,2,1,-1,257,0,0,0,0,0,5792,0,0,0,NA,NA,NA,NA,NA,NA,NA,NA,NA,NA,NA,NA,NA,NA,NA,TRUE,0.7518527383324539,0.7538883402415543,0.7541407931606882,0.05094190725361855,0.04960099598765806,0.04957998757704807,high,high,high,low,low,low,high_level-low_diversity,high_level-low_diversity,high_level-low_diversity,NA,Cannabis legalisation,1,-1,0,NA,0,0
289533399012,3,control,0,0,5,0,0.7647058823529411,4,2,13,73,not female,0,5,6,1,1,2,2,0,52,0,0,0,0,0,4734,0,0,0,NA,NA,NA,NA,NA,NA,NA,NA,NA,NA,NA,NA,NA,NA,NA,TRUE,0.7112306622146498,0.7109203360799699,0.7125082503932294,0.04416240131805601,0.02919298959386133,0.03298183492268616,high,high,high,low,low,low,high_level-low_diversity,high_level-low_diversity,high_level-low_diversity,5,Cannabis legalisation,1,1,0,NA,0,0
289551044160,3,verbal,1,NA,1,NA,0.7647058823529411,4,8,11,62,not female,0,1,1,0,0,2,2,0,63,0,0,0,0,0,3174,0,0,0,NA,NA,NA,NA,NA,NA,NA,NA,NA,NA,NA,NA,NA,NA,NA,TRUE,0.6393536486206729,0.6233392234828181,0.6374671678140786,0.04947195611855762,0.00448311133383216,0.04582900272264901,low,low,low,low,low,low,low_level-low_diversity,low_level-low_diversity,low_level-low_diversity,4.5,Cannabis legalisation,0,0,0,NA,1,0
289561649580,3,verbal,1,NA,3,0,0.4117647058823529,3,0,8,32,not female,0,3,7,4,4,3,2,-1,485,0,0,0,0,0,11421,0,0,0,NA,NA,NA,NA,NA,NA,NA,NA,NA,NA,NA,NA,NA,NA,NA,TRUE,0.4579979190555913,0.6684880932567722,0.68474399627542,0.13403729258176986,0.0341914816413187,0.06831605207014117,low,low,low,high,low,high,low_level-high_diversity,low_level-low_diversity,low_level-high_diversity,2.5,Cannabis legalisation,4,4,0,NA,1,0
289642978548,3,monetary,NA,1,7,1,0.6470588235294118,4,4,12,53,not female,0,7,7,0,0,3,3,0,761,3,1,3,0,1,21523,55,0.002555405844910096,0.004983130220063827,NA,NA,NA,NA,NA,NA,NA,NA,NA,NA,3,1,0.668271133133525,0.668271133133525,0.668271133133525,TRUE,0.395331829728188,0.6609760692929801,0.7697097821456338,0.08105797599708471,0.09506075624174572,0.0768345604843964,low,low,high,low,high,high,low_level-low_diversity,low_level-high_diversity,high_level-high_diversity,6,Cannabis legalisation,0,0,3,NA,0,1
289656043632,3,monetary,NA,1,3,0,0.5882352941176471,3,6,13,52,not female,0,3,3,0,0,2,2,0,24,0,0,0,0,0,651,0,0,0,NA,NA,NA,NA,NA,NA,NA,NA,NA,NA,NA,NA,NA,NA,NA,TRUE,0.7071566754845758,0.6420913424427601,0.7465096060192296,0.11856666973734882,0.07768171956332258,0.08298602565418682,high,low,high,high,high,high,high_level-high_diversity,low_level-high_diversity,high_level-high_diversity,6,Cannabis legalisation,0,0,0,NA,0,1
289679230548,3,control,0,0,3,0,0.8823529411764706,4,4,12,58,not female,0,3,2,-1,1,2,2,0,150,0,0,0,0,0,11736,0,0,0,NA,NA,NA,NA,NA,NA,NA,NA,NA,NA,NA,NA,NA,NA,NA,TRUE,0.5876149960132729,0.6730955671796571,0.6942609399775227,0.1659287503932468,0.05742090805032595,0.0631967741481168,low,high,low,high,high,high,low_level-high_diversity,high_level-high_diversity,low_level-high_diversity,6,Cannabis legalisation,1,-1,0,NA,0,0
289703918844,3,monetary,NA,1,4,0,0.4117647058823529,4,8,12,48,female,0,4,4,0,0,2,2,0,28,0,0,0,0,0,574,0,0,0,NA,NA,NA,NA,NA,NA,NA,NA,NA,NA,NA,NA,NA,NA,NA,TRUE,0.7142621363798697,0.598909713642671,0.7655048177744082,0.05847340290116018,NA,0.04718726373091699,high,low,high,low,NA,low,high_level-low_diversity,NA,high_level-low_diversity,5.5,Cannabis legalisation,0,0,0,NA,0,1
289802213748,3,control,0,0,1,1,0.7058823529411765,4,6,12,55,not female,0,1,1,0,0,2,3,1,71,0,0,0,0,0,3199,0,0,0,NA,NA,NA,NA,NA,NA,NA,NA,NA,NA,NA,NA,NA,NA,NA,TRUE,0.621726436341954,0.6896848637959204,0.6735433438733327,0.12015604750491976,0.04253186668589533,0.01608838857810423,low,high,low,high,low,low,low_level-high_diversity,high_level-low_diversity,low_level-low_diversity,5,Cannabis legalisation,0,0,0,NA,0,0
289870474212,3,verbal,1,NA,1,1,0.8823529411764706,3,8,15,51,not female,0,1,1,0,0,3,3,0,107,1,1,1,0,1,1340,9,0.006716417910447761,0.009221269513247175,NA,NA,NA,NA,NA,NA,NA,NA,NA,NA,1,1,0.799649853780606,0.799649853780606,0.799649853780606,TRUE,0.8036398886238446,NA,0.8036398886238446,0.0063298937058564,NA,0.0063298937058564,high,NA,high,low,NA,low,high_level-low_diversity,NA,high_level-low_diversity,6.5,Cannabis legalisation,0,0,1,NA,1,0
289944143064,3,control,0,0,4,0,0.6470588235294118,4,8,15,68,not female,0,4,4,0,0,2,2,0,254,0,0,0,0,0,9753,0,0,0,NA,NA,NA,NA,NA,NA,NA,NA,NA,NA,NA,NA,NA,NA,NA,TRUE,0.5410983798028237,0.7061625043626032,0.6706557788023046,0.17765406318629975,0.06289150925210832,0.1923731637881805,low,high,low,high,high,high,low_level-high_diversity,high_level-high_diversity,low_level-high_diversity,6,Cannabis legalisation,0,0,0,NA,0,0
290011993128,3,monetary,NA,1,3,1,0.5882352941176471,5,8,15,44,not female,0,3,2,-1,1,4,4,0,34,0,0,0,0,0,1122,0,0,0,NA,NA,NA,NA,NA,NA,NA,NA,NA,NA,NA,NA,NA,NA,NA,TRUE,0.6777571170805617,0.6481648000659147,0.6862568545677733,0.06128370939062914,0.08017506017037546,0.07485755516796175,high,low,low,low,high,high,high_level-low_diversity,low_level-high_diversity,low_level-high_diversity,5.5,Cannabis legalisation,1,-1,0,NA,0,1
290162201580,3,verbal,1,NA,3,NA,0.7647058823529411,5,8,13,65,not female,0,3,1,-2,2,2,2,0,87,0,0,0,0,0,12076,0,0,0,NA,NA,NA,NA,NA,NA,NA,NA,NA,NA,NA,NA,NA,NA,NA,TRUE,0.6506042679740117,NA,NA,0.06934499638413562,NA,NA,low,NA,NA,low,NA,NA,low_level-low_diversity,NA,NA,NA,Cannabis legalisation,2,-2,0,NA,1,0
290634638328,3,verbal,1,NA,1,NA,0.4117647058823529,3,3,18,67,female,0,1,1,0,0,2,1,-1,319,0,0,0,0,0,9423,0,0,0,NA,NA,NA,NA,NA,NA,NA,NA,NA,NA,NA,NA,NA,NA,NA,TRUE,0.7158978907163627,0.816946216297037,0.7283959930114252,0.04186753373254957,NA,0.00331576308988402,high,high,high,low,NA,low,high_level-low_diversity,NA,high_level-low_diversity,5.5,Cannabis legalisation,0,0,0,NA,1,0
290638059012,3,monetary,NA,1,4,1,0.8235294117647058,4,8,12,61,not female,0,4,4,0,0,3,2,-1,74,0,0,0,0,0,3679,0,0,0,NA,NA,NA,NA,NA,NA,NA,NA,NA,NA,NA,NA,NA,NA,NA,TRUE,0.7055121329326415,0.7010406240694925,0.7109401582558948,0.05154523972255842,0.0839751902179774,0.04113283488004243,high,high,high,low,high,low,high_level-low_diversity,high_level-high_diversity,high_level-low_diversity,6,Cannabis legalisation,0,0,0,NA,0,1
290681287128,3,verbal,1,NA,7,1,0.5294117647058824,4,8,12,38,not female,0,7,7,0,0,4,4,0,563,0,0,0,0,0,42686,0,0,0,NA,NA,NA,NA,NA,NA,NA,NA,NA,NA,NA,NA,NA,NA,NA,TRUE,0.4327229584430912,0.7576547039185967,0.7541266594994487,0.12313694310987924,0.02168766361944869,0.04369081751122559,low,high,high,high,low,low,low_level-high_diversity,high_level-low_diversity,high_level-low_diversity,6,Cannabis legalisation,0,0,0,NA,1,0
291384030780,3,verbal,1,NA,6,1,0.7058823529411765,4,5,18,40,not female,0,6,6,0,0,4,3,-1,2,0,0,0,0,0,444,0,0,0,NA,NA,NA,NA,NA,NA,NA,NA,NA,NA,NA,NA,NA,NA,NA,TRUE,0.668271133133525,NA,NA,NA,NA,NA,high,NA,NA,NA,NA,NA,NA,NA,NA,NA,Cannabis legalisation,0,0,0,NA,1,0
291541555296,3,monetary,NA,1,6,0,0.4117647058823529,3,2,15,29,female,1,6,6,0,0,2,3,1,38,7,1,4,3,4,1978,690,0.3488372093023256,0.27834133998510835,2,2,0.6685838121888805,0.604374442839435,0.619423371960136,2,2,0.6685838121888805,0.604374442839435,0.619423371960136,6,3,0.6685155313710694,0.6469722363688284,0.6475007959193783,TRUE,0.6921472512484191,0.7010072266096063,0.6838264034116526,0.05799285156144362,0.06589889201370064,0.05173835704801923,high,high,low,low,high,low,high_level-low_diversity,high_level-high_diversity,low_level-low_diversity,3.5,Cannabis legalisation,0,0,7,0.6685838121888805,0,1
291561391980,3,monetary,NA,1,4,0,0.11764705882352941,2,8,10,56,not female,0,4,4,0,0,1,1,0,277,0,0,0,0,0,7542,0,0,0,NA,NA,NA,NA,NA,NA,NA,NA,NA,NA,NA,NA,NA,NA,NA,TRUE,0.5236350544694691,0.6481047268719148,0.7526556143353287,0.16358416240182694,0.05871842175987448,0.06851489886542694,low,low,high,high,high,high,low_level-high_diversity,low_level-high_diversity,high_level-high_diversity,NA,Cannabis legalisation,0,0,0,NA,0,1
291584235528,3,monetary,NA,1,4,0,0.7058823529411765,1,0,17,42,not female,0,4,4,0,0,2,2,0,102,0,0,0,0,0,3546,0,0,0,NA,NA,NA,NA,NA,NA,NA,NA,NA,NA,NA,NA,NA,NA,NA,FALSE,NA,NA,NA,NA,NA,NA,NA,NA,NA,NA,NA,NA,NA,NA,NA,6,Cannabis legalisation,0,0,0,NA,0,1
291601202148,3,control,0,0,1,0,0.47058823529411764,3,2,10,58,not female,0,1,4,3,3,3,3,0,49,0,0,0,0,0,1492,0,0,0,NA,NA,NA,NA,NA,NA,NA,NA,NA,NA,NA,NA,NA,NA,NA,TRUE,0.6430623842125184,0.6482373264099844,0.648259606063806,0.0368028837438662,0.00181077950590904,0.00257902350741728,low,low,low,low,low,low,low_level-low_diversity,low_level-low_diversity,low_level-low_diversity,4.5,Cannabis legalisation,3,3,0,NA,0,0
291621786444,3,monetary,NA,1,3,0,0.5882352941176471,2,1,12,19,female,0,3,4,1,1,1,3,2,0,0,0,0,0,0,0,0,NA,NA,NA,NA,NA,NA,NA,NA,NA,NA,NA,NA,NA,NA,NA,NA,NA,TRUE,NA,NA,NA,NA,NA,NA,NA,NA,NA,NA,NA,NA,NA,NA,NA,3,Cannabis legalisation,1,1,0,NA,0,1
291758381244,3,monetary,NA,1,7,1,0.7058823529411765,5,2,20,61,not female,1,7,7,0,0,3,3,0,1040,6,1,4,2,3,34356,976,0.028408429386424495,0.008355349933925643,2,2,0.6876440425519238,0.689752944326754,0.689395502649866,1,1,0.696686527859829,0.696686527859829,0.6966865278598289,2,2,0.6876440425519238,0.689752944326754,0.689395502649866,TRUE,0.6518828402486725,0.6861301656505182,0.6826094210249462,0.1406198590500093,0.07733300274440624,0.11059109176663907,low,high,low,high,high,high,low_level-high_diversity,high_level-high_diversity,low_level-high_diversity,5.5,Cannabis legalisation,0,0,6,0.6876440425519238,0,1
291787726212,3,verbal,1,NA,3,0,0.5882352941176471,3,1,13,42,not female,0,3,3,0,0,1,2,1,23,0,0,0,0,0,1426,0,0,0,NA,NA,NA,NA,NA,NA,NA,NA,NA,NA,NA,NA,NA,NA,NA,TRUE,0.6612284733585179,0.663110409385127,0.6574761223237763,0.07160856807178641,0.07102080358891515,0.06459531340313404,low,low,low,low,high,high,low_level-low_diversity,low_level-high_diversity,low_level-high_diversity,4,Cannabis legalisation,0,0,0,NA,1,0
291933006444,3,monetary,NA,1,1,1,0.5294117647058824,4,5,12,39,not female,0,1,2,1,1,3,3,0,262,0,0,0,0,0,21554,0,0,0,NA,NA,NA,NA,NA,NA,NA,NA,NA,NA,NA,NA,NA,NA,NA,TRUE,0.7721634992285905,0.6829099760623119,0.8652559349784733,0.125649940663401,0.06634420249623069,0.11124567616836434,high,high,high,high,high,high,high_level-high_diversity,high_level-high_diversity,high_level-high_diversity,6,Cannabis legalisation,1,1,0,NA,0,1
291945183012,3,control,0,0,7,0,0.5294117647058824,3,1,12,41,not female,0,7,7,0,0,2,2,0,1331,0,0,0,0,0,33926,0,0,0,NA,NA,NA,NA,NA,NA,NA,NA,NA,NA,NA,NA,NA,NA,NA,TRUE,0.5256388392126227,0.7339408902799386,0.7927691253599276,0.18420414421815764,0.091393254909963,0.03528538338534813,low,high,high,high,high,low,low_level-high_diversity,high_level-high_diversity,high_level-low_diversity,5,Cannabis legalisation,0,0,0,NA,0,0
292037520960,3,verbal,1,NA,6,0,0.5882352941176471,5,3,15,31,not female,0,6,6,0,0,2,3,1,18,0,0,0,0,0,956,0,0,0,NA,NA,NA,NA,NA,NA,NA,NA,NA,NA,NA,NA,NA,NA,NA,TRUE,0.7611756669212175,0.6369599837841224,0.8245982752363088,0.1340966185867857,0.02360919155284791,0.1420451332023981,high,low,high,high,low,high,high_level-high_diversity,low_level-low_diversity,high_level-high_diversity,6,Cannabis legalisation,0,0,0,NA,1,0
292069259244,3,monetary,NA,1,3,0,0.5882352941176471,1,8,10,53,female,1,3,4,1,1,2,2,0,208,2,1,1,1,2,7972,76,0.009533366783743101,0.015221017190869964,1,1,0.682819360793679,0.682819360793679,0.682819360793679,NA,NA,NA,NA,NA,2,2,0.6789908798304807,0.6755452469636021,0.6765700563941052,TRUE,0.6576959143496552,0.64811071334177806,0.661089946135971,0.05246898931834758,0.00347307183173413,0.04367263297705714,low,low,low,low,low,low,low_level-low_diversity,low_level-low_diversity,low_level-low_diversity,2.5,Cannabis legalisation,1,1,2,0.682819360793679,0,1
292146350148,3,monetary,NA,1,4,1,0.7058823529411765,4,8,12,59,not female,1,4,4,0,0,2,2,0,172,5,1,3,2,4,9368,134,0.01430401366353544,0.028301434094448064,1,1,0.932303283086416,0.932303283086416,0.932303283086416,1,1,0.932303283086416,0.932303283086416,0.932303283086416,4,3,0.8904798163929355,0.7999685309452883,0.8389937136190235,TRUE,0.6631742650543675,0.652143875420344,0.6571954162853636,0.02458559179220692,0.01235789562293616,0.02944070260182894,high,low,low,low,low,low,high_level-low_diversity,low_level-low_diversity,low_level-low_diversity,6,Cannabis legalisation,0,0,5,0.932303283086416,0,1
292249837296,3,control,0,0,6,1,0.5294117647058824,4,6,10,42,female,0,6,6,0,0,4,3,-1,95,0,0,0,0,0,6274,0,0,0,NA,NA,NA,NA,NA,NA,NA,NA,NA,NA,NA,NA,NA,NA,NA,TRUE,0.7408881332140086,0.7687236397063941,0.7618259685180162,0.10465385026975256,0.03963175723029358,0.06407607526067775,high,high,high,high,low,high,high_level-high_diversity,high_level-low_diversity,high_level-high_diversity,5.5,Cannabis legalisation,0,0,0,NA,0,0
292294294560,3,control,0,0,6,NA,0.7647058823529411,4,1,13,65,female,0,6,5,-1,1,2,2,0,506,0,0,0,0,0,11928,0,0,0,NA,NA,NA,NA,NA,NA,NA,NA,NA,NA,NA,NA,NA,NA,NA,TRUE,0.7104062374912605,0.6513426593646156,0.90021562277115,0.22308492748863956,0.05915939969207169,0.0842460676151373,high,low,high,high,high,high,high_level-high_diversity,low_level-high_diversity,high_level-high_diversity,6.5,Cannabis legalisation,1,-1,0,NA,0,0
292295663928,3,control,0,0,7,0,0.7647058823529411,4,8,15,63,female,0,7,7,0,0,2,2,0,249,0,0,0,0,0,15868,0,0,0,NA,NA,NA,NA,NA,NA,NA,NA,NA,NA,NA,NA,NA,NA,NA,TRUE,0.4317415632509957,NA,0.6390577416702581,0.07816561488430569,NA,0.08029605605517402,low,NA,low,low,NA,high,low_level-low_diversity,NA,low_level-high_diversity,5,Cannabis legalisation,0,0,0,NA,0,0
292439852496,3,verbal,1,NA,4,1,0.7058823529411765,4,8,17,43,not female,0,4,4,0,0,2,3,1,497,0,0,0,0,0,12222,0,0,0,NA,NA,NA,NA,NA,NA,NA,NA,NA,NA,NA,NA,NA,NA,NA,TRUE,0.632869467090018,0.725847669262189,0.725847669262189,0.11619328559326338,0.0736305677648504,0.0736305677648504,low,high,high,high,high,high,low_level-high_diversity,high_level-high_diversity,high_level-high_diversity,5.5,Cannabis legalisation,0,0,0,NA,1,0
292458797244,3,control,0,0,6,1,0.7058823529411765,5,6,12,57,not female,0,6,6,0,0,3,2,-1,2,0,0,0,0,0,185,0,0,0,NA,NA,NA,NA,NA,NA,NA,NA,NA,NA,NA,NA,NA,NA,NA,TRUE,0.75170243124515,0.6713403478416764,0.75170243124515,0.07114724771144244,0.05693512224254021,0.07114724771144244,high,low,high,low,high,high,high_level-low_diversity,low_level-high_diversity,high_level-high_diversity,5.5,Cannabis legalisation,0,0,0,NA,0,0
292518036432,3,control,0,0,6,1,0.7058823529411765,4,2,16,24,not female,0,6,7,1,1,3,3,0,195,0,0,0,0,0,7565,0,0,0,NA,NA,NA,NA,NA,NA,NA,NA,NA,NA,NA,NA,NA,NA,NA,TRUE,0.4128717469258229,0.6672832212353305,0.6813800330359201,0.10044202835023182,0.02257143285177051,0.06340022056380569,low,low,low,high,low,high,low_level-high_diversity,low_level-low_diversity,low_level-high_diversity,6,Cannabis legalisation,1,1,0,NA,0,0
292549427244,3,monetary,NA,1,7,0,0.7058823529411765,5,3,11,41,not female,0,7,7,0,0,2,2,0,74,0,0,0,0,0,4952,0,0,0,NA,NA,NA,NA,NA,NA,NA,NA,NA,NA,NA,NA,NA,NA,NA,TRUE,0.6874806720230974,0.7138424242788739,0.7111338402322084,0.05953469061298552,0.08121500344166405,0.08194835928238091,high,high,high,low,high,high,high_level-low_diversity,high_level-high_diversity,high_level-high_diversity,6.5,Cannabis legalisation,0,0,0,NA,0,1
292623712380,3,monetary,NA,1,6,1,0.9411764705882353,4,4,10,50,not female,0,6,6,0,0,3,3,0,387,0,0,0,0,0,16635,0,0,0,NA,NA,NA,NA,NA,NA,NA,NA,NA,NA,NA,NA,NA,NA,NA,TRUE,0.648887550189781,0.6934864561579199,0.752312583072925,0.17961745390382347,0.03319528735201063,0.04652180655343245,low,high,high,high,low,low,low_level-high_diversity,high_level-low_diversity,high_level-low_diversity,5,Cannabis legalisation,0,0,0,NA,0,1
292635816444,3,control,0,0,5,0,0.4117647058823529,2,2,13,44,female,0,5,5,0,0,2,2,0,160,0,0,0,0,0,5340,0,0,0,NA,NA,NA,NA,NA,NA,NA,NA,NA,NA,NA,NA,NA,NA,NA,FALSE,NA,NA,NA,NA,NA,NA,NA,NA,NA,NA,NA,NA,NA,NA,NA,NA,Cannabis legalisation,0,0,0,NA,0,0
292703054328,3,verbal,1,NA,2,0,0.5882352941176471,3,8,17,58,female,0,2,1,-1,1,2,4,2,22,0,0,0,0,0,582,0,0,0,NA,NA,NA,NA,NA,NA,NA,NA,NA,NA,NA,NA,NA,NA,NA,TRUE,0.7308105954607964,NA,0.742557778973453,0.0641038724652763,NA,0.02291963321812625,high,NA,high,low,NA,low,high_level-low_diversity,NA,high_level-low_diversity,NA,Cannabis legalisation,1,-1,0,NA,1,0
292748060844,3,verbal,1,NA,4,1,0.5294117647058824,2,6,15,65,not female,1,4,4,0,0,2,3,1,127,3,1,2,1,2,5998,144,0.02400800266755585,0.027855452887659705,1,1,0.816946216297037,0.816946216297037,0.816946216297037,1,1,0.816946216297037,0.816946216297037,0.816946216297037,3,2,0.76119306011072,0.717829494188029,0.7284578657134744,TRUE,0.6691794007617693,0.6593471476061387,0.687643424987627,0.04376682250370633,0.02135190988141287,0.06495816172250285,high,low,low,low,low,high,high_level-low_diversity,low_level-low_diversity,low_level-high_diversity,5,Cannabis legalisation,0,0,3,0.816946216297037,1,0
294136104096,3,control,0,0,6,1,0.7647058823529411,4,6,13,60,not female,0,6,6,0,0,2,2,0,31,0,0,0,0,0,1189,0,0,0,NA,NA,NA,NA,NA,NA,NA,NA,NA,NA,NA,NA,NA,NA,NA,TRUE,0.512610735172434,0.7706131508644803,0.6878588348598583,0.156137168458893,0.09443852728121271,0.08270548951383237,low,high,low,high,high,high,low_level-high_diversity,high_level-high_diversity,low_level-high_diversity,6,Cannabis legalisation,0,0,0,NA,0,0
294298961760,3,monetary,NA,1,5,0,0.29411764705882354,1,3,12,28,female,0,5,4,-1,1,3,3,0,2,0,0,0,0,0,17,0,0,0,NA,NA,NA,NA,NA,NA,NA,NA,NA,NA,NA,NA,NA,NA,NA,FALSE,NA,NA,NA,NA,NA,NA,NA,NA,NA,NA,NA,NA,NA,NA,NA,NA,Cannabis legalisation,1,-1,0,NA,0,1
294548351580,3,control,0,0,7,1,0.17647058823529413,3,4,13,40,not female,0,7,7,0,0,2,2,0,58,0,0,0,0,0,750,0,0,0,NA,NA,NA,NA,NA,NA,NA,NA,NA,NA,NA,NA,NA,NA,NA,TRUE,0.7355651875580852,NA,0.7444665175084239,0.05612332722868539,NA,0.0537422692014974,high,NA,high,low,NA,low,high_level-low_diversity,NA,high_level-low_diversity,6,Cannabis legalisation,0,0,0,NA,0,0
294637136832,3,monetary,NA,1,3,0,0.47058823529411764,4,6,13,61,not female,1,3,3,0,0,2,3,1,137,3,1,2,1,2,2905,317,0.10912220309810672,0.02935497404630522,1,1,0.816946216297037,0.816946216297037,0.816946216297037,1,1,0.816946216297037,0.816946216297037,0.816946216297037,3,2,0.80803509143865615,0.717829494188029,0.7537064239472935,TRUE,0.7585286600999699,NA,0.7804464718774266,0.04661262820181514,NA,NA,high,NA,high,low,NA,NA,high_level-low_diversity,NA,NA,6,Cannabis legalisation,0,0,3,0.816946216297037,0,1
294844178160,3,verbal,1,NA,7,1,0.5882352941176471,3,1,12,52,female,0,7,7,0,0,3,3,0,9,0,0,0,0,0,33,0,0,0,NA,NA,NA,NA,NA,NA,NA,NA,NA,NA,NA,NA,NA,NA,NA,TRUE,0.7596755503732546,0.6579511769604123,0.6710128973115975,0.13995263948627604,0.03002778593358112,0.03065118871781601,high,low,low,high,low,low,high_level-high_diversity,low_level-low_diversity,low_level-low_diversity,5.5,Cannabis legalisation,0,0,0,NA,1,0
294981665580,3,verbal,1,NA,1,0,0.35294117647058826,1,0,13,37,not female,0,1,1,0,0,2,3,1,242,0,0,0,0,0,9871,0,0,0,NA,NA,NA,NA,NA,NA,NA,NA,NA,NA,NA,NA,NA,NA,NA,TRUE,0.7472723020235809,0.816946216297037,0.7807106437308861,0.05249191434460296,NA,0.00309393250830632,high,high,high,low,NA,low,high_level-low_diversity,NA,high_level-low_diversity,7,Cannabis legalisation,0,0,0,NA,1,0
294992336664,3,verbal,1,NA,6,1,0.11764705882352941,2,1,14,33,not female,0,6,4,-2,2,3,2,-1,184,0,0,0,0,0,7938,0,0,0,NA,NA,NA,NA,NA,NA,NA,NA,NA,NA,NA,NA,NA,NA,NA,TRUE,0.5936910880580548,0.6257930994479126,0.6255426124689278,0.15858342817527266,0.05015094324307974,0.07701048156899369,low,low,low,high,low,high,low_level-high_diversity,low_level-low_diversity,low_level-high_diversity,4,Cannabis legalisation,2,-2,0,NA,1,0
295039534032,3,monetary,NA,1,7,0,0.7058823529411765,4,8,10,65,not female,0,7,7,0,0,2,1,-1,113,0,0,0,0,0,5388,0,0,0,NA,NA,NA,NA,NA,NA,NA,NA,NA,NA,NA,NA,NA,NA,NA,TRUE,0.669712459083475,0.7195393321896637,0.6530055372321711,0.04013991972033723,0.179648976549011,0.16252688089152145,high,high,low,low,high,high,high_level-low_diversity,high_level-high_diversity,low_level-high_diversity,6,Cannabis legalisation,0,0,0,NA,0,1
295075850328,3,verbal,1,NA,1,0,0.5882352941176471,5,8,12,37,female,0,1,1,0,0,2,3,1,61,0,0,0,0,0,3917,0,0,0,NA,NA,NA,NA,NA,NA,NA,NA,NA,NA,NA,NA,NA,NA,NA,TRUE,0.7167669061707113,0.7639111857084873,0.6983991698753748,0.09524655307783564,0.09000815026904928,0.10386417171338434,high,high,low,high,high,high,high_level-high_diversity,high_level-high_diversity,low_level-high_diversity,7,Cannabis legalisation,0,0,0,NA,1,0
295087686948,3,monetary,NA,1,1,0,0.7058823529411765,4,8,12,57,not female,0,1,2,1,1,1,2,1,6,0,0,0,0,0,262,0,0,0,NA,NA,NA,NA,NA,NA,NA,NA,NA,NA,NA,NA,NA,NA,NA,TRUE,0.5841122075821981,0.6753844146398359,0.6375680639696036,0.1551382799912042,0.07260620000330426,0.09661907257653918,low,high,low,high,high,high,low_level-high_diversity,high_level-high_diversity,low_level-high_diversity,4,Cannabis legalisation,1,1,0,NA,0,1
295147262664,3,control,0,0,2,0,0.47058823529411764,4,5,22,31,female,0,2,2,0,0,1,1,0,161,0,0,0,0,0,16245,0,0,0,NA,NA,NA,NA,NA,NA,NA,NA,NA,NA,NA,NA,NA,NA,NA,TRUE,0.7256031168428546,0.7829405159965743,0.8114935517712184,0.1656502798221277,0.03014045669881098,0.07728681595959455,high,high,high,high,low,high,high_level-high_diversity,high_level-low_diversity,high_level-high_diversity,5,Cannabis legalisation,0,0,0,NA,0,0
295148694960,3,monetary,NA,1,7,1,0.29411764705882354,4,4,15,27,female,0,7,7,0,0,3,3,0,156,0,0,0,0,0,9840,0,0,0,NA,NA,NA,NA,NA,NA,NA,NA,NA,NA,NA,NA,NA,NA,NA,TRUE,0.4124564080765704,0.81538396763029,0.780685992719991,0.10491883313785104,NA,0.00286107029492716,low,high,high,high,NA,low,low_level-high_diversity,NA,high_level-low_diversity,4,Cannabis legalisation,0,0,0,NA,0,1
295182353916,3,verbal,1,NA,1,0,0.17647058823529413,1,1,10,37,female,0,1,1,0,0,2,1,-1,305,0,0,0,0,0,76153,0,0,0,NA,NA,NA,NA,NA,NA,NA,NA,NA,NA,NA,NA,NA,NA,NA,TRUE,0.6515439235918675,0.6950876781916906,0.7662485715525502,0.07433440328535465,0.04515638179009101,0.02512390282906989,low,high,high,low,low,low,low_level-low_diversity,high_level-low_diversity,high_level-low_diversity,4.5,Cannabis legalisation,0,0,0,NA,1,0
295280848548,3,control,0,0,7,1,0.8235294117647058,5,8,13,58,not female,0,7,7,0,0,4,4,0,373,1,1,1,0,1,20168,67,0.0033220944069813564,0.003885736554502751,NA,NA,NA,NA,NA,NA,NA,NA,NA,NA,1,1,0.668271133133525,0.668271133133525,0.668271133133525,TRUE,0.6637544619311515,0.672957037011035,0.6764851951749936,0.0888960754191497,0.06137259014612179,0.06849287424380018,high,high,low,high,high,high,high_level-high_diversity,high_level-high_diversity,low_level-high_diversity,7,Cannabis legalisation,0,0,1,NA,0,0
295334470044,3,control,0,0,1,0,0.8235294117647058,5,6,13,55,not female,0,1,1,0,0,3,3,0,673,0,0,0,0,0,31553,0,0,0,NA,NA,NA,NA,NA,NA,NA,NA,NA,NA,NA,NA,NA,NA,NA,TRUE,0.6038621175472786,0.6993893306594632,0.7411070003714998,0.1848623982314283,0.07689330964120063,0.08714824556017442,low,high,high,high,high,high,low_level-high_diversity,high_level-high_diversity,high_level-high_diversity,4.5,Cannabis legalisation,0,0,0,NA,0,0
295443772560,3,verbal,1,NA,4,0,0.5882352941176471,2,1,17,54,female,1,4,5,1,1,1,2,1,34,2,1,1,1,2,2565,278,0.10838206627680312,0.07228785495240611,1,1,0.682819360793679,0.682819360793679,0.682819360793679,NA,NA,NA,NA,NA,2,2,0.6760685645053343,0.6755452469636021,0.6756506239567841,TRUE,0.6687290096638567,0.6264653247683236,0.6284728261126706,0.02569710613477385,0.0290170485701608,0.03089142365488947,high,low,low,low,low,low,high_level-low_diversity,low_level-low_diversity,low_level-low_diversity,5.5,Cannabis legalisation,1,1,2,0.682819360793679,1,0
295444598148,3,verbal,1,NA,6,NA,0.47058823529411764,2,7,10,62,not female,0,6,6,0,0,2,2,0,175,0,0,0,0,0,8610,0,0,0,NA,NA,NA,NA,NA,NA,NA,NA,NA,NA,NA,NA,NA,NA,NA,TRUE,0.8272989085582989,0.7717581887489522,0.7877047857327953,0.05663896135463722,0.06221181531280441,0.05705262005220366,high,high,high,low,high,high,high_level-low_diversity,high_level-high_diversity,high_level-high_diversity,NA,Cannabis legalisation,0,0,0,NA,1,0
296236531296,3,control,0,0,4,0,0.6470588235294118,4,2,12,66,not female,0,4,4,0,0,2,2,0,132,0,0,0,0,0,8234,0,0,0,NA,NA,NA,NA,NA,NA,NA,NA,NA,NA,NA,NA,NA,NA,NA,TRUE,0.5409884196931867,0.705769170970334,0.7284446468816792,0.1744064597437586,NA,0.00237418855724075,low,high,high,high,NA,low,low_level-high_diversity,NA,high_level-low_diversity,6,Cannabis legalisation,0,0,0,NA,0,0
296270392716,3,control,0,0,4,0,0.5294117647058824,2,1,17,68,not female,0,4,4,0,0,2,2,0,149,0,0,0,0,0,7629,0,0,0,NA,NA,NA,NA,NA,NA,NA,NA,NA,NA,NA,NA,NA,NA,NA,TRUE,0.5143466880535149,NA,0.7284326243566441,0.1607283854073649,NA,0.00532777261165642,low,NA,high,high,NA,low,low_level-high_diversity,NA,high_level-low_diversity,6,Cannabis legalisation,0,0,0,NA,0,0
296302130316,3,verbal,1,NA,4,NA,0.4117647058823529,3,4,16,59,not female,0,4,4,0,0,2,2,0,335,0,0,0,0,0,18844,0,0,0,NA,NA,NA,NA,NA,NA,NA,NA,NA,NA,NA,NA,NA,NA,NA,TRUE,0.5503675162227382,0.7384422036566822,0.7035955441881339,0.14838008620680976,0.0609614154997781,0.027318314383287,low,high,low,high,high,low,low_level-high_diversity,high_level-high_diversity,low_level-low_diversity,5.5,Cannabis legalisation,0,0,0,NA,1,0
296314442316,3,verbal,1,NA,1,0,0.7058823529411765,4,4,13,55,not female,1,1,1,0,0,2,3,1,302,2,1,1,1,2,8222,273,0.033203600097299925,0.01341648182724498,1,1,0.682819360793679,0.682819360793679,0.682819360793679,NA,NA,NA,NA,NA,2,2,0.678769304741768,0.6755452469636021,0.6762585016950933,TRUE,0.7734679798784302,0.6692616605018008,0.7781049991102973,0.03407234240370551,0.08286929296473905,0.02036593245369516,high,low,high,low,high,low,high_level-low_diversity,low_level-high_diversity,high_level-low_diversity,6,Cannabis legalisation,0,0,2,0.682819360793679,1,0
296485300044,3,monetary,NA,1,1,0,0.29411764705882354,3,2,16,58,female,0,1,5,4,4,2,2,0,103,0,0,0,0,0,4828,0,0,0,NA,NA,NA,NA,NA,NA,NA,NA,NA,NA,NA,NA,NA,NA,NA,TRUE,0.680665352062495,NA,0.799649853780606,0.03840208280091933,NA,NA,high,NA,high,low,NA,NA,high_level-low_diversity,NA,NA,7,Cannabis legalisation,4,4,0,NA,0,1
296505207180,3,monetary,NA,1,7,1,0.6470588235294118,3,8,24,61,not female,0,7,7,0,0,3,3,0,162,0,0,0,0,0,10930,0,0,0,NA,NA,NA,NA,NA,NA,NA,NA,NA,NA,NA,NA,NA,NA,NA,FALSE,NA,NA,NA,NA,NA,NA,NA,NA,NA,NA,NA,NA,NA,NA,NA,NA,Cannabis legalisation,0,0,0,NA,0,1
296604729180,3,verbal,1,NA,7,1,0.8823529411764706,4,5,16,46,not female,0,7,7,0,0,3,3,0,44,0,0,0,0,0,1295,0,0,0,NA,NA,NA,NA,NA,NA,NA,NA,NA,NA,NA,NA,NA,NA,NA,TRUE,0.671812698410557,0.6780355246179921,0.6920285627015713,0.06317682199562905,0.04862861211415122,0.07700173480422381,high,high,low,low,low,high,high_level-low_diversity,high_level-low_diversity,low_level-high_diversity,6,Cannabis legalisation,0,0,0,NA,1,0
296701859916,3,control,0,0,4,0,0.6470588235294118,4,7,13,40,not female,0,4,4,0,0,2,2,0,233,0,0,0,0,0,4222,0,0,0,NA,NA,NA,NA,NA,NA,NA,NA,NA,NA,NA,NA,NA,NA,NA,TRUE,0.6518926482797106,0.64856341527645045,0.6493059555586029,0.01763278994094794,0.00851227567414947,0.01481263481312453,low,low,low,low,low,low,low_level-low_diversity,low_level-low_diversity,low_level-low_diversity,1.5,Cannabis legalisation,0,0,0,NA,0,0
296710409916,3,verbal,1,NA,1,0,0.7647058823529411,4,8,13,45,not female,0,1,5,4,4,2,1,-1,51,0,0,0,0,0,2081,0,0,0,NA,NA,NA,NA,NA,NA,NA,NA,NA,NA,NA,NA,NA,NA,NA,TRUE,0.5196068292812805,0.6295717003676568,0.6287115246624321,0.12071693550402549,0.0285882805834483,0.03147755190011372,low,low,low,high,low,low,low_level-high_diversity,low_level-low_diversity,low_level-low_diversity,5.5,Cannabis legalisation,4,4,0,NA,1,0
296804111760,3,verbal,1,NA,7,0,0.47058823529411764,3,8,12,52,female,0,7,7,0,0,2,2,0,50,0,0,0,0,0,1462,0,0,0,NA,NA,NA,NA,NA,NA,NA,NA,NA,NA,NA,NA,NA,NA,NA,TRUE,0.7678742238866219,NA,0.7700074847055303,0.03155623780983128,NA,0.02756880445976635,high,NA,high,low,NA,low,high_level-low_diversity,NA,high_level-low_diversity,NA,Cannabis legalisation,0,0,0,NA,1,0
297042555528,3,monetary,NA,1,4,0,0.35294117647058826,2,4,13,45,not female,1,4,4,0,0,1,1,0,231,2,1,1,1,2,6131,50,0.008155276463872126,0.011004684619872397,1,1,0.682819360793679,0.682819360793679,0.682819360793679,NA,NA,NA,NA,NA,2,2,0.6804916443680544,0.6755452469636021,0.6774545664028113,TRUE,0.6667880806748027,0.666335627788022,0.7110397652600247,0.11554556340858904,NA,0.01615419019252688,high,low,high,high,NA,low,high_level-high_diversity,NA,high_level-low_diversity,5.5,Cannabis legalisation,0,0,2,0.682819360793679,0,1
297211164948,3,control,0,0,1,NA,0.9411764705882353,3,3,14,57,female,1,1,1,0,0,2,2,0,225,2,1,1,1,2,4116,31,0.007531584062196307,0.011939424358912014,1,1,0.512062357819041,0.512062357819041,0.512062357819041,1,1,0.512062357819041,0.512062357819041,0.512062357819041,2,2,0.5775692635960827,0.590166745476283,0.5858949334393627,TRUE,0.6164641089635684,0.6677113222180493,0.6618574968305867,0.10523821771449816,0.08511120958200134,0.08680740625465397,low,low,low,high,high,high,low_level-high_diversity,low_level-high_diversity,low_level-high_diversity,7,Cannabis legalisation,0,0,2,0.512062357819041,0,0
297276141528,3,control,0,0,3,1,0.7647058823529411,4,8,15,61,not female,0,3,3,0,0,2,2,0,35,0,0,0,0,0,1724,0,0,0,NA,NA,NA,NA,NA,NA,NA,NA,NA,NA,NA,NA,NA,NA,NA,TRUE,0.637801861814806,0.7769808111707107,0.7694719547943827,0.16318627298490726,0.0480394297191035,0.05815044353043721,low,high,high,high,low,high,low_level-high_diversity,high_level-low_diversity,high_level-high_diversity,6,Cannabis legalisation,0,0,0,NA,0,0
297309799116,3,control,0,0,1,0,0.5294117647058824,4,0,18,59,female,0,1,1,0,0,3,2,-1,154,0,0,0,0,0,8768,0,0,0,NA,NA,NA,NA,NA,NA,NA,NA,NA,NA,NA,NA,NA,NA,NA,TRUE,0.6061867476617512,0.6346304696019559,0.6633331527595209,0.12008085614547626,0.02951529675622085,0.03653434214132207,low,low,low,high,low,low,low_level-high_diversity,low_level-low_diversity,low_level-low_diversity,5.5,Cannabis legalisation,0,0,0,NA,0,0
297437978664,3,verbal,1,NA,1,1,0.7647058823529411,4,8,20,64,not female,0,1,1,0,0,2,2,0,388,0,0,0,0,0,11342,0,0,0,NA,NA,NA,NA,NA,NA,NA,NA,NA,NA,NA,NA,NA,NA,NA,TRUE,0.7391048551045453,0.7752838800638773,0.7424489846669483,0.08320220170278524,0.06146879710437258,0.08166368534142707,high,high,high,low,high,high,high_level-low_diversity,high_level-high_diversity,high_level-high_diversity,5.5,Cannabis legalisation,0,0,0,NA,1,0
297484560432,3,control,0,0,4,1,0.8823529411764706,3,6,19,33,female,0,4,4,0,0,2,2,0,360,0,0,0,0,0,25605,0,0,0,NA,NA,NA,NA,NA,NA,NA,NA,NA,NA,NA,NA,NA,NA,NA,TRUE,0.4443076718018434,0.6633973520735018,0.7848570823958633,0.1585696513644123,0.00947234755820391,0.09259134619095656,low,low,high,high,low,high,low_level-high_diversity,low_level-low_diversity,high_level-high_diversity,4.5,Cannabis legalisation,0,0,0,NA,0,0
298232920044,3,verbal,1,NA,4,0,0.8235294117647058,5,5,13,64,not female,0,4,4,0,0,2,2,0,65,0,0,0,0,0,6347,0,0,0,NA,NA,NA,NA,NA,NA,NA,NA,NA,NA,NA,NA,NA,NA,NA,TRUE,0.7399256087473217,0.7493796971552763,0.7436812488065974,0.08460383477536455,0.0779221362306467,0.08456384770809844,high,high,high,low,high,high,high_level-low_diversity,high_level-high_diversity,high_level-high_diversity,6,Cannabis legalisation,0,0,0,NA,1,0
298249883928,3,monetary,NA,1,6,1,0.7647058823529411,4,7,18,48,female,1,6,6,0,0,3,3,0,544,19,1,5,14,9,19886,1289,0.06481947098461228,0.05100602887137442,12,6,0.7067199501742731,0.7303795066239445,0.7254340968395512,11,5,0.7111724325544893,0.7347031562448776,0.7303482218286363,17,7,0.7018454559052002,0.7121123379502916,0.7126459934343237,TRUE,0.7121578669596859,0.737074318918468,0.7577050406012452,0.10539167470274265,0.09090884080131316,0.0662147461584699,high,high,high,high,high,high,high_level-high_diversity,high_level-high_diversity,high_level-high_diversity,6.5,Cannabis legalisation,0,0,19,0.7067199501742731,0,1
298252892160,3,monetary,NA,1,6,0,0.5882352941176471,3,3,16,50,female,0,6,7,1,1,2,3,1,18,0,0,0,0,0,409,0,0,0,NA,NA,NA,NA,NA,NA,NA,NA,NA,NA,NA,NA,NA,NA,NA,TRUE,0.6628659688903206,0.6194835558207847,0.6381841827495817,0.03134423270256911,0.06694332206770141,0.02746908844504128,low,low,low,low,high,low,low_level-low_diversity,low_level-high_diversity,low_level-low_diversity,6.5,Cannabis legalisation,1,1,0,NA,0,1
298300704444,3,control,0,0,6,0,0.5882352941176471,2,2,13,59,not female,0,6,3,-3,3,2,2,0,551,0,0,0,0,0,15557,0,0,0,NA,NA,NA,NA,NA,NA,NA,NA,NA,NA,NA,NA,NA,NA,NA,TRUE,0.6787424040053102,0.5989490307766611,0.7990962104121417,0.1756013506105902,0.00282778263582626,0.02427595488192389,high,low,high,high,low,low,high_level-high_diversity,low_level-low_diversity,high_level-low_diversity,5.5,Cannabis legalisation,3,-3,0,NA,0,0
298301049864,3,verbal,1,NA,1,0,0.29411764705882354,1,0,14,56,not female,1,1,1,0,0,2,2,0,101,1,1,0,1,1,5267,146,0.02771976457186254,0.017675646472424984,1,1,0.816946216297037,0.816946216297037,0.816946216297037,1,1,0.816946216297037,0.816946216297037,0.816946216297037,1,1,0.816946216297037,0.816946216297037,0.816946216297037,TRUE,0.7479825810329633,0.7496640849196984,0.7496702514344851,0.07271777452051235,0.07099458951556054,0.07099238093058328,high,high,high,low,high,high,high_level-low_diversity,high_level-high_diversity,high_level-high_diversity,4,Cannabis legalisation,0,0,1,0.816946216297037,1,0
298381419864,3,verbal,1,NA,2,1,0.23529411764705882,4,2,17,37,female,0,2,5,3,3,4,4,0,104,0,0,0,0,0,4052,0,0,0,NA,NA,NA,NA,NA,NA,NA,NA,NA,NA,NA,NA,NA,NA,NA,TRUE,0.5135729578450009,0.7251489801104665,0.747588746698451,0.15424418594960504,0.090673618124743,0.07500372461898099,low,high,high,high,high,high,low_level-high_diversity,high_level-high_diversity,high_level-high_diversity,5.5,Cannabis legalisation,3,3,0,NA,1,0
298394417916,3,control,0,0,3,1,0.8823529411764706,5,6,18,49,not female,0,3,4,1,1,3,3,0,118,0,0,0,0,0,4987,0,0,0,NA,NA,NA,NA,NA,NA,NA,NA,NA,NA,NA,NA,NA,NA,NA,TRUE,0.6426546837969501,0.6583684230644982,0.6360676889000055,0.04041641495162634,0.0426765405298384,0.03112114883088395,low,low,low,low,low,low,low_level-low_diversity,low_level-low_diversity,low_level-low_diversity,6,Cannabis legalisation,1,1,0,NA,0,0
298396260612,3,monetary,NA,1,5,1,0.4117647058823529,4,6,13,54,not female,0,5,5,0,0,2,3,1,6,0,0,0,0,0,105,0,0,0,NA,NA,NA,NA,NA,NA,NA,NA,NA,NA,NA,NA,NA,NA,NA,TRUE,0.6735494614482318,0.6786962699544324,0.6786962699544324,0.02450036432614859,0.03364405863136792,0.03364405863136792,high,high,low,low,low,low,high_level-low_diversity,high_level-low_diversity,low_level-low_diversity,NA,Cannabis legalisation,0,0,0,NA,0,1
298490993244,3,control,0,0,1,0,0.35294117647058826,4,2,9,56,not female,0,1,1,0,0,1,2,1,4,0,0,0,0,0,186,0,0,0,NA,NA,NA,NA,NA,NA,NA,NA,NA,NA,NA,NA,NA,NA,NA,TRUE,0.6540611699590241,0.6328365331856095,0.7307126767593437,0.1448587094495955,0.04961113840440317,0.0170500115000645,low,low,high,high,low,low,low_level-high_diversity,low_level-low_diversity,high_level-low_diversity,5.5,Cannabis legalisation,0,0,0,NA,0,0
298502623980,3,verbal,1,NA,5,1,0.5294117647058824,3,2,18,50,female,0,5,5,0,0,3,3,0,180,0,0,0,0,0,13269,0,0,0,NA,NA,NA,NA,NA,NA,NA,NA,NA,NA,NA,NA,NA,NA,NA,TRUE,0.4178256792144086,0.659523051974176,0.6822645782359759,0.05290101403284652,0.0494736224258506,0.05804488270047057,low,low,low,low,low,high,low_level-low_diversity,low_level-low_diversity,low_level-high_diversity,4.5,Cannabis legalisation,0,0,0,NA,1,0
298584706032,3,verbal,1,NA,1,0,0.5882352941176471,2,0,10,49,female,0,1,1,0,0,1,3,2,89,0,0,0,0,0,3686,0,0,0,NA,NA,NA,NA,NA,NA,NA,NA,NA,NA,NA,NA,NA,NA,NA,TRUE,0.5479247129625817,0.7416222342401492,0.7865567586861922,0.20249955209353157,0.0633839814651071,0.03979369168773124,low,high,high,high,high,low,low_level-high_diversity,high_level-high_diversity,high_level-low_diversity,7,Cannabis legalisation,0,0,0,NA,1,0
298592227296,3,control,0,0,4,1,0.5882352941176471,3,4,12,26,female,0,4,5,1,1,2,2,0,75,0,0,0,0,0,4281,0,0,0,NA,NA,NA,NA,NA,NA,NA,NA,NA,NA,NA,NA,NA,NA,NA,TRUE,0.6632069088880695,0.6799074217657727,0.707659630745553,0.14448317040061498,0.08074884392439362,0.10168902910063785,high,high,low,high,high,high,high_level-high_diversity,high_level-high_diversity,low_level-high_diversity,6,Cannabis legalisation,1,1,0,NA,0,0
298631968380,3,verbal,1,NA,7,1,0.29411764705882354,1,0,9,28,female,1,7,7,0,0,2,2,0,302,3,1,1,2,3,17348,56,0.0032280378141572516,0.01156442800702055,2,2,0.7320570244590078,0.756816372078433,0.7480274376810581,2,2,0.7320570244590078,0.756816372078433,0.7480274376810581,3,3,0.7069982814382824,0.7273012924301303,0.7194547856152886,TRUE,0.5103092678740384,0.6647568808621106,0.7588565129907658,0.14585667454655446,0.02383566219356712,0.04623454433937859,low,low,high,high,low,low,low_level-high_diversity,low_level-low_diversity,high_level-low_diversity,5.5,Cannabis legalisation,0,0,3,0.7320570244590078,1,0
298778755464,3,control,0,0,7,1,0.7647058823529411,3,5,12,27,female,0,7,7,0,0,3,3,0,115,0,0,0,0,0,12069,0,0,0,NA,NA,NA,NA,NA,NA,NA,NA,NA,NA,NA,NA,NA,NA,NA,TRUE,0.4345722104376804,0.6608122592393698,0.6551043891751605,0.1254527430940671,0.08796129698095968,0.0828610811102879,low,low,low,high,high,high,low_level-high_diversity,low_level-high_diversity,low_level-high_diversity,5,Cannabis legalisation,0,0,0,NA,0,0
298784432664,3,monetary,NA,1,6,0,0.6470588235294118,3,4,16,39,female,0,6,6,0,0,3,3,0,1,0,0,0,0,0,1,0,0,0,NA,NA,NA,NA,NA,NA,NA,NA,NA,NA,NA,NA,NA,NA,NA,TRUE,0.7805678178354117,0.7805678178354117,0.7805678178354117,NA,NA,NA,high,high,high,NA,NA,NA,NA,NA,NA,NA,Cannabis legalisation,0,0,0,NA,0,1
298792914948,3,verbal,1,NA,4,0,0.7058823529411765,4,8,12,57,not female,0,4,4,0,0,1,1,0,582,0,0,0,0,0,15276,0,0,0,NA,NA,NA,NA,NA,NA,NA,NA,NA,NA,NA,NA,NA,NA,NA,TRUE,0.6483112901960042,0.6399121793297446,0.7301305474726728,0.14522696203479918,0.09194727894858942,0.03719301921853287,low,low,high,high,high,low,low_level-high_diversity,low_level-high_diversity,high_level-low_diversity,6,Cannabis legalisation,0,0,0,NA,1,0
298802216664,3,control,0,0,6,1,0.35294117647058826,3,0,16,57,not female,0,6,7,1,1,2,2,0,129,0,0,0,0,0,6989,0,0,0,NA,NA,NA,NA,NA,NA,NA,NA,NA,NA,NA,NA,NA,NA,NA,TRUE,0.6592714629475275,NA,NA,0.04406986832089556,NA,NA,low,NA,NA,low,NA,NA,low_level-low_diversity,NA,NA,7,Cannabis legalisation,1,1,0,NA,0,0
298885935528,3,monetary,NA,1,6,0,0.8823529411764706,4,1,16,56,not female,1,6,5,-1,1,3,3,0,290,8,1,1,7,2,17016,1363,0.08010108133521392,0.035157935557042504,7,1,0.682819360793679,0.682819360793679,0.682819360793679,NA,NA,NA,NA,NA,8,2,0.6827232976616604,0.6810008323361597,0.6816200900685326,TRUE,0.660085401906325,0.6793495753359955,0.718148401737499,0.10239304556544816,0.05060144272114694,0.0672462984138197,low,high,high,high,low,high,low_level-high_diversity,high_level-low_diversity,high_level-high_diversity,5.5,Cannabis legalisation,1,-1,8,0.682819360793679,0,1
298909332432,3,control,0,0,4,0,0.4117647058823529,1,7,15,45,not female,0,4,1,-3,3,1,1,0,0,0,0,0,0,0,0,0,NA,NA,NA,NA,NA,NA,NA,NA,NA,NA,NA,NA,NA,NA,NA,NA,NA,TRUE,0.681703762187843,NA,0.578455258625987,0.05024481123228008,NA,NA,high,NA,low,low,NA,NA,high_level-low_diversity,NA,NA,NA,Cannabis legalisation,3,-3,0,NA,0,0
299005499412,3,control,0,0,2,1,0.7647058823529411,5,8,13,53,not female,0,2,1,-1,1,2,2,0,96,0,0,0,0,0,5264,0,0,0,NA,NA,NA,NA,NA,NA,NA,NA,NA,NA,NA,NA,NA,NA,NA,TRUE,0.5296690112226179,0.7089142033169186,0.7180470688857562,0.190627500679427,0.14065428149094628,0.12970072766458232,low,high,high,high,high,high,low_level-high_diversity,high_level-high_diversity,high_level-high_diversity,5,Cannabis legalisation,1,-1,0,NA,0,0
299027728728,3,verbal,1,NA,1,1,0.7647058823529411,4,8,12,54,not female,0,1,1,0,0,2,3,1,9,0,0,0,0,0,920,0,0,0,NA,NA,NA,NA,NA,NA,NA,NA,NA,NA,NA,NA,NA,NA,NA,TRUE,0.731312109012435,0.7395244239506457,0.7311884337221796,0.07511484098383424,0.06393980989089125,0.07504760028211382,high,high,high,low,high,high,high_level-low_diversity,high_level-high_diversity,high_level-high_diversity,NA,Cannabis legalisation,0,0,0,NA,1,0
299096813412,3,monetary,NA,1,1,0,0.5294117647058824,3,1,13,64,female,0,1,1,0,0,2,2,0,517,0,0,0,0,0,6696,0,0,0,NA,NA,NA,NA,NA,NA,NA,NA,NA,NA,NA,NA,NA,NA,NA,TRUE,0.6711794338463181,0.6519241473343385,0.6721151774386681,0.05922935713678404,0.03469846128538347,0.0496525426953608,high,low,low,low,low,low,high_level-low_diversity,low_level-low_diversity,low_level-low_diversity,4,Cannabis legalisation,0,0,0,NA,0,1
299118362148,3,monetary,NA,1,1,0,0.7647058823529411,4,6,21,27,not female,0,1,1,0,0,2,2,0,212,0,0,0,0,0,5128,0,0,0,NA,NA,NA,NA,NA,NA,NA,NA,NA,NA,NA,NA,NA,NA,NA,TRUE,0.5703480594069379,0.780636705082906,0.7467176307289214,0.18514091729993556,0.06760706567050731,0.1324525436490349,low,high,high,high,high,high,low_level-high_diversity,high_level-high_diversity,high_level-high_diversity,6,Cannabis legalisation,0,0,0,NA,0,1
299135390328,3,verbal,1,NA,1,1,0.7058823529411765,4,8,20,68,female,0,1,1,0,0,2,2,0,43,0,0,0,0,0,4507,0,0,0,NA,NA,NA,NA,NA,NA,NA,NA,NA,NA,NA,NA,NA,NA,NA,TRUE,0.5661867079338745,0.7872513118181094,0.7801384985634507,0.17180242970787934,0.02415047266812511,0.03474418556467249,low,high,high,high,low,low,low_level-high_diversity,high_level-low_diversity,high_level-low_diversity,4,Cannabis legalisation,0,0,0,NA,1,0
299342574612,3,verbal,1,NA,5,1,0.35294117647058826,3,4,15,57,female,0,5,6,1,1,2,2,0,91,0,0,0,0,0,11626,0,0,0,NA,NA,NA,NA,NA,NA,NA,NA,NA,NA,NA,NA,NA,NA,NA,TRUE,0.4521722193162177,NA,NA,0.1290612117459355,NA,NA,low,NA,NA,high,NA,NA,low_level-high_diversity,NA,NA,5,Cannabis legalisation,1,1,0,NA,1,0
299395791864,3,monetary,NA,1,7,0,0.6470588235294118,3,8,12,37,not female,0,7,7,0,0,2,2,0,51,0,0,0,0,0,11471,0,0,0,NA,NA,NA,NA,NA,NA,NA,NA,NA,NA,NA,NA,NA,NA,NA,TRUE,0.383891864824135,NA,NA,0.02229063477841027,NA,NA,low,NA,NA,low,NA,NA,low_level-low_diversity,NA,NA,NA,Cannabis legalisation,0,0,0,NA,0,1
299405505348,3,monetary,NA,1,5,0,0.9411764705882353,5,8,20,35,not female,1,5,5,0,0,2,2,0,34,4,1,3,1,2,1437,234,0.162839248434238,0.12811653788478253,NA,NA,NA,NA,NA,NA,NA,NA,NA,NA,3,1,0.668271133133525,0.668271133133525,0.668271133133525,TRUE,0.6684471856744298,0.6666038000380491,0.6664694337510582,0.05018193415897619,0.04346354967429468,0.04600621760980766,high,low,low,low,low,low,high_level-low_diversity,low_level-low_diversity,low_level-low_diversity,5.5,Cannabis legalisation,0,0,4,NA,0,1
299424448044,3,monetary,NA,1,4,NA,0.47058823529411764,4,6,13,57,female,0,4,2,-2,2,2,3,1,3,0,0,0,0,0,84,0,0,0,NA,NA,NA,NA,NA,NA,NA,NA,NA,NA,NA,NA,NA,NA,NA,TRUE,0.6856138118422104,0.6929405408916658,0.690636196864454,0.07931831969140767,0.08693977286684329,0.07848043290944079,high,high,low,low,high,high,high_level-low_diversity,high_level-high_diversity,low_level-high_diversity,NA,Cannabis legalisation,2,-2,0,NA,0,1
299438609580,3,verbal,1,NA,6,1,0.5294117647058824,5,5,12,46,not female,0,6,7,1,1,3,3,0,208,0,0,0,0,0,4393,0,0,0,NA,NA,NA,NA,NA,NA,NA,NA,NA,NA,NA,NA,NA,NA,NA,TRUE,0.5030901029700983,0.7638608036670509,0.7635582467185618,0.15479673235252833,0.06605745035310583,0.05054059380332283,low,high,high,high,high,low,low_level-high_diversity,high_level-high_diversity,high_level-low_diversity,4,Cannabis legalisation,1,1,0,NA,1,0
299465898444,3,control,0,0,1,0,0.35294117647058826,3,6,13,62,not female,0,1,1,0,0,1,1,0,188,0,0,0,0,0,12502,0,0,0,NA,NA,NA,NA,NA,NA,NA,NA,NA,NA,NA,NA,NA,NA,NA,TRUE,0.6661339826545842,0.6447203842136463,0.6951517219158398,0.08651444395549213,0.01466957512306921,0.01253772078622278,high,low,low,low,low,low,high_level-low_diversity,low_level-low_diversity,low_level-low_diversity,7,Cannabis legalisation,0,0,0,NA,0,0
299545516728,3,monetary,NA,1,4,1,0.6470588235294118,4,6,15,42,not female,0,4,2,-2,2,3,3,0,49,0,0,0,0,0,1144,0,0,0,NA,NA,NA,NA,NA,NA,NA,NA,NA,NA,NA,NA,NA,NA,NA,TRUE,0.620199892345984,0.609340999307784,0.6864613100082573,0.11635508023950508,NA,0.06998697358818458,low,low,low,high,NA,high,low_level-high_diversity,NA,low_level-high_diversity,6,Cannabis legalisation,2,-2,0,NA,0,1
301010033916,3,control,0,0,5,0,0.6470588235294118,3,4,14,54,female,0,5,6,1,1,2,2,0,10,0,0,0,0,0,1632,0,0,0,NA,NA,NA,NA,NA,NA,NA,NA,NA,NA,NA,NA,NA,NA,NA,TRUE,0.6716282034302727,0.578455258625987,0.6096647508330718,0.04362538743804085,NA,0.05025995775554244,high,low,low,low,NA,low,high_level-low_diversity,NA,low_level-low_diversity,7,Cannabis legalisation,1,1,0,NA,0,0
301031710560,3,control,0,0,7,1,0.8235294117647058,4,7,20,47,not female,0,7,7,0,0,3,3,0,7,0,0,0,0,0,124,0,0,0,NA,NA,NA,NA,NA,NA,NA,NA,NA,NA,NA,NA,NA,NA,NA,TRUE,0.494426449997137,0.5956596205909613,0.6873990152239515,0.1416050526664953,0.10746624243751211,0.11940338519706002,low,low,low,high,high,high,low_level-high_diversity,low_level-high_diversity,low_level-high_diversity,5.5,Cannabis legalisation,0,0,0,NA,0,0
301139171748,3,control,0,0,5,1,0.7647058823529411,5,8,18,52,not female,0,5,6,1,1,3,3,0,64,0,0,0,0,0,5034,0,0,0,NA,NA,NA,NA,NA,NA,NA,NA,NA,NA,NA,NA,NA,NA,NA,TRUE,0.6610501538896842,0.6846233327364851,0.6527722641976643,0.06401471106746003,0.05940240996787414,0.05101971594084927,low,high,low,low,high,low,low_level-low_diversity,high_level-high_diversity,low_level-low_diversity,6.5,Cannabis legalisation,1,1,0,NA,0,0
301235681412,3,monetary,NA,1,4,0,0.8235294117647058,3,5,19,37,not female,0,4,4,0,0,1,3,2,49,0,0,0,0,0,2037,0,0,0,NA,NA,NA,NA,NA,NA,NA,NA,NA,NA,NA,NA,NA,NA,NA,TRUE,0.7423322868811316,0.816946216297037,0.7708522175873445,0.13201610565379837,NA,0.08031348180716441,high,high,high,high,NA,high,high_level-high_diversity,NA,high_level-high_diversity,5.5,Cannabis legalisation,0,0,0,NA,0,1
301489654032,3,control,0,0,7,1,0.29411764705882354,2,6,14,42,not female,0,7,7,0,0,3,3,0,143,0,0,0,0,0,9830,0,0,0,NA,NA,NA,NA,NA,NA,NA,NA,NA,NA,NA,NA,NA,NA,NA,TRUE,0.5968652095615705,0.6355578234112659,0.851887359884632,0.1512656444259233,0.0425380669255974,0.13564115188233777,low,low,high,high,low,high,low_level-high_diversity,low_level-low_diversity,high_level-high_diversity,5.5,Cannabis legalisation,0,0,0,NA,0,0
301591705464,3,control,0,0,5,0,0.17647058823529413,3,4,16,24,not female,0,5,5,0,0,3,3,0,7,0,0,0,0,0,565,0,0,0,NA,NA,NA,NA,NA,NA,NA,NA,NA,NA,NA,NA,NA,NA,NA,TRUE,0.6139698038514059,0.6469138684916578,0.6047006508321168,0.08844135765242732,0.00236608174993617,0.06654536422948813,low,low,low,high,low,high,low_level-high_diversity,low_level-low_diversity,low_level-high_diversity,NA,Cannabis legalisation,0,0,0,NA,0,0
301673236896,3,monetary,NA,1,5,0,0.6470588235294118,2,0,12,59,female,0,5,6,1,1,2,2,0,366,0,0,0,0,0,18975,0,0,0,NA,NA,NA,NA,NA,NA,NA,NA,NA,NA,NA,NA,NA,NA,NA,TRUE,0.418448625380424,0.6239353774966394,0.6292470302680381,0.0557575560182558,0.04686005135568628,0.12332939205332182,low,low,low,low,low,high,low_level-low_diversity,low_level-low_diversity,low_level-high_diversity,4.5,Cannabis legalisation,1,1,0,NA,0,1
301673513916,3,verbal,1,NA,1,1,0.7647058823529411,5,8,18,74,not female,0,1,1,0,0,2,3,1,124,0,0,0,0,0,12099,0,0,0,NA,NA,NA,NA,NA,NA,NA,NA,NA,NA,NA,NA,NA,NA,NA,TRUE,0.6308789842325213,0.7228851583122773,0.7929175142855942,0.16609852818784976,0.02387072998827318,0.02804950222954892,low,high,high,high,low,low,low_level-high_diversity,high_level-low_diversity,high_level-low_diversity,6,Cannabis legalisation,0,0,0,NA,1,0
301703880780,3,verbal,1,NA,4,0,0.5294117647058824,3,4,14,36,female,0,4,2,-2,2,2,2,0,16,0,0,0,0,0,1182,0,0,0,NA,NA,NA,NA,NA,NA,NA,NA,NA,NA,NA,NA,NA,NA,NA,TRUE,0.6904523968242113,0.7035204365175779,0.7172033155700254,0.07351607432449793,0.0988932181009663,0.03433090862098233,high,high,high,low,high,low,high_level-low_diversity,high_level-high_diversity,high_level-low_diversity,4.5,Cannabis legalisation,2,-2,0,NA,1,0
301738556160,3,monetary,NA,1,1,1,0.4117647058823529,3,4,14,58,female,0,1,1,0,0,3,3,0,21,0,0,0,0,0,1538,0,0,0,NA,NA,NA,NA,NA,NA,NA,NA,NA,NA,NA,NA,NA,NA,NA,TRUE,0.4682647271516835,0.6288292084397977,0.6376111783955144,0.10506756202444334,0.05395545020730517,0.05583963133801153,low,low,low,high,high,high,low_level-high_diversity,low_level-high_diversity,low_level-high_diversity,NA,Cannabis legalisation,0,0,0,NA,0,1
301754976948,3,verbal,1,NA,7,1,0.7647058823529411,5,8,15,52,female,0,7,7,0,0,3,4,1,25,0,0,0,0,0,10949,0,0,0,NA,NA,NA,NA,NA,NA,NA,NA,NA,NA,NA,NA,NA,NA,NA,TRUE,0.4411301512780977,0.6127274566528798,0.8009887714296978,0.11077756969356284,0.0321054045220076,0.04445179148394224,low,low,high,high,low,low,low_level-high_diversity,low_level-low_diversity,high_level-low_diversity,6.5,Cannabis legalisation,0,0,0,NA,1,0
301856139864,3,monetary,NA,1,4,1,0.7647058823529411,5,8,25,52,female,0,4,4,0,0,4,4,0,65,0,0,0,0,0,1859,0,0,0,NA,NA,NA,NA,NA,NA,NA,NA,NA,NA,NA,NA,NA,NA,NA,TRUE,0.6767357062173346,0.6764489000753513,0.7058325650591213,0.06098110575555455,0.0901465959050182,0.08823913417180804,high,high,low,low,high,high,high_level-low_diversity,high_level-high_diversity,low_level-high_diversity,7,Cannabis legalisation,0,0,0,NA,0,1
301878235116,3,monetary,NA,1,1,0,0.11764705882352941,2,1,13,47,female,0,1,1,0,0,3,2,-1,65,0,0,0,0,0,3863,0,0,0,NA,NA,NA,NA,NA,NA,NA,NA,NA,NA,NA,NA,NA,NA,NA,TRUE,0.6672394250000252,0.645891002852989,0.645891002852989,0.00469311631716991,NA,NA,high,low,low,low,NA,NA,high_level-low_diversity,NA,NA,6,Cannabis legalisation,0,0,0,NA,0,1
301903336548,3,monetary,NA,1,7,1,0.5294117647058824,3,2,13,45,not female,0,7,4,-3,3,3,3,0,42,0,0,0,0,0,4802,0,0,0,NA,NA,NA,NA,NA,NA,NA,NA,NA,NA,NA,NA,NA,NA,NA,TRUE,0.7143501283611465,0.7731306267410728,0.7732922459207249,0.05879013486522632,0.01468341951593486,0.02110434825631592,high,high,high,low,low,low,high_level-low_diversity,high_level-low_diversity,high_level-low_diversity,6.5,Cannabis legalisation,3,-3,0,NA,0,1
301953198096,3,monetary,NA,1,3,0,0.29411764705882354,3,8,15,54,female,1,3,3,0,0,2,3,1,332,4,1,2,2,2,19814,407,0.02054103159382255,0.017920216869741948,2,1,0.9323032830864161,0.932303283086416,0.932303283086416,2,1,0.9323032830864161,0.932303283086416,0.932303283086416,4,2,0.92480689764653,0.865976568433511,0.889293937975944,TRUE,0.6253127166519622,0.7072794262700116,0.776470685464412,0.1373659778763576,0.08770654027394033,0.07807726409684801,low,high,high,high,high,high,low_level-high_diversity,high_level-high_diversity,high_level-high_diversity,5,Cannabis legalisation,0,0,4,0.9323032830864161,0,1
301980213360,3,control,0,0,3,1,0.7647058823529411,4,8,12,65,female,0,3,3,0,0,2,2,0,0,0,0,0,0,0,0,0,NA,NA,NA,NA,NA,NA,NA,NA,NA,NA,NA,NA,NA,NA,NA,NA,NA,FALSE,NA,NA,NA,NA,NA,NA,NA,NA,NA,NA,NA,NA,NA,NA,NA,NA,Cannabis legalisation,0,0,0,NA,0,0
301986919980,3,verbal,1,NA,1,NA,0.5294117647058824,5,8,13,72,female,0,1,1,0,0,2,2,0,200,1,1,1,0,1,17005,78,0.0045868862099382535,0.006604035474047637,NA,NA,NA,NA,NA,NA,NA,NA,NA,NA,1,1,0.668271133133525,0.668271133133525,0.668271133133525,TRUE,0.7676187590451433,0.8008677716233332,0.7684731289393917,0.03844306252947629,0.01944104040704875,0.03748291436227887,high,high,high,low,low,low,high_level-low_diversity,high_level-low_diversity,high_level-low_diversity,7,Cannabis legalisation,0,0,1,NA,1,0
301991913180,3,control,0,0,1,0,0.4117647058823529,2,8,14,43,not female,0,1,1,0,0,3,2,-1,28,0,0,0,0,0,2121,0,0,0,NA,NA,NA,NA,NA,NA,NA,NA,NA,NA,NA,NA,NA,NA,NA,TRUE,0.6138523227124876,0.669922135393418,0.6319738285707683,0.09492645807398604,0.08566656824730651,0.04184196209642329,low,low,low,high,high,low,low_level-high_diversity,low_level-high_diversity,low_level-low_diversity,4.5,Cannabis legalisation,0,0,0,NA,0,0
302043826044,3,verbal,1,NA,4,0,0.058823529411764705,2,1,20,55,female,0,4,4,0,0,1,2,1,176,0,0,0,0,0,4037,0,0,0,NA,NA,NA,NA,NA,NA,NA,NA,NA,NA,NA,NA,NA,NA,NA,TRUE,0.6801782086970445,0.6373395181401025,0.6816595624636976,0.06578147704580353,0.05938647166443769,0.06173780773709598,high,low,low,low,high,high,high_level-low_diversity,low_level-high_diversity,low_level-high_diversity,4.5,Cannabis legalisation,0,0,0,NA,1,0
302212158444,3,control,0,0,7,0,0.4117647058823529,3,6,12,61,female,0,7,7,0,0,2,1,-1,281,0,0,0,0,0,6213,0,0,0,NA,NA,NA,NA,NA,NA,NA,NA,NA,NA,NA,NA,NA,NA,NA,TRUE,0.5358335575831059,0.648355875595028,0.7422043832411154,0.18376883483114437,NA,0.03105253975913863,low,low,high,high,NA,low,low_level-high_diversity,NA,high_level-low_diversity,4.5,Cannabis legalisation,0,0,0,NA,0,0
302248684728,3,monetary,NA,1,4,1,0.5294117647058824,5,8,12,67,female,0,4,7,3,3,3,3,0,58,0,0,0,0,0,2495,0,0,0,NA,NA,NA,NA,NA,NA,NA,NA,NA,NA,NA,NA,NA,NA,NA,TRUE,0.7932273109534635,0.578455258625987,0.8829700097604933,0.1138027243194484,NA,0.06699297904067494,high,low,high,high,NA,high,high_level-high_diversity,NA,high_level-high_diversity,NA,Cannabis legalisation,3,3,0,NA,0,1
303085973232,3,verbal,1,NA,6,0,0.5882352941176471,4,2,12,55,female,0,6,6,0,0,1,1,0,74,0,0,0,0,0,9786,0,0,0,NA,NA,NA,NA,NA,NA,NA,NA,NA,NA,NA,NA,NA,NA,NA,TRUE,0.4251967632373261,0.5813205996502538,0.7174594531746441,0.07098880607428139,0.05848271725754651,0.10419145005015631,low,low,high,low,high,high,low_level-low_diversity,low_level-high_diversity,high_level-high_diversity,5.5,Cannabis legalisation,0,0,0,NA,1,0
303213195180,3,control,0,0,1,0,0.5294117647058824,4,6,16,60,not female,0,1,1,0,0,2,1,-1,1,0,0,0,0,0,7,0,0,0,NA,NA,NA,NA,NA,NA,NA,NA,NA,NA,NA,NA,NA,NA,NA,TRUE,0.6653632214171832,0.6532560533277324,0.6336803329924354,0.11110013684179264,0.07343896467362607,0.06005141128147803,high,low,low,high,high,high,high_level-high_diversity,low_level-high_diversity,low_level-high_diversity,5.5,Cannabis legalisation,0,0,0,NA,0,0
303293362716,3,control,0,0,4,1,0.6470588235294118,3,8,11,53,not female,0,4,5,1,1,3,3,0,62,0,0,0,0,0,5332,0,0,0,NA,NA,NA,NA,NA,NA,NA,NA,NA,NA,NA,NA,NA,NA,NA,TRUE,0.6447274432154297,0.6474703157689621,0.6535349838957755,0.04907389376654386,0.03765052498209657,0.03962765721841236,low,low,low,low,low,low,low_level-low_diversity,low_level-low_diversity,low_level-low_diversity,4,Cannabis legalisation,1,1,0,NA,0,0
303418463580,3,control,0,0,2,1,0.8235294117647058,4,2,12,37,not female,0,2,4,2,2,3,3,0,211,0,0,0,0,0,4537,0,0,0,NA,NA,NA,NA,NA,NA,NA,NA,NA,NA,NA,NA,NA,NA,NA,TRUE,0.554815517439692,0.6863375569133526,0.7236284578336303,0.1589005958214179,0.03029782891560859,0.05457666203455605,low,high,high,high,low,high,low_level-high_diversity,high_level-low_diversity,high_level-high_diversity,5.5,Cannabis legalisation,2,2,0,NA,0,0
303428110716,3,verbal,1,NA,4,0,0.35294117647058826,3,8,12,60,female,0,4,4,0,0,1,1,0,67,0,0,0,0,0,4899,0,0,0,NA,NA,NA,NA,NA,NA,NA,NA,NA,NA,NA,NA,NA,NA,NA,TRUE,0.6583521005307066,0.6667554922450789,0.6635052597550474,0.06912332222249537,0.05144734080154081,0.06318220551874865,low,low,low,low,low,high,low_level-low_diversity,low_level-low_diversity,low_level-high_diversity,5.5,Cannabis legalisation,0,0,0,NA,1,0
303442605360,3,control,0,0,4,0,0.4117647058823529,3,0,12,33,female,0,4,4,0,0,2,2,0,295,0,0,0,0,0,4346,0,0,0,NA,NA,NA,NA,NA,NA,NA,NA,NA,NA,NA,NA,NA,NA,NA,TRUE,0.668271133133525,NA,NA,NA,NA,NA,high,NA,NA,NA,NA,NA,NA,NA,NA,NA,Cannabis legalisation,0,0,0,NA,0,0
303481936728,3,control,0,0,4,0,0.8235294117647058,3,8,16,64,not female,0,4,3,-1,1,2,2,0,88,0,0,0,0,0,2664,0,0,0,NA,NA,NA,NA,NA,NA,NA,NA,NA,NA,NA,NA,NA,NA,NA,TRUE,0.6458046490040091,0.6071857606855925,0.6400867134545465,0.1152192075890642,0.09351938796759891,0.108571565919907,low,low,low,high,high,high,low_level-high_diversity,low_level-high_diversity,low_level-high_diversity,4.5,Cannabis legalisation,1,-1,0,NA,0,0
303550888032,3,verbal,1,NA,4,0,0.6470588235294118,1,4,16,37,female,0,4,4,0,0,2,2,0,14,0,0,0,0,0,472,0,0,0,NA,NA,NA,NA,NA,NA,NA,NA,NA,NA,NA,NA,NA,NA,NA,TRUE,0.6550835337445275,0.6207756986718623,0.6207756986718623,0.02828712476923789,0.01039426615058447,0.01039426615058447,low,low,low,low,low,low,low_level-low_diversity,low_level-low_diversity,low_level-low_diversity,6.5,Cannabis legalisation,0,0,0,NA,1,0
303624554832,3,verbal,1,NA,3,0,0.6470588235294118,4,8,18,62,not female,0,3,1,-2,2,2,2,0,232,0,0,0,0,0,12348,0,0,0,NA,NA,NA,NA,NA,NA,NA,NA,NA,NA,NA,NA,NA,NA,NA,TRUE,0.7263008370442371,0.6537646309876117,0.7417415279436814,0.0775057733512525,0.05096050515981655,0.0727552537330708,high,low,high,low,low,high,high_level-low_diversity,low_level-low_diversity,high_level-high_diversity,7,Cannabis legalisation,2,-2,0,NA,1,0
303682488948,3,control,0,0,3,1,0.7647058823529411,4,8,19,45,not female,0,3,3,0,0,3,2,-1,353,0,0,0,0,0,11997,0,0,0,NA,NA,NA,NA,NA,NA,NA,NA,NA,NA,NA,NA,NA,NA,NA,TRUE,0.7389331956897299,0.801102237000549,0.7659727356819162,0.10084827441814226,0.05370913743212668,0.05611607195344116,high,high,high,high,low,high,high_level-high_diversity,high_level-low_diversity,high_level-high_diversity,5,Cannabis legalisation,0,0,0,NA,0,0
303798632832,3,control,0,0,5,0,0.8823529411764706,4,8,16,57,not female,0,5,5,0,0,2,2,0,382,0,0,0,0,0,9915,0,0,0,NA,NA,NA,NA,NA,NA,NA,NA,NA,NA,NA,NA,NA,NA,NA,TRUE,0.6600333322799509,0.6164811942571453,0.6275345915836398,0.02569009147704622,0.0348147178764673,0.01564578404699088,low,low,low,low,low,low,low_level-low_diversity,low_level-low_diversity,low_level-low_diversity,5.5,Cannabis legalisation,0,0,0,NA,0,0
304013473128,3,verbal,1,NA,6,0,0.47058823529411764,1,0,12,47,female,0,6,6,0,0,2,2,0,11,0,0,0,0,0,1557,0,0,0,NA,NA,NA,NA,NA,NA,NA,NA,NA,NA,NA,NA,NA,NA,NA,TRUE,0.7266315152088902,NA,0.561517992738059,0.17277540424676843,NA,NA,high,NA,low,high,NA,NA,high_level-high_diversity,NA,NA,4,Cannabis legalisation,0,0,0,NA,1,0
304147883232,3,verbal,1,NA,4,1,0.8235294117647058,3,6,24,34,female,0,4,4,0,0,3,2,-1,14,0,0,0,0,0,1338,0,0,0,NA,NA,NA,NA,NA,NA,NA,NA,NA,NA,NA,NA,NA,NA,NA,TRUE,0.6919783162144285,NA,0.6968329661710795,0.06157445497433628,NA,0.07905716935308578,high,NA,low,low,NA,high,high_level-low_diversity,NA,low_level-high_diversity,5,Cannabis legalisation,0,0,0,NA,1,0
304167717864,3,control,0,0,1,1,0.7647058823529411,4,8,12,67,female,0,1,1,0,0,2,3,1,50,0,0,0,0,0,4259,0,0,0,NA,NA,NA,NA,NA,NA,NA,NA,NA,NA,NA,NA,NA,NA,NA,TRUE,0.5860955206639764,0.6524297010010359,0.6676732977354839,0.12358666834248752,0.01782225099906795,0.02890161811051176,low,low,low,high,low,low,low_level-high_diversity,low_level-low_diversity,low_level-low_diversity,4.5,Cannabis legalisation,0,0,0,NA,0,0
304277772780,3,verbal,1,NA,3,0,0.6470588235294118,4,8,19,48,female,1,3,4,1,1,2,3,1,231,5,1,2,3,4,9031,86,0.009522754955154467,0.02717434639130707,3,3,0.621321591368223,0.6706093116365857,0.6490498238000563,2,2,0.577394613207183,0.664504287058039,0.6288168122733442,5,4,0.6420667377296355,0.6696740402353614,0.6561024232350733,TRUE,0.5894721047267454,0.6058200498644423,0.6170222457304216,0.1022542237936538,0.05815173978818055,0.03556413486887171,low,low,low,high,high,low,low_level-high_diversity,low_level-high_diversity,low_level-low_diversity,5.5,Cannabis legalisation,1,1,5,0.621321591368223,1,0
304323598044,3,control,0,0,4,1,0.4117647058823529,4,8,11,54,not female,0,4,4,0,0,2,2,0,98,0,0,0,0,0,16582,0,0,0,NA,NA,NA,NA,NA,NA,NA,NA,NA,NA,NA,NA,NA,NA,NA,TRUE,0.5312735131522318,0.6484614378296434,0.7278728099829416,0.1644201979591127,0.00284289896869167,0.07259500519716296,low,low,high,high,low,high,low_level-high_diversity,low_level-low_diversity,high_level-high_diversity,5,Cannabis legalisation,0,0,0,NA,0,0
305108492832,3,verbal,1,NA,7,0,0.8823529411764706,4,2,19,42,not female,0,7,7,0,0,2,1,-1,809,0,0,0,0,0,35545,0,0,0,NA,NA,NA,NA,NA,NA,NA,NA,NA,NA,NA,NA,NA,NA,NA,TRUE,0.7358547925579056,0.7152368372902655,0.798673714949344,0.08353273855676668,0.11794901197343548,0.06274620807318333,high,high,high,low,high,high,high_level-low_diversity,high_level-high_diversity,high_level-high_diversity,3.5,Cannabis legalisation,0,0,0,NA,1,0
305308765296,3,control,0,0,4,0,0.5294117647058824,3,5,17,58,female,0,4,6,2,2,2,2,0,82,0,0,0,0,0,4911,0,0,0,NA,NA,NA,NA,NA,NA,NA,NA,NA,NA,NA,NA,NA,NA,NA,TRUE,0.7011061058272122,0.5787256672022696,0.7342709507349782,0.11796413160697725,0.00433919410924927,0.16056774138620084,high,low,high,high,low,high,high_level-high_diversity,low_level-low_diversity,high_level-high_diversity,5.5,Cannabis legalisation,2,2,0,NA,0,0
305345225916,3,monetary,NA,1,6,NA,0.47058823529411764,3,4,15,59,not female,0,6,6,0,0,3,2,-1,15,0,0,0,0,0,472,0,0,0,NA,NA,NA,NA,NA,NA,NA,NA,NA,NA,NA,NA,NA,NA,NA,TRUE,0.668271133133525,NA,NA,NA,NA,NA,high,NA,NA,NA,NA,NA,NA,NA,NA,NA,Cannabis legalisation,0,0,0,NA,0,1
305396318664,3,control,0,0,4,0,0.23529411764705882,4,8,13,28,not female,0,4,4,0,0,2,1,-1,131,0,0,0,0,0,3318,0,0,0,NA,NA,NA,NA,NA,NA,NA,NA,NA,NA,NA,NA,NA,NA,NA,TRUE,0.3910313953013337,NA,0.6964410859141321,0.06674580547468546,NA,NA,low,NA,low,low,NA,NA,low_level-low_diversity,NA,NA,6,Cannabis legalisation,0,0,0,NA,0,0
305448165180,3,verbal,1,NA,4,1,0.11764705882352941,5,2,13,31,female,0,4,6,2,2,3,4,1,21,0,0,0,0,0,991,0,0,0,NA,NA,NA,NA,NA,NA,NA,NA,NA,NA,NA,NA,NA,NA,NA,TRUE,0.598794826215186,0.6039908299956102,0.6048708476812847,0.04522014567819242,0.02692350938752851,0.0290303988127056,low,low,low,low,low,low,low_level-low_diversity,low_level-low_diversity,low_level-low_diversity,7,Cannabis legalisation,2,2,0,NA,1,0
305461641348,3,verbal,1,NA,7,1,0.7647058823529411,5,8,12,52,not female,0,7,7,0,0,3,3,0,180,0,0,0,0,0,8682,0,0,0,NA,NA,NA,NA,NA,NA,NA,NA,NA,NA,NA,NA,NA,NA,NA,TRUE,0.677612887440246,0.6529501489358608,0.6736014892927139,0.05698098314387095,0.04987245211298822,0.04455018994093197,high,low,low,low,low,low,high_level-low_diversity,low_level-low_diversity,low_level-low_diversity,7,Cannabis legalisation,0,0,0,NA,1,0
305573133348,3,monetary,NA,1,7,NA,0.8235294117647058,5,8,15,63,female,1,7,7,0,0,2,3,1,251,5,1,2,3,3,10065,497,0.04937903626428217,0.026651336835606214,3,2,0.6959496734409943,0.7549915128874867,0.7493819544249317,3,2,0.6959496734409943,0.7549915128874867,0.7493819544249317,3,2,0.6959496734409943,0.7549915128874867,0.7493819544249317,TRUE,0.70656113132676035,0.6619547259079777,0.7210803382810594,0.09303216470108489,0.07957778542196897,0.06014654601140371,high,low,high,high,high,high,high_level-high_diversity,low_level-high_diversity,high_level-high_diversity,4.5,Cannabis legalisation,0,0,5,0.6959496734409943,0,1
305611706160,3,verbal,1,NA,5,1,0.6470588235294118,5,7,12,36,not female,0,5,5,0,0,3,3,0,114,0,0,0,0,0,3460,0,0,0,NA,NA,NA,NA,NA,NA,NA,NA,NA,NA,NA,NA,NA,NA,NA,TRUE,0.6668211611171063,0.6540481984221057,0.6634585208597858,0.0502915008238744,0.02086939690589743,0.04531677585121603,high,low,low,low,low,low,high_level-low_diversity,low_level-low_diversity,low_level-low_diversity,4.5,Cannabis legalisation,0,0,0,NA,1,0
305637566832,3,monetary,NA,1,4,0,0.47058823529411764,3,2,9,43,not female,0,4,4,0,0,1,1,0,47,0,0,0,0,0,2445,0,0,0,NA,NA,NA,NA,NA,NA,NA,NA,NA,NA,NA,NA,NA,NA,NA,TRUE,0.4407950030411059,NA,0.8096322874950441,0.15625492313600664,NA,0.01401369297748319,low,NA,high,high,NA,low,low_level-high_diversity,NA,high_level-low_diversity,4,Cannabis legalisation,0,0,0,NA,0,1
305703775296,3,control,0,0,7,1,0.8235294117647058,4,7,16,51,not female,0,7,7,0,0,3,3,0,716,0,0,0,0,0,20910,0,0,0,NA,NA,NA,NA,NA,NA,NA,NA,NA,NA,NA,NA,NA,NA,NA,TRUE,0.67086043634621,0.7680888689559507,0.7606042309837865,0.13620509319686186,0.04534161911544427,0.05494748121627027,high,high,high,high,low,high,high_level-high_diversity,high_level-low_diversity,high_level-high_diversity,5,Cannabis legalisation,0,0,0,NA,0,0
305884555812,3,verbal,1,NA,7,0,0.4117647058823529,3,6,9,42,not female,0,7,7,0,0,2,2,0,241,0,0,0,0,0,8035,0,0,0,NA,NA,NA,NA,NA,NA,NA,NA,NA,NA,NA,NA,NA,NA,NA,TRUE,0.620433980769789,0.6507383827523635,0.6527899892675963,0.09842520608799717,0.0184682077481316,0.0225708902354869,low,low,low,high,low,low,low_level-high_diversity,low_level-low_diversity,low_level-low_diversity,4.5,Cannabis legalisation,0,0,0,NA,1,0
305892698148,3,monetary,NA,1,7,0,0.6470588235294118,4,6,13,47,not female,0,7,7,0,0,1,2,1,1,0,0,0,0,0,229,0,0,0,NA,NA,NA,NA,NA,NA,NA,NA,NA,NA,NA,NA,NA,NA,NA,TRUE,NA,NA,NA,NA,NA,NA,NA,NA,NA,NA,NA,NA,NA,NA,NA,7,Cannabis legalisation,0,0,0,NA,0,1
305925391980,3,monetary,NA,1,1,0,0.11764705882352941,5,5,17,49,not female,0,1,1,0,0,3,3,0,2,0,0,0,0,0,117,0,0,0,NA,NA,NA,NA,NA,NA,NA,NA,NA,NA,NA,NA,NA,NA,NA,TRUE,0.722715050722288,0.787979994491179,NA,0.11031788982179112,NA,NA,high,high,NA,high,NA,NA,high_level-high_diversity,NA,NA,4.5,Cannabis legalisation,0,0,0,NA,0,1
305971564032,3,control,0,0,6,0,0.5882352941176471,5,6,22,44,female,0,6,5,-1,1,2,2,0,187,0,0,0,0,0,2117,0,0,0,NA,NA,NA,NA,NA,NA,NA,NA,NA,NA,NA,NA,NA,NA,NA,TRUE,0.5675440533362914,0.705769170970334,0.7911152462523995,0.17412524375263452,NA,0.02698879872475244,low,high,high,high,NA,low,low_level-high_diversity,NA,high_level-low_diversity,6,Cannabis legalisation,1,-1,0,NA,0,0
306075936960,3,control,0,0,1,1,0.47058823529411764,5,6,7,33,not female,0,1,2,1,1,4,4,0,2,0,0,0,0,0,102,0,0,0,NA,NA,NA,NA,NA,NA,NA,NA,NA,NA,NA,NA,NA,NA,NA,TRUE,0.6652446693785666,NA,NA,0.04723358947807749,NA,NA,high,NA,NA,low,NA,NA,high_level-low_diversity,NA,NA,7,Cannabis legalisation,1,1,0,NA,0,0
306151934148,3,control,0,0,1,1,0.6470588235294118,3,8,14,41,female,0,1,1,0,0,2,2,0,62,0,0,0,0,0,3614,0,0,0,NA,NA,NA,NA,NA,NA,NA,NA,NA,NA,NA,NA,NA,NA,NA,TRUE,0.582644877345643,0.606247746072761,0.6954189273059443,0.15519519086895775,0.03213240960127962,0.02030312082848533,low,low,low,high,low,low,low_level-high_diversity,low_level-low_diversity,low_level-low_diversity,5.5,Cannabis legalisation,0,0,0,NA,0,0
306283263516,3,verbal,1,NA,1,1,0.7058823529411765,5,6,13,46,not female,0,1,1,0,0,4,4,0,219,0,0,0,0,0,19348,0,0,0,NA,NA,NA,NA,NA,NA,NA,NA,NA,NA,NA,NA,NA,NA,NA,TRUE,0.5484414594795763,NA,0.7796976331766203,0.16821648850861756,NA,0.01567401604844182,low,NA,high,high,NA,low,low_level-high_diversity,NA,high_level-low_diversity,NA,Cannabis legalisation,0,0,0,NA,1,0
306295094664,3,verbal,1,NA,1,0,0.6470588235294118,3,1,11,69,female,0,1,1,0,0,1,2,1,2,0,0,0,0,0,33,0,0,0,NA,NA,NA,NA,NA,NA,NA,NA,NA,NA,NA,NA,NA,NA,NA,TRUE,0.7076030522214026,NA,0.780446471877427,0.05352636255150411,NA,NA,high,NA,high,low,NA,NA,high_level-low_diversity,NA,NA,6.5,Cannabis legalisation,0,0,0,NA,1,0
306376282044,3,monetary,NA,1,5,0,0.7058823529411765,2,4,18,62,female,1,5,5,0,0,2,3,1,299,3,1,2,1,2,9488,644,0.0678752107925801,0.015093826320030774,1,1,0.561517992738059,0.561517992738059,0.561517992738059,1,1,0.561517992738059,0.561517992738059,0.561517992738059,3,2,0.5635071816895273,0.6326867530017031,0.601556359362787,TRUE,0.7182717910576227,0.7965368149786833,0.7924806712507002,0.12570773386904824,0.04660793703250405,0.05419415358833329,high,high,high,high,low,high,high_level-high_diversity,high_level-low_diversity,high_level-high_diversity,7,Cannabis legalisation,0,0,3,0.561517992738059,0,1
306384353244,3,monetary,NA,1,6,0,0.8823529411764706,5,8,15,46,not female,0,6,1,-5,5,1,2,1,121,0,0,0,0,0,6041,0,0,0,NA,NA,NA,NA,NA,NA,NA,NA,NA,NA,NA,NA,NA,NA,NA,TRUE,0.4133669405276584,0.6827993542801709,0.8299890584900445,0.0941148726853633,0.04855354467151322,0.11784291048447816,low,high,high,high,low,high,low_level-high_diversity,high_level-low_diversity,high_level-high_diversity,7,Cannabis legalisation,5,-5,0,NA,0,1
307958441760,3,control,0,0,1,1,0.8823529411764706,4,5,13,48,not female,0,1,1,0,0,3,4,1,114,0,0,0,0,0,3540,0,0,0,NA,NA,NA,NA,NA,NA,NA,NA,NA,NA,NA,NA,NA,NA,NA,TRUE,0.662530448555627,0.6749130038355328,0.6747040109553383,0.11920077413456248,0.07772861896658104,0.077395632159748,low,high,low,high,high,high,low_level-high_diversity,high_level-high_diversity,low_level-high_diversity,6,Cannabis legalisation,0,0,0,NA,0,0
308006390160,3,verbal,1,NA,1,1,0.8823529411764706,5,8,13,53,not female,0,1,1,0,0,1,3,2,8,0,0,0,0,0,487,0,0,0,NA,NA,NA,NA,NA,NA,NA,NA,NA,NA,NA,NA,NA,NA,NA,TRUE,0.6676919262683969,0.6762257623660027,0.6718165610289987,0.05569137970901874,0.04389977187321856,0.05070465262721328,high,high,low,low,low,low,high_level-low_diversity,high_level-low_diversity,low_level-low_diversity,7,Cannabis legalisation,0,0,0,NA,1,0
308012962032,3,control,0,0,5,0,0.35294117647058826,3,3,16,23,female,0,5,5,0,0,2,1,-1,31,0,0,0,0,0,954,0,0,0,NA,NA,NA,NA,NA,NA,NA,NA,NA,NA,NA,NA,NA,NA,NA,TRUE,0.715723114006055,0.7224654788972552,0.714340107678169,0.07892971736336421,0.06744949392835085,0.07673296447406003,high,high,high,low,high,high,high_level-low_diversity,high_level-high_diversity,high_level-high_diversity,NA,Cannabis legalisation,0,0,0,NA,0,0
308193194664,3,control,0,0,1,0,0.11764705882352941,3,4,15,57,female,0,1,1,0,0,3,2,-1,190,0,0,0,0,0,9034,0,0,0,NA,NA,NA,NA,NA,NA,NA,NA,NA,NA,NA,NA,NA,NA,NA,TRUE,0.671276583345148,NA,0.7276590282694657,0.09633373470890234,NA,0.01050597507173644,high,NA,high,high,NA,low,high_level-high_diversity,NA,high_level-low_diversity,NA,Cannabis legalisation,0,0,0,NA,0,0
308342445516,3,verbal,1,NA,7,1,0.5294117647058824,3,8,13,59,not female,1,7,7,0,0,3,4,1,75,5,1,4,1,2,3718,187,0.05029585798816568,0.06626392994037739,1,1,0.932303283086416,0.932303283086416,0.932303283086416,1,1,0.932303283086416,0.932303283086416,0.932303283086416,1,1,0.932303283086416,0.932303283086416,0.932303283086416,TRUE,0.7908264145480155,0.659873376350631,0.8191510069488989,0.14619739631627962,NA,0.10125280791372972,high,low,high,high,NA,high,high_level-high_diversity,NA,high_level-high_diversity,6,Cannabis legalisation,0,0,5,0.932303283086416,1,0
308492647812,3,monetary,NA,1,1,0,0.8823529411764706,3,8,18,56,not female,1,1,1,0,0,2,3,1,355,4,1,2,2,2,15099,128,0.008477382608119742,0.013648986703622813,2,1,0.9323032830864161,0.932303283086416,0.932303283086416,2,1,0.9323032830864161,0.932303283086416,0.932303283086416,2,1,0.9323032830864161,0.932303283086416,0.932303283086416,TRUE,0.6404017111622219,0.6657443507497937,0.6938571040284353,0.13034507499596729,0.0302272432554324,0.06590847924592894,low,low,low,high,low,high,low_level-high_diversity,low_level-low_diversity,low_level-high_diversity,6,Cannabis legalisation,0,0,4,0.9323032830864161,0,1
308641552560,3,verbal,1,NA,5,1,0.6470588235294118,4,8,13,44,female,0,5,4,-1,1,3,2,-1,202,0,0,0,0,0,4369,0,0,0,NA,NA,NA,NA,NA,NA,NA,NA,NA,NA,NA,NA,NA,NA,NA,TRUE,0.6391395481267482,0.6119544708664679,0.7760570300760434,0.15892433938196526,0.02465558431471651,0.02730901700695555,low,low,high,high,low,low,low_level-high_diversity,low_level-low_diversity,high_level-low_diversity,6.5,Cannabis legalisation,1,-1,0,NA,1,0
308671922160,3,verbal,1,NA,7,0,0.5294117647058824,3,1,10,58,female,0,7,7,0,0,2,2,0,36,0,0,0,0,0,1244,0,0,0,NA,NA,NA,NA,NA,NA,NA,NA,NA,NA,NA,NA,NA,NA,NA,TRUE,0.6551543752000537,0.7081064998223415,0.698666956933864,0.06559193907046394,0.08442403567695744,0.05863537381504238,low,high,low,low,high,high,low_level-low_diversity,high_level-high_diversity,low_level-high_diversity,5.5,Cannabis legalisation,0,0,0,NA,1,0
308683550160,3,control,0,0,7,1,0.7058823529411765,3,8,19,31,not female,0,7,7,0,0,3,2,-1,18,0,0,0,0,0,2446,0,0,0,NA,NA,NA,NA,NA,NA,NA,NA,NA,NA,NA,NA,NA,NA,NA,TRUE,0.6443340056528503,0.7347905824129503,0.6893757672091627,0.13393116495781474,0.0484127068729639,0.08682881811601298,low,high,low,high,low,high,low_level-high_diversity,high_level-low_diversity,low_level-high_diversity,5,Cannabis legalisation,0,0,0,NA,0,0
308766251916,3,verbal,1,NA,4,0,0.7058823529411765,4,3,13,44,female,0,4,4,0,0,2,2,0,224,0,0,0,0,0,3135,0,0,0,NA,NA,NA,NA,NA,NA,NA,NA,NA,NA,NA,NA,NA,NA,NA,TRUE,0.6910467667724676,0.659873376350631,0.6945633490474853,0.04244434833523516,NA,0.03717964523970941,high,low,low,low,NA,low,high_level-low_diversity,NA,low_level-low_diversity,4.5,Cannabis legalisation,0,0,0,NA,1,0
308779242444,3,control,0,0,1,1,0.4117647058823529,4,7,10,51,female,0,1,1,0,0,2,3,1,411,0,0,0,0,0,27900,0,0,0,NA,NA,NA,NA,NA,NA,NA,NA,NA,NA,NA,NA,NA,NA,NA,TRUE,0.6716540118323675,0.6731173081399451,0.6564891039605417,0.09369997304410373,0.07464650009308753,0.08223860877164706,high,high,low,high,high,high,high_level-high_diversity,high_level-high_diversity,low_level-high_diversity,6.5,Cannabis legalisation,0,0,0,NA,0,0
308787997644,3,monetary,NA,1,6,0,0.11764705882352941,2,4,17,24,not female,0,6,6,0,0,2,3,1,51,0,0,0,0,0,1207,0,0,0,NA,NA,NA,NA,NA,NA,NA,NA,NA,NA,NA,NA,NA,NA,NA,TRUE,0.41571078157254754,0.829764441028495,0.829764441028495,0.09393696475610652,0.06126711614226761,0.06126711614226761,low,high,high,high,high,high,low_level-high_diversity,high_level-high_diversity,high_level-high_diversity,5.5,Cannabis legalisation,0,0,0,NA,0,1
308795862960,3,verbal,1,NA,3,0,0.5294117647058824,2,3,13,42,not female,0,3,4,1,1,1,2,1,2,0,0,0,0,0,14,0,0,0,NA,NA,NA,NA,NA,NA,NA,NA,NA,NA,NA,NA,NA,NA,NA,TRUE,0.6469504352223823,0.6469504352223823,0.6469504352223823,0.00763893446134119,0.00763893446134119,0.00763893446134119,low,low,low,low,low,low,low_level-low_diversity,low_level-low_diversity,low_level-low_diversity,NA,Cannabis legalisation,1,1,0,NA,1,0
308894979348,3,monetary,NA,1,2,1,0.7647058823529411,5,8,18,53,not female,0,2,2,0,0,2,3,1,73,0,0,0,0,0,2861,0,0,0,NA,NA,NA,NA,NA,NA,NA,NA,NA,NA,NA,NA,NA,NA,NA,TRUE,0.676797340025425,0.6391732970523474,0.7057662673392557,0.07757414838684826,0.11967058583294315,0.10172089274912628,high,low,low,low,high,high,high_level-low_diversity,low_level-high_diversity,low_level-high_diversity,NA,Cannabis legalisation,0,0,0,NA,0,1
309001268160,3,verbal,1,NA,5,1,0.6470588235294118,5,8,13,68,female,0,5,5,0,0,3,3,0,218,0,0,0,0,0,15655,0,0,0,NA,NA,NA,NA,NA,NA,NA,NA,NA,NA,NA,NA,NA,NA,NA,TRUE,0.7321588574554257,0.6481188190507392,0.7452716287833374,0.08335784644622776,0.01292622623525249,0.06534811596864722,high,low,high,low,low,high,high_level-low_diversity,low_level-low_diversity,high_level-high_diversity,7,Cannabis legalisation,0,0,0,NA,1,0
309083079348,3,monetary,NA,1,1,0,0.7647058823529411,5,2,17,62,not female,0,1,1,0,0,2,2,0,1636,0,0,0,0,0,33620,0,0,0,NA,NA,NA,NA,NA,NA,NA,NA,NA,NA,NA,NA,NA,NA,NA,TRUE,0.7081750807251939,0.58392020295611,0.7279129445196285,0.0925691890797406,0.07271617574560241,0.01186821720070772,high,low,high,high,high,low,high_level-high_diversity,low_level-high_diversity,high_level-low_diversity,4,Cannabis legalisation,0,0,0,NA,0,1
309102981696,3,monetary,NA,1,4,0,0.8235294117647058,4,0,12,56,not female,1,4,4,0,0,1,3,2,257,6,1,4,2,2,11227,304,0.02707758083192304,0.022722543199707988,2,1,0.9323032830864159,0.932303283086416,0.9323032830864159,2,1,0.9323032830864159,0.932303283086416,0.9323032830864159,2,1,0.9323032830864159,0.932303283086416,0.9323032830864159,TRUE,0.4757638199309332,0.611446091308819,0.6320840635521865,0.1481891186498905,0.05950914524148965,0.06767663269249814,low,low,low,high,high,high,low_level-high_diversity,low_level-high_diversity,low_level-high_diversity,5.5,Cannabis legalisation,0,0,6,0.9323032830864159,0,1
309120765696,3,verbal,1,NA,3,1,0.7058823529411765,2,8,17,49,female,1,3,1,-2,2,2,3,1,145,3,1,1,2,2,7683,324,0.04217102694260055,0.03149889195280482,2,1,0.682819360793679,0.682819360793679,0.6828193607936791,NA,NA,NA,NA,NA,3,2,0.6819213220492251,0.6779699515736277,0.6793054923236721,TRUE,0.5235387347043696,0.6483420051779888,0.6481929680605141,0.12423672368145766,0.00142231169269997,0.00375545428059912,low,low,low,high,low,low,low_level-high_diversity,low_level-low_diversity,low_level-low_diversity,5,Cannabis legalisation,2,-2,3,0.682819360793679,1,0
309980008548,3,verbal,1,NA,1,0,0.35294117647058826,1,0,12,68,female,0,1,4,3,3,2,2,0,0,0,0,0,0,0,0,0,NA,NA,NA,NA,NA,NA,NA,NA,NA,NA,NA,NA,NA,NA,NA,NA,NA,TRUE,0.49429092559608384,0.6891414191810743,0.6914720148906651,0.1339874649566555,0.06963427146470959,0.07218096438552625,low,high,low,high,high,high,low_level-high_diversity,high_level-high_diversity,low_level-high_diversity,4,Cannabis legalisation,3,3,0,NA,1,0
310291978896,3,monetary,NA,1,7,0,0.6470588235294118,3,1,13,42,not female,0,7,7,0,0,2,2,0,11,0,0,0,0,0,624,0,0,0,NA,NA,NA,NA,NA,NA,NA,NA,NA,NA,NA,NA,NA,NA,NA,TRUE,0.6955319132123324,0.7046917514627219,0.6989196089230602,0.03530831609851446,0.01476168601963536,0.02329902666088167,high,high,low,low,low,low,high_level-low_diversity,high_level-low_diversity,low_level-low_diversity,NA,Cannabis legalisation,0,0,0,NA,0,1
310429124316,3,monetary,NA,1,5,1,0.6470588235294118,3,6,14,56,not female,0,5,5,0,0,3,3,0,54,0,0,0,0,0,3614,0,0,0,NA,NA,NA,NA,NA,NA,NA,NA,NA,NA,NA,NA,NA,NA,NA,TRUE,0.8199203837794261,0.8235421080767691,0.6654913862845174,0.0525001941187341,0.04709555899950941,0.09736265784289592,high,high,low,low,low,high,high_level-low_diversity,high_level-low_diversity,low_level-high_diversity,NA,Cannabis legalisation,0,0,0,NA,0,1
310464070560,3,verbal,1,NA,7,NA,0.35294117647058826,5,2,22,55,not female,1,7,7,0,0,2,3,1,140,2,1,1,1,2,13655,828,0.060637129256682534,0.02282447996621678,1,1,0.6828193607936789,0.682819360793679,0.6828193607936791,NA,NA,NA,NA,NA,2,2,0.6826787982075906,0.6755452469636021,0.6792308303934542,TRUE,0.4663755621174688,0.661074877978351,0.7917719637078571,0.12949200620007795,0.02956292463204394,0.05065653143767561,low,low,high,high,low,low,low_level-high_diversity,low_level-low_diversity,high_level-low_diversity,5.5,Cannabis legalisation,0,0,2,0.6828193607936789,1,0
310471119864,3,monetary,NA,1,7,1,0.6470588235294118,4,8,15,54,not female,0,7,7,0,0,3,3,0,11,0,0,0,0,0,71,0,0,0,NA,NA,NA,NA,NA,NA,NA,NA,NA,NA,NA,NA,NA,NA,NA,TRUE,0.6811533008920607,0.6811533008920607,0.6811533008920607,0.04391818565318892,0.04391818565318892,0.04391818565318892,high,high,low,low,low,low,high_level-low_diversity,high_level-low_diversity,low_level-low_diversity,NA,Cannabis legalisation,0,0,0,NA,0,1
310472966664,3,verbal,1,NA,2,1,0.8235294117647058,5,8,17,41,female,1,2,2,0,0,3,4,1,277,3,1,1,2,3,12126,142,0.011710374402111166,0.013968175626379847,1,1,0.682819360793679,0.682819360793679,0.682819360793679,NA,NA,NA,NA,NA,2,2,0.676141485802133,0.6755452469636021,0.6756878068693103,TRUE,0.6803678718199545,0.6725175323085932,0.6871369314837106,0.05414144209725287,0.02987533798678329,0.03993279520043013,high,high,low,low,low,low,high_level-low_diversity,high_level-low_diversity,low_level-low_diversity,6,Cannabis legalisation,0,0,3,0.682819360793679,1,0
310511199528,3,monetary,NA,1,6,1,0.5882352941176471,3,8,12,66,not female,0,6,6,0,0,2,3,1,54,0,0,0,0,0,3308,0,0,0,NA,NA,NA,NA,NA,NA,NA,NA,NA,NA,NA,NA,NA,NA,NA,TRUE,0.6466139201499396,0.647348738222256,0.6474292200810108,0.04149411632750718,0.03624661201527823,0.03628469763561842,low,low,low,low,low,low,low_level-low_diversity,low_level-low_diversity,low_level-low_diversity,6,Cannabis legalisation,0,0,0,NA,0,1
310513113360,3,control,0,0,4,0,0.7058823529411765,4,7,17,47,not female,0,4,4,0,0,3,3,0,476,0,0,0,0,0,9263,0,0,0,NA,NA,NA,NA,NA,NA,NA,NA,NA,NA,NA,NA,NA,NA,NA,TRUE,0.7771904369488268,NA,0.813681794497258,0.07567504465916049,NA,NA,high,NA,high,low,NA,NA,high_level-low_diversity,NA,NA,6.5,Cannabis legalisation,0,0,0,NA,0,0
310542183360,3,verbal,1,NA,4,0,0.5882352941176471,3,1,19,42,not female,0,4,4,0,0,2,2,0,70,0,0,0,0,0,4242,0,0,0,NA,NA,NA,NA,NA,NA,NA,NA,NA,NA,NA,NA,NA,NA,NA,TRUE,0.7007629229350767,0.578455258625987,0.7751722727114749,0.09792892580245452,NA,0.08804904756837192,high,low,high,high,NA,high,high_level-high_diversity,NA,high_level-high_diversity,4.5,Cannabis legalisation,0,0,0,NA,1,0
310634528148,3,monetary,NA,1,6,0,0.8823529411764706,4,7,23,39,not female,0,6,6,0,0,2,2,0,106,0,0,0,0,0,3989,0,0,0,NA,NA,NA,NA,NA,NA,NA,NA,NA,NA,NA,NA,NA,NA,NA,TRUE,0.4441888761029824,0.6428045999520119,0.6800658409071637,0.10851383108582836,0.06970118111065984,0.09737278218628892,low,low,low,high,high,high,low_level-high_diversity,low_level-high_diversity,low_level-high_diversity,6,Cannabis legalisation,0,0,0,NA,0,1
310788697644,3,control,0,0,4,0,0.8235294117647058,1,8,18,32,female,0,4,4,0,0,2,2,0,48,0,0,0,0,0,3874,0,0,0,NA,NA,NA,NA,NA,NA,NA,NA,NA,NA,NA,NA,NA,NA,NA,TRUE,0.6491060033508317,0.6475494416084931,0.6475494416084931,0.01142069292297112,0.01042934011326334,0.01042934011326334,low,low,low,low,low,low,low_level-low_diversity,low_level-low_diversity,low_level-low_diversity,5,Cannabis legalisation,0,0,0,NA,0,0
310816058328,3,control,0,0,7,1,0.7058823529411765,4,8,13,45,not female,0,7,6,-1,1,3,3,0,97,1,1,1,0,1,2106,14,0.006647673314339981,0.01288663479876586,NA,NA,NA,NA,NA,NA,NA,NA,NA,NA,1,1,0.668271133133525,0.668271133133525,0.668271133133525,TRUE,0.6634692046915458,NA,0.6601197783065084,0.02677255613299696,NA,0.03448806232325478,high,NA,low,low,NA,low,high_level-low_diversity,NA,low_level-low_diversity,NA,Cannabis legalisation,1,-1,1,NA,0,0
310832068716,3,control,0,0,1,0,0.47058823529411764,2,1,22,29,female,0,1,1,0,0,3,3,0,21,0,0,0,0,0,490,0,0,0,NA,NA,NA,NA,NA,NA,NA,NA,NA,NA,NA,NA,NA,NA,NA,TRUE,0.670753322187586,NA,0.799649853780606,0.0178870221061699,NA,NA,high,NA,high,low,NA,NA,high_level-low_diversity,NA,NA,6.5,Cannabis legalisation,0,0,0,NA,0,0
310852586664,3,control,0,0,6,1,0.7647058823529411,4,5,18,41,not female,0,6,6,0,0,3,2,-1,44,0,0,0,0,0,1498,0,0,0,NA,NA,NA,NA,NA,NA,NA,NA,NA,NA,NA,NA,NA,NA,NA,TRUE,0.6615099906073564,0.6298035107169178,0.605057253272645,0.03786429253573697,0.07482547776602767,0.08355212761232204,low,low,low,low,high,high,low_level-low_diversity,low_level-high_diversity,low_level-high_diversity,6.5,Cannabis legalisation,0,0,0,NA,0,0
310940135244,3,control,0,0,2,1,0.8235294117647058,3,7,17,50,not female,0,2,4,2,2,3,3,0,82,0,0,0,0,0,685,0,0,0,NA,NA,NA,NA,NA,NA,NA,NA,NA,NA,NA,NA,NA,NA,NA,TRUE,0.6533976166877741,0.6278040575444018,0.6756629596447787,0.11823133873932248,0.06380030338598049,0.08946516871309493,low,low,low,high,high,high,low_level-high_diversity,low_level-high_diversity,low_level-high_diversity,NA,Cannabis legalisation,2,2,0,NA,0,0
310956209928,3,control,0,0,1,1,0.7058823529411765,2,4,13,55,not female,1,1,1,0,0,3,2,-1,43,2,1,1,1,2,5108,112,0.02192638997650744,0.04349833395825772,1,1,0.816946216297037,0.816946216297037,0.816946216297037,1,1,0.816946216297037,0.816946216297037,0.816946216297037,2,2,0.8103089357986659,0.742608674715281,0.7757978558147403,TRUE,0.6575591221851992,0.6619152268617919,0.6539330044768752,0.06559091576055917,0.06640176958417057,0.0714340927074717,low,low,low,low,high,high,low_level-low_diversity,low_level-high_diversity,low_level-high_diversity,5.5,Cannabis legalisation,0,0,2,0.816946216297037,0,0
311108676948,3,monetary,NA,1,1,0,0.7647058823529411,4,1,24,64,not female,0,1,1,0,0,2,2,0,19,0,0,0,0,0,1279,0,0,0,NA,NA,NA,NA,NA,NA,NA,NA,NA,NA,NA,NA,NA,NA,NA,TRUE,0.6584631147831688,0.6403592071830551,0.6512829069125124,0.05696172335729174,0.06947829579140315,0.05550100763322807,low,low,low,low,high,high,low_level-low_diversity,low_level-high_diversity,low_level-high_diversity,5,Cannabis legalisation,0,0,0,NA,0,1
311914424844,3,control,0,0,7,0,0.5882352941176471,3,1,26,65,female,0,7,7,0,0,2,2,0,171,0,0,0,0,0,15265,0,0,0,NA,NA,NA,NA,NA,NA,NA,NA,NA,NA,NA,NA,NA,NA,NA,TRUE,0.4613947619331766,0.6649295328976569,0.6910873758434855,0.1118820717312338,0.04722236499961091,0.01143291971090616,low,low,low,high,low,low,low_level-high_diversity,low_level-low_diversity,low_level-low_diversity,5,Cannabis legalisation,0,0,0,NA,0,0
312036589980,3,monetary,NA,1,4,1,0.7647058823529411,4,6,17,52,not female,1,4,4,0,0,2,2,0,150,4,1,2,2,2,7661,442,0.05769481790888918,0.03848899663898487,2,1,0.682819360793679,0.682819360793679,0.682819360793679,NA,NA,NA,NA,NA,4,2,0.6822268990337632,0.6755452469636021,0.6785711236756584,TRUE,0.6884594984316412,0.6594315308637902,0.7310860742529037,0.06789517282780656,0.10157774288181864,0.03168732648035544,high,low,high,low,high,low,high_level-low_diversity,low_level-high_diversity,high_level-low_diversity,5,Cannabis legalisation,0,0,4,0.682819360793679,0,1
312063130548,3,monetary,NA,1,4,1,0.29411764705882354,2,0,15,51,not female,0,4,4,0,0,2,2,0,5,0,0,0,0,0,361,0,0,0,NA,NA,NA,NA,NA,NA,NA,NA,NA,NA,NA,NA,NA,NA,NA,TRUE,0.5380868908743153,0.6865235517857438,0.631155533024,0.14952139891192284,0.07778282249202388,0.03171328499258577,low,high,low,high,high,low,low_level-high_diversity,high_level-high_diversity,low_level-low_diversity,4,Cannabis legalisation,0,0,0,NA,0,1
312227975232,3,control,0,0,7,NA,0.7647058823529411,4,8,13,57,female,0,7,7,0,0,3,2,-1,99,0,0,0,0,0,5960,0,0,0,NA,NA,NA,NA,NA,NA,NA,NA,NA,NA,NA,NA,NA,NA,NA,TRUE,0.5123694989193648,0.7492544822434986,0.7497736392857965,0.15598189441436458,0.07812311875254851,0.08380546372110322,low,high,high,high,high,high,low_level-high_diversity,high_level-high_diversity,high_level-high_diversity,4,Cannabis legalisation,0,0,0,NA,0,0
312294663864,3,verbal,1,NA,7,0,0.35294117647058826,3,3,15,21,female,0,7,7,0,0,1,3,2,23,0,0,0,0,0,162,0,0,0,NA,NA,NA,NA,NA,NA,NA,NA,NA,NA,NA,NA,NA,NA,NA,TRUE,0.6741741102356255,0.676251457866637,0.6918511093591485,0.05806697022991272,NA,0.00207712639527587,high,high,low,low,NA,low,high_level-low_diversity,NA,low_level-low_diversity,4,Cannabis legalisation,0,0,0,NA,1,0
312381322560,3,monetary,NA,1,5,1,0.7058823529411765,4,8,18,42,female,0,5,5,0,0,3,3,0,54,0,0,0,0,0,5234,0,0,0,NA,NA,NA,NA,NA,NA,NA,NA,NA,NA,NA,NA,NA,NA,NA,TRUE,0.6655799405166033,0.6881175952105542,0.66418915890908925,0.06504314779406069,0.08482635230748,0.06534064220962349,high,high,low,low,high,high,high_level-low_diversity,high_level-high_diversity,low_level-high_diversity,5.5,Cannabis legalisation,0,0,0,NA,0,1
312501437748,3,verbal,1,NA,5,0,0.47058823529411764,2,4,16,46,female,1,5,5,0,0,1,3,2,93,2,1,1,1,2,5095,243,0.047693817468105984,0.03773784126581754,1,1,0.696686527859829,0.696686527859829,0.696686527859829,1,1,0.696686527859829,0.696686527859829,0.696686527859829,2,2,0.6910736103830283,0.682478830496677,0.6846267247653564,TRUE,0.4307953564122885,0.7232465526340018,0.6208523589591068,0.073451132826731,NA,0.06468886550442156,low,high,low,low,NA,high,low_level-low_diversity,NA,low_level-high_diversity,7,Cannabis legalisation,0,0,2,0.696686527859829,1,0
312511287348,3,verbal,1,NA,4,0,0.47058823529411764,5,8,18,34,not female,0,4,4,0,0,2,2,0,27,0,0,0,0,0,3433,0,0,0,NA,NA,NA,NA,NA,NA,NA,NA,NA,NA,NA,NA,NA,NA,NA,TRUE,0.6763332255878209,0.6799683859051472,0.6744420208272901,0.05885110599838018,0.06415543441148694,0.05827344172498425,high,high,low,low,high,high,high_level-low_diversity,high_level-high_diversity,low_level-high_diversity,6.5,Cannabis legalisation,0,0,0,NA,1,0
312646511412,3,monetary,NA,1,1,1,0.5294117647058824,2,3,12,61,female,1,1,1,0,0,2,3,1,347,6,1,3,3,2,12645,344,0.027204428627916173,0.025674827652306446,3,1,0.682819360793679,0.682819360793679,0.682819360793679,NA,NA,NA,NA,NA,6,2,0.6758835778394195,0.6755452469636021,0.6761245380502134,TRUE,0.5145463016904412,0.6491666452314737,0.7102931360407027,0.14188050079279865,0.06967546385201472,0.05500109226018165,low,low,low,high,high,high,low_level-high_diversity,low_level-high_diversity,low_level-high_diversity,6,Cannabis legalisation,0,0,6,0.682819360793679,0,1
312675510960,3,control,0,0,5,0,0.5294117647058824,4,5,12,62,female,0,5,4,-1,1,1,2,1,257,0,0,0,0,0,6180,0,0,0,NA,NA,NA,NA,NA,NA,NA,NA,NA,NA,NA,NA,NA,NA,NA,TRUE,0.6540047008439285,0.7362348774008781,0.7020148314600417,0.11338434254598072,0.08266031298151225,0.03375611236824837,low,high,low,high,high,low,low_level-high_diversity,high_level-high_diversity,low_level-low_diversity,7,Cannabis legalisation,1,-1,0,NA,0,0
312735843180,3,monetary,NA,1,1,0,0.7647058823529411,5,8,20,43,not female,0,1,1,0,0,1,1,0,787,1,1,1,0,1,19088,30,0.0015716680637049454,0.0017899543411852548,NA,NA,NA,NA,NA,NA,NA,NA,NA,NA,1,1,0.668271133133525,0.668271133133525,0.668271133133525,TRUE,0.6213868494325602,0.7241546894900917,0.77342571167121,0.16942155484616925,0.06358537173964511,0.0170818761177068,low,high,high,high,high,low,low_level-high_diversity,high_level-high_diversity,high_level-low_diversity,7,Cannabis legalisation,0,0,1,NA,0,1
312797949012,3,monetary,NA,1,1,1,0.8235294117647058,5,8,13,71,not female,0,1,1,0,0,3,3,0,284,0,0,0,0,0,8952,0,0,0,NA,NA,NA,NA,NA,NA,NA,NA,NA,NA,NA,NA,NA,NA,NA,TRUE,0.6492381446559533,0.7394984021387552,0.6700791874403118,0.13299838661778465,0.08656965624162635,0.11518236183956591,low,high,low,high,high,high,low_level-high_diversity,high_level-high_diversity,low_level-high_diversity,4,Cannabis legalisation,0,0,0,NA,0,1
312849797580,3,verbal,1,NA,6,NA,0.6470588235294118,3,2,13,46,not female,0,6,7,1,1,2,3,1,505,0,0,0,0,0,18835,0,0,0,NA,NA,NA,NA,NA,NA,NA,NA,NA,NA,NA,NA,NA,NA,NA,TRUE,0.5283553137631116,0.6482134150984881,0.6698037312670654,0.14738242567866866,0.00315242471897411,0.02800675713857327,low,low,low,high,low,low,low_level-high_diversity,low_level-low_diversity,low_level-low_diversity,5.5,Cannabis legalisation,1,1,0,NA,1,0
312901643412,3,verbal,1,NA,5,0,0.29411764705882354,1,0,12,40,female,0,5,5,0,0,1,2,1,75,0,0,0,0,0,3044,0,0,0,NA,NA,NA,NA,NA,NA,NA,NA,NA,NA,NA,NA,NA,NA,NA,TRUE,0.6973623964213138,NA,0.7286932313580259,0.10114056502259076,NA,NA,high,NA,high,high,NA,NA,high_level-high_diversity,NA,NA,4.5,Cannabis legalisation,0,0,0,NA,1,0
312926952780,3,verbal,1,NA,5,NA,0.5294117647058824,3,0,12,67,female,0,5,5,0,0,2,3,1,31,0,0,0,0,0,1572,0,0,0,NA,NA,NA,NA,NA,NA,NA,NA,NA,NA,NA,NA,NA,NA,NA,TRUE,0.5236742668842114,0.6371085615631625,0.6293570619882219,0.1260503867072164,0.03830721093417932,0.08246258354740132,low,low,low,high,low,high,low_level-high_diversity,low_level-low_diversity,low_level-high_diversity,5.5,Cannabis legalisation,0,0,0,NA,1,0
313161427296,3,control,0,0,2,0,0.47058823529411764,2,1,16,38,female,0,2,3,1,1,2,2,0,40,0,0,0,0,0,1280,0,0,0,NA,NA,NA,NA,NA,NA,NA,NA,NA,NA,NA,NA,NA,NA,NA,TRUE,0.6212008000103707,0.626938789780294,0.7846085540892116,0.1795245559044336,NA,0.04869864656478639,low,low,high,high,NA,low,low_level-high_diversity,NA,high_level-low_diversity,NA,Cannabis legalisation,1,1,0,NA,0,0
314759321748,3,verbal,1,NA,7,0,0.5294117647058824,2,4,12,47,not female,0,7,7,0,0,2,2,0,226,0,0,0,0,0,32613,0,0,0,NA,NA,NA,NA,NA,NA,NA,NA,NA,NA,NA,NA,NA,NA,NA,TRUE,0.42299429383021775,0.6027240402478945,0.7585861599576602,0.06962820803405602,0.03292197459372135,0.06526787619591366,low,low,high,low,low,high,low_level-low_diversity,low_level-low_diversity,high_level-high_diversity,4,Cannabis legalisation,0,0,0,NA,1,0
315062397360,3,monetary,NA,1,2,NA,0.7058823529411765,4,5,16,30,not female,0,2,3,1,1,3,3,0,58,0,0,0,0,0,4182,0,0,0,NA,NA,NA,NA,NA,NA,NA,NA,NA,NA,NA,NA,NA,NA,NA,TRUE,0.5956273906853577,0.6872992913597608,0.6826563946023099,0.13977383864980536,0.04518606584282859,0.04188258178298209,low,high,low,high,low,low,low_level-high_diversity,high_level-low_diversity,low_level-low_diversity,6,Cannabis legalisation,1,1,0,NA,0,1
315110072160,3,monetary,NA,1,7,1,0.5294117647058824,5,6,10,41,not female,0,7,7,0,0,4,4,0,18,0,0,0,0,0,1635,0,0,0,NA,NA,NA,NA,NA,NA,NA,NA,NA,NA,NA,NA,NA,NA,NA,TRUE,0.7267480501512825,0.7237079727627475,0.7237079727627475,0.0704596264323068,0.0746149153449152,0.0746149153449152,high,high,high,low,high,high,high_level-low_diversity,high_level-high_diversity,high_level-high_diversity,7,Cannabis legalisation,0,0,0,NA,0,1
315115068780,3,verbal,1,NA,7,0,0.058823529411764705,1,1,12,20,female,0,7,7,0,0,2,2,0,83,0,0,0,0,0,7623,0,0,0,NA,NA,NA,NA,NA,NA,NA,NA,NA,NA,NA,NA,NA,NA,NA,TRUE,0.7046604806215303,NA,0.539714186068574,0.08189679396903375,NA,NA,high,NA,low,low,NA,NA,high_level-low_diversity,NA,NA,5.5,Cannabis legalisation,0,0,0,NA,1,0
315163084212,3,verbal,1,NA,5,0,0.5882352941176471,3,6,13,42,female,0,5,5,0,0,3,3,0,177,1,1,1,0,1,3087,7,0.0022675736961451248,0.005762190607652646,NA,NA,NA,NA,NA,NA,NA,NA,NA,NA,1,1,0.668271133133525,0.668271133133525,0.668271133133525,TRUE,0.7667155361418587,NA,0.7804464718774271,0.05093213331125475,NA,NA,high,NA,high,low,NA,NA,high_level-low_diversity,NA,NA,6,Cannabis legalisation,0,0,1,NA,1,0
315212672160,3,monetary,NA,1,1,0,0.7058823529411765,5,8,15,62,not female,0,1,1,0,0,1,2,1,44,0,0,0,0,0,720,0,0,0,NA,NA,NA,NA,NA,NA,NA,NA,NA,NA,NA,NA,NA,NA,NA,TRUE,0.7400870792532119,NA,0.7443928874446676,0.04869242037078417,NA,0.0434090769024368,high,NA,high,low,NA,low,high_level-low_diversity,NA,high_level-low_diversity,6.5,Cannabis legalisation,0,0,0,NA,0,1
315374991516,3,verbal,1,NA,6,0,0.8823529411764706,3,8,21,48,not female,0,6,6,0,0,2,2,0,240,0,0,0,0,0,8951,0,0,0,NA,NA,NA,NA,NA,NA,NA,NA,NA,NA,NA,NA,NA,NA,NA,TRUE,0.559222576556293,0.7617786823315639,0.745796698709366,0.16349155645113186,0.07442195224536642,0.08705741811706275,low,high,high,high,high,high,low_level-high_diversity,high_level-high_diversity,high_level-high_diversity,5,Cannabis legalisation,0,0,0,NA,1,0
315385929360,3,verbal,1,NA,6,1,0.5294117647058824,4,6,12,36,not female,0,6,7,1,1,3,3,0,503,0,0,0,0,0,15260,0,0,0,NA,NA,NA,NA,NA,NA,NA,NA,NA,NA,NA,NA,NA,NA,NA,TRUE,0.7203918072076304,0.788339150487927,0.7332390876919987,0.06056348738465075,NA,0.0483850558728034,high,high,high,low,NA,low,high_level-low_diversity,NA,high_level-low_diversity,6,Cannabis legalisation,1,1,0,NA,1,0
315405361116,3,control,0,0,5,1,0.5882352941176471,5,8,12,41,not female,0,5,4,-1,1,2,2,0,271,0,0,0,0,0,14395,0,0,0,NA,NA,NA,NA,NA,NA,NA,NA,NA,NA,NA,NA,NA,NA,NA,TRUE,0.7027602569204977,0.6943202437815351,0.7120179283149564,0.06329460795768223,0.07854751355188322,0.04574293562738019,high,high,high,low,high,low,high_level-low_diversity,high_level-high_diversity,high_level-low_diversity,5,Cannabis legalisation,1,-1,0,NA,0,0
315597082896,3,verbal,1,NA,2,0,0.4117647058823529,2,3,36,52,not female,0,2,3,1,1,1,1,0,653,0,0,0,0,0,30825,0,0,0,NA,NA,NA,NA,NA,NA,NA,NA,NA,NA,NA,NA,NA,NA,NA,TRUE,0.48115132364416424,0.6675573327329352,0.6712424969601815,0.1266261677551238,0.07954077470987658,0.06128124270995667,low,low,low,high,high,high,low_level-high_diversity,low_level-high_diversity,low_level-high_diversity,3.5,Cannabis legalisation,1,1,0,NA,1,0
315641477232,3,control,0,0,1,0,0.5882352941176471,5,3,8,67,not female,0,1,1,0,0,1,1,0,191,0,0,0,0,0,5038,0,0,0,NA,NA,NA,NA,NA,NA,NA,NA,NA,NA,NA,NA,NA,NA,NA,TRUE,0.6641926100951288,0.5972866342857429,0.7969178834478013,0.14648525167395424,0.03184840176410895,0.05656373515219504,high,low,high,high,low,high,high_level-high_diversity,low_level-low_diversity,high_level-high_diversity,4.5,Cannabis legalisation,0,0,0,NA,0,0
315792773928,3,monetary,NA,1,1,0,0.5294117647058824,3,1,13,45,not female,0,1,1,0,0,2,3,1,259,0,0,0,0,0,10633,0,0,0,NA,NA,NA,NA,NA,NA,NA,NA,NA,NA,NA,NA,NA,NA,NA,TRUE,0.6552351137109405,0.6538552623069758,0.6987160387731441,0.10954996980179472,0.04236093921801196,0.0707255289552713,low,low,low,high,low,high,low_level-high_diversity,low_level-low_diversity,low_level-high_diversity,4.5,Cannabis legalisation,0,0,0,NA,0,1
315817469748,3,monetary,NA,1,7,0,0.47058823529411764,2,1,9,66,not female,0,7,7,0,0,2,2,0,5,0,0,0,0,0,38,0,0,0,NA,NA,NA,NA,NA,NA,NA,NA,NA,NA,NA,NA,NA,NA,NA,TRUE,0.7809671368467158,0.7879799944911788,0.696433771726972,0.02434790454622704,NA,NA,high,high,low,low,NA,NA,high_level-low_diversity,NA,NA,NA,Cannabis legalisation,0,0,0,NA,0,1
315832038948,3,monetary,NA,1,1,0,0.7647058823529411,4,8,16,66,not female,0,1,1,0,0,1,3,2,442,0,0,0,0,0,9916,0,0,0,NA,NA,NA,NA,NA,NA,NA,NA,NA,NA,NA,NA,NA,NA,NA,TRUE,0.6674736654044537,0.6489147279142367,0.7301327421418807,0.15148379943720017,0.00681378413124661,0.09084974353294724,high,low,high,high,low,high,high_level-high_diversity,low_level-low_diversity,high_level-high_diversity,3.5,Cannabis legalisation,0,0,0,NA,0,1
315937648548,3,control,0,0,2,0,0.6470588235294118,2,3,12,24,female,0,2,2,0,0,3,3,0,702,0,0,0,0,0,20078,0,0,0,NA,NA,NA,NA,NA,NA,NA,NA,NA,NA,NA,NA,NA,NA,NA,TRUE,0.5637120044951216,0.6724649643550329,0.6863498198484037,0.13897064594436098,0.0844092949126696,0.05077701759326422,low,high,low,high,high,low,low_level-high_diversity,high_level-high_diversity,low_level-low_diversity,4,Cannabis legalisation,0,0,0,NA,0,0
316718361360,3,control,0,0,1,0,0.7647058823529411,4,8,11,72,not female,0,1,2,1,1,2,1,-1,115,0,0,0,0,0,3261,0,0,0,NA,NA,NA,NA,NA,NA,NA,NA,NA,NA,NA,NA,NA,NA,NA,TRUE,0.5767649771733017,0.6483558755950282,0.6001215036606349,0.074542489584141,NA,0.00630354843124897,low,low,low,low,NA,low,low_level-low_diversity,NA,low_level-low_diversity,6.5,Cannabis legalisation,1,1,0,NA,0,0
316820418264,3,verbal,1,NA,1,1,0.5294117647058824,3,3,11,63,not female,0,1,5,4,4,3,2,-1,10,0,0,0,0,0,787,0,0,0,NA,NA,NA,NA,NA,NA,NA,NA,NA,NA,NA,NA,NA,NA,NA,TRUE,0.6677484903204599,0.6780398796844334,0.6676506660908261,0.0621780035316655,0.07650539124032667,0.06774710932473417,high,high,low,low,high,high,high_level-low_diversity,high_level-high_diversity,low_level-high_diversity,NA,Cannabis legalisation,4,4,0,NA,1,0
316867954212,3,monetary,NA,1,2,1,0.7058823529411765,4,8,15,45,female,1,2,4,2,2,2,3,1,320,36,1,7,29,10,26940,5027,0.1865998515219005,0.14203496295892346,27,8,0.6358436826690237,0.6427143213464307,0.6470648719347593,19,7,0.613159374943039,0.6258279889475893,0.6313701105071011,34,9,0.6375475209658136,0.6479760178908325,0.6509117575808913,TRUE,0.4739784118784315,0.7005997884862748,0.6867896389186451,0.14839169645777534,0.11751529713720037,0.1233527226297602,low,high,low,high,high,high,low_level-high_diversity,high_level-high_diversity,low_level-high_diversity,6,Cannabis legalisation,2,2,36,0.6358436826690237,0,1
316893197916,3,verbal,1,NA,2,1,0.7647058823529411,4,8,23,59,not female,0,2,2,0,0,3,2,-1,106,0,0,0,0,0,2819,0,0,0,NA,NA,NA,NA,NA,NA,NA,NA,NA,NA,NA,NA,NA,NA,NA,TRUE,0.6404014149746813,0.7902343061086018,0.7522803809380663,0.17357222207099812,0.06535805478356421,0.05564235265799832,low,high,high,high,high,high,low_level-high_diversity,high_level-high_diversity,high_level-high_diversity,5,Cannabis legalisation,0,0,0,NA,1,0
316902020148,3,verbal,1,NA,1,0,0.6470588235294118,4,8,20,64,female,1,1,1,0,0,3,2,-1,394,3,1,1,2,2,13113,135,0.01029512697323267,0.010655834077125587,2,1,0.682819360793679,0.682819360793679,0.6828193607936789,NA,NA,NA,NA,NA,3,2,0.6782932455216311,0.6779699515736277,0.6776112394920496,TRUE,0.526301856784179,0.69471357319896,0.7113691241807217,0.1300443482979633,NA,0.04128042994612881,low,high,high,high,NA,low,low_level-high_diversity,NA,high_level-low_diversity,6,Cannabis legalisation,0,0,3,0.682819360793679,1,0
316926303516,3,verbal,1,NA,1,0,0.7647058823529411,4,6,13,53,not female,0,1,1,0,0,3,2,-1,38,0,0,0,0,0,1978,0,0,0,NA,NA,NA,NA,NA,NA,NA,NA,NA,NA,NA,NA,NA,NA,NA,TRUE,0.7072161186230392,0.6542867762176838,0.7078939585603565,0.03517929367345428,0.02048250871505577,0.03510363193658927,high,low,low,low,low,low,high_level-low_diversity,low_level-low_diversity,low_level-low_diversity,4.5,Cannabis legalisation,0,0,0,NA,1,0
316958656032,3,control,0,0,1,0,0.8823529411764706,4,1,12,62,female,0,1,1,0,0,3,3,0,233,0,0,0,0,0,13200,0,0,0,NA,NA,NA,NA,NA,NA,NA,NA,NA,NA,NA,NA,NA,NA,NA,TRUE,0.6513174248939508,0.7901631513612616,0.6743479794430287,0.07332557588129546,0.08567775985368427,0.07836395152125487,low,high,low,low,high,high,low_level-low_diversity,high_level-high_diversity,low_level-high_diversity,6.5,Cannabis legalisation,0,0,0,NA,0,0
316965700548,3,monetary,NA,1,4,NA,0.35294117647058826,2,8,17,51,female,0,4,5,1,1,2,2,0,446,0,0,0,0,0,16039,0,0,0,NA,NA,NA,NA,NA,NA,NA,NA,NA,NA,NA,NA,NA,NA,NA,TRUE,0.5904659553100832,0.6478408222040162,0.6265572737726324,0.1092025831315336,0.016890816495093,0.07101815424957772,low,low,low,high,low,high,low_level-high_diversity,low_level-low_diversity,low_level-high_diversity,4.5,Cannabis legalisation,1,1,0,NA,0,1
317025893916,3,monetary,NA,1,1,0,0.7058823529411765,5,1,16,55,not female,1,1,1,0,0,2,2,0,32,2,1,1,1,2,996,260,0.26104417670682734,0.0911907254968745,1,1,0.682819360793679,0.682819360793679,0.682819360793679,NA,NA,NA,NA,NA,2,2,0.6891102334929751,0.7412346072871425,0.7213207549416795,TRUE,0.4261205478402136,0.6800327372183823,0.7672381878602341,0.07851199697406448,0.00683595561113799,0.06146194987877178,low,high,high,low,low,high,low_level-low_diversity,high_level-low_diversity,high_level-high_diversity,6,Cannabis legalisation,0,0,2,0.682819360793679,0,1
317153595348,3,monetary,NA,1,7,0,0.29411764705882354,2,2,14,51,not female,0,7,7,0,0,3,4,1,96,0,0,0,0,0,3986,0,0,0,NA,NA,NA,NA,NA,NA,NA,NA,NA,NA,NA,NA,NA,NA,NA,TRUE,0.6431160062121789,0.6262172381017417,0.7198402446036352,0.13361141428471793,0.04718314677434812,0.03223616842458447,low,low,high,high,low,low,low_level-high_diversity,low_level-low_diversity,high_level-low_diversity,2,Cannabis legalisation,0,0,0,NA,0,1
317245731516,3,verbal,1,NA,4,1,0.4117647058823529,4,5,18,53,not female,0,4,7,3,3,3,3,0,80,0,0,0,0,0,7961,0,0,0,NA,NA,NA,NA,NA,NA,NA,NA,NA,NA,NA,NA,NA,NA,NA,TRUE,0.6949784950217923,0.6958447852645363,0.6955904953371087,0.03433110094070676,0.03325886405918593,0.03353607846464968,high,high,low,low,low,low,high_level-low_diversity,high_level-low_diversity,low_level-low_diversity,7,Cannabis legalisation,3,3,0,NA,1,0
317287793412,3,verbal,1,NA,4,0,0.35294117647058826,4,8,12,58,female,0,4,4,0,0,1,2,1,152,0,0,0,0,0,7183,0,0,0,NA,NA,NA,NA,NA,NA,NA,NA,NA,NA,NA,NA,NA,NA,NA,TRUE,0.45302868976306415,NA,0.6992269865724398,0.13308321661858535,NA,0.01672627071000554,low,NA,low,high,NA,low,low_level-high_diversity,NA,low_level-low_diversity,6,Cannabis legalisation,0,0,0,NA,1,0
317304006264,3,monetary,NA,1,4,0,0.6470588235294118,3,3,10,40,not female,0,4,4,0,0,1,2,1,155,0,0,0,0,0,3957,0,0,0,NA,NA,NA,NA,NA,NA,NA,NA,NA,NA,NA,NA,NA,NA,NA,TRUE,0.6927837865355513,0.7662354456590309,0.7630618572128481,0.05162316514075987,0.04959423994423499,0.05796416428367587,high,high,high,low,low,high,high_level-low_diversity,high_level-low_diversity,high_level-high_diversity,5,Cannabis legalisation,0,0,0,NA,0,1
317319329916,3,verbal,1,NA,5,0,0.5294117647058824,2,1,16,48,female,1,5,5,0,0,2,2,0,160,2,1,1,1,2,11448,148,0.012928022361984625,0.017724760667488165,1,1,0.816946216297037,0.816946216297037,0.816946216297037,1,1,0.816946216297037,0.816946216297037,0.816946216297037,2,2,0.7807820068788854,0.742608674715281,0.7525622109300794,TRUE,0.6297673202185061,0.6428030590030102,0.7297414680314628,0.10408252630884712,NA,0.04563315882194636,low,low,high,high,NA,low,low_level-high_diversity,NA,high_level-low_diversity,5.5,Cannabis legalisation,0,0,2,0.816946216297037,1,0
317450653812,3,verbal,1,NA,7,1,0.7647058823529411,4,2,14,28,not female,0,7,7,0,0,3,3,0,146,0,0,0,0,0,2517,0,0,0,NA,NA,NA,NA,NA,NA,NA,NA,NA,NA,NA,NA,NA,NA,NA,TRUE,0.7091842272203317,0.7500162579853321,0.7494155662653599,0.07586330061085614,0.05469857646355365,0.05430489230112146,high,high,high,low,high,high,high_level-low_diversity,high_level-high_diversity,high_level-high_diversity,6,Cannabis legalisation,0,0,0,NA,1,0
317988002160,3,monetary,NA,1,1,0,0.8823529411764706,5,8,19,44,not female,0,1,1,0,0,1,1,0,35,0,0,0,0,0,1913,0,0,0,NA,NA,NA,NA,NA,NA,NA,NA,NA,NA,NA,NA,NA,NA,NA,TRUE,0.5667896377994408,0.6633441196170465,0.7081872652628644,0.17742383072452514,0.03100864705599236,0.1055272311896505,low,low,low,high,low,high,low_level-high_diversity,low_level-low_diversity,low_level-high_diversity,5.5,Cannabis legalisation,0,0,0,NA,0,1
318880282212,3,monetary,NA,1,4,0,0.7647058823529411,3,6,20,54,female,0,4,3,-1,1,2,2,0,124,0,0,0,0,0,7625,0,0,0,NA,NA,NA,NA,NA,NA,NA,NA,NA,NA,NA,NA,NA,NA,NA,TRUE,0.713651114461644,0.7882096158018222,0.7202708528329518,0.06103465726869298,0.06042450509163585,0.0537948395185218,high,high,high,low,high,low,high_level-low_diversity,high_level-high_diversity,high_level-low_diversity,4.5,Cannabis legalisation,1,-1,0,NA,0,1
318887057916,3,control,0,0,5,0,0.4117647058823529,3,5,12,52,not female,0,5,6,1,1,3,2,-1,39,0,0,0,0,0,3874,0,0,0,NA,NA,NA,NA,NA,NA,NA,NA,NA,NA,NA,NA,NA,NA,NA,TRUE,0.6549807535499059,0.6554385052693601,0.6238141176632018,0.06427537031507395,0.07744969882937885,0.0554721349051869,low,low,low,low,high,high,low_level-low_diversity,low_level-high_diversity,low_level-high_diversity,5,Cannabis legalisation,1,1,0,NA,0,0
318951623412,3,control,0,0,2,1,0.8823529411764706,5,5,14,58,not female,0,2,1,-1,1,4,3,-1,18,0,0,0,0,0,1602,0,0,0,NA,NA,NA,NA,NA,NA,NA,NA,NA,NA,NA,NA,NA,NA,NA,TRUE,0.7023965701008921,0.6830404433325373,0.6917037621097559,0.07499591708259325,0.07313098325240286,0.06766720538761561,high,high,low,low,high,high,high_level-low_diversity,high_level-high_diversity,low_level-high_diversity,6.5,Cannabis legalisation,1,-1,0,NA,0,0
319007373516,3,verbal,1,NA,5,1,0.23529411764705882,3,3,12,21,not female,1,5,5,0,0,2,3,1,577,3,1,2,1,2,39659,273,0.006883683400993469,0.006984839014944206,NA,NA,NA,NA,NA,NA,NA,NA,NA,NA,2,1,0.668271133133525,0.668271133133525,0.6682711331335249,TRUE,0.41515502997569026,0.6909862291267987,0.6666682824214791,0.10138875204727715,0.05843197628794314,0.07020568212502044,low,high,low,high,high,high,low_level-high_diversity,high_level-high_diversity,low_level-high_diversity,4.5,Cannabis legalisation,0,0,3,NA,1,0
319123378548,3,verbal,1,NA,2,0,0.4117647058823529,4,8,13,44,female,0,2,1,-1,1,2,2,0,9,0,0,0,0,0,1956,0,0,0,NA,NA,NA,NA,NA,NA,NA,NA,NA,NA,NA,NA,NA,NA,NA,TRUE,0.3897293294610864,0.578455258625987,0.7918306265718401,0.07904770641833045,NA,0.1477547704190268,low,low,high,low,NA,high,low_level-low_diversity,NA,high_level-high_diversity,NA,Cannabis legalisation,1,-1,0,NA,1,0
319158263232,3,monetary,NA,1,4,1,0.6470588235294118,4,8,11,51,female,0,4,4,0,0,2,2,0,112,0,0,0,0,0,2668,0,0,0,NA,NA,NA,NA,NA,NA,NA,NA,NA,NA,NA,NA,NA,NA,NA,TRUE,0.7025535117956612,0.6294765958463752,0.7098157497822056,0.03281707076138403,0.03511462718634182,0.0277115665845207,high,low,low,low,low,low,high_level-low_diversity,low_level-low_diversity,low_level-low_diversity,5.5,Cannabis legalisation,0,0,0,NA,0,1
319216674780,3,control,0,0,6,1,0.8235294117647058,4,8,20,53,not female,0,6,6,0,0,3,3,0,91,0,0,0,0,0,3821,0,0,0,NA,NA,NA,NA,NA,NA,NA,NA,NA,NA,NA,NA,NA,NA,NA,TRUE,0.5748231912824944,0.6798658066158819,0.6842506961983209,0.13436994488434653,0.04105488548117286,0.04614992511745267,low,high,low,high,low,low,low_level-high_diversity,high_level-low_diversity,low_level-low_diversity,6.5,Cannabis legalisation,0,0,0,NA,0,0
319309766496,3,monetary,NA,1,7,0,0.35294117647058826,2,4,13,41,not female,0,7,5,-2,2,1,2,1,19,0,0,0,0,0,1478,0,0,0,NA,NA,NA,NA,NA,NA,NA,NA,NA,NA,NA,NA,NA,NA,NA,TRUE,0.6987512970456459,0.6998058331791939,0.6988009032636386,0.06275937164158925,0.06182379403642189,0.06264948006535911,high,high,low,low,high,high,high_level-low_diversity,high_level-high_diversity,low_level-high_diversity,4.5,Cannabis legalisation,2,-2,0,NA,0,1
319397800716,3,verbal,1,NA,5,0,0.4117647058823529,3,4,18,24,female,0,5,4,-1,1,2,3,1,359,0,0,0,0,0,15021,0,0,0,NA,NA,NA,NA,NA,NA,NA,NA,NA,NA,NA,NA,NA,NA,NA,TRUE,0.6884661659154658,NA,0.7943163675056168,0.12356523720470942,NA,0.00860086611734436,high,NA,high,high,NA,low,high_level-high_diversity,NA,high_level-low_diversity,NA,Cannabis legalisation,1,-1,0,NA,1,0
319406073696,3,monetary,NA,1,1,1,0.47058823529411764,2,0,17,51,female,1,1,1,0,0,2,3,1,229,10,1,5,5,4,11005,436,0.039618355293048614,0.04559599468148309,5,3,0.7233587917820844,0.7410600650303532,0.7348855128956481,3,2,0.7360901833321621,0.779887201188136,0.7618729258881952,10,4,0.7084497465515109,0.7046655990819392,0.7045815672997172,TRUE,0.7539719066502785,0.6261119377641398,0.7769499286029574,0.05678854807473105,0.04198501035239031,0.02327842069629585,high,low,high,low,low,low,high_level-low_diversity,low_level-low_diversity,high_level-low_diversity,6,Cannabis legalisation,0,0,10,0.7233587917820844,0,1
319484393064,3,monetary,NA,1,1,0,0.8235294117647058,3,8,7,61,not female,0,1,4,3,3,1,2,1,32,0,0,0,0,0,1927,0,0,0,NA,NA,NA,NA,NA,NA,NA,NA,NA,NA,NA,NA,NA,NA,NA,TRUE,0.6336149518311837,0.6575897364970511,0.6577912657884638,0.09482307265474912,0.05105572007557839,0.05486150834601435,low,low,low,high,low,high,low_level-high_diversity,low_level-low_diversity,low_level-high_diversity,4.5,Cannabis legalisation,3,3,0,NA,0,1
319637540664,3,verbal,1,NA,6,1,0.8823529411764706,5,7,18,26,not female,0,6,6,0,0,3,3,0,13,0,0,0,0,0,448,0,0,0,NA,NA,NA,NA,NA,NA,NA,NA,NA,NA,NA,NA,NA,NA,NA,TRUE,0.4190009620095742,0.7013449260789147,0.6982550951834621,0.10902456404014324,0.09025760568704348,0.09043272720951852,low,high,low,high,high,high,low_level-high_diversity,high_level-high_diversity,low_level-high_diversity,5.5,Cannabis legalisation,0,0,0,NA,1,0
319681659348,3,verbal,1,NA,1,0,0.8235294117647058,3,5,12,58,not female,0,1,1,0,0,1,2,1,313,1,1,1,0,1,20902,23,0.0011003731700315758,0.0032684868784472808,NA,NA,NA,NA,NA,NA,NA,NA,NA,NA,NA,NA,NA,NA,NA,TRUE,0.586335886069918,0.6549170991130661,0.7159185386737685,0.15457502343292254,0.03933319484771184,0.03731951264020097,low,low,high,high,low,low,low_level-high_diversity,low_level-low_diversity,high_level-low_diversity,6,Cannabis legalisation,0,0,1,NA,1,0
319780293516,3,control,0,0,5,0,0.058823529411764705,3,2,11,25,female,0,5,3,-2,2,3,1,-2,684,0,0,0,0,0,25889,0,0,0,NA,NA,NA,NA,NA,NA,NA,NA,NA,NA,NA,NA,NA,NA,NA,TRUE,0.6675200753865322,0.6050403594623395,0.6277800558093108,0.01241615553562755,0.02393109052127507,0.06643828489834654,high,low,low,low,low,high,high_level-low_diversity,low_level-low_diversity,low_level-high_diversity,NA,Cannabis legalisation,2,-2,0,NA,0,0
319948896096,3,verbal,1,NA,7,NA,0.8823529411764706,2,3,17,28,female,0,7,7,0,0,2,2,0,47,0,0,0,0,0,3754,0,0,0,NA,NA,NA,NA,NA,NA,NA,NA,NA,NA,NA,NA,NA,NA,NA,TRUE,0.6627426218422258,NA,0.813681794497258,0.04927550125034021,NA,NA,low,NA,high,low,NA,NA,low_level-low_diversity,NA,NA,6,Cannabis legalisation,0,0,0,NA,1,0
319984871760,3,control,0,0,2,1,0.47058823529411764,2,8,15,52,female,0,2,2,0,0,2,2,0,14,0,0,0,0,0,174,0,0,0,NA,NA,NA,NA,NA,NA,NA,NA,NA,NA,NA,NA,NA,NA,NA,TRUE,0.728693231358026,NA,0.728693231358026,NA,NA,NA,high,NA,high,NA,NA,NA,NA,NA,NA,4,Cannabis legalisation,0,0,0,NA,0,0
320071743180,3,monetary,NA,1,6,1,0.7647058823529411,5,8,25,44,female,0,6,6,0,0,3,3,0,17,0,0,0,0,0,1692,0,0,0,NA,NA,NA,NA,NA,NA,NA,NA,NA,NA,NA,NA,NA,NA,NA,TRUE,0.6926427702585763,0.777632539743174,0.777632539743174,0.0931238366212284,0.054912898768596743,0.054912898768596743,high,high,high,high,high,high,high_level-high_diversity,high_level-high_diversity,high_level-high_diversity,7,Cannabis legalisation,0,0,0,NA,0,1
320098008096,3,monetary,NA,1,3,0,0.35294117647058826,3,1,25,42,female,0,3,5,2,2,1,3,2,11,0,0,0,0,0,7683,0,0,0,NA,NA,NA,NA,NA,NA,NA,NA,NA,NA,NA,NA,NA,NA,NA,TRUE,0.7271241831391155,0.7357643133410906,0.7648135367542351,0.09852696839969716,0.05861684732841493,0.04877942009889265,high,high,high,high,high,low,high_level-high_diversity,high_level-high_diversity,high_level-low_diversity,6,Cannabis legalisation,2,2,0,NA,0,1
321496653348,3,verbal,1,NA,7,1,0.7058823529411765,4,6,17,57,female,0,7,7,0,0,4,4,0,292,0,0,0,0,0,12772,0,0,0,NA,NA,NA,NA,NA,NA,NA,NA,NA,NA,NA,NA,NA,NA,NA,TRUE,0.45953295391541793,0.7219366935073891,0.7042024671536437,0.13743589687673635,0.10407733304731842,0.12153086069685852,low,high,low,high,high,high,low_level-high_diversity,high_level-high_diversity,low_level-high_diversity,5.5,Cannabis legalisation,0,0,0,NA,1,0
321515327232,3,verbal,1,NA,7,1,0.6470588235294118,3,3,16,58,female,0,7,7,0,0,3,3,0,6,0,0,0,0,0,1013,0,0,0,NA,NA,NA,NA,NA,NA,NA,NA,NA,NA,NA,NA,NA,NA,NA,TRUE,0.6497228581147279,0.6411101733837368,0.6401383268599492,0.08811791910952065,0.04233382199747315,0.04327322678839192,low,low,low,high,low,low,low_level-high_diversity,low_level-low_diversity,low_level-low_diversity,5.5,Cannabis legalisation,0,0,0,NA,1,0
321593645232,3,control,0,0,3,1,0.5294117647058824,3,3,12,39,not female,0,3,2,-1,1,2,2,0,40,0,0,0,0,0,1032,0,0,0,NA,NA,NA,NA,NA,NA,NA,NA,NA,NA,NA,NA,NA,NA,NA,TRUE,0.5515975953265804,NA,0.7078314927289214,0.1558293624360473,NA,0.03797233284708302,low,NA,low,high,NA,low,low_level-high_diversity,NA,low_level-low_diversity,4.5,Cannabis legalisation,1,-1,0,NA,0,0
321781061232,3,control,0,0,3,0,0.5294117647058824,2,5,15,54,female,0,3,5,2,2,2,1,-1,21,0,0,0,0,0,1593,0,0,0,NA,NA,NA,NA,NA,NA,NA,NA,NA,NA,NA,NA,NA,NA,NA,TRUE,0.6961308067712976,0.6700518075416239,0.6701034331269629,0.07876784107676318,0.04980224121280499,0.04976716553151247,high,low,low,low,low,low,high_level-low_diversity,low_level-low_diversity,low_level-low_diversity,6,Cannabis legalisation,2,2,0,NA,0,0
321941185632,3,verbal,1,NA,1,0,0.35294117647058826,3,4,12,64,female,0,1,1,0,0,2,3,1,44,0,0,0,0,0,7885,0,0,0,NA,NA,NA,NA,NA,NA,NA,NA,NA,NA,NA,NA,NA,NA,NA,TRUE,0.651009540098158,0.6137039007741387,0.6170875355779356,0.08556636146189199,0.03751200170402392,0.04022532535193821,low,low,low,low,low,low,low_level-low_diversity,low_level-low_diversity,low_level-low_diversity,5.5,Cannabis legalisation,0,0,0,NA,1,0
322114509180,3,control,0,0,1,1,0.7647058823529411,4,8,16,36,not female,0,1,1,0,0,3,3,0,57,0,0,0,0,0,5511,0,0,0,NA,NA,NA,NA,NA,NA,NA,NA,NA,NA,NA,NA,NA,NA,NA,TRUE,0.41078706885070027,0.8021138322172614,0.41205309446659344,0.11509902823286092,0.12212431685404922,0.16380632869330575,low,high,low,high,high,high,low_level-high_diversity,high_level-high_diversity,low_level-high_diversity,6,Cannabis legalisation,0,0,0,NA,0,0
322176687516,3,monetary,NA,1,5,NA,0.35294117647058826,3,4,13,24,not female,0,5,4,-1,1,3,3,0,134,0,0,0,0,0,2457,0,0,0,NA,NA,NA,NA,NA,NA,NA,NA,NA,NA,NA,NA,NA,NA,NA,TRUE,0.6469811784043594,0.578455258625987,0.6349117833597661,0.06353550522793457,NA,0.06254706561556071,low,low,low,low,NA,high,low_level-low_diversity,NA,low_level-high_diversity,5,Cannabis legalisation,1,-1,0,NA,0,1
322203904560,3,verbal,1,NA,1,1,0.7647058823529411,5,8,13,46,female,1,1,1,0,0,3,3,0,424,6,1,3,3,4,10378,108,0.010406629408363847,0.017800473445357744,2,2,0.5411327589584576,0.563973788425142,0.5565565719254666,1,1,0.512062357819041,0.512062357819041,0.512062357819041,5,3,0.5774580087227625,0.6265521952501718,0.6109856469572579,TRUE,0.6488452233280285,0.6534938940268954,0.7354991736321929,0.15091682157539782,0.02285699053523784,0.06676040677740637,low,low,high,high,low,high,low_level-high_diversity,low_level-low_diversity,high_level-high_diversity,7,Cannabis legalisation,0,0,6,0.5411327589584576,1,0
322204179528,3,control,0,0,4,0,0.47058823529411764,4,2,16,32,female,0,4,4,0,0,1,2,1,43,0,0,0,0,0,3472,0,0,0,NA,NA,NA,NA,NA,NA,NA,NA,NA,NA,NA,NA,NA,NA,NA,TRUE,0.6571146313730037,0.5784552586259871,0.6201417434854144,0.06306208848278369,NA,0.0923061454436387,low,low,low,low,NA,high,low_level-low_diversity,NA,low_level-high_diversity,5,Cannabis legalisation,0,0,0,NA,0,0
322259859864,3,monetary,NA,1,6,0,0.6470588235294118,4,0,10,58,female,0,6,7,1,1,2,2,0,92,0,0,0,0,0,8720,0,0,0,NA,NA,NA,NA,NA,NA,NA,NA,NA,NA,NA,NA,NA,NA,NA,TRUE,0.6683229607588843,0.6661650359091884,0.6686244479160658,0.07724916966856485,0.07115119793557337,0.07727646439581314,high,low,low,low,high,high,high_level-low_diversity,low_level-high_diversity,low_level-high_diversity,5.5,Cannabis legalisation,1,1,0,NA,0,1
322280654148,3,monetary,NA,1,7,0,0.5294117647058824,2,4,15,29,female,1,7,6,-1,1,1,2,1,81,3,1,2,1,2,4932,470,0.09529602595296026,0.052629208888217496,1,1,0.682819360793679,0.682819360793679,0.6828193607936789,NA,NA,NA,NA,NA,3,2,0.682262194627971,0.6731205423535763,0.6769307280324864,TRUE,0.7523548141000396,NA,0.7636637637767613,0.04697383026043578,NA,0.02422602397647011,high,NA,high,low,NA,low,high_level-low_diversity,NA,high_level-low_diversity,NA,Cannabis legalisation,1,-1,3,0.682819360793679,0,1
322300761012,3,monetary,NA,1,7,1,0.6470588235294118,5,8,20,63,female,1,7,7,0,0,3,3,0,497,5,1,2,3,4,15195,658,0.0433037183283975,0.017456145388632455,3,3,0.6217818905952803,0.6178074922279203,0.6207181213672788,3,3,0.6217818905952803,0.6178074922279203,0.6207181213672788,3,3,0.6217818905952803,0.6178074922279203,0.6207181213672788,TRUE,0.6937133401005707,0.6459947442687012,0.6932807970643644,0.0224343076534895,0.0074911235067758,0.01366188178845679,high,low,low,low,low,low,high_level-low_diversity,low_level-low_diversity,low_level-low_diversity,5.5,Cannabis legalisation,0,0,5,0.6217818905952803,0,1
322309516212,3,verbal,1,NA,4,1,0.5882352941176471,3,3,12,58,female,0,4,2,-2,2,3,3,0,223,0,0,0,0,0,15570,0,0,0,NA,NA,NA,NA,NA,NA,NA,NA,NA,NA,NA,NA,NA,NA,NA,TRUE,0.6663117669539566,0.637032029018589,0.6878462820745268,0.1354106510066153,0.0997006219656882,0.12008730838682768,high,low,low,high,high,high,high_level-high_diversity,low_level-high_diversity,low_level-high_diversity,6.5,Cannabis legalisation,2,-2,0,NA,1,0
322356578148,3,verbal,1,NA,4,0,0.29411764705882354,3,8,18,59,female,0,4,1,-3,3,1,2,1,264,0,0,0,0,0,4602,0,0,0,NA,NA,NA,NA,NA,NA,NA,NA,NA,NA,NA,NA,NA,NA,NA,TRUE,0.6702760296647035,0.648355875595028,0.7313770298027731,0.01869548523628597,NA,0.07637388353360504,high,low,high,low,NA,high,high_level-low_diversity,NA,high_level-high_diversity,5.5,Cannabis legalisation,3,-3,0,NA,1,0
322359929748,3,monetary,NA,1,7,0,0.29411764705882354,2,3,13,34,not female,0,7,7,0,0,2,2,0,135,0,0,0,0,0,7148,0,0,0,NA,NA,NA,NA,NA,NA,NA,NA,NA,NA,NA,NA,NA,NA,NA,TRUE,0.5530838357614233,NA,0.7676747578194543,0.20057284551027285,NA,0.03217808838384175,low,NA,high,high,NA,low,low_level-high_diversity,NA,high_level-low_diversity,5.5,Cannabis legalisation,0,0,0,NA,0,1
322388382096,3,monetary,NA,1,7,1,0.9411764705882353,5,8,12,42,not female,1,7,7,0,0,4,4,0,248,4,1,1,3,4,6812,154,0.022607163828537873,0.017673438786873545,3,3,0.5843363776012891,0.6525955262838177,0.6212038759363784,2,2,0.5820100079195791,0.637483609028887,0.6079191285213337,4,4,0.597417118723196,0.6565144279962445,0.6349333885049216,TRUE,0.5815876071860994,0.6576060744803,0.6978276783636035,0.17677277410670045,0.07035565155724072,0.04359898777584379,low,low,low,high,high,low,low_level-high_diversity,low_level-high_diversity,low_level-low_diversity,6.5,Cannabis legalisation,0,0,4,0.5843363776012891,0,1
322434896832,3,monetary,NA,1,1,0,0.6470588235294118,2,6,15,46,not female,1,1,1,0,0,2,2,0,196,4,1,2,2,2,7136,370,0.05184977578475336,0.030167023935853098,2,1,0.682819360793679,0.682819360793679,0.682819360793679,NA,NA,NA,NA,NA,4,2,0.6810106622197138,0.6755452469636021,0.6776187286412283,TRUE,0.6862230018672654,0.7033969984729784,0.7282899617343959,0.10400413091698908,0.01881515181640219,0.01604806382485529,high,high,high,high,low,low,high_level-high_diversity,high_level-low_diversity,high_level-low_diversity,5.5,Cannabis legalisation,0,0,4,0.682819360793679,0,1
322466697360,3,control,0,0,1,1,0.7058823529411765,5,8,15,32,female,0,1,1,0,0,3,3,0,124,0,0,0,0,0,6073,0,0,0,NA,NA,NA,NA,NA,NA,NA,NA,NA,NA,NA,NA,NA,NA,NA,TRUE,0.7287549358341472,0.7098109346501574,0.729983418286191,0.04023630777549033,0.06648091537944475,0.03969925189715635,high,high,high,low,high,low,high_level-low_diversity,high_level-high_diversity,high_level-low_diversity,NA,Cannabis legalisation,0,0,0,NA,0,0
322488314496,3,monetary,NA,1,5,1,0.8235294117647058,3,3,13,62,not female,0,5,1,-4,4,3,2,-1,34,0,0,0,0,0,2240,0,0,0,NA,NA,NA,NA,NA,NA,NA,NA,NA,NA,NA,NA,NA,NA,NA,TRUE,0.7780509514183271,0.7906381159767732,0.7904862757055963,0.03696759733107845,NA,0.0012729872353975,high,high,high,low,NA,low,high_level-low_diversity,NA,high_level-low_diversity,NA,Cannabis legalisation,4,-4,0,NA,0,1
322599736044,3,verbal,1,NA,5,0,0.5294117647058824,3,4,16,33,female,0,5,6,1,1,3,3,0,46,0,0,0,0,0,3362,0,0,0,NA,NA,NA,NA,NA,NA,NA,NA,NA,NA,NA,NA,NA,NA,NA,TRUE,0.7484417241311506,0.7600014461605166,0.7530665851794752,0.0775663733325553,0.05523424385645309,0.06639864901835897,high,high,high,low,high,high,high_level-low_diversity,high_level-high_diversity,high_level-high_diversity,6,Cannabis legalisation,1,1,0,NA,1,0
322693443360,3,verbal,1,NA,7,0,0.47058823529411764,1,8,14,37,not female,1,7,7,0,0,2,2,0,469,2,1,1,1,2,14516,96,0.006613392119041058,0.005395128332750128,1,1,0.682819360793679,0.682819360793679,0.682819360793679,NA,NA,NA,NA,NA,2,2,0.6817585525267927,0.6755452469636021,0.678221240433247,TRUE,0.5471218960452363,0.6801725916388671,0.6861083008041401,0.16683658164175838,0.06955029669608623,0.07255216319420336,low,high,low,high,high,high,low_level-high_diversity,high_level-high_diversity,low_level-high_diversity,4.5,Cannabis legalisation,0,0,2,0.682819360793679,1,0
322694606844,3,control,0,0,7,1,0.6470588235294118,5,8,20,28,not female,0,7,7,0,0,3,3,0,630,0,0,0,0,0,21130,0,0,0,NA,NA,NA,NA,NA,NA,NA,NA,NA,NA,NA,NA,NA,NA,NA,TRUE,0.48995583953642663,0.7416545602718339,0.7266893926561675,0.17317508467423912,0.0670512922796945,0.03499217723681903,low,high,high,high,high,low,low_level-high_diversity,high_level-high_diversity,high_level-low_diversity,6,Cannabis legalisation,0,0,0,NA,0,0
322707128148,3,control,0,0,4,0,0.6470588235294118,3,0,15,49,female,0,4,4,0,0,1,1,0,22,0,0,0,0,0,1611,0,0,0,NA,NA,NA,NA,NA,NA,NA,NA,NA,NA,NA,NA,NA,NA,NA,TRUE,0.6768476130520346,0.7028177304988367,0.6981475914875532,0.04071688396699684,0.04631967557977963,0.05123329703154182,high,high,low,low,low,low,high_level-low_diversity,high_level-low_diversity,low_level-low_diversity,NA,Cannabis legalisation,0,0,0,NA,0,0
322808223348,3,monetary,NA,1,4,0,0.8235294117647058,3,2,13,38,not female,0,4,4,0,0,2,2,0,137,0,0,0,0,0,4832,0,0,0,NA,NA,NA,NA,NA,NA,NA,NA,NA,NA,NA,NA,NA,NA,NA,TRUE,0.5841278717828021,0.6720475930695122,0.687391756808014,0.18251783903495075,0.12847351837685447,0.1385946348676922,low,high,low,high,high,high,low_level-high_diversity,high_level-high_diversity,low_level-high_diversity,6,Cannabis legalisation,0,0,0,NA,0,1
322846727760,3,verbal,1,NA,6,0,0.5882352941176471,2,8,18,24,female,0,6,6,0,0,3,3,0,213,4,1,4,0,1,2612,38,0.01454823889739663,0.018524563475308554,NA,NA,NA,NA,NA,NA,NA,NA,NA,NA,4,1,0.668271133133525,0.668271133133525,0.6682711331335249,TRUE,0.6804419098892475,0.6590751421657549,0.7215453273627106,0.04939746964089592,0.06135657905515544,0.06269546920398002,high,low,high,low,high,high,high_level-low_diversity,low_level-high_diversity,high_level-high_diversity,6.5,Cannabis legalisation,0,0,4,NA,1,0
323585037360,3,monetary,NA,1,2,0,0.6470588235294118,4,0,30,64,not female,0,2,3,1,1,1,1,0,160,0,0,0,0,0,6191,0,0,0,NA,NA,NA,NA,NA,NA,NA,NA,NA,NA,NA,NA,NA,NA,NA,TRUE,0.4161904392463124,NA,0.794918401788978,0.05785679226983164,NA,0.04333870016081585,low,NA,high,low,NA,low,low_level-low_diversity,NA,high_level-low_diversity,5,Cannabis legalisation,1,1,0,NA,0,1
323625872160,3,control,0,0,1,0,0.5294117647058824,4,8,13,60,female,1,1,1,0,0,1,2,1,309,1,1,0,1,1,16211,22,0.0013571032015298255,0.0038487227976328584,1,1,0.578280690197945,0.578280690197945,0.578280690197945,1,1,0.578280690197945,0.578280690197945,0.578280690197945,1,1,0.578280690197945,0.578280690197945,0.578280690197945,TRUE,0.7722986971172952,0.578455258625987,0.7817037609038499,0.05153970199345851,NA,0.00898470368906814,high,low,high,low,NA,low,high_level-low_diversity,NA,high_level-low_diversity,6,Cannabis legalisation,0,0,1,0.578280690197945,0,0
323640445464,3,control,0,0,5,1,0.7647058823529411,5,5,17,55,not female,0,5,5,0,0,3,3,0,244,0,0,0,0,0,42904,0,0,0,NA,NA,NA,NA,NA,NA,NA,NA,NA,NA,NA,NA,NA,NA,NA,TRUE,0.4340996409649407,0.64361146586255,0.6440061740706319,0.10119113885727309,0.01622952694722774,0.01674062735537469,low,low,low,high,low,low,low_level-high_diversity,low_level-low_diversity,low_level-low_diversity,5.5,Cannabis legalisation,0,0,0,NA,0,0
323660345760,3,control,0,0,4,0,0.47058823529411764,3,1,12,59,not female,0,4,4,0,0,1,1,0,83,0,0,0,0,0,3814,0,0,0,NA,NA,NA,NA,NA,NA,NA,NA,NA,NA,NA,NA,NA,NA,NA,TRUE,0.5293476766506594,0.6894112729695547,0.7707941820454001,0.1688328761833683,0.05155516637161558,0.0240424005199092,low,high,high,high,low,low,low_level-high_diversity,high_level-low_diversity,high_level-low_diversity,6,Cannabis legalisation,0,0,0,NA,0,0
323689213296,3,verbal,1,NA,1,0,0.47058823529411764,3,6,15,65,female,1,1,1,0,0,1,3,2,136,4,1,2,2,3,5539,557,0.10055966781007403,0.04600831123786259,1,1,0.682819360793679,0.682819360793679,0.682819360793679,NA,NA,NA,NA,NA,3,2,0.6705922178884214,0.6731205423535763,0.6727558416624729,TRUE,0.6126888945091574,NA,0.7490426056307998,0.11575563196395446,NA,0.0362679892871396,low,NA,high,high,NA,low,low_level-high_diversity,NA,high_level-low_diversity,6,Cannabis legalisation,0,0,4,0.682819360793679,1,0
323733401748,3,verbal,1,NA,1,NA,0.17647058823529413,1,3,13,41,not female,1,1,1,0,0,2,2,0,937,3,1,1,2,2,22929,155,0.006759998255484321,0.005239229432271571,2,1,0.682819360793679,0.682819360793679,0.6828193607936791,NA,NA,NA,NA,NA,3,2,0.6796281366617744,0.6779699515736277,0.6784329099724714,TRUE,0.5152221720220463,0.6778160081724871,0.7709641240750069,0.1899515612070129,0.05133865060356804,0.0464879713498918,low,high,high,high,low,low,low_level-high_diversity,high_level-low_diversity,high_level-low_diversity,4,Cannabis legalisation,0,0,3,0.682819360793679,1,0
323790307128,3,control,0,0,6,1,0.8823529411764706,3,5,22,50,female,0,6,6,0,0,3,3,0,12,0,0,0,0,0,125,0,0,0,NA,NA,NA,NA,NA,NA,NA,NA,NA,NA,NA,NA,NA,NA,NA,TRUE,0.7293150101787574,0.8048434413782929,0.7454156463572739,0.06753224573139385,0.03945021967995137,0.03114801586898545,high,high,high,low,low,low,high_level-low_diversity,high_level-low_diversity,high_level-low_diversity,7,Cannabis legalisation,0,0,0,NA,0,0
323845780896,3,monetary,NA,1,7,1,0.5294117647058824,3,8,3,52,female,0,7,5,-2,2,3,2,-1,7,0,0,0,0,0,1337,0,0,0,NA,NA,NA,NA,NA,NA,NA,NA,NA,NA,NA,NA,NA,NA,NA,TRUE,0.6161904942420081,0.6203359582508546,0.6194700986246883,0.0800307471301545,0.04802173822499642,0.07063492572272781,low,low,low,low,low,high,low_level-low_diversity,low_level-low_diversity,low_level-high_diversity,6.5,Cannabis legalisation,2,-2,0,NA,0,1
323886476160,3,monetary,NA,1,1,0,0.7647058823529411,4,8,13,45,not female,0,1,1,0,0,3,1,-2,13,0,0,0,0,0,358,0,0,0,NA,NA,NA,NA,NA,NA,NA,NA,NA,NA,NA,NA,NA,NA,NA,TRUE,0.692540230094031,0.6642880010207777,0.6622588591728288,0.07761646474301993,0.08270455220326177,0.08147658421625764,high,low,low,low,high,high,high_level-low_diversity,low_level-high_diversity,low_level-high_diversity,NA,Cannabis legalisation,0,0,0,NA,0,1
323920475064,3,control,0,0,7,1,0.9411764705882353,3,7,14,55,female,1,7,7,0,0,2,3,1,128,4,1,1,3,4,14104,169,0.011982416335791266,0.034453498203457875,3,3,0.6472538745435971,0.6973659655050254,0.6797323528162589,3,3,0.6472538745435971,0.6973659655050254,0.6797323528162589,4,4,0.6519796486644093,0.6900922574121503,0.6768302733668792,TRUE,0.4527885695187471,0.6297069853697984,0.8662608185475265,0.14702943630656343,0.07637540175563515,0.12196612056940868,low,low,high,high,high,high,low_level-high_diversity,low_level-high_diversity,high_level-high_diversity,5.5,Cannabis legalisation,0,0,4,0.6472538745435971,0,0
323935043580,3,verbal,1,NA,6,0,0.4117647058823529,3,1,14,55,female,0,6,6,0,0,3,3,0,2,0,0,0,0,0,555,0,0,0,NA,NA,NA,NA,NA,NA,NA,NA,NA,NA,NA,NA,NA,NA,NA,TRUE,0.5889032527914905,0.5785323551989471,0.5921724359950797,0.09485755673402688,0.08825382791075768,0.09249991530203142,low,low,low,high,high,high,low_level-high_diversity,low_level-high_diversity,low_level-high_diversity,4.5,Cannabis legalisation,0,0,0,NA,1,0
324016918380,3,control,0,0,7,1,0.29411764705882354,4,5,10,48,not female,0,7,6,-1,1,2,2,0,95,0,0,0,0,0,2664,0,0,0,NA,NA,NA,NA,NA,NA,NA,NA,NA,NA,NA,NA,NA,NA,NA,TRUE,0.7453973895547107,0.683819733869346,0.7108748076131639,0.08238960497740173,NA,0.02020490935636626,high,high,high,low,NA,low,high_level-low_diversity,NA,high_level-low_diversity,5,Cannabis legalisation,1,-1,0,NA,0,0
324023277528,3,control,0,0,4,0,0.5294117647058824,2,7,14,54,not female,0,4,6,2,2,1,1,0,173,0,0,0,0,0,5384,0,0,0,NA,NA,NA,NA,NA,NA,NA,NA,NA,NA,NA,NA,NA,NA,NA,TRUE,0.625699611994843,0.6832151644151346,0.7227321606896911,0.16501639094685783,0.07533880772473546,0.05438262919819195,low,high,high,high,high,high,low_level-high_diversity,high_level-high_diversity,high_level-high_diversity,NA,Cannabis legalisation,2,2,0,NA,0,0
324062475516,3,verbal,1,NA,1,0,0.8823529411764706,3,6,12,64,not female,0,1,2,1,1,1,3,2,7,0,0,0,0,0,1591,0,0,0,NA,NA,NA,NA,NA,NA,NA,NA,NA,NA,NA,NA,NA,NA,NA,TRUE,0.6821065857907296,0.7365641875324821,0.711821107332056,0.07368014962608167,0.07153802241016595,0.07721414485434129,high,high,high,low,high,high,high_level-low_diversity,high_level-high_diversity,high_level-high_diversity,4.5,Cannabis legalisation,1,1,0,NA,1,0
324099064044,3,control,0,0,5,0,0.35294117647058826,2,1,12,68,female,0,5,4,-1,1,2,2,0,40,0,0,0,0,0,7012,0,0,0,NA,NA,NA,NA,NA,NA,NA,NA,NA,NA,NA,NA,NA,NA,NA,TRUE,0.4115682060173021,0.6380265103638875,0.6371236014386433,0.09257657441016429,0.05195777763077452,0.04903016952756371,low,low,low,high,low,low,low_level-high_diversity,low_level-low_diversity,low_level-low_diversity,7,Cannabis legalisation,1,-1,0,NA,0,0
324140513760,3,control,0,0,2,NA,0.7647058823529411,4,2,12,58,female,0,2,2,0,0,2,2,0,265,0,0,0,0,0,26992,0,0,0,NA,NA,NA,NA,NA,NA,NA,NA,NA,NA,NA,NA,NA,NA,NA,TRUE,0.7015536981395636,0.76202441052563,0.731448659779222,0.09468991827137448,NA,0.0138597579837096,high,high,high,high,NA,low,high_level-high_diversity,NA,high_level-low_diversity,5.5,Cannabis legalisation,0,0,0,NA,0,0
324382650444,3,monetary,NA,1,4,1,0.8235294117647058,3,7,18,41,female,1,4,5,1,1,3,3,0,647,5,1,4,1,2,26355,72,0.002731929425156517,0.007558626512784221,1,1,0.512062357819041,0.512062357819041,0.512062357819041,1,1,0.512062357819041,0.512062357819041,0.512062357819041,5,2,0.5988450107715321,0.6370293780706282,0.6254964323096535,TRUE,0.5950935873176839,0.7332996462632755,0.7295122185341104,0.1447786531771697,0.10856569271651564,0.07300798208222767,low,high,high,high,high,high,low_level-high_diversity,high_level-high_diversity,high_level-high_diversity,5.5,Cannabis legalisation,1,1,5,0.512062357819041,0,1
324383265360,3,verbal,1,NA,7,1,0.9411764705882353,4,8,15,66,not female,1,7,7,0,0,2,3,1,319,7,1,3,4,4,12857,1076,0.08368981877576417,0.03512535331681462,4,3,0.6369159964492016,0.701986814406323,0.6945588318351222,3,2,0.6331487084206162,0.657958840337819,0.666403323839518,7,4,0.6402962899950952,0.6875372367179811,0.6845314208724919,TRUE,0.6755325268059874,0.7777556494567474,0.7561608286779332,0.02955192457683273,0.06725291569160123,0.05579051389721842,high,high,high,low,high,high,high_level-low_diversity,high_level-high_diversity,high_level-high_diversity,5,Cannabis legalisation,0,0,7,0.6369159964492016,1,0
324482381064,3,verbal,1,NA,4,0,0.7058823529411765,2,8,13,67,not female,1,4,4,0,0,1,2,1,257,7,1,5,2,2,13208,331,0.025060569351907935,0.030190478118348327,2,1,0.705769170970334,0.705769170970334,0.7057691709703339,2,1,0.705769170970334,0.705769170970334,0.7057691709703339,7,2,0.6986320821977692,0.6789848582297562,0.6835783230436524,TRUE,0.6000588376539756,0.6441113803566385,0.6456479812903352,0.12444056676873216,0.01936980998369573,0.02585034610416123,low,low,low,high,low,low,low_level-high_diversity,low_level-low_diversity,low_level-low_diversity,7,Cannabis legalisation,0,0,7,0.705769170970334,1,0
324510290316,3,verbal,1,NA,7,0,0.4117647058823529,4,8,15,65,female,0,7,4,-3,3,3,3,0,277,0,0,0,0,0,49440,0,0,0,NA,NA,NA,NA,NA,NA,NA,NA,NA,NA,NA,NA,NA,NA,NA,TRUE,0.8575480779150438,0.6487337661384727,0.8598450000952151,0.1211524733745382,0.06478122882343637,0.11965871769295,high,low,high,high,high,high,high_level-high_diversity,low_level-high_diversity,high_level-high_diversity,7,Cannabis legalisation,3,-3,0,NA,1,0
324632247516,3,control,0,0,7,0,0.6470588235294118,3,3,9,41,not female,0,7,6,-1,1,2,2,0,178,0,0,0,0,0,7599,0,0,0,NA,NA,NA,NA,NA,NA,NA,NA,NA,NA,NA,NA,NA,NA,NA,TRUE,0.6585257709494781,0.6731571992084961,0.6730258589655898,0.03633178797252004,0.02232642174086882,0.0226390844281085,low,high,low,low,low,low,low_level-low_diversity,high_level-low_diversity,low_level-low_diversity,7,Cannabis legalisation,1,-1,0,NA,0,0
324806187348,3,control,0,0,4,0,0.8235294117647058,4,8,10,48,not female,0,4,4,0,0,3,3,0,204,0,0,0,0,0,9155,0,0,0,NA,NA,NA,NA,NA,NA,NA,NA,NA,NA,NA,NA,NA,NA,NA,TRUE,0.5176759902180319,0.6924466071892843,0.6802309444591826,0.13569080210347334,0.07240181829141433,0.07175306110175673,low,high,low,high,high,high,low_level-high_diversity,high_level-high_diversity,low_level-high_diversity,NA,Cannabis legalisation,0,0,0,NA,0,0
325705305348,3,verbal,1,NA,5,1,0.6470588235294118,5,2,18,65,not female,0,5,6,1,1,3,3,0,28,0,0,0,0,0,53796,0,0,0,NA,NA,NA,NA,NA,NA,NA,NA,NA,NA,NA,NA,NA,NA,NA,TRUE,0.6831715370339835,0.6765151913186174,0.6932990117521084,0.01506014274127163,0.01793657200182365,0.00929883129570745,high,high,low,low,low,low,high_level-low_diversity,high_level-low_diversity,low_level-low_diversity,6,Cannabis legalisation,1,1,0,NA,1,0
325758995928,3,monetary,NA,1,6,0,0.11764705882352941,3,4,10,20,not female,0,6,4,-2,2,4,4,0,126,0,0,0,0,0,4520,0,0,0,NA,NA,NA,NA,NA,NA,NA,NA,NA,NA,NA,NA,NA,NA,NA,TRUE,0.45022381732419986,NA,0.7996498537806059,0.12831016270728834,NA,NA,low,NA,high,high,NA,NA,low_level-high_diversity,NA,NA,5.5,Cannabis legalisation,2,-2,0,NA,0,1
325791216432,3,control,0,0,5,0,0.7058823529411765,2,2,12,50,female,0,5,5,0,0,2,2,0,175,0,0,0,0,0,17439,0,0,0,NA,NA,NA,NA,NA,NA,NA,NA,NA,NA,NA,NA,NA,NA,NA,TRUE,0.40063721051454143,0.6410944953854747,0.6635708425404002,0.07194531856102253,0.0535728237156712,0.04984425059308895,low,low,low,low,low,low,low_level-low_diversity,low_level-low_diversity,low_level-low_diversity,4,Cannabis legalisation,0,0,0,NA,0,0
325862962560,3,control,0,0,7,1,0.8823529411764706,5,8,10,44,not female,0,7,7,0,0,3,3,0,1,0,0,0,0,0,29,0,0,0,NA,NA,NA,NA,NA,NA,NA,NA,NA,NA,NA,NA,NA,NA,NA,TRUE,0.7558292343615225,0.5241155260577336,0.7752110287283693,0.13934953308003423,0.03869741380256567,0.1378434575343759,high,low,high,high,low,high,high_level-high_diversity,low_level-low_diversity,high_level-high_diversity,7,Cannabis legalisation,0,0,0,NA,0,0
325973500380,3,verbal,1,NA,7,1,0.8235294117647058,3,1,10,57,not female,1,7,7,0,0,2,3,1,546,6,1,4,2,3,29091,1091,0.03750300780310062,0.015279092991629536,2,2,0.9161149213228336,0.8746247496917265,0.883582028678857,2,2,0.9161149213228336,0.8746247496917265,0.883582028678857,6,3,0.9023440746565208,0.8246414857509795,0.8394058851918933,TRUE,0.39924833848038194,0.6525974478343928,0.7863440465999347,0.06645385672037173,0.03997658136901119,0.05793054126143026,low,low,high,low,low,high,low_level-low_diversity,low_level-low_diversity,high_level-high_diversity,4.5,Cannabis legalisation,0,0,6,0.9161149213228336,1,0
326052635760,3,control,0,0,7,0,0,2,0,15,27,not female,0,7,4,-3,3,1,1,0,41,0,0,0,0,0,2860,0,0,0,NA,NA,NA,NA,NA,NA,NA,NA,NA,NA,NA,NA,NA,NA,NA,TRUE,0.6635613092797703,NA,NA,0.03685968325057899,NA,NA,high,NA,NA,low,NA,NA,high_level-low_diversity,NA,NA,NA,Cannabis legalisation,3,-3,0,NA,0,0
326105443980,3,control,0,0,5,0,0.8823529411764706,3,8,12,51,female,0,5,6,1,1,2,2,0,187,0,0,0,0,0,4725,0,0,0,NA,NA,NA,NA,NA,NA,NA,NA,NA,NA,NA,NA,NA,NA,NA,TRUE,0.6641498613527097,0.6081756015344398,0.6819561267674683,0.04803281764888262,0.04672954158638671,0.10184247374199798,high,low,low,low,low,high,high_level-low_diversity,low_level-low_diversity,low_level-high_diversity,5.5,Cannabis legalisation,1,1,0,NA,0,0
326118436560,3,verbal,1,NA,4,1,0.8823529411764706,3,6,14,47,not female,1,4,3,-1,1,3,3,0,140,4,1,1,3,4,9787,178,0.018187391437621336,0.03877450837863172,3,3,0.7117083887638187,0.7321507016501817,0.7262936597537336,2,2,0.7398566724270319,0.756816372078433,0.7521658001885415,4,4,0.7058516801395095,0.7161808095210175,0.7137267247804264,TRUE,0.4223627524749193,0.6562051681446973,0.6495507362098799,0.1086770217446388,0.08183886930179027,0.126753482905678,low,low,low,high,high,high,low_level-high_diversity,low_level-high_diversity,low_level-high_diversity,5,Cannabis legalisation,1,-1,4,0.7117083887638187,1,0
326166322716,3,monetary,NA,1,7,0,0.7647058823529411,4,8,16,65,not female,0,7,7,0,0,2,2,0,30,0,0,0,0,0,2969,0,0,0,NA,NA,NA,NA,NA,NA,NA,NA,NA,NA,NA,NA,NA,NA,NA,TRUE,0.9260125374492968,NA,0.932303283086416,0.04026643285299117,NA,NA,high,NA,high,low,NA,NA,high_level-low_diversity,NA,NA,5.5,Cannabis legalisation,0,0,0,NA,0,1
326235468960,3,monetary,NA,1,4,0,0.5294117647058824,3,0,13,35,not female,0,4,4,0,0,1,1,0,12,0,0,0,0,0,248,0,0,0,NA,NA,NA,NA,NA,NA,NA,NA,NA,NA,NA,NA,NA,NA,NA,TRUE,0.4028866394530268,0.745961394333135,0.7690144859135781,0.08959925085962578,NA,0.03414269886956513,low,high,high,high,NA,low,low_level-high_diversity,NA,high_level-low_diversity,7,Cannabis legalisation,0,0,0,NA,0,1
326278086264,3,monetary,NA,1,7,0,0.6470588235294118,3,3,11,58,female,1,7,7,0,0,2,2,0,26,4,1,1,3,2,2383,588,0.24674779689467058,0.1970093677693574,3,1,0.561517992738059,0.561517992738059,0.561517992738059,3,1,0.561517992738059,0.561517992738059,0.561517992738059,4,2,0.5842121127200883,0.5882062778369255,0.5920761918288571,TRUE,0.657855087788598,0.709032705055765,0.6414456742914483,0.04219893569383968,0.01346289557064233,0.06345346618813862,low,high,low,low,low,high,low_level-low_diversity,high_level-low_diversity,low_level-high_diversity,NA,Cannabis legalisation,0,0,4,0.561517992738059,0,1
326279521296,3,monetary,NA,1,4,0,0.5882352941176471,3,0,10,64,female,0,4,4,0,0,1,1,0,390,0,0,0,0,0,19931,0,0,0,NA,NA,NA,NA,NA,NA,NA,NA,NA,NA,NA,NA,NA,NA,NA,TRUE,0.5998986880333235,0.5795188220152707,0.7392516448087622,0.1765061461672486,0.01036603458837655,0.07689054324006575,low,low,high,high,low,high,low_level-high_diversity,low_level-low_diversity,high_level-high_diversity,NA,Cannabis legalisation,0,0,0,NA,0,1
326295594612,3,control,0,0,4,0,0.7058823529411765,1,1,12,53,female,0,4,4,0,0,1,2,1,29,0,0,0,0,0,2853,0,0,0,NA,NA,NA,NA,NA,NA,NA,NA,NA,NA,NA,NA,NA,NA,NA,TRUE,0.6799349128377372,0.6516370872323637,0.6767363070675811,0.07629460359589542,0.06198563302659098,0.07478793654098695,high,low,low,low,high,high,high_level-low_diversity,low_level-high_diversity,low_level-high_diversity,3.5,Cannabis legalisation,0,0,0,NA,0,0
326310098832,3,verbal,1,NA,1,0,0,1,0,17,46,female,0,1,1,0,0,1,2,1,20,0,0,0,0,0,1053,0,0,0,NA,NA,NA,NA,NA,NA,NA,NA,NA,NA,NA,NA,NA,NA,NA,TRUE,0.4513159207251703,NA,0.803352727025278,0.12426533239879756,NA,0.00618443429784863,low,NA,high,high,NA,low,low_level-high_diversity,NA,high_level-low_diversity,7,Cannabis legalisation,0,0,0,NA,1,0
326440400832,3,control,0,0,5,0,0.5294117647058824,3,2,30,36,female,0,5,6,1,1,2,2,0,253,0,0,0,0,0,10052,0,0,0,NA,NA,NA,NA,NA,NA,NA,NA,NA,NA,NA,NA,NA,NA,NA,TRUE,0.6348575769832618,0.6451372857845662,0.7687554423540263,0.11938526977048693,0.06265235825951199,0.03401142922012661,low,low,high,high,high,low,low_level-high_diversity,low_level-high_diversity,high_level-low_diversity,5,Cannabis legalisation,1,1,0,NA,0,0
326445730560,3,monetary,NA,1,7,1,0.6470588235294118,3,1,10,62,female,0,7,7,0,0,2,3,1,41,3,1,3,0,1,2925,50,0.017094017094017096,0.06526398373336181,NA,NA,NA,NA,NA,NA,NA,NA,NA,NA,3,1,0.6682711331335249,0.668271133133525,0.668271133133525,TRUE,0.6882568972730405,0.7050784991083222,0.7015356446914193,0.05643706525879814,0.0622151439517061,0.0638374154232591,high,high,low,low,high,high,high_level-low_diversity,high_level-high_diversity,low_level-high_diversity,6,Cannabis legalisation,0,0,3,NA,0,1
326513041632,3,monetary,NA,1,5,1,0.8235294117647058,4,8,10,60,not female,0,5,7,2,2,2,3,1,91,0,0,0,0,0,9053,0,0,0,NA,NA,NA,NA,NA,NA,NA,NA,NA,NA,NA,NA,NA,NA,NA,TRUE,0.6693640189763078,0.7226661016142751,0.6724239305694948,0.0697414374143725,0.05464119261435144,0.06603682292801456,high,high,low,low,high,high,high_level-low_diversity,high_level-high_diversity,low_level-high_diversity,7,Cannabis legalisation,2,2,0,NA,0,1
326513858328,3,control,0,0,4,0,0.5294117647058824,3,0,15,55,female,0,4,4,0,0,1,1,0,28,0,0,0,0,0,1145,0,0,0,NA,NA,NA,NA,NA,NA,NA,NA,NA,NA,NA,NA,NA,NA,NA,TRUE,0.7076661560560544,0.7932477336535181,0.7573848204226371,0.07951826058085756,0.05787302721142444,0.10191738535124462,high,high,high,low,high,high,high_level-low_diversity,high_level-high_diversity,high_level-high_diversity,5.5,Cannabis legalisation,0,0,0,NA,0,0
326591356896,3,control,0,0,5,0,0.7647058823529411,4,6,18,37,female,0,5,6,1,1,3,2,-1,166,0,0,0,0,0,4455,0,0,0,NA,NA,NA,NA,NA,NA,NA,NA,NA,NA,NA,NA,NA,NA,NA,TRUE,0.8088662903251318,0.5945959752931411,0.7638595984225722,0.08664560901169169,NA,0.09098781268901908,high,low,high,low,NA,high,high_level-low_diversity,NA,high_level-high_diversity,5,Cannabis legalisation,1,1,0,NA,0,0
326616460380,3,verbal,1,NA,1,0,0.5882352941176471,4,2,18,31,female,0,1,1,0,0,3,3,0,186,0,0,0,0,0,6722,0,0,0,NA,NA,NA,NA,NA,NA,NA,NA,NA,NA,NA,NA,NA,NA,NA,FALSE,NA,NA,NA,NA,NA,NA,NA,NA,NA,NA,NA,NA,NA,NA,NA,6.5,Cannabis legalisation,0,0,0,NA,1,0
326668168044,3,monetary,NA,1,4,0,0.5882352941176471,4,4,13,71,not female,0,4,4,0,0,2,2,0,257,0,0,0,0,0,7847,0,0,0,NA,NA,NA,NA,NA,NA,NA,NA,NA,NA,NA,NA,NA,NA,NA,TRUE,0.5315923463808516,0.6508332739082223,0.716873389322834,0.1553084078396905,0.02177258799937064,0.05147103673679914,low,low,high,high,low,low,low_level-high_diversity,low_level-low_diversity,high_level-low_diversity,5.5,Cannabis legalisation,0,0,0,NA,0,1
326671658496,3,monetary,NA,1,5,0,0.47058823529411764,4,8,11,48,not female,0,5,5,0,0,2,2,0,36,0,0,0,0,0,896,0,0,0,NA,NA,NA,NA,NA,NA,NA,NA,NA,NA,NA,NA,NA,NA,NA,TRUE,0.7839488285109862,NA,0.7849650188100176,0.04356740856269456,NA,0.04019880965624368,high,NA,high,low,NA,low,high_level-low_diversity,NA,high_level-low_diversity,4,Cannabis legalisation,0,0,0,NA,0,1
326687595012,3,control,0,0,1,0,0.6470588235294118,3,3,14,65,female,0,1,1,0,0,2,2,0,7,0,0,0,0,0,4400,0,0,0,NA,NA,NA,NA,NA,NA,NA,NA,NA,NA,NA,NA,NA,NA,NA,TRUE,0.44976093106810255,0.6755505328349889,0.613326670731182,0.0962879399318363,0.05116782529134255,0.09911645177248175,low,high,low,high,low,high,low_level-high_diversity,high_level-low_diversity,low_level-high_diversity,6,Cannabis legalisation,0,0,0,NA,0,0
326813589864,3,control,0,0,4,1,0.7647058823529411,3,7,15,52,female,0,4,5,1,1,3,3,0,198,0,0,0,0,0,6112,0,0,0,NA,NA,NA,NA,NA,NA,NA,NA,NA,NA,NA,NA,NA,NA,NA,TRUE,0.7193027093741534,0.6711076574799948,0.7252503650601095,0.0787480412147015,0.06708836454111163,0.06951022824959918,high,low,high,low,high,high,high_level-low_diversity,low_level-high_diversity,high_level-high_diversity,6,Cannabis legalisation,1,1,0,NA,0,0
326914750044,3,verbal,1,NA,2,1,0.7647058823529411,4,0,15,52,not female,0,2,1,-1,1,2,2,0,249,0,0,0,0,0,21500,0,0,0,NA,NA,NA,NA,NA,NA,NA,NA,NA,NA,NA,NA,NA,NA,NA,TRUE,0.472298336197742,0.786114911245495,0.7191690861757944,0.14717338679189032,0.05559921373299076,0.05436283814101509,low,high,high,high,high,high,low_level-high_diversity,high_level-high_diversity,high_level-high_diversity,6,Cannabis legalisation,1,-1,0,NA,1,0
326915164548,3,control,0,0,4,0,0.7058823529411765,3,2,15,37,female,0,4,4,0,0,2,2,0,87,0,0,0,0,0,3495,0,0,0,NA,NA,NA,NA,NA,NA,NA,NA,NA,NA,NA,NA,NA,NA,NA,TRUE,0.669670192176321,0.7556969947010552,0.6939629565277313,0.0547926326924102,0.04004627638666801,0.05297298078382758,high,high,low,low,low,low,high_level-low_diversity,high_level-low_diversity,low_level-low_diversity,NA,Cannabis legalisation,0,0,0,NA,0,0
326946835116,3,monetary,NA,1,6,NA,0.4117647058823529,3,5,14,41,female,1,6,4,-2,2,3,3,0,115,5,1,3,2,3,2792,168,0.06017191977077364,0.051785798080423516,1,1,0.682819360793679,0.682819360793679,0.682819360793679,NA,NA,NA,NA,NA,4,2,0.6804681320809268,0.6719081900485635,0.6747747722877334,TRUE,0.6709034273890636,0.7194806088287881,0.7022631357857235,0.02642806758735069,0.1000558901760558,0.0951061984109387,high,high,low,low,high,high,high_level-low_diversity,high_level-high_diversity,low_level-high_diversity,4,Cannabis legalisation,2,-2,5,0.682819360793679,0,1
328337065116,3,control,0,0,3,0,0.7647058823529411,3,5,20,55,female,0,3,5,2,2,2,2,0,188,0,0,0,0,0,6284,0,0,0,NA,NA,NA,NA,NA,NA,NA,NA,NA,NA,NA,NA,NA,NA,NA,TRUE,0.6661631617858522,0.632826328316715,0.632826328316715,0.03120077919762191,0.05968196811283349,0.05968196811283349,high,low,low,low,high,high,high_level-low_diversity,low_level-high_diversity,low_level-high_diversity,5,Cannabis legalisation,2,2,0,NA,0,0
328362096096,3,verbal,1,NA,1,0,0.17647058823529413,3,3,10,39,female,0,1,1,0,0,2,2,0,28,0,0,0,0,0,2500,0,0,0,NA,NA,NA,NA,NA,NA,NA,NA,NA,NA,NA,NA,NA,NA,NA,TRUE,0.6574966629313654,0.6054308369239401,0.6291026946158333,0.02877733471182834,NA,0.03992524033759043,low,low,low,low,NA,low,low_level-low_diversity,NA,low_level-low_diversity,3,Cannabis legalisation,0,0,0,NA,1,0
328386378096,3,monetary,NA,1,2,0,0.6470588235294118,3,3,15,35,not female,1,2,2,0,0,3,3,0,47,1,1,0,1,1,1610,89,0.055279503105590065,0.03612017635683279,1,1,0.9323032830864161,0.932303283086416,0.932303283086416,1,1,0.9323032830864161,0.932303283086416,0.932303283086416,1,1,0.9323032830864161,0.932303283086416,0.932303283086416,TRUE,0.6871966543409079,NA,0.539714186068574,0.06886901817710626,NA,NA,high,NA,low,low,NA,NA,high_level-low_diversity,NA,NA,NA,Cannabis legalisation,0,0,1,0.9323032830864161,0,1
328405054716,3,control,0,0,4,1,0.47058823529411764,3,8,14,44,not female,0,4,4,0,0,2,2,0,164,0,0,0,0,0,3294,0,0,0,NA,NA,NA,NA,NA,NA,NA,NA,NA,NA,NA,NA,NA,NA,NA,TRUE,0.6723377309729751,NA,NA,0.02564572267062844,NA,NA,high,NA,NA,low,NA,NA,high_level-low_diversity,NA,NA,7,Cannabis legalisation,0,0,0,NA,0,0
328670034264,3,verbal,1,NA,1,0,0.5294117647058824,3,7,15,29,female,1,1,1,0,0,2,3,1,42,12,1,8,4,3,5031,790,0.15702643609620354,0.2445219980717682,4,2,0.7054616625810841,0.7163510746695185,0.7228137752242362,1,1,0.816946216297037,0.816946216297037,0.816946216297037,12,3,0.7011776902016819,0.6842977803121896,0.6934112494121707,TRUE,0.7732143964372016,0.7841873758204262,0.7807531298665124,0.04891392074588593,0.03402721714957492,0.03728322142344881,high,high,high,low,low,low,high_level-low_diversity,high_level-low_diversity,high_level-low_diversity,5.5,Cannabis legalisation,0,0,12,0.7054616625810841,1,0
329088025296,3,monetary,NA,1,5,1,0,3,1,10,31,female,1,5,4,-1,1,2,3,1,256,2,1,1,1,2,6968,10,0.0014351320321469576,0.0052944077000812014,1,1,0.816946216297037,0.816946216297037,0.816946216297037,1,1,0.816946216297037,0.816946216297037,0.816946216297037,2,2,0.7574761830316323,0.742608674715281,0.7496438562075981,TRUE,0.6445693048049776,0.6980336282723604,0.6782942455801754,0.08739366098008489,0.10219393106890136,0.0950286780576068,low,high,low,high,high,high,low_level-high_diversity,high_level-high_diversity,low_level-high_diversity,4.5,Cannabis legalisation,1,-1,2,0.816946216297037,0,1
329266000728,3,verbal,1,NA,2,1,0.6470588235294118,5,1,21,37,female,0,2,1,-1,1,2,2,0,16,0,0,0,0,0,561,0,0,0,NA,NA,NA,NA,NA,NA,NA,NA,NA,NA,NA,NA,NA,NA,NA,TRUE,0.7071792245902047,0.648355875595028,0.7322831231454352,0.08424799572747096,NA,0.05100115786535155,high,low,high,low,NA,low,high_level-low_diversity,NA,high_level-low_diversity,6,Cannabis legalisation,1,-1,0,NA,1,0
329277080844,3,monetary,NA,1,3,0,0.7647058823529411,3,4,12,56,female,0,3,4,1,1,3,3,0,129,0,0,0,0,0,4234,0,0,0,NA,NA,NA,NA,NA,NA,NA,NA,NA,NA,NA,NA,NA,NA,NA,TRUE,0.7545922937870868,0.7293924261906777,0.7775531671939545,0.04973436567745559,0.07864932355463533,0.02026842820933754,high,high,high,low,high,low,high_level-low_diversity,high_level-high_diversity,high_level-low_diversity,3.5,Cannabis legalisation,1,1,0,NA,0,1
329286656160,3,verbal,1,NA,7,1,0.5294117647058824,5,8,18,60,not female,0,7,7,0,0,3,3,0,221,0,0,0,0,0,11418,0,0,0,NA,NA,NA,NA,NA,NA,NA,NA,NA,NA,NA,NA,NA,NA,NA,TRUE,0.772693262989111,NA,0.8046192448539842,0.12929555918656435,NA,0.00692504997176426,high,NA,high,high,NA,low,high_level-high_diversity,NA,high_level-low_diversity,NA,Cannabis legalisation,0,0,0,NA,1,0
329313745980,3,control,0,0,7,1,0.7058823529411765,4,8,13,44,not female,0,7,7,0,0,4,4,0,761,0,0,0,0,0,35699,0,0,0,NA,NA,NA,NA,NA,NA,NA,NA,NA,NA,NA,NA,NA,NA,NA,TRUE,0.4616825765755097,NA,0.770577718361625,0.14515934013884266,NA,0.02057530091547156,low,NA,high,high,NA,low,low_level-high_diversity,NA,high_level-low_diversity,5,Cannabis legalisation,0,0,0,NA,0,0
329325577812,3,verbal,1,NA,1,1,0.7058823529411765,5,8,16,35,not female,0,1,1,0,0,3,3,0,103,0,0,0,0,0,5034,0,0,0,NA,NA,NA,NA,NA,NA,NA,NA,NA,NA,NA,NA,NA,NA,NA,TRUE,0.7298097439902314,NA,0.7794610347122272,0.12236971683089612,NA,0.00726098797540395,high,NA,high,high,NA,low,high_level-high_diversity,NA,high_level-low_diversity,7,Cannabis legalisation,0,0,0,NA,1,0
329344181928,3,monetary,NA,1,4,0,0.8823529411764706,4,7,32,41,not female,0,4,4,0,0,2,2,0,11,0,0,0,0,0,806,0,0,0,NA,NA,NA,NA,NA,NA,NA,NA,NA,NA,NA,NA,NA,NA,NA,TRUE,0.6937258717875612,0.6501058416799348,0.7190526572024825,0.06336332092238162,0.02156861158492084,0.07818831263899338,high,low,high,low,low,high,high_level-low_diversity,low_level-low_diversity,high_level-high_diversity,5.5,Cannabis legalisation,0,0,0,NA,0,1
329345483580,3,verbal,1,NA,6,1,0.17647058823529413,2,0,3,47,female,0,6,6,0,0,3,2,-1,50,0,0,0,0,0,4116,0,0,0,NA,NA,NA,NA,NA,NA,NA,NA,NA,NA,NA,NA,NA,NA,NA,FALSE,NA,NA,NA,NA,NA,NA,NA,NA,NA,NA,NA,NA,NA,NA,NA,NA,Cannabis legalisation,0,0,0,NA,1,0
329356699812,3,verbal,1,NA,4,1,0.5294117647058824,2,1,13,58,female,0,4,4,0,0,2,2,0,41,0,0,0,0,0,3410,0,0,0,NA,NA,NA,NA,NA,NA,NA,NA,NA,NA,NA,NA,NA,NA,NA,TRUE,0.7240135350632954,0.7450392300080294,0.7433301556004436,0.0700860140673558,0.05916473318944856,0.06304074264688082,high,high,high,low,high,high,high_level-low_diversity,high_level-high_diversity,high_level-high_diversity,4,Cannabis legalisation,0,0,0,NA,1,0
329362716960,3,control,0,0,4,0,0.7058823529411765,3,3,14,68,not female,0,4,5,1,1,2,2,0,46,0,0,0,0,0,1376,0,0,0,NA,NA,NA,NA,NA,NA,NA,NA,NA,NA,NA,NA,NA,NA,NA,TRUE,0.4551642381116257,0.567009747119912,0.7306737167100548,0.1384479331753128,NA,0.0390755985796121,low,low,high,high,NA,low,low_level-high_diversity,NA,high_level-low_diversity,5.5,Cannabis legalisation,1,1,0,NA,0,0
329385221928,3,verbal,1,NA,1,1,0.5882352941176471,5,8,12,61,not female,0,1,1,0,0,2,4,2,575,0,0,0,0,0,13577,0,0,0,NA,NA,NA,NA,NA,NA,NA,NA,NA,NA,NA,NA,NA,NA,NA,TRUE,0.6931542178038628,0.6762514578666367,0.7031458891276265,0.03852082089341097,NA,0.02621223453878844,high,high,low,low,NA,low,high_level-low_diversity,NA,low_level-low_diversity,7,Cannabis legalisation,0,0,0,NA,1,0
329391793116,3,control,0,0,6,0,0.17647058823529413,1,0,13,26,female,0,6,6,0,0,3,2,-1,22,0,0,0,0,0,808,0,0,0,NA,NA,NA,NA,NA,NA,NA,NA,NA,NA,NA,NA,NA,NA,NA,TRUE,0.637093352935426,0.5601017832224303,0.6855739404677937,0.10041490746222556,0.01940396521012037,0.03540595187606851,low,low,low,high,low,low,low_level-high_diversity,low_level-low_diversity,low_level-low_diversity,6,Cannabis legalisation,0,0,0,NA,0,0
329421818664,3,verbal,1,NA,4,1,0.8235294117647058,4,1,19,52,not female,0,4,6,2,2,3,3,0,51,0,0,0,0,0,1667,0,0,0,NA,NA,NA,NA,NA,NA,NA,NA,NA,NA,NA,NA,NA,NA,NA,TRUE,0.7423804067944275,0.6735420590662213,0.7574313252296255,0.06259510909333742,0.05361708480899797,0.04575401207718995,high,high,high,low,low,low,high_level-low_diversity,high_level-low_diversity,high_level-low_diversity,5.5,Cannabis legalisation,2,2,0,NA,1,0
329435021232,3,verbal,1,NA,7,0,0.7058823529411765,4,8,16,44,not female,0,7,7,0,0,3,4,1,451,0,0,0,0,0,54763,0,0,0,NA,NA,NA,NA,NA,NA,NA,NA,NA,NA,NA,NA,NA,NA,NA,TRUE,0.6419010685913239,0.7525700465661558,0.6820194926555551,0.102511366474386,0.09628949172282338,0.0785736037359593,low,high,low,high,high,high,low_level-high_diversity,high_level-high_diversity,low_level-high_diversity,6.5,Cannabis legalisation,0,0,0,NA,1,0
329454786096,3,verbal,1,NA,4,1,0.8823529411764706,5,8,16,48,not female,0,4,4,0,0,3,3,0,309,0,0,0,0,0,14822,0,0,0,NA,NA,NA,NA,NA,NA,NA,NA,NA,NA,NA,NA,NA,NA,NA,TRUE,0.504564072037759,0.7143694864993008,0.750934120382287,0.15823574402903814,0.11922856735377792,0.05500657191767283,low,high,high,high,high,high,low_level-high_diversity,high_level-high_diversity,high_level-high_diversity,6.5,Cannabis legalisation,0,0,0,NA,1,0
329485223412,3,control,0,0,5,1,0.6470588235294118,4,5,12,38,not female,0,5,4,-1,1,3,3,0,1,0,0,0,0,0,246,0,0,0,NA,NA,NA,NA,NA,NA,NA,NA,NA,NA,NA,NA,NA,NA,NA,TRUE,0.668271133133525,NA,NA,NA,NA,NA,high,NA,NA,NA,NA,NA,NA,NA,NA,5.5,Cannabis legalisation,1,-1,0,NA,0,0
329562035244,3,control,0,0,4,0,0.7058823529411765,4,8,12,65,not female,0,4,7,3,3,1,1,0,40,0,0,0,0,0,1650,0,0,0,NA,NA,NA,NA,NA,NA,NA,NA,NA,NA,NA,NA,NA,NA,NA,TRUE,0.6750053058102621,NA,0.7996498537806063,0.02897201941953854,NA,NA,high,NA,high,low,NA,NA,high_level-low_diversity,NA,NA,7,Cannabis legalisation,3,3,0,NA,0,0
329587821360,3,control,0,0,3,1,0.5882352941176471,4,8,17,57,not female,0,3,4,1,1,3,2,-1,5,0,0,0,0,0,480,0,0,0,NA,NA,NA,NA,NA,NA,NA,NA,NA,NA,NA,NA,NA,NA,NA,TRUE,0.718991181461584,0.7204472775596521,0.6936738752295111,0.0443469031545128,0.04090955572055157,0.01555412667605646,high,high,low,low,low,low,high_level-low_diversity,high_level-low_diversity,low_level-low_diversity,6.5,Cannabis legalisation,1,1,0,NA,0,0
329589326160,3,control,0,0,6,1,0.5882352941176471,4,7,12,54,female,0,6,6,0,0,4,3,-1,35,0,0,0,0,0,5137,0,0,0,NA,NA,NA,NA,NA,NA,NA,NA,NA,NA,NA,NA,NA,NA,NA,TRUE,0.6689386169992646,0.6529537541322586,0.6970718691152861,0.0614041881600005,0.09675557738164488,0.03967022349447923,high,low,low,low,high,low,high_level-low_diversity,low_level-high_diversity,low_level-low_diversity,5,Cannabis legalisation,0,0,0,NA,0,0
330411837528,3,verbal,1,NA,1,1,0.7058823529411765,5,0,12,55,not female,0,1,1,0,0,3,3,0,469,0,0,0,0,0,22975,0,0,0,NA,NA,NA,NA,NA,NA,NA,NA,NA,NA,NA,NA,NA,NA,NA,TRUE,0.6409820050193324,NA,0.78072705875249,0.16512084466823135,NA,0.00299650767992224,low,NA,high,high,NA,low,low_level-high_diversity,NA,high_level-low_diversity,5.5,Cannabis legalisation,0,0,0,NA,1,0
330538103244,3,control,0,0,1,0,0.4117647058823529,3,4,13,52,not female,0,1,1,0,0,3,3,0,21,0,0,0,0,0,902,0,0,0,NA,NA,NA,NA,NA,NA,NA,NA,NA,NA,NA,NA,NA,NA,NA,TRUE,0.6421391317846553,0.6488190589932396,0.6539202630507241,0.07431213232131866,0.01614683294428365,0.03160638228776332,low,low,low,low,low,low,low_level-low_diversity,low_level-low_diversity,low_level-low_diversity,5,Cannabis legalisation,0,0,0,NA,0,0
330632295516,3,control,0,0,3,1,0.7647058823529411,4,7,9,61,female,0,3,3,0,0,2,2,0,224,0,0,0,0,0,19262,0,0,0,NA,NA,NA,NA,NA,NA,NA,NA,NA,NA,NA,NA,NA,NA,NA,TRUE,0.5207415306394879,0.5981278198973752,0.7674234209874586,0.1701534754338779,0.04466745734087525,0.05371820732192747,low,low,high,high,low,low,low_level-high_diversity,low_level-low_diversity,high_level-low_diversity,6,Cannabis legalisation,0,0,0,NA,0,0
330682908780,3,monetary,NA,1,4,NA,0.7647058823529411,4,8,15,60,not female,1,4,3,-1,1,2,2,0,421,4,1,2,2,3,10377,116,0.011178567986894093,0.012167370351248027,2,2,0.7159280780097823,0.756816372078433,0.7435155128311474,2,2,0.7159280780097823,0.756816372078433,0.7435155128311474,4,3,0.7093547063027124,0.712543752605979,0.717670328296364,TRUE,0.5136608975968179,0.7039054576228722,0.7286572214723172,0.1694106071569574,0.04732393542318613,0.07967660433389948,low,high,high,high,low,high,low_level-high_diversity,high_level-low_diversity,high_level-high_diversity,4.5,Cannabis legalisation,1,-1,4,0.7159280780097823,0,1
330730649244,3,verbal,1,NA,3,0,0.8823529411764706,4,7,12,65,not female,0,3,4,1,1,2,3,1,196,0,0,0,0,0,8330,0,0,0,NA,NA,NA,NA,NA,NA,NA,NA,NA,NA,NA,NA,NA,NA,NA,TRUE,0.5136848602165549,0.6405854774358004,0.658380198334082,0.13014080658859398,0.05361168347748332,0.06248726070651116,low,low,low,high,low,high,low_level-high_diversity,low_level-low_diversity,low_level-high_diversity,4.5,Cannabis legalisation,1,1,0,NA,1,0
330737286096,3,control,0,0,1,1,0.8235294117647058,5,8,25,54,not female,0,1,1,0,0,3,3,0,92,0,0,0,0,0,3184,0,0,0,NA,NA,NA,NA,NA,NA,NA,NA,NA,NA,NA,NA,NA,NA,NA,TRUE,0.7886359272135363,0.7808158710835031,0.7961817491078723,0.08476554929062087,0.06214018793598359,0.07785217297273651,high,high,high,low,high,high,high_level-low_diversity,high_level-high_diversity,high_level-high_diversity,5,Cannabis legalisation,0,0,0,NA,0,0
330822715644,3,monetary,NA,1,4,0,0.8235294117647058,4,4,20,37,not female,0,4,4,0,0,2,2,0,169,0,0,0,0,0,6371,0,0,0,NA,NA,NA,NA,NA,NA,NA,NA,NA,NA,NA,NA,NA,NA,NA,TRUE,0.6948709493087555,0.6623273457445571,0.6987734684622213,0.06165430704943204,0.06109648441543625,0.05430765432973642,high,low,low,low,high,high,high_level-low_diversity,low_level-high_diversity,low_level-high_diversity,6,Cannabis legalisation,0,0,0,NA,0,1
330853152960,3,verbal,1,NA,7,NA,0.5882352941176471,3,6,18,45,female,0,7,7,0,0,2,2,0,15,0,0,0,0,0,1819,0,0,0,NA,NA,NA,NA,NA,NA,NA,NA,NA,NA,NA,NA,NA,NA,NA,TRUE,0.6818681991455,NA,0.813681794497258,0.04233530627353033,NA,NA,high,NA,high,low,NA,NA,high_level-low_diversity,NA,NA,NA,Cannabis legalisation,0,0,0,NA,1,0
330983937864,3,control,0,0,1,1,0.4117647058823529,5,5,12,49,not female,0,1,1,0,0,3,3,0,31,0,0,0,0,0,366,0,0,0,NA,NA,NA,NA,NA,NA,NA,NA,NA,NA,NA,NA,NA,NA,NA,TRUE,0.7413916765083348,0.789159337361048,0.7804010218861719,0.10241942621354562,0.0157890349975273,0.03095681141515303,high,high,high,high,low,low,high_level-high_diversity,high_level-low_diversity,high_level-low_diversity,7,Cannabis legalisation,0,0,0,NA,0,0
330992489232,3,monetary,NA,1,1,1,0.7058823529411765,5,8,12,46,not female,0,1,1,0,0,3,3,0,217,1,1,1,0,1,5186,6,0.0011569610489780178,0.0037028552952330317,NA,NA,NA,NA,NA,NA,NA,NA,NA,NA,1,1,0.668271133133525,0.668271133133525,0.668271133133525,TRUE,0.5119160885394669,0.5565853930452839,0.7771777574979656,0.16434679486330617,0.00640526317491231,0.03054207597172971,low,low,high,high,low,low,low_level-high_diversity,low_level-low_diversity,high_level-low_diversity,6,Cannabis legalisation,0,0,1,NA,0,1
331066087632,3,monetary,NA,1,7,1,0.8235294117647058,5,8,19,46,not female,0,7,7,0,0,3,2,-1,781,0,0,0,0,0,18053,0,0,0,NA,NA,NA,NA,NA,NA,NA,NA,NA,NA,NA,NA,NA,NA,NA,TRUE,0.7313873462560649,0.7412674715074302,0.7405522397226477,0.07380597065896224,0.0784536226433635,0.07034967430941805,high,high,high,low,high,high,high_level-low_diversity,high_level-high_diversity,high_level-high_diversity,6.5,Cannabis legalisation,0,0,0,NA,0,1
331199533980,3,control,0,0,3,1,0.8235294117647058,5,7,16,52,not female,0,3,3,0,0,2,2,0,94,0,0,0,0,0,3451,0,0,0,NA,NA,NA,NA,NA,NA,NA,NA,NA,NA,NA,NA,NA,NA,NA,TRUE,0.7854052033534915,0.7891657410468744,0.7892488037400899,0.03522659414475967,0.02054878142324592,0.02005756116879714,high,high,high,low,low,low,high_level-low_diversity,high_level-low_diversity,high_level-low_diversity,5.5,Cannabis legalisation,0,0,0,NA,0,0
331428197232,3,verbal,1,NA,5,0,0.7647058823529411,4,3,17,66,not female,0,5,5,0,0,3,2,-1,54,0,0,0,0,0,4519,0,0,0,NA,NA,NA,NA,NA,NA,NA,NA,NA,NA,NA,NA,NA,NA,NA,TRUE,0.7647347959104541,0.6323231735919301,0.7664450016571157,0.04230788069833433,0.0289364145144957,0.0377100481615196,high,low,high,low,low,low,high_level-low_diversity,low_level-low_diversity,high_level-low_diversity,5.5,Cannabis legalisation,0,0,0,NA,1,0
331497006264,3,monetary,NA,1,5,0,0.5882352941176471,3,6,12,60,female,1,5,1,-4,4,2,2,0,223,3,1,1,2,3,4195,413,0.09845053635280096,0.02962817065841035,2,2,0.7584606688391774,0.7498827885453581,0.7515493556447783,1,1,0.8169462162970371,0.816946216297037,0.816946216297037,3,3,0.7433926834549401,0.7226789034080804,0.7272139394265118,TRUE,0.5956709950270315,0.6131323391820038,0.7517832173624565,0.15721471861552355,0.04738117320351489,0.05855369236193368,low,low,high,high,low,high,low_level-high_diversity,low_level-low_diversity,high_level-high_diversity,6.5,Cannabis legalisation,4,-4,3,0.7584606688391774,0,1
331558564212,3,monetary,NA,1,5,0,0.7647058823529411,3,4,12,39,not female,0,5,5,0,0,2,3,1,12,0,0,0,0,0,68,0,0,0,NA,NA,NA,NA,NA,NA,NA,NA,NA,NA,NA,NA,NA,NA,NA,TRUE,0.4133333813854659,NA,NA,0.0987369666839794,NA,NA,low,NA,NA,high,NA,NA,low_level-high_diversity,NA,NA,5.5,Cannabis legalisation,0,0,0,NA,0,1
331646387760,3,monetary,NA,1,5,1,0.8235294117647058,4,8,18,59,not female,0,5,4,-1,1,3,2,-1,33,0,0,0,0,0,3119,0,0,0,NA,NA,NA,NA,NA,NA,NA,NA,NA,NA,NA,NA,NA,NA,NA,TRUE,0.6508699553480456,0.6972955999189964,0.6971986651571116,0.11626212831776311,0.01764155327674527,0.01805925771704031,low,high,low,high,low,low,low_level-high_diversity,high_level-low_diversity,low_level-low_diversity,5.5,Cannabis legalisation,1,-1,0,NA,0,1
331664859864,3,control,0,0,4,0,0.23529411764705882,1,7,12,68,female,0,4,4,0,0,1,1,0,129,0,0,0,0,0,9076,0,0,0,NA,NA,NA,NA,NA,NA,NA,NA,NA,NA,NA,NA,NA,NA,NA,TRUE,0.8672870221220477,0.6557946247194595,0.8861036314548085,0.12098185662424184,0.02076928994900766,0.10917845544017718,high,low,high,high,low,high,high_level-high_diversity,low_level-low_diversity,high_level-high_diversity,4,Cannabis legalisation,0,0,0,NA,0,0
331683325812,3,verbal,1,NA,1,0,0.35294117647058826,2,3,12,60,not female,0,1,1,0,0,2,2,0,5,0,0,0,0,0,102,0,0,0,NA,NA,NA,NA,NA,NA,NA,NA,NA,NA,NA,NA,NA,NA,NA,TRUE,0.6693062700713869,NA,0.728693231358026,0.04010932288054393,NA,NA,high,NA,high,low,NA,NA,high_level-low_diversity,NA,NA,NA,Cannabis legalisation,0,0,0,NA,1,0
332476016148,3,monetary,NA,1,6,0,0.5882352941176471,2,1,22,28,not female,0,6,6,0,0,2,3,1,40,0,0,0,0,0,31140,0,0,0,NA,NA,NA,NA,NA,NA,NA,NA,NA,NA,NA,NA,NA,NA,NA,TRUE,0.5721281502589877,0.6846187633926164,0.6854648053056439,0.14065249369253582,0.08980634021495355,0.08658692762772907,low,high,low,high,high,high,low_level-high_diversity,high_level-high_diversity,low_level-high_diversity,4.5,Cannabis legalisation,0,0,0,NA,0,1
332533810728,3,monetary,NA,1,3,1,0.8823529411764706,5,8,9,60,not female,0,3,5,2,2,3,3,0,105,0,0,0,0,0,5835,0,0,0,NA,NA,NA,NA,NA,NA,NA,NA,NA,NA,NA,NA,NA,NA,NA,TRUE,0.7552793373699206,0.7751322739399219,0.7711923683018749,0.07414830531565865,0.03852550602055644,0.04052233965154294,high,high,high,low,low,low,high_level-low_diversity,high_level-low_diversity,high_level-low_diversity,7,Cannabis legalisation,2,2,0,NA,0,1
332551598148,3,control,0,0,7,1,0.5882352941176471,5,8,12,36,not female,0,7,7,0,0,3,3,0,107,0,0,0,0,0,17264,0,0,0,NA,NA,NA,NA,NA,NA,NA,NA,NA,NA,NA,NA,NA,NA,NA,TRUE,0.41524919682176886,0.6758053177237612,0.7884939632765077,0.07291811683129712,0.04160381957777398,0.05877891709464807,low,high,high,low,low,high,low_level-low_diversity,high_level-low_diversity,high_level-high_diversity,4,Cannabis legalisation,0,0,0,NA,0,0
332579913696,3,verbal,1,NA,5,1,0.7058823529411765,5,5,13,26,not female,0,5,5,0,0,3,3,0,394,0,0,0,0,0,13388,0,0,0,NA,NA,NA,NA,NA,NA,NA,NA,NA,NA,NA,NA,NA,NA,NA,TRUE,0.702562960219,0.648355875595028,0.7551611208521078,0.06697435607235597,NA,0.07452519592069767,high,low,high,low,NA,high,high_level-low_diversity,NA,high_level-high_diversity,5.5,Cannabis legalisation,0,0,0,NA,1,0
332701188264,3,control,0,0,6,NA,0.5882352941176471,4,3,13,23,not female,0,6,6,0,0,3,2,-1,6,0,0,0,0,0,419,0,0,0,NA,NA,NA,NA,NA,NA,NA,NA,NA,NA,NA,NA,NA,NA,NA,TRUE,0.6279870761779157,NA,NA,0.10093369458948837,NA,NA,low,NA,NA,high,NA,NA,low_level-high_diversity,NA,NA,4.5,Cannabis legalisation,0,0,0,NA,0,0
332724581064,3,verbal,1,NA,4,0,0.7058823529411765,3,2,15,43,female,1,4,4,0,0,2,3,1,120,2,1,1,1,2,7487,54,0.0072125016695605716,0.0178431305044356,1,1,0.682819360793679,0.682819360793679,0.682819360793679,NA,NA,NA,NA,NA,2,2,0.6817417143003341,0.6755452469636021,0.6785938860505706,TRUE,0.41804820414855826,0.6104871189654282,0.673432771039632,0.05698764698707704,0.12138214283278496,0.13355522851566454,low,low,low,low,high,high,low_level-low_diversity,low_level-high_diversity,low_level-high_diversity,5,Cannabis legalisation,0,0,2,0.682819360793679,1,0
332796813516,3,control,0,0,4,0,0.5882352941176471,3,1,11,51,not female,0,4,4,0,0,3,2,-1,215,0,0,0,0,0,27154,0,0,0,NA,NA,NA,NA,NA,NA,NA,NA,NA,NA,NA,NA,NA,NA,NA,TRUE,0.7316281605072342,0.6257831715110224,0.7770254753260039,0.124218823492824,0.05642672326838223,0.02279108800094741,high,low,high,high,high,low,high_level-high_diversity,low_level-high_diversity,high_level-low_diversity,5.5,Cannabis legalisation,0,0,0,NA,0,0
332922253644,3,monetary,NA,1,4,0,0.17647058823529413,3,2,12,44,female,0,4,7,3,3,2,2,0,88,0,0,0,0,0,4265,0,0,0,NA,NA,NA,NA,NA,NA,NA,NA,NA,NA,NA,NA,NA,NA,NA,TRUE,0.48988721371771704,0.6760975103532186,0.603501101128377,0.11887758928053156,0.00419942947470685,0.02867393916442387,low,high,low,high,low,low,low_level-high_diversity,high_level-low_diversity,low_level-low_diversity,4.5,Cannabis legalisation,3,3,0,NA,0,1
333132449580,3,monetary,NA,1,5,NA,0.6470588235294118,3,3,18,55,female,1,5,6,1,1,2,2,0,157,8,1,7,1,2,2652,142,0.053544494720965306,0.061106407642223776,1,1,0.512062357819041,0.512062357819041,0.512062357819041,1,1,0.512062357819041,0.512062357819041,0.512062357819041,8,2,0.6440697735777599,0.6487450362192145,0.6459176104426371,TRUE,0.6462481512256063,0.6233585971937505,0.6221260265023735,0.06112228585788795,0.04658464164208754,0.04838675965133648,low,low,low,low,low,low,low_level-low_diversity,low_level-low_diversity,low_level-low_diversity,4.5,Cannabis legalisation,1,1,8,0.512062357819041,0,1
333186824160,3,control,0,0,1,0,0.5882352941176471,4,5,10,44,not female,0,1,1,0,0,2,2,0,157,0,0,0,0,0,5516,0,0,0,NA,NA,NA,NA,NA,NA,NA,NA,NA,NA,NA,NA,NA,NA,NA,TRUE,0.6736132412398822,0.6896866098251175,0.6866237455045469,0.05307606209801198,0.07478793598620369,0.07477833700812477,high,high,low,low,high,high,high_level-low_diversity,high_level-high_diversity,low_level-high_diversity,4.5,Cannabis legalisation,0,0,0,NA,0,0
333303379128,3,monetary,NA,1,7,0,0.35294117647058826,4,8,20,60,female,0,7,4,-3,3,3,2,-1,156,0,0,0,0,0,12914,0,0,0,NA,NA,NA,NA,NA,NA,NA,NA,NA,NA,NA,NA,NA,NA,NA,TRUE,0.4272953812118561,0.716003717833404,0.7194797803118618,0.07581968096103985,NA,0.00633781971510314,low,high,high,low,NA,low,low_level-low_diversity,NA,high_level-low_diversity,7,Cannabis legalisation,3,-3,0,NA,0,1
333382381812,3,control,0,0,6,1,0.9411764705882353,5,5,13,40,not female,0,6,4,-2,2,3,3,0,143,0,0,0,0,0,8030,0,0,0,NA,NA,NA,NA,NA,NA,NA,NA,NA,NA,NA,NA,NA,NA,NA,TRUE,0.4697788937160266,0.6470936221350931,0.6860686888847484,0.11318322915404706,0.06604914355461515,0.03816949977816975,low,low,low,high,high,low,low_level-high_diversity,low_level-high_diversity,low_level-low_diversity,5.5,Cannabis legalisation,2,-2,0,NA,0,0
333419387580,3,verbal,1,NA,5,0,0.6470588235294118,4,1,16,49,not female,1,5,6,1,1,2,3,1,135,5,1,3,2,2,5056,361,0.07140031645569621,0.05707146151091448,2,1,0.682819360793679,0.682819360793679,0.682819360793679,NA,NA,NA,NA,NA,5,2,0.6802804734180843,0.6740904241975866,0.6759780503645023,TRUE,0.7703538258680657,0.7958233565494375,0.7955316931548009,0.06301787106280883,0.02280816132019779,0.02332730799085856,high,high,high,low,low,low,high_level-low_diversity,high_level-low_diversity,high_level-low_diversity,4.5,Cannabis legalisation,1,1,5,0.682819360793679,1,0
333433547748,3,control,0,0,1,0,0.5882352941176471,2,0,12,32,female,0,1,1,0,0,2,2,0,115,0,0,0,0,0,11509,0,0,0,NA,NA,NA,NA,NA,NA,NA,NA,NA,NA,NA,NA,NA,NA,NA,TRUE,0.6555763432524161,0.6345506430342611,0.6419100757520979,0.08931645521382517,0.04380320488858757,0.05232050022275415,low,low,low,high,low,low,low_level-high_diversity,low_level-low_diversity,low_level-low_diversity,5,Cannabis legalisation,0,0,0,NA,0,0
333509673528,3,verbal,1,NA,7,0,0.7647058823529411,4,6,21,43,not female,0,7,7,0,0,2,2,0,68,0,0,0,0,0,4903,0,0,0,NA,NA,NA,NA,NA,NA,NA,NA,NA,NA,NA,NA,NA,NA,NA,TRUE,0.4579525998697826,0.6448542218671576,0.7370920734998242,0.14728746131299292,0.06132122736814899,0.1423039239185152,low,low,high,high,high,high,low_level-high_diversity,low_level-high_diversity,high_level-high_diversity,4.5,Cannabis legalisation,0,0,0,NA,1,0
333524107980,3,verbal,1,NA,5,0,0.7058823529411765,3,7,13,47,female,0,5,4,-1,1,2,3,1,69,0,0,0,0,0,7450,0,0,0,NA,NA,NA,NA,NA,NA,NA,NA,NA,NA,NA,NA,NA,NA,NA,TRUE,0.6849613681150694,0.7013210486175314,0.6962452662655599,0.12304059938552564,0.0743136153609746,0.08463148238821526,high,high,low,high,high,high,high_level-high_diversity,high_level-high_diversity,low_level-high_diversity,NA,Cannabis legalisation,1,-1,0,NA,1,0
333524655864,3,control,0,0,4,0,0.6470588235294118,3,6,23,38,female,0,4,5,1,1,1,3,2,521,1,1,1,0,1,20233,10,4.942420797706717e-4,0.0018060152405668418,NA,NA,NA,NA,NA,NA,NA,NA,NA,NA,1,1,0.668271133133525,0.668271133133525,0.668271133133525,TRUE,0.3929058330548113,0.7284062785436167,0.7291526522527092,0.06582019611445884,0.05063781042785385,0.05382967137145766,low,high,high,low,low,high,low_level-low_diversity,high_level-low_diversity,high_level-high_diversity,5,Cannabis legalisation,1,1,1,NA,0,0
333621101232,3,verbal,1,NA,5,0,0.11764705882352941,4,3,20,65,not female,0,5,6,1,1,2,2,0,244,0,0,0,0,0,11061,0,0,0,NA,NA,NA,NA,NA,NA,NA,NA,NA,NA,NA,NA,NA,NA,NA,TRUE,0.3827716921219517,0.7026209507939236,0.7026209507939236,0.04706913188062713,0.06462206963953897,0.06462206963953897,low,high,low,low,high,high,low_level-low_diversity,high_level-high_diversity,low_level-high_diversity,5,Cannabis legalisation,1,1,0,NA,1,0
333644082264,3,verbal,1,NA,7,0,0.5294117647058824,3,5,10,49,not female,0,7,7,0,0,2,2,0,54,0,0,0,0,0,2746,0,0,0,NA,NA,NA,NA,NA,NA,NA,NA,NA,NA,NA,NA,NA,NA,NA,TRUE,0.7535413378450424,0.7862527886203863,0.7655801299748811,0.08904026992155714,0.04893947596359056,0.07447680828508906,high,high,high,high,low,high,high_level-high_diversity,high_level-low_diversity,high_level-high_diversity,6,Cannabis legalisation,0,0,0,NA,1,0
333674999748,3,monetary,NA,1,4,0,0.5294117647058824,3,1,11,60,female,1,4,1,-3,3,1,2,1,349,6,1,3,3,2,31941,295,0.009235778466547698,0.02064133687033242,3,1,0.9323032830864161,0.932303283086416,0.9323032830864161,3,1,0.9323032830864161,0.932303283086416,0.9323032830864161,6,2,0.9054361820716512,0.812215483096179,0.8498529407078999,TRUE,0.47312494049934656,0.6437756890864754,0.7458948925196177,0.13466502373474165,0.04944186555004883,0.03366291416156419,low,low,high,high,low,low,low_level-high_diversity,low_level-low_diversity,high_level-low_diversity,3.5,Cannabis legalisation,3,-3,6,0.9323032830864161,0,1
333757626264,3,control,0,0,7,0,0.7058823529411765,4,1,14,43,not female,0,7,7,0,0,2,2,0,265,0,0,0,0,0,9060,0,0,0,NA,NA,NA,NA,NA,NA,NA,NA,NA,NA,NA,NA,NA,NA,NA,TRUE,0.5635070281711216,0.6528033734422168,0.6573846901036575,0.12687527649250704,0.0377513763900553,0.03993123171096151,low,low,low,high,low,low,low_level-high_diversity,low_level-low_diversity,low_level-low_diversity,2.5,Cannabis legalisation,0,0,0,NA,0,0
335869337412,3,control,0,0,5,1,0.47058823529411764,3,6,10,60,not female,0,5,5,0,0,3,2,-1,727,0,0,0,0,0,23035,0,0,0,NA,NA,NA,NA,NA,NA,NA,NA,NA,NA,NA,NA,NA,NA,NA,TRUE,0.7793052944135331,0.6405061972054497,0.7842471541328171,0.04546452418242183,0.01710404071432267,0.01566039533264728,high,low,high,low,low,low,high_level-low_diversity,low_level-low_diversity,high_level-low_diversity,NA,Cannabis legalisation,0,0,0,NA,0,0
335891226096,3,control,0,0,4,0,0.23529411764705882,3,4,15,34,female,0,4,4,0,0,2,2,0,49,0,0,0,0,0,904,0,0,0,NA,NA,NA,NA,NA,NA,NA,NA,NA,NA,NA,NA,NA,NA,NA,TRUE,0.5696712326849828,0.6625790952288936,0.6661054824165454,0.1329077938054001,0.04052964744407372,0.05765192848748982,low,low,low,high,low,high,low_level-high_diversity,low_level-low_diversity,low_level-high_diversity,5,Cannabis legalisation,0,0,0,NA,0,0
335905795296,3,verbal,1,NA,6,NA,0.7058823529411765,3,3,17,50,female,1,6,6,0,0,3,2,-1,480,2,1,1,1,2,34902,41,0.001174717781215976,0.003365156342219011,1,1,0.682819360793679,0.682819360793679,0.682819360793679,NA,NA,NA,NA,NA,2,2,0.681754856330741,0.6755452469636021,0.6788255586059321,TRUE,0.5171373612643827,0.6473735029545291,0.7490880085251933,0.16296373314057164,0.08651890753601803,0.06825126511452413,low,low,high,high,high,high,low_level-high_diversity,low_level-high_diversity,high_level-high_diversity,5.5,Cannabis legalisation,0,0,2,0.682819360793679,1,0
335907029232,3,monetary,NA,1,7,1,0.7058823529411765,3,8,19,31,not female,0,7,7,0,0,3,3,0,107,0,0,0,0,0,2893,0,0,0,NA,NA,NA,NA,NA,NA,NA,NA,NA,NA,NA,NA,NA,NA,NA,TRUE,0.678610559676916,0.6855721805847093,0.7166827484604568,0.09734986504571554,0.052339598327315,0.0963262809899303,high,high,high,high,low,high,high_level-high_diversity,high_level-low_diversity,high_level-high_diversity,5.5,Cannabis legalisation,0,0,0,NA,0,1
335939244948,3,monetary,NA,1,4,0,0.5294117647058824,2,1,11,52,female,0,4,4,0,0,2,2,0,94,0,0,0,0,0,24743,0,0,0,NA,NA,NA,NA,NA,NA,NA,NA,NA,NA,NA,NA,NA,NA,NA,TRUE,0.4315224157786765,0.6487531919337627,0.9147737412503604,0.1041003979291842,0.05089312523780876,0.07517274083914317,low,low,high,high,low,high,low_level-high_diversity,low_level-low_diversity,high_level-high_diversity,7,Cannabis legalisation,0,0,0,NA,0,1
335953130148,3,monetary,NA,1,4,1,0,3,4,12,44,female,0,4,1,-3,3,3,3,0,31,0,0,0,0,0,2085,0,0,0,NA,NA,NA,NA,NA,NA,NA,NA,NA,NA,NA,NA,NA,NA,NA,TRUE,0.7369805667017706,0.7166086347163331,0.7119813401300009,0.0979363469084548,0.10043105211826914,0.09566708133617814,high,high,high,high,high,high,high_level-high_diversity,high_level-high_diversity,high_level-high_diversity,4.5,Cannabis legalisation,3,-3,0,NA,0,1
335992182444,3,monetary,NA,1,1,0,0.5294117647058824,3,2,10,64,female,0,1,1,0,0,1,1,0,12,0,0,0,0,0,1333,0,0,0,NA,NA,NA,NA,NA,NA,NA,NA,NA,NA,NA,NA,NA,NA,NA,TRUE,0.6650845811406729,0.6626010066492731,0.66416702738612,0.0576163011732629,0.06937409291611783,0.06853502115605936,high,low,low,low,high,high,high_level-low_diversity,low_level-high_diversity,low_level-high_diversity,5.5,Cannabis legalisation,0,0,0,NA,0,1
336050532432,3,monetary,NA,1,1,0,0.5882352941176471,3,7,18,62,female,0,1,1,0,0,1,2,1,335,0,0,0,0,0,26293,0,0,0,NA,NA,NA,NA,NA,NA,NA,NA,NA,NA,NA,NA,NA,NA,NA,TRUE,0.7199365600924281,0.7426658400526981,0.7358215044905543,0.10367805184119666,0.09628031209003458,0.0999244132698414,high,high,high,high,high,high,high_level-high_diversity,high_level-high_diversity,high_level-high_diversity,5.5,Cannabis legalisation,0,0,0,NA,0,1
336066055128,3,control,0,0,7,0,0.9411764705882353,4,5,12,54,female,0,7,7,0,0,3,3,0,237,0,0,0,0,0,20633,0,0,0,NA,NA,NA,NA,NA,NA,NA,NA,NA,NA,NA,NA,NA,NA,NA,TRUE,0.6746602122942051,NA,0.728858942925592,0.117013446318928,NA,0.00292380749870129,high,NA,high,high,NA,low,high_level-high_diversity,NA,high_level-low_diversity,5.5,Cannabis legalisation,0,0,0,NA,0,0
336092047812,3,monetary,NA,1,1,0,0.6470588235294118,5,1,20,58,not female,0,1,1,0,0,2,3,1,2,0,0,0,0,0,594,0,0,0,NA,NA,NA,NA,NA,NA,NA,NA,NA,NA,NA,NA,NA,NA,NA,FALSE,NA,NA,NA,NA,NA,NA,NA,NA,NA,NA,NA,NA,NA,NA,NA,7,Cannabis legalisation,0,0,0,NA,0,1
336209078844,3,control,0,0,5,1,0.4117647058823529,3,5,19,36,female,0,5,6,1,1,3,3,0,4,0,0,0,0,0,139,0,0,0,NA,NA,NA,NA,NA,NA,NA,NA,NA,NA,NA,NA,NA,NA,NA,TRUE,0.6408635852575664,0.6524834265320311,0.6530005511695307,0.09398315012605964,0.01760074028217778,0.01546718543772679,low,low,low,high,low,low,low_level-high_diversity,low_level-low_diversity,low_level-low_diversity,5,Cannabis legalisation,1,1,0,NA,0,0
336213594612,3,verbal,1,NA,1,1,0.8823529411764706,4,8,17,51,not female,0,1,1,0,0,3,3,0,281,0,0,0,0,0,5447,0,0,0,NA,NA,NA,NA,NA,NA,NA,NA,NA,NA,NA,NA,NA,NA,NA,TRUE,0.741732708448705,0.6821345571853425,0.7726086029412853,0.10200046415226124,0.03131167439917883,0.01350524200277681,high,high,high,high,low,low,high_level-high_diversity,high_level-low_diversity,high_level-low_diversity,5,Cannabis legalisation,0,0,0,NA,1,0
336220230780,3,control,0,0,4,0,0.5294117647058824,2,1,17,47,female,0,4,4,0,0,2,2,0,99,0,0,0,0,0,4341,0,0,0,NA,NA,NA,NA,NA,NA,NA,NA,NA,NA,NA,NA,NA,NA,NA,TRUE,0.6718494949042267,0.6587215558826643,0.7291922211261487,0.15193615621055223,0.06712138887751051,0.12540475121773606,high,low,high,high,high,high,high_level-high_diversity,low_level-high_diversity,high_level-high_diversity,NA,Cannabis legalisation,0,0,0,NA,0,0
336312157644,3,control,0,0,3,1,0.7647058823529411,5,8,18,50,female,0,3,5,2,2,3,3,0,792,0,0,0,0,0,17419,0,0,0,NA,NA,NA,NA,NA,NA,NA,NA,NA,NA,NA,NA,NA,NA,NA,TRUE,0.7108391325534108,0.6914247903960677,0.7189591950565728,0.06582250503425054,0.03627267727553044,0.04549478653786511,high,high,high,low,low,low,high_level-low_diversity,high_level-low_diversity,high_level-low_diversity,5.5,Cannabis legalisation,2,2,0,NA,0,0
336365716212,3,verbal,1,NA,6,1,0.8235294117647058,5,8,13,62,not female,0,6,7,1,1,3,3,0,7,0,0,0,0,0,329,0,0,0,NA,NA,NA,NA,NA,NA,NA,NA,NA,NA,NA,NA,NA,NA,NA,TRUE,0.647628790595164,0.6382620440157438,0.6475897543952049,0.06288946582427643,0.04483486825362041,0.06294248921027666,low,low,low,low,low,high,low_level-low_diversity,low_level-low_diversity,low_level-high_diversity,7,Cannabis legalisation,1,1,0,NA,1,0
336368866716,3,monetary,NA,1,4,0,0.8235294117647058,5,7,12,48,not female,0,4,4,0,0,3,3,0,4,0,0,0,0,0,18,0,0,0,NA,NA,NA,NA,NA,NA,NA,NA,NA,NA,NA,NA,NA,NA,NA,TRUE,0.6037329447997746,0.6984108905668773,0.7192402617706989,0.1450416232139092,0.04367146700721598,0.03026595387253789,low,high,high,high,low,low,low_level-high_diversity,high_level-low_diversity,high_level-low_diversity,7,Cannabis legalisation,0,0,0,NA,0,1
336436920612,3,verbal,1,NA,6,1,0.7058823529411765,4,5,16,58,not female,1,6,6,0,0,2,3,1,204,2,1,1,1,2,6428,318,0.04947106409458619,0.016172880418906584,1,1,0.561517992738059,0.561517992738059,0.561517992738059,1,1,0.561517992738059,0.561517992738059,0.561517992738059,2,2,0.5655464131303408,0.614894562935792,0.5945405565315737,TRUE,0.6857316542231344,0.7100694517774881,0.7128634625259085,0.05317801420874501,0.07961466656296141,0.07584687558655435,high,high,high,low,high,high,high_level-low_diversity,high_level-high_diversity,high_level-high_diversity,7,Cannabis legalisation,0,0,2,0.561517992738059,1,0
336439112148,3,control,0,0,4,1,0.8235294117647058,4,7,19,46,not female,0,4,4,0,0,3,2,-1,134,0,0,0,0,0,14064,0,0,0,NA,NA,NA,NA,NA,NA,NA,NA,NA,NA,NA,NA,NA,NA,NA,TRUE,0.4778387577666171,0.6776962600076006,0.7451798214562063,0.15728709696644078,0.08450413920182753,0.03830201337117211,low,high,high,high,high,low,low_level-high_diversity,high_level-high_diversity,high_level-low_diversity,5,Cannabis legalisation,0,0,0,NA,0,0
336453335928,3,control,0,0,7,0,0.17647058823529413,1,0,3,25,female,0,7,7,0,0,2,2,0,2,0,0,0,0,0,310,0,0,0,NA,NA,NA,NA,NA,NA,NA,NA,NA,NA,NA,NA,NA,NA,NA,TRUE,0.725056494963832,0.7879799944911788,0.7292063639947542,0.0271597184582438,NA,0.00601222534958184,high,high,high,low,NA,low,high_level-low_diversity,NA,high_level-low_diversity,3,Cannabis legalisation,0,0,0,NA,0,0
337439599632,3,verbal,1,NA,4,0,0.47058823529411764,4,3,12,56,female,0,4,5,1,1,2,2,0,360,0,0,0,0,0,22585,0,0,0,NA,NA,NA,NA,NA,NA,NA,NA,NA,NA,NA,NA,NA,NA,NA,TRUE,0.6316903418008079,0.6572200536662686,0.7200186781690557,0.15618362684960355,0.03518898653314786,0.07867326519427137,low,low,high,high,low,high,low_level-high_diversity,low_level-low_diversity,high_level-high_diversity,6,Cannabis legalisation,1,1,0,NA,1,0
337490487180,3,verbal,1,NA,4,0,0.6470588235294118,3,7,13,40,female,0,4,4,0,0,2,2,0,13,0,0,0,0,0,215,0,0,0,NA,NA,NA,NA,NA,NA,NA,NA,NA,NA,NA,NA,NA,NA,NA,TRUE,0.7511798160529857,0.7207077280026407,0.7704522631981783,0.07798299297851621,0.03778768137293931,0.02879225324239617,high,high,high,low,low,low,high_level-low_diversity,high_level-low_diversity,high_level-low_diversity,NA,Cannabis legalisation,0,0,0,NA,1,0
337500337464,3,control,0,0,1,1,0.8823529411764706,5,2,11,67,female,0,1,3,2,2,3,2,-1,206,0,0,0,0,0,5940,0,0,0,NA,NA,NA,NA,NA,NA,NA,NA,NA,NA,NA,NA,NA,NA,NA,TRUE,0.7520824480016252,0.6983438235410879,0.7522534536716402,0.05927795709276107,0.0567942478998176,0.05862165573207389,high,high,high,low,high,high,high_level-low_diversity,high_level-high_diversity,high_level-high_diversity,4.5,Cannabis legalisation,2,2,0,NA,0,0
337523113296,3,control,0,0,6,0,0.5882352941176471,5,4,10,67,not female,0,6,7,1,1,1,2,1,165,0,0,0,0,0,9449,0,0,0,NA,NA,NA,NA,NA,NA,NA,NA,NA,NA,NA,NA,NA,NA,NA,TRUE,0.7286932313580262,NA,0.7286932313580262,NA,NA,NA,high,NA,high,NA,NA,NA,NA,NA,NA,7,Cannabis legalisation,1,1,0,NA,0,0
337563399528,3,monetary,NA,1,4,0,0.47058823529411764,2,5,13,33,female,0,4,4,0,0,2,2,0,6,0,0,0,0,0,184,0,0,0,NA,NA,NA,NA,NA,NA,NA,NA,NA,NA,NA,NA,NA,NA,NA,TRUE,0.7117037286123091,0.7110843874168387,0.7129077089772426,0.08001534251779614,0.08038976840700657,0.08115956534299683,high,high,high,low,high,high,high_level-low_diversity,high_level-high_diversity,high_level-high_diversity,4,Cannabis legalisation,0,0,0,NA,0,1
337564903644,3,monetary,NA,1,7,0,0.4117647058823529,1,0,13,46,female,1,7,7,0,0,1,3,2,232,3,1,1,2,3,10361,49,0.004729273236174114,0.01407339283286471,2,2,0.7181159017156155,0.7498827885453581,0.7386062630893295,1,1,0.8169462162970371,0.816946216297037,0.816946216297037,3,3,0.7069262597890238,0.7226789034080804,0.7174215162678296,TRUE,0.579608955870126,NA,0.6988976152379706,0.14285247338655496,NA,0.0136098901109231,low,NA,low,high,NA,low,low_level-high_diversity,NA,low_level-low_diversity,NA,Cannabis legalisation,0,0,3,0.7181159017156155,0,1
337689875232,3,verbal,1,NA,1,0,0.5882352941176471,2,8,10,44,not female,0,1,1,0,0,2,2,0,443,0,0,0,0,0,11252,0,0,0,NA,NA,NA,NA,NA,NA,NA,NA,NA,NA,NA,NA,NA,NA,NA,TRUE,0.6168394959870744,0.7003083552977254,0.7484253732664397,0.16130077834070655,0.06675550548451156,0.06934146276659874,low,high,high,high,high,high,low_level-high_diversity,high_level-high_diversity,high_level-high_diversity,3.5,Cannabis legalisation,0,0,0,NA,1,0
337823866728,3,monetary,NA,1,7,0,0.47058823529411764,3,8,12,58,not female,0,7,6,-1,1,2,2,0,87,0,0,0,0,0,7737,0,0,0,NA,NA,NA,NA,NA,NA,NA,NA,NA,NA,NA,NA,NA,NA,NA,TRUE,0.8073543487362353,NA,0.8145563197085975,0.05306859787588286,NA,0.01169122876377106,high,NA,high,low,NA,low,high_level-low_diversity,NA,high_level-low_diversity,6,Cannabis legalisation,1,-1,0,NA,0,1
337924757412,3,monetary,NA,1,4,0,0.4117647058823529,3,5,12,38,female,1,4,6,2,2,2,2,0,357,4,1,2,2,3,23202,405,0.017455391776570985,0.016645325646629093,2,2,0.7588546718824534,0.756816372078433,0.7572077121035429,2,2,0.7588546718824534,0.756816372078433,0.7572077121035429,4,3,0.7474478558918476,0.712543752605979,0.7234300642768184,TRUE,0.3911645894334839,0.8140944834600109,0.7983572981066004,0.07616557382648667,0.02326938381343294,0.05967092374362512,low,high,high,low,low,high,low_level-low_diversity,high_level-low_diversity,high_level-high_diversity,6,Cannabis legalisation,2,2,4,0.7588546718824534,0,1
338387077116,3,control,0,0,1,0,0.29411764705882354,2,0,10,61,not female,0,1,1,0,0,1,1,0,306,0,0,0,0,0,6167,0,0,0,NA,NA,NA,NA,NA,NA,NA,NA,NA,NA,NA,NA,NA,NA,NA,TRUE,0.5070137481373902,0.6336804155245088,0.6019768101607919,0.147721057538074,0.03596361526373078,0.05146944152874649,low,low,low,high,low,low,low_level-high_diversity,low_level-low_diversity,low_level-low_diversity,NA,Cannabis legalisation,0,0,0,NA,0,0
338424079464,3,monetary,NA,1,6,0,0.7058823529411765,4,4,13,61,female,0,6,4,-2,2,2,1,-1,220,0,0,0,0,0,11172,0,0,0,NA,NA,NA,NA,NA,NA,NA,NA,NA,NA,NA,NA,NA,NA,NA,TRUE,0.4187852504705832,0.6783823589632375,0.6699830739417326,0.05549211733306508,0.01097502040319762,0.03279568707830895,low,high,low,low,low,low,low_level-low_diversity,high_level-low_diversity,low_level-low_diversity,6,Cannabis legalisation,2,-2,0,NA,0,1
338559034716,3,control,0,0,6,1,0.8823529411764706,4,7,12,63,not female,0,6,6,0,0,3,2,-1,144,0,0,0,0,0,6447,0,0,0,NA,NA,NA,NA,NA,NA,NA,NA,NA,NA,NA,NA,NA,NA,NA,TRUE,0.6359629806127234,0.6964297214868065,0.7294246486504848,0.1586759407322973,0.05649402388711976,0.04490846859277576,low,high,high,high,high,low,low_level-high_diversity,high_level-high_diversity,high_level-low_diversity,5,Cannabis legalisation,0,0,0,NA,0,0
339360065748,3,control,0,0,1,NA,0.7647058823529411,4,4,15,37,not female,0,1,1,0,0,3,3,0,73,0,0,0,0,0,2878,0,0,0,NA,NA,NA,NA,NA,NA,NA,NA,NA,NA,NA,NA,NA,NA,NA,TRUE,0.7345412788319939,0.676251457866637,0.7810812319233429,0.10879706673182876,NA,0.01168946408459961,high,high,high,high,NA,low,high_level-high_diversity,NA,high_level-low_diversity,NA,Cannabis legalisation,0,0,0,NA,0,0
339400418328,3,control,0,0,1,0,0.4117647058823529,2,2,16,38,female,0,1,1,0,0,2,2,0,0,0,0,0,0,0,0,0,NA,NA,NA,NA,NA,NA,NA,NA,NA,NA,NA,NA,NA,NA,NA,NA,NA,TRUE,0.49027652905188385,0.537952976288792,0.537952976288792,0.09798264652545066,NA,NA,low,low,low,high,NA,NA,low_level-high_diversity,NA,NA,NA,Cannabis legalisation,0,0,0,NA,0,0
339412460148,3,control,0,0,5,1,0.6470588235294118,5,6,15,59,not female,0,5,4,-1,1,3,3,0,332,0,0,0,0,0,7128,0,0,0,NA,NA,NA,NA,NA,NA,NA,NA,NA,NA,NA,NA,NA,NA,NA,TRUE,0.6968555256844937,0.6472825660873051,0.6968129508698007,0.04838125134247308,0.06930122056640049,0.04223177428125081,high,low,low,low,high,low,high_level-low_diversity,low_level-high_diversity,low_level-low_diversity,5.5,Cannabis legalisation,1,-1,0,NA,0,0
339468139116,3,verbal,1,NA,1,0,0.8235294117647058,5,8,10,38,not female,0,1,1,0,0,2,2,0,837,0,0,0,0,0,18955,0,0,0,NA,NA,NA,NA,NA,NA,NA,NA,NA,NA,NA,NA,NA,NA,NA,TRUE,0.7099006487891458,0.6860405304092043,0.7299911217025424,0.1031044105050778,0.04614647152670942,0.05489233912954623,high,high,high,high,low,high,high_level-high_diversity,high_level-low_diversity,high_level-high_diversity,4,Cannabis legalisation,0,0,0,NA,1,0
339473810844,3,control,0,0,4,0,0.23529411764705882,3,6,13,40,female,0,4,4,0,0,2,2,0,114,0,0,0,0,0,3250,0,0,0,NA,NA,NA,NA,NA,NA,NA,NA,NA,NA,NA,NA,NA,NA,NA,TRUE,0.6936878172086309,0.69891244089859,0.6997077454596039,0.06352633768791296,0.06991356431255091,0.06920640079070765,high,high,low,low,high,high,high_level-low_diversity,high_level-high_diversity,low_level-high_diversity,6,Cannabis legalisation,0,0,0,NA,0,0
339512253696,3,verbal,1,NA,2,0,0.7058823529411765,4,8,12,55,not female,0,2,1,-1,1,2,2,0,147,0,0,0,0,0,4211,0,0,0,NA,NA,NA,NA,NA,NA,NA,NA,NA,NA,NA,NA,NA,NA,NA,TRUE,0.7164117283282532,0.6488375961589505,0.7271072147398902,0.02483030857530445,0.00230568043259721,0.01114641199307023,high,low,high,low,low,low,high_level-low_diversity,low_level-low_diversity,high_level-low_diversity,6.5,Cannabis legalisation,1,-1,0,NA,1,0
339572310264,3,monetary,NA,1,4,0,0.8823529411764706,4,1,18,42,female,0,4,1,-3,3,2,2,0,312,4,1,4,0,1,17212,46,0.0026725540320706484,0.011781863835291641,NA,NA,NA,NA,NA,NA,NA,NA,NA,NA,4,1,0.668271133133525,0.668271133133525,0.668271133133525,TRUE,0.5671937135578579,0.6837349429206045,0.678729451757526,0.13727526591105452,0.03159944423331419,0.04587626194948223,low,high,low,high,low,low,low_level-high_diversity,high_level-low_diversity,low_level-low_diversity,5.5,Cannabis legalisation,3,-3,4,NA,0,1
339637903812,3,control,0,0,7,1,0.8235294117647058,5,8,15,64,not female,0,7,7,0,0,2,2,0,159,0,0,0,0,0,10876,0,0,0,NA,NA,NA,NA,NA,NA,NA,NA,NA,NA,NA,NA,NA,NA,NA,TRUE,0.602510179392911,0.6969992624542664,0.6960046433307402,0.1429832581053966,0.07476297961640224,0.0740043185192884,low,high,low,high,high,high,low_level-high_diversity,high_level-high_diversity,low_level-high_diversity,6.5,Cannabis legalisation,0,0,0,NA,0,0
339771423348,3,control,0,0,6,0,0.7647058823529411,4,5,20,39,female,0,6,6,0,0,2,1,-1,127,0,0,0,0,0,9632,0,0,0,NA,NA,NA,NA,NA,NA,NA,NA,NA,NA,NA,NA,NA,NA,NA,TRUE,0.5888277014367038,0.7621157822211253,0.7516778387316888,0.14809597981866973,0.08546104308672006,0.07989637640799317,low,high,high,high,high,high,low_level-high_diversity,high_level-high_diversity,high_level-high_diversity,5.5,Cannabis legalisation,0,0,0,NA,0,0
339838728948,3,monetary,NA,1,7,NA,0.5294117647058824,5,6,10,58,female,0,7,4,-3,3,1,3,2,257,0,0,0,0,0,4298,0,0,0,NA,NA,NA,NA,NA,NA,NA,NA,NA,NA,NA,NA,NA,NA,NA,TRUE,0.6504989741646705,0.6359950487610436,0.6298840595433444,0.08093556961525901,0.06587001762623866,0.07029066306543139,low,low,low,low,high,high,low_level-low_diversity,low_level-high_diversity,low_level-high_diversity,7,Cannabis legalisation,3,-3,0,NA,0,1
339960888612,3,monetary,NA,1,1,1,0.5294117647058824,5,8,13,45,not female,0,1,1,0,0,2,2,0,125,0,0,0,0,0,4612,0,0,0,NA,NA,NA,NA,NA,NA,NA,NA,NA,NA,NA,NA,NA,NA,NA,TRUE,0.6219052781940213,0.6418513404987954,0.655073863143837,0.1078401145285397,0.02559891795440216,0.06290304593661229,low,low,low,high,low,high,low_level-high_diversity,low_level-low_diversity,low_level-high_diversity,7,Cannabis legalisation,0,0,0,NA,0,1
340026146316,3,monetary,NA,1,3,0,0.4117647058823529,2,8,14,68,not female,0,3,4,1,1,1,2,1,13,0,0,0,0,0,554,0,0,0,NA,NA,NA,NA,NA,NA,NA,NA,NA,NA,NA,NA,NA,NA,NA,TRUE,0.6447328766969147,0.6250064375896417,0.62902755220107065,0.02766773646929297,0.02328928093919295,0.0256891806886955,low,low,low,low,low,low,low_level-low_diversity,low_level-low_diversity,low_level-low_diversity,5.5,Cannabis legalisation,1,1,0,NA,0,1
340120874160,3,control,0,0,5,0,0.5294117647058824,4,2,12,31,not female,0,5,5,0,0,3,2,-1,70,0,0,0,0,0,3880,0,0,0,NA,NA,NA,NA,NA,NA,NA,NA,NA,NA,NA,NA,NA,NA,NA,TRUE,0.6933202750616708,0.6869694646135877,0.763335249855152,0.06950626039803877,0.0740941385374908,0.06325418421205022,high,high,high,low,high,high,high_level-low_diversity,high_level-high_diversity,high_level-high_diversity,6.5,Cannabis legalisation,0,0,0,NA,0,0
340144885980,3,control,0,0,1,0,0.5882352941176471,3,6,13,36,not female,0,1,1,0,0,1,1,0,254,0,0,0,0,0,33173,0,0,0,NA,NA,NA,NA,NA,NA,NA,NA,NA,NA,NA,NA,NA,NA,NA,TRUE,0.4584511567482716,0.7795159929489385,0.7604063743229221,0.13111070301049693,0.03985200377665712,0.03671153821664955,low,high,high,high,low,low,low_level-high_diversity,high_level-low_diversity,high_level-low_diversity,4,Cannabis legalisation,0,0,0,NA,0,0
340237222560,3,verbal,1,NA,6,1,0.7058823529411765,3,6,13,51,female,0,6,6,0,0,3,3,0,78,0,0,0,0,0,5571,0,0,0,NA,NA,NA,NA,NA,NA,NA,NA,NA,NA,NA,NA,NA,NA,NA,TRUE,0.7393026245450645,0.6523448121228976,0.7437390370827964,0.07035573526767823,0.07148207590233911,0.06503952697952162,high,low,high,low,high,high,high_level-low_diversity,low_level-high_diversity,high_level-high_diversity,6.5,Cannabis legalisation,0,0,0,NA,1,0
340243723296,3,verbal,1,NA,4,0,0.7058823529411765,3,0,11,44,not female,0,4,1,-3,3,2,4,2,312,0,0,0,0,0,8398,0,0,0,NA,NA,NA,NA,NA,NA,NA,NA,NA,NA,NA,NA,NA,NA,NA,TRUE,0.7020100410361606,0.8303735756098448,0.7948097375333022,0.2004148153431959,0.02568035597287517,0.04974124445661135,high,high,high,high,low,low,high_level-high_diversity,high_level-low_diversity,high_level-low_diversity,4.5,Cannabis legalisation,3,-3,0,NA,1,0
340245912780,3,monetary,NA,1,2,1,0.7647058823529411,5,8,13,63,female,0,2,2,0,0,2,2,0,391,0,0,0,0,0,12347,0,0,0,NA,NA,NA,NA,NA,NA,NA,NA,NA,NA,NA,NA,NA,NA,NA,TRUE,0.6460400602091921,0.6043107679862706,0.8081976640980929,0.19686962106196604,0.14043428876104128,0.03061378101232575,low,low,high,high,high,low,low_level-high_diversity,low_level-high_diversity,high_level-low_diversity,6.5,Cannabis legalisation,0,0,0,NA,0,1
340410140496,3,verbal,1,NA,5,0,0.11764705882352941,1,0,11,46,female,0,5,4,-1,1,2,2,0,179,1,1,1,0,1,5132,16,0.003117692907248636,0.006476710268555709,NA,NA,NA,NA,NA,NA,NA,NA,NA,NA,1,1,0.668271133133525,0.668271133133525,0.668271133133525,TRUE,0.5606163577697412,0.679101447054083,0.7158948456406162,0.1458243803962828,0.06882184463822075,0.0432882843615214,low,high,high,high,high,low,low_level-high_diversity,high_level-high_diversity,high_level-low_diversity,3,Cannabis legalisation,1,-1,1,NA,1,0
340416364896,3,control,0,0,1,1,0.23529411764705882,1,1,10,29,female,0,1,1,0,0,2,2,0,191,0,0,0,0,0,6926,0,0,0,NA,NA,NA,NA,NA,NA,NA,NA,NA,NA,NA,NA,NA,NA,NA,TRUE,0.6706556763834075,0.6136915175150641,0.6718879156630818,0.03515515486587903,0.03682471237373275,0.06177610890805872,high,low,low,low,low,high,high_level-low_diversity,low_level-low_diversity,low_level-high_diversity,NA,Cannabis legalisation,0,0,0,NA,0,0
340552889928,3,control,0,0,4,0,0.4117647058823529,3,6,13,63,female,0,4,4,0,0,2,1,-1,2,0,0,0,0,0,150,0,0,0,NA,NA,NA,NA,NA,NA,NA,NA,NA,NA,NA,NA,NA,NA,NA,TRUE,0.7163309562843141,0.76180237444443,0.76180237444443,0.10912477254149353,0.06584702115108641,0.06584702115108641,high,high,high,high,high,high,high_level-high_diversity,high_level-high_diversity,high_level-high_diversity,3.5,Cannabis legalisation,0,0,0,NA,0,0
340634619720,3,monetary,NA,1,4,1,0.7647058823529411,3,8,14,47,female,0,4,6,2,2,3,3,0,147,0,0,0,0,0,9628,0,0,0,NA,NA,NA,NA,NA,NA,NA,NA,NA,NA,NA,NA,NA,NA,NA,TRUE,0.6755820592786528,0.6746538761985068,0.6740091375782729,0.07900830873120579,0.08057645069026298,0.07804487061091643,high,high,low,low,high,high,high_level-low_diversity,high_level-high_diversity,low_level-high_diversity,4,Cannabis legalisation,2,2,0,NA,0,1
340636326300,3,control,0,0,1,0,0.7058823529411765,4,8,16,43,female,0,1,1,0,0,2,1,-1,1,0,0,0,0,0,110,0,0,0,NA,NA,NA,NA,NA,NA,NA,NA,NA,NA,NA,NA,NA,NA,NA,TRUE,0.668271133133525,NA,NA,NA,NA,NA,high,NA,NA,NA,NA,NA,NA,NA,NA,NA,Cannabis legalisation,0,0,0,NA,0,0
340636960368,3,verbal,1,NA,7,0,0.6470588235294118,1,8,12,50,not female,0,7,7,0,0,1,2,1,351,0,0,0,0,0,19383,0,0,0,NA,NA,NA,NA,NA,NA,NA,NA,NA,NA,NA,NA,NA,NA,NA,TRUE,0.4491908857937542,0.6198322033436711,0.7016291116483319,0.11871485006699396,0.05724395679822852,0.07099265754054333,low,low,low,high,high,high,low_level-high_diversity,low_level-high_diversity,low_level-high_diversity,7,Cannabis legalisation,0,0,0,NA,1,0
340639446708,3,verbal,1,NA,4,0,0.5882352941176471,5,8,12,32,female,0,4,3,-1,1,1,3,2,24,0,0,0,0,0,1841,0,0,0,NA,NA,NA,NA,NA,NA,NA,NA,NA,NA,NA,NA,NA,NA,NA,TRUE,0.6383936416057304,0.6419735631806982,0.6274214943777552,0.07436146578028395,0.03695049630235537,0.05970730456487502,low,low,low,low,low,high,low_level-low_diversity,low_level-low_diversity,low_level-high_diversity,6,Cannabis legalisation,1,-1,0,NA,1,0
340640571888,3,monetary,NA,1,7,0,0.35294117647058826,4,2,15,44,female,1,7,7,0,0,2,2,0,158,2,1,1,1,2,7351,189,0.025710787647939055,0.01732743971258505,1,1,0.682819360793679,0.682819360793679,0.682819360793679,NA,NA,NA,NA,NA,2,2,0.6824344870460558,0.6755452469636021,0.6791019483472903,TRUE,0.765513514382997,NA,0.7804464718774271,0.04238344083942613,NA,NA,high,NA,high,low,NA,NA,high_level-low_diversity,NA,NA,5,Cannabis legalisation,0,0,2,0.682819360793679,0,1
340640662860,3,monetary,NA,1,4,0,0.47058823529411764,3,1,13,60,female,0,4,4,0,0,2,1,-1,94,0,0,0,0,0,4786,0,0,0,NA,NA,NA,NA,NA,NA,NA,NA,NA,NA,NA,NA,NA,NA,NA,TRUE,0.7719385666663126,0.7874028168007708,0.7804634246215573,0.03716427290466843,0.0019862046512803,4.206841384475579e-5,high,high,high,low,low,low,high_level-low_diversity,high_level-low_diversity,high_level-low_diversity,NA,Cannabis legalisation,0,0,0,NA,0,1
340640735364,3,control,0,0,4,0,0.5882352941176471,3,1,15,31,female,0,4,4,0,0,2,2,0,190,0,0,0,0,0,5525,0,0,0,NA,NA,NA,NA,NA,NA,NA,NA,NA,NA,NA,NA,NA,NA,NA,TRUE,0.5628928665971831,0.81538396763029,0.7052665094750487,0.15039304595452618,NA,0.03748382538718767,low,high,low,high,NA,low,low_level-high_diversity,NA,low_level-low_diversity,5,Cannabis legalisation,0,0,0,NA,0,0
340640814708,3,control,0,0,1,0,0.5882352941176471,3,0,19,45,female,0,1,1,0,0,1,1,0,199,0,0,0,0,0,15736,0,0,0,NA,NA,NA,NA,NA,NA,NA,NA,NA,NA,NA,NA,NA,NA,NA,TRUE,0.6898154392426282,0.7106431168362699,0.7335871488593796,0.12838535698685608,0.06561412322458085,0.0543594528108705,high,high,high,high,high,high,high_level-high_diversity,high_level-high_diversity,high_level-high_diversity,NA,Cannabis legalisation,0,0,0,NA,0,0
340640868744,3,verbal,1,NA,7,0,0.5882352941176471,4,4,18,35,female,0,7,7,0,0,2,3,1,25,0,0,0,0,0,3649,0,0,0,NA,NA,NA,NA,NA,NA,NA,NA,NA,NA,NA,NA,NA,NA,NA,TRUE,0.7317304836611271,0.7317304836611271,0.705769170970334,0.03821401757684124,0.03821401757684124,NA,high,high,low,low,low,NA,high_level-low_diversity,high_level-low_diversity,NA,4,Cannabis legalisation,0,0,0,NA,1,0
340641067104,3,control,0,0,3,NA,0.6470588235294118,2,6,12,35,female,0,3,4,1,1,2,2,0,97,0,0,0,0,0,19863,0,0,0,NA,NA,NA,NA,NA,NA,NA,NA,NA,NA,NA,NA,NA,NA,NA,TRUE,0.41399802486892257,0.6499969710168051,0.6532024328489463,0.10127692453617314,0.05841232072543351,0.07151019530967295,low,low,low,high,high,high,low_level-high_diversity,low_level-high_diversity,low_level-high_diversity,NA,Cannabis legalisation,1,1,0,NA,0,0
340641527436,3,control,0,0,3,1,0.7647058823529411,3,5,17,30,female,0,3,3,0,0,4,4,0,145,0,0,0,0,0,7733,0,0,0,NA,NA,NA,NA,NA,NA,NA,NA,NA,NA,NA,NA,NA,NA,NA,TRUE,0.5396356932991808,0.6481570645717387,0.7112145982023124,0.156488247215135,0.06774098005325387,0.08226237782426833,low,low,high,high,high,high,low_level-high_diversity,low_level-high_diversity,high_level-high_diversity,5,Cannabis legalisation,0,0,0,NA,0,0
340641934416,3,monetary,NA,1,3,0,0.17647058823529413,1,4,12,43,female,0,3,2,-1,1,1,2,1,454,1,1,1,0,1,11589,20,0.0017257744412805247,0.003076070790900252,NA,NA,NA,NA,NA,NA,NA,NA,NA,NA,1,1,0.668271133133525,0.668271133133525,0.668271133133525,TRUE,0.6876316613408667,NA,0.6921276831059422,0.03235649264754112,NA,NA,high,NA,low,low,NA,NA,high_level-low_diversity,NA,NA,4,Cannabis legalisation,1,-1,1,NA,0,1
340641935100,3,control,0,0,7,1,0.6470588235294118,1,0,15,32,female,0,7,7,0,0,3,3,0,11,0,0,0,0,0,345,0,0,0,NA,NA,NA,NA,NA,NA,NA,NA,NA,NA,NA,NA,NA,NA,NA,TRUE,0.6675414249948439,NA,NA,0.01318898913842298,NA,NA,high,NA,NA,low,NA,NA,high_level-low_diversity,NA,NA,NA,Cannabis legalisation,0,0,0,NA,0,0
340642271628,3,verbal,1,NA,6,1,0.5882352941176471,3,6,10,55,not female,0,6,6,0,0,2,3,1,73,0,0,0,0,0,9106,0,0,0,NA,NA,NA,NA,NA,NA,NA,NA,NA,NA,NA,NA,NA,NA,NA,TRUE,0.6828722139288229,0.6804033958389452,0.6811388315018619,0.04865238855434002,0.038168952859341,0.04293988484620165,high,high,low,low,low,low,high_level-low_diversity,high_level-low_diversity,low_level-low_diversity,5.5,Cannabis legalisation,0,0,0,NA,1,0
340642298304,3,monetary,NA,1,4,0,0.7647058823529411,5,7,17,34,not female,0,4,4,0,0,2,2,0,115,0,0,0,0,0,3300,0,0,0,NA,NA,NA,NA,NA,NA,NA,NA,NA,NA,NA,NA,NA,NA,NA,TRUE,0.6372994972276635,0.687360122804116,0.6834633500232635,0.1882939189019618,0.1043686999869487,0.09833467817586176,low,high,low,high,high,high,low_level-high_diversity,high_level-high_diversity,low_level-high_diversity,5.5,Cannabis legalisation,0,0,0,NA,0,1
340642943316,3,monetary,NA,1,1,0,0.23529411764705882,1,1,14,40,female,0,1,1,0,0,2,3,1,28,0,0,0,0,0,1973,0,0,0,NA,NA,NA,NA,NA,NA,NA,NA,NA,NA,NA,NA,NA,NA,NA,TRUE,0.5006481337273034,NA,0.780446471877427,0.12633423712790628,NA,NA,low,NA,high,high,NA,NA,low_level-high_diversity,NA,NA,4.5,Cannabis legalisation,0,0,0,NA,0,1
340643476152,3,verbal,1,NA,1,NA,0.6470588235294118,3,2,14,52,female,0,1,1,0,0,3,3,0,132,0,0,0,0,0,10073,0,0,0,NA,NA,NA,NA,NA,NA,NA,NA,NA,NA,NA,NA,NA,NA,NA,TRUE,0.66615748635521,0.6555648550586891,0.6699731070349466,0.02941317764830467,0.02272909742409989,0.06070386760797195,high,low,low,low,low,high,high_level-low_diversity,low_level-low_diversity,low_level-high_diversity,5.5,Cannabis legalisation,0,0,0,NA,1,0
340644139632,3,control,0,0,4,0,0.35294117647058826,2,1,15,63,female,0,4,4,0,0,1,1,0,263,0,0,0,0,0,5320,0,0,0,NA,NA,NA,NA,NA,NA,NA,NA,NA,NA,NA,NA,NA,NA,NA,FALSE,NA,NA,NA,NA,NA,NA,NA,NA,NA,NA,NA,NA,NA,NA,NA,NA,Cannabis legalisation,0,0,0,NA,0,0
340644762756,3,monetary,NA,1,7,1,0.47058823529411764,5,8,10,35,not female,0,7,7,0,0,2,3,1,11,0,0,0,0,0,498,0,0,0,NA,NA,NA,NA,NA,NA,NA,NA,NA,NA,NA,NA,NA,NA,NA,TRUE,0.6810352843719443,0.6900936691765285,0.6756226294614689,0.0387038735058537,0.04597379160905462,0.00575466299770668,high,high,low,low,low,low,high_level-low_diversity,high_level-low_diversity,low_level-low_diversity,7,Cannabis legalisation,0,0,0,NA,0,1
340646687532,3,verbal,1,NA,2,0,0.7647058823529411,4,4,18,63,not female,0,2,2,0,0,2,2,0,2,0,0,0,0,0,1190,0,0,0,NA,NA,NA,NA,NA,NA,NA,NA,NA,NA,NA,NA,NA,NA,NA,TRUE,0.7765513148909008,0.7051881841821789,0.7024589746853576,0.09067551338354132,0.09657631168197234,0.09016916277745532,high,high,low,high,high,high,high_level-high_diversity,high_level-high_diversity,low_level-high_diversity,5,Cannabis legalisation,0,0,0,NA,1,0
340646807916,3,control,0,0,1,0,0.6470588235294118,3,8,13,55,female,0,1,2,1,1,1,1,0,18,0,0,0,0,0,1027,0,0,0,NA,NA,NA,NA,NA,NA,NA,NA,NA,NA,NA,NA,NA,NA,NA,TRUE,0.4177793975366457,NA,0.8029514868904065,0.10300541071252292,NA,0.00595210373507758,low,NA,high,high,NA,low,low_level-high_diversity,NA,high_level-low_diversity,5,Cannabis legalisation,1,1,0,NA,0,0
