pid,wave,group_f,z_verbal,z_money,att_baseline,prior_engagement,polknow_total,pol_interest_general,newsuse_online,edu_time,age,gender_f,url_int_visits_yn,att_pre,att_post,att_signed,att_abs,kno_pre,kno_post,kno_signed,n_visits_total,exp_topic_uptake_n,exp_topic_uptake_yn,n_topic_search,n_topic_url,n_topic_domains,total_duration,topic_duration,exp_topic_uptake_dw,exp_topic_uptake_logdw,n_scored,n_domains,exp_q_dur,exp_q_unw,exp_q_log,n_scored_news,n_domains_news,exp_q_dur_news,exp_q_unw_news,exp_q_log_news,n_scored_all,n_domains_all,exp_q_dur_all,exp_q_unw_all,exp_q_log_all,meets_activity_threshold,hab_overall_dw_pc1,hab_news_dw_pc1,hab_news_corrected_dw_pc1,hab_overall_dw_sd_pc1,hab_news_dw_sd_pc1,hab_news_corrected_dw_sd_pc1,hab_overall_level_group,hab_news_level_group,hab_news_corrected_level_group,hab_overall_diversity_group,hab_news_diversity_group,hab_news_corrected_diversity_group,hab_overall_level_diversity_group,hab_news_level_diversity_group,hab_news_corrected_level_diversity_group,nfc,topic,y_abs,y_signed,effort_count,q_primary,t_verbal,t_money
273726366948,1,verbal,1,NA,4,0,0.29411764705882354,3,2,14,34,female,0,4,6,2,2,1,3,2,7,0,0,0,0,0,1616,0,0,0,NA,NA,NA,NA,NA,NA,NA,NA,NA,NA,NA,NA,NA,NA,NA,TRUE,0.6264111204930775,0.6160979209925354,0.6998698797282011,0.10690867161887058,0.054353884120818,0.02791315431987175,low,low,low,high,high,low,low_level-high_diversity,low_level-high_diversity,low_level-low_diversity,5.5,Basic child support,2,2,0,NA,1,0
273746614716,1,control,0,0,4,0,0.6470588235294118,3,8,14,53,not female,0,4,4,0,0,1,1,0,51,0,0,0,0,0,16628,0,0,0,NA,NA,NA,NA,NA,NA,NA,NA,NA,NA,NA,NA,NA,NA,NA,TRUE,0.7236212963664705,0.6691029307873299,0.718303326480675,0.13887278974203057,0.0670081274048784,0.14311363314838704,high,low,high,high,high,high,high_level-high_diversity,low_level-high_diversity,high_level-high_diversity,3,Basic child support,0,0,0,NA,0,0
273908992896,1,monetary,NA,1,4,0,0.23529411764705882,1,1,9,30,female,0,4,4,0,0,1,3,2,3,0,0,0,0,0,72,0,0,0,NA,NA,NA,NA,NA,NA,NA,NA,NA,NA,NA,NA,NA,NA,NA,TRUE,0.3941341048712343,NA,0.728693231358026,0.07318583974388031,NA,NA,low,NA,high,low,NA,NA,low_level-low_diversity,NA,NA,4.5,Basic child support,0,0,0,NA,0,1
273971922264,1,control,0,0,7,1,0.35294117647058826,1,1,16,43,not female,0,7,5,-2,2,2,2,0,68,0,0,0,0,0,4351,0,0,0,NA,NA,NA,NA,NA,NA,NA,NA,NA,NA,NA,NA,NA,NA,NA,TRUE,0.7013083914975364,0.5654789404934871,0.5654789404934871,0.08071869099924879,0.05571795524863983,0.05571795524863983,high,low,low,low,high,high,high_level-low_diversity,low_level-high_diversity,low_level-high_diversity,7,Basic child support,2,-2,0,NA,0,0
273984233580,1,verbal,1,NA,4,0,0.7058823529411765,3,1,12,42,not female,0,4,7,3,3,1,2,1,107,0,0,0,0,0,1453,0,0,0,NA,NA,NA,NA,NA,NA,NA,NA,NA,NA,NA,NA,NA,NA,NA,TRUE,0.6682711331335252,NA,NA,NA,NA,NA,high,NA,NA,NA,NA,NA,NA,NA,NA,4.5,Basic child support,3,3,0,NA,1,0
274024999980,1,monetary,NA,1,5,0,0.7058823529411765,4,7,17,23,not female,1,5,5,0,0,2,3,1,266,12,1,6,6,7,24709,741,0.029989072807479058,0.050279665554280206,3,3,0.4787952681322813,0.5283018415820597,0.518481964937075,2,2,0.5966835437533891,0.604906403061461,0.6031265027175157,9,4,0.4974284795585984,0.5890393232263401,0.5638260756692058,TRUE,0.5101258298749745,0.5994823886337225,0.7121370081321167,0.14687112952074183,0.06339918241243787,0.14393494277645963,low,low,high,high,high,high,low_level-high_diversity,low_level-high_diversity,high_level-high_diversity,5,Basic child support,0,0,12,0.4787952681322813,0,1
274131498096,1,control,0,0,4,0,0.47058823529411764,4,7,9,47,not female,0,4,4,0,0,2,1,-1,20,0,0,0,0,0,825,0,0,0,NA,NA,NA,NA,NA,NA,NA,NA,NA,NA,NA,NA,NA,NA,NA,TRUE,0.6769139949176581,0.6645719265562136,0.6941716819838668,0.08206884778457035,0.03411920358055405,0.03671835029707749,high,low,low,low,low,low,high_level-low_diversity,low_level-low_diversity,low_level-low_diversity,4.5,Basic child support,0,0,0,NA,0,0
274350928032,1,verbal,1,NA,5,NA,0.6470588235294118,3,6,16,56,not female,0,5,4,-1,1,2,2,0,4,0,0,0,0,0,116,0,0,0,NA,NA,NA,NA,NA,NA,NA,NA,NA,NA,NA,NA,NA,NA,NA,TRUE,0.6554521080113752,0.6846173026865041,0.6519199680058343,0.06289372186218704,0.07828392829213009,0.07062430795591475,low,high,low,low,high,high,low_level-low_diversity,high_level-high_diversity,low_level-high_diversity,3.5,Basic child support,1,-1,0,NA,1,0
274397163696,1,control,0,0,1,1,0.6470588235294118,3,3,15,40,not female,0,1,1,0,0,3,3,0,31,0,0,0,0,0,1790,0,0,0,NA,NA,NA,NA,NA,NA,NA,NA,NA,NA,NA,NA,NA,NA,NA,TRUE,0.6472853541685365,0.6477420270691425,0.6529705945357465,0.06908665085630246,0.05994385835736209,0.05870851676388791,low,low,low,low,high,high,low_level-low_diversity,low_level-high_diversity,low_level-high_diversity,6,Basic child support,0,0,0,NA,0,0
274502024316,1,control,0,0,7,0,0.5294117647058824,3,6,19,58,not female,0,7,7,0,0,2,2,0,47,0,0,0,0,0,2121,0,0,0,NA,NA,NA,NA,NA,NA,NA,NA,NA,NA,NA,NA,NA,NA,NA,TRUE,0.5944178117414799,0.5731896009622547,0.694568585623084,0.1407807420587936,0.03509097616269954,0.12180712523270287,low,low,low,high,low,high,low_level-high_diversity,low_level-low_diversity,low_level-high_diversity,7,Basic child support,0,0,0,NA,0,0
274518574380,1,verbal,1,NA,7,1,0.7058823529411765,5,8,13,54,not female,0,7,7,0,0,4,3,-1,74,0,0,0,0,0,3128,0,0,0,NA,NA,NA,NA,NA,NA,NA,NA,NA,NA,NA,NA,NA,NA,NA,TRUE,0.4747644453670618,0.71153824924995,0.796940096219946,0.17047060993051755,0.04231446826094477,0.065519419040634,low,high,high,high,low,high,low_level-high_diversity,high_level-low_diversity,high_level-high_diversity,7,Basic child support,0,0,0,NA,1,0
274526852832,1,verbal,1,NA,7,0,0.29411764705882354,5,8,13,33,not female,0,7,6,-1,1,2,4,2,338,0,0,0,0,0,63645,0,0,0,NA,NA,NA,NA,NA,NA,NA,NA,NA,NA,NA,NA,NA,NA,NA,TRUE,0.6779425649247712,0.649956272688751,0.650370838079818,0.08734354845437889,NA,0.1336639221015863,high,low,low,high,NA,high,high_level-high_diversity,NA,low_level-high_diversity,6.5,Basic child support,1,-1,0,NA,1,0
274533484212,1,verbal,1,NA,6,1,0.5882352941176471,4,8,13,39,not female,0,6,5,-1,1,4,2,-2,20,0,0,0,0,0,712,0,0,0,NA,NA,NA,NA,NA,NA,NA,NA,NA,NA,NA,NA,NA,NA,NA,TRUE,0.664372713161187,0.6376397740155628,0.6507900063621356,0.02693181227891573,0.04057707275884113,0.04488772040679006,high,low,low,low,low,low,high_level-low_diversity,low_level-low_diversity,low_level-low_diversity,5.5,Basic child support,1,-1,0,NA,1,0
274632733980,1,control,0,0,4,0,0.47058823529411764,3,4,12,23,female,0,4,5,1,1,1,1,0,7,0,0,0,0,0,716,0,0,0,NA,NA,NA,NA,NA,NA,NA,NA,NA,NA,NA,NA,NA,NA,NA,TRUE,0.6682901491427239,0.676251457866637,0.676251457866637,0.05175072292621669,NA,NA,high,high,low,low,NA,NA,high_level-low_diversity,NA,NA,4,Basic child support,1,1,0,NA,0,0
274653049464,1,monetary,NA,1,6,0,0.7058823529411765,5,6,12,51,not female,0,6,6,0,0,3,3,0,17,0,0,0,0,0,1168,0,0,0,NA,NA,NA,NA,NA,NA,NA,NA,NA,NA,NA,NA,NA,NA,NA,TRUE,0.6871387971482988,0.6560584458904815,0.632517973086049,0.11498207793350156,0.03644796566640478,0.05695881789426244,high,low,low,high,low,high,high_level-high_diversity,low_level-low_diversity,low_level-high_diversity,3.5,Basic child support,0,0,0,NA,0,1
274671650160,1,monetary,NA,1,7,0,0.17647058823529413,5,3,10,56,female,0,7,6,-1,1,1,1,0,184,0,0,0,0,0,2544,0,0,0,NA,NA,NA,NA,NA,NA,NA,NA,NA,NA,NA,NA,NA,NA,NA,TRUE,0.7559278690934972,0.6686958523575889,0.7916643860823033,0.12087020381701866,0.01906712260964196,0.04220903637743675,high,low,high,high,low,low,high_level-high_diversity,low_level-low_diversity,high_level-low_diversity,6.5,Basic child support,1,-1,0,NA,0,1
274758455232,1,verbal,1,NA,4,0,0.4117647058823529,2,1,14,23,female,0,4,4,0,0,1,2,1,20,0,0,0,0,0,1893,0,0,0,NA,NA,NA,NA,NA,NA,NA,NA,NA,NA,NA,NA,NA,NA,NA,TRUE,0.6948718042751311,0.7308403788242238,0.7113772498993113,0.08705346261231305,0.07957247577695051,0.0944162972887854,high,high,high,high,high,high,high_level-high_diversity,high_level-high_diversity,high_level-high_diversity,5.5,Basic child support,0,0,0,NA,1,0
274788345348,1,monetary,NA,1,3,0,0.35294117647058826,3,0,13,47,not female,0,3,5,2,2,2,2,0,0,0,0,0,0,0,0,0,NA,NA,NA,NA,NA,NA,NA,NA,NA,NA,NA,NA,NA,NA,NA,NA,NA,TRUE,0.4838191208725663,NA,0.696441085914132,0.15145650773120983,NA,NA,low,NA,low,high,NA,NA,low_level-high_diversity,NA,NA,2.5,Basic child support,2,2,0,NA,0,1
274880751012,1,control,0,0,5,1,0.8235294117647058,4,6,17,56,not female,0,5,5,0,0,3,3,0,253,0,0,0,0,0,5956,0,0,0,NA,NA,NA,NA,NA,NA,NA,NA,NA,NA,NA,NA,NA,NA,NA,TRUE,0.6677450523098124,0.6445442957144905,0.7150481634384233,0.10985549130622688,0.04952917642603072,0.07701899539577008,high,low,high,high,low,high,high_level-high_diversity,low_level-low_diversity,high_level-high_diversity,5,Basic child support,0,0,0,NA,0,0
274948399980,1,monetary,NA,1,6,0,0.7058823529411765,3,7,9,67,female,0,6,7,1,1,1,3,2,21,0,0,0,0,0,1064,0,0,0,NA,NA,NA,NA,NA,NA,NA,NA,NA,NA,NA,NA,NA,NA,NA,TRUE,0.7209357752990911,0.64708511614514,0.7118007348938985,0.07696503090658037,0.00734799782006436,0.06637942393165103,high,low,high,low,low,high,high_level-low_diversity,low_level-low_diversity,high_level-high_diversity,4.5,Basic child support,1,1,0,NA,0,1
275780146716,1,monetary,NA,1,4,0,0.5294117647058824,4,4,13,47,not female,0,4,4,0,0,1,3,2,72,0,0,0,0,0,4842,0,0,0,NA,NA,NA,NA,NA,NA,NA,NA,NA,NA,NA,NA,NA,NA,NA,TRUE,0.5699050303072496,0.755136387124125,0.7442581307667446,0.16875125276470448,0.05255098522330981,0.05336628391223925,low,high,high,high,low,low,low_level-high_diversity,high_level-low_diversity,high_level-low_diversity,5.5,Basic child support,0,0,0,NA,0,1
275794438896,1,control,0,0,4,0,0.35294117647058826,4,8,12,69,female,0,4,2,-2,2,4,2,-2,26,0,0,0,0,0,997,0,0,0,NA,NA,NA,NA,NA,NA,NA,NA,NA,NA,NA,NA,NA,NA,NA,TRUE,0.7861565041363631,0.7869009107019644,0.7861565041363631,0.02650513742291137,0.02377141180845494,0.02650513742291137,high,high,high,low,low,low,high_level-low_diversity,high_level-low_diversity,high_level-low_diversity,7,Basic child support,2,-2,0,NA,0,0
275865368328,1,verbal,1,NA,5,0,0.29411764705882354,3,5,16,50,not female,0,5,5,0,0,3,2,-1,4,0,0,0,0,0,508,0,0,0,NA,NA,NA,NA,NA,NA,NA,NA,NA,NA,NA,NA,NA,NA,NA,TRUE,0.73306839109908,0.7893735036990293,0.732741862697091,0.04928038305005546,0.01214735555061084,0.04260462583171841,high,high,high,low,low,low,high_level-low_diversity,high_level-low_diversity,high_level-low_diversity,5.5,Basic child support,0,0,0,NA,1,0
275910784560,1,monetary,NA,1,4,1,0.4117647058823529,4,6,13,58,female,0,4,2,-2,2,3,3,0,376,1,1,1,0,1,9392,18,0.0019165247018739352,0.0038258534776513726,NA,NA,NA,NA,NA,NA,NA,NA,NA,NA,1,1,0.692127683105942,0.692127683105942,0.6921276831059421,TRUE,0.7576344363906501,0.6696503035178876,0.7596364211990613,0.04060142881804126,0.04354261431638326,0.0362050637944314,high,low,high,low,low,low,high_level-low_diversity,low_level-low_diversity,high_level-low_diversity,6,Basic child support,2,-2,1,NA,0,1
276109219116,1,control,0,0,7,0,0.11764705882352941,1,0,13,47,female,0,7,6,-1,1,2,2,0,4,0,0,0,0,0,72,0,0,0,NA,NA,NA,NA,NA,NA,NA,NA,NA,NA,NA,NA,NA,NA,NA,TRUE,0.668271133133525,NA,NA,NA,NA,NA,high,NA,NA,NA,NA,NA,NA,NA,NA,4.5,Basic child support,1,-1,0,NA,0,0
276126931980,1,monetary,NA,1,4,0,0.8235294117647058,5,8,17,68,not female,0,4,1,-3,3,2,1,-1,203,0,0,0,0,0,16689,0,0,0,NA,NA,NA,NA,NA,NA,NA,NA,NA,NA,NA,NA,NA,NA,NA,TRUE,0.6733584323618417,0.6700081211174582,0.7787170802560528,0.16565888198276252,0.05353303822155766,0.01797637288845145,high,low,high,high,low,low,high_level-high_diversity,low_level-low_diversity,high_level-low_diversity,6,Basic child support,3,-3,0,NA,0,1
276150871980,1,control,0,0,7,1,0.7058823529411765,1,7,14,38,not female,0,7,7,0,0,3,3,0,75,0,0,0,0,0,1335,0,0,0,NA,NA,NA,NA,NA,NA,NA,NA,NA,NA,NA,NA,NA,NA,NA,TRUE,0.558934361580899,0.7420586749866322,0.7055361464074476,0.14954595687793457,0.06794848500427916,0.07825202030046885,low,high,low,high,high,high,low_level-high_diversity,high_level-high_diversity,low_level-high_diversity,4,Basic child support,0,0,0,NA,0,0
276190955064,1,control,0,0,5,NA,0.9411764705882353,5,6,11,47,female,0,5,4,-1,1,2,2,0,49,0,0,0,0,0,2244,0,0,0,NA,NA,NA,NA,NA,NA,NA,NA,NA,NA,NA,NA,NA,NA,NA,TRUE,0.7665858455602849,NA,0.7661555486991698,0.02494551708983053,NA,0.02443405210257126,high,NA,high,low,NA,low,high_level-low_diversity,NA,high_level-low_diversity,6.5,Basic child support,1,-1,0,NA,0,0
276272487864,1,verbal,1,NA,4,0,0.7647058823529411,4,8,13,44,not female,0,4,5,1,1,2,3,1,264,0,0,0,0,0,4893,0,0,0,NA,NA,NA,NA,NA,NA,NA,NA,NA,NA,NA,NA,NA,NA,NA,TRUE,0.5610134282497864,0.6612907854799731,0.6638420887348064,0.1400653850663727,0.03535677906126843,0.04550949426581543,low,low,low,high,low,low,low_level-high_diversity,low_level-low_diversity,low_level-low_diversity,4.5,Basic child support,1,1,0,NA,1,0
276321326148,1,monetary,NA,1,4,0,0.5882352941176471,2,1,23,33,female,1,4,5,1,1,2,3,1,89,3,1,1,2,2,1701,95,0.05584950029394474,0.03751190644524158,2,1,0.932303283086416,0.932303283086416,0.9323032830864159,2,1,0.932303283086416,0.932303283086416,0.9323032830864159,2,1,0.932303283086416,0.932303283086416,0.9323032830864159,FALSE,NA,NA,NA,NA,NA,NA,NA,NA,NA,NA,NA,NA,NA,NA,NA,3.5,Basic child support,1,1,3,0.932303283086416,0,1
276479328780,1,monetary,NA,1,6,1,0.7058823529411765,4,2,18,52,not female,0,6,7,1,1,3,3,0,88,0,0,0,0,0,2307,0,0,0,NA,NA,NA,NA,NA,NA,NA,NA,NA,NA,NA,NA,NA,NA,NA,TRUE,0.46518959200366,0.648355875595028,0.6944375354841693,0.11342398575788148,NA,0.0096086903105617,low,low,low,high,NA,low,low_level-high_diversity,NA,low_level-low_diversity,3,Basic child support,1,1,0,NA,0,1
276821393760,1,control,0,0,6,0,0.47058823529411764,4,6,10,61,female,0,6,4,-2,2,2,2,0,12,0,0,0,0,0,2013,0,0,0,NA,NA,NA,NA,NA,NA,NA,NA,NA,NA,NA,NA,NA,NA,NA,TRUE,0.6603757054461673,0.6674778238015756,0.6612982253046729,0.05115346007930619,0.02820786854606381,0.00732432094839032,low,low,low,low,low,low,low_level-low_diversity,low_level-low_diversity,low_level-low_diversity,6,Basic child support,2,-2,0,NA,0,0
277792883064,1,monetary,NA,1,7,1,0.6470588235294118,4,5,17,37,not female,1,7,6,-1,1,3,3,0,111,3,1,1,2,3,4768,478,0.100251677852349,0.046917475590370405,1,1,0.9323032830864161,0.932303283086416,0.932303283086416,1,1,0.9323032830864161,0.932303283086416,0.932303283086416,2,2,0.9161615795958463,0.8002872081099706,0.8438480994136682,TRUE,0.6406235021779547,0.62179963661493165,0.6311670017727857,0.04619793450999463,0.03952641333106148,0.05013347329275447,low,low,low,low,low,low,low_level-low_diversity,low_level-low_diversity,low_level-low_diversity,7,Basic child support,1,-1,3,0.9323032830864161,0,1
277824618612,1,control,0,0,4,0,0.4117647058823529,2,7,12,39,female,0,4,4,0,0,1,1,0,82,0,0,0,0,0,4028,0,0,0,NA,NA,NA,NA,NA,NA,NA,NA,NA,NA,NA,NA,NA,NA,NA,TRUE,0.6760013155129992,0.6363743609031033,0.6901499784841137,0.09957800293050945,0.07807887305825952,0.07738355580140435,high,low,low,high,high,high,high_level-high_diversity,low_level-high_diversity,low_level-high_diversity,4,Basic child support,0,0,0,NA,0,0
277902182844,1,control,0,0,7,0,0.5882352941176471,5,5,15,41,not female,0,7,4,-3,3,2,2,0,79,0,0,0,0,0,3998,0,0,0,NA,NA,NA,NA,NA,NA,NA,NA,NA,NA,NA,NA,NA,NA,NA,TRUE,0.7035472079968853,0.673345608147543,0.7917155616834773,0.11452139234056706,0.082409799667932,0.03622529771942162,high,high,high,high,high,low,high_level-high_diversity,high_level-high_diversity,high_level-low_diversity,5,Basic child support,3,-3,0,NA,0,0
277948352160,1,monetary,NA,1,6,1,0.7647058823529411,4,5,13,60,female,1,6,6,0,0,3,3,0,97,7,1,3,4,5,5165,999,0.19341723136495645,0.09826610824792267,3,2,0.6378612462056994,0.663660417954603,0.6585616596007333,2,1,0.5784552586259871,0.578455258625987,0.578455258625987,6,4,0.645269499351836,0.6878622289852442,0.677384681182689,TRUE,0.7750816225173722,0.7133017141394368,0.8229844887837194,0.1390804127711041,0.04130181828695988,0.06459054035891502,high,high,high,high,low,high,high_level-high_diversity,high_level-low_diversity,high_level-high_diversity,5.5,Basic child support,0,0,7,0.6378612462056994,0,1
277955127180,1,monetary,NA,1,4,0,0.7058823529411765,4,8,15,44,not female,0,4,5,1,1,2,3,1,16,0,0,0,0,0,650,0,0,0,NA,NA,NA,NA,NA,NA,NA,NA,NA,NA,NA,NA,NA,NA,NA,TRUE,0.646460633952786,0.6431503357185324,0.6436075420030927,0.03729873325137221,0.03535624011535118,0.03574448278849662,low,low,low,low,low,low,low_level-low_diversity,low_level-low_diversity,low_level-low_diversity,5.5,Basic child support,1,1,0,NA,0,1
277967714148,1,control,0,0,4,0,0.6470588235294118,4,7,13,58,not female,0,4,7,3,3,2,2,0,83,0,0,0,0,0,8539,0,0,0,NA,NA,NA,NA,NA,NA,NA,NA,NA,NA,NA,NA,NA,NA,NA,TRUE,0.41509248620919487,NA,NA,0.04394854818553832,NA,NA,low,NA,NA,low,NA,NA,low_level-low_diversity,NA,NA,7,Basic child support,3,3,0,NA,0,0
278016416316,1,control,0,0,1,0,0.47058823529411764,3,5,20,50,female,0,1,1,0,0,3,3,0,27,0,0,0,0,0,3039,0,0,0,NA,NA,NA,NA,NA,NA,NA,NA,NA,NA,NA,NA,NA,NA,NA,TRUE,0.6984160201928852,0.6363628890650725,0.7212319490629003,0.12559038299978817,0.07271682084431016,0.12993657473088915,high,low,high,high,high,high,high_level-high_diversity,low_level-high_diversity,high_level-high_diversity,4.5,Basic child support,0,0,0,NA,0,0
278041859748,1,verbal,1,NA,1,0,0.35294117647058826,3,4,10,47,not female,0,1,4,3,3,1,1,0,248,0,0,0,0,0,8565,0,0,0,NA,NA,NA,NA,NA,NA,NA,NA,NA,NA,NA,NA,NA,NA,NA,TRUE,0.4909723452108565,0.6455450453969385,0.6857141434215356,0.1536030876771275,0.03027909461775425,0.02544860599803119,low,low,low,high,low,low,low_level-high_diversity,low_level-low_diversity,low_level-low_diversity,7,Basic child support,3,3,0,NA,1,0
278064084960,1,verbal,1,NA,4,0,0.5294117647058824,3,0,10,45,not female,1,4,4,0,0,1,1,0,400,4,1,2,2,3,29249,166,0.005675407706246367,0.013519554067101041,1,1,0.578455258625987,0.578455258625987,0.578455258625987,1,1,0.578455258625987,0.578455258625987,0.578455258625987,3,2,0.6567233778396987,0.6383325082976791,0.6457975657138845,TRUE,0.680376825234097,0.6934441632947376,0.7487268823182699,0.12564598819235992,0.0732172055560236,0.06296011070572896,high,high,high,high,high,high,high_level-high_diversity,high_level-high_diversity,high_level-high_diversity,4,Basic child support,0,0,4,0.578455258625987,1,0
278076262896,1,verbal,1,NA,7,0,0.8823529411764706,3,0,12,63,female,0,7,7,0,0,3,2,-1,6,0,0,0,0,0,236,0,0,0,NA,NA,NA,NA,NA,NA,NA,NA,NA,NA,NA,NA,NA,NA,NA,TRUE,0.7298674003695818,0.7342656891755216,0.7304416928522297,0.06230182308451768,0.08562112816694363,0.06217029433168713,high,high,high,low,high,high,high_level-low_diversity,high_level-high_diversity,high_level-high_diversity,7,Basic child support,0,0,0,NA,1,0
278168810148,1,control,0,0,4,0,0.8235294117647058,5,8,16,59,not female,0,4,4,0,0,1,2,1,94,0,0,0,0,0,8637,0,0,0,NA,NA,NA,NA,NA,NA,NA,NA,NA,NA,NA,NA,NA,NA,NA,TRUE,0.3946531408444727,0.7215408136885586,0.7324097302718563,0.08156513415979696,0.06187867658792871,0.07618489903781844,low,high,high,low,high,high,low_level-low_diversity,high_level-high_diversity,high_level-high_diversity,6.5,Basic child support,0,0,0,NA,0,0
278241382548,1,control,0,0,7,0,0.5294117647058824,1,8,9,49,not female,0,7,7,0,0,1,1,0,514,0,0,0,0,0,13781,0,0,0,NA,NA,NA,NA,NA,NA,NA,NA,NA,NA,NA,NA,NA,NA,NA,TRUE,0.7941631368038263,0.6416174716303499,0.8870245684067556,0.20362651160919432,0.01680580691964811,0.07382032771440473,high,low,high,high,low,high,high_level-high_diversity,low_level-low_diversity,high_level-high_diversity,4,Basic child support,0,0,0,NA,0,0
278441178948,1,control,0,0,7,1,0.8235294117647058,5,8,17,65,not female,0,7,6,-1,1,3,3,0,319,0,0,0,0,0,14401,0,0,0,NA,NA,NA,NA,NA,NA,NA,NA,NA,NA,NA,NA,NA,NA,NA,TRUE,0.6462526544552691,0.6232627117893093,0.6463547092664268,0.04537653619455571,0.00755062725171555,0.04429316487681141,low,low,low,low,low,low,low_level-low_diversity,low_level-low_diversity,low_level-low_diversity,7,Basic child support,1,-1,0,NA,0,0
278572228560,1,verbal,1,NA,7,0,0.7058823529411765,5,8,21,27,female,1,7,7,0,0,3,4,1,67,4,1,2,2,3,2454,307,0.12510187449062754,0.07903846169657668,1,1,0.932303283086416,0.932303283086416,0.932303283086416,1,1,0.932303283086416,0.932303283086416,0.932303283086416,1,1,0.932303283086416,0.932303283086416,0.932303283086416,TRUE,0.7629705452548438,0.8103478890436435,0.8078896623421626,0.13244280341025166,0.02255206058085009,0.02984047067326817,high,high,high,high,low,low,high_level-high_diversity,high_level-low_diversity,high_level-low_diversity,5.5,Basic child support,0,0,4,0.932303283086416,1,0
278622229644,1,verbal,1,NA,6,0,0.8235294117647058,3,5,13,55,not female,0,6,6,0,0,2,2,0,41,0,0,0,0,0,1890,0,0,0,NA,NA,NA,NA,NA,NA,NA,NA,NA,NA,NA,NA,NA,NA,NA,TRUE,0.7009538261579118,0.78367572130994545,0.7919423020286429,0.12251749835680788,0.06158369661522198,0.02046212916083983,high,high,high,high,high,low,high_level-high_diversity,high_level-high_diversity,high_level-low_diversity,4,Basic child support,0,0,0,NA,1,0
278633794032,1,verbal,1,NA,1,1,0.5294117647058824,4,2,14,67,female,0,1,1,0,0,3,2,-1,215,0,0,0,0,0,14961,0,0,0,NA,NA,NA,NA,NA,NA,NA,NA,NA,NA,NA,NA,NA,NA,NA,TRUE,0.7029391005215274,NA,0.7286932313580259,0.02988048473412168,NA,NA,high,NA,high,low,NA,NA,high_level-low_diversity,NA,NA,4,Basic child support,0,0,0,NA,1,0
278659579464,1,monetary,NA,1,2,0,0,3,0,9,45,not female,1,2,4,2,2,1,2,1,434,2,1,1,1,2,19531,87,0.004454457017049818,0.005766410778644627,1,1,0.9323032830864161,0.932303283086416,0.932303283086416,1,1,0.9323032830864161,0.932303283086416,0.932303283086416,2,2,0.8928502032083979,0.8002872081099706,0.8321392021814003,TRUE,0.6429028713989231,0.6689086435063135,0.666767298907898,0.08154804991548671,0.0195652884572571,0.0254660607364342,low,low,low,low,low,low,low_level-low_diversity,low_level-low_diversity,low_level-low_diversity,3,Basic child support,2,2,2,0.9323032830864161,0,1
278660944728,1,control,0,0,5,1,0.5882352941176471,3,1,16,37,female,0,5,5,0,0,2,2,0,208,0,0,0,0,0,7138,0,0,0,NA,NA,NA,NA,NA,NA,NA,NA,NA,NA,NA,NA,NA,NA,NA,TRUE,0.6372641886693775,0.6485972965873855,0.682137443468187,0.1162093428010024,0.01028194510993287,0.05817506837230046,low,low,low,high,low,high,low_level-high_diversity,low_level-low_diversity,low_level-high_diversity,5,Basic child support,0,0,0,NA,0,0
278693504496,1,monetary,NA,1,5,1,0.8235294117647058,4,8,19,26,female,1,5,6,1,1,3,3,0,54,3,1,1,2,3,3657,197,0.05386929176920974,0.07468885802719545,1,1,0.705769170970334,0.705769170970334,0.705769170970334,1,1,0.705769170970334,0.705769170970334,0.705769170970334,2,2,0.6961162107351159,0.6870201520519295,0.6895643223735898,TRUE,0.695623604708576,0.7125435346932519,0.7098358219913232,0.06576435607624603,0.07245750888287675,0.07062499783207973,high,high,low,low,high,high,high_level-low_diversity,high_level-high_diversity,low_level-high_diversity,5.5,Basic child support,1,1,3,0.705769170970334,0,1
278872026444,1,verbal,1,NA,7,1,0.5882352941176471,4,4,11,57,female,0,7,7,0,0,2,3,1,829,0,0,0,0,0,34672,0,0,0,NA,NA,NA,NA,NA,NA,NA,NA,NA,NA,NA,NA,NA,NA,NA,TRUE,0.7600461538194002,NA,0.774245829077289,0.04480310114723097,NA,0.00493512426212195,high,NA,high,low,NA,low,high_level-low_diversity,NA,high_level-low_diversity,7,Basic child support,0,0,0,NA,1,0
278911290096,1,monetary,NA,1,7,0,0.7058823529411765,3,4,12,65,female,1,7,7,0,0,2,3,1,22,1,1,0,1,1,11704,111,0.009483937115516063,0.053588914508682785,NA,NA,NA,NA,NA,NA,NA,NA,NA,NA,NA,NA,NA,NA,NA,TRUE,0.6313768746401122,0.615384401866297,0.6337389590646689,0.05892391527206982,0.0384143947406008,0.05506400045941526,low,low,low,low,low,high,low_level-low_diversity,low_level-low_diversity,low_level-high_diversity,6,Basic child support,0,0,1,NA,0,1
279013821696,1,verbal,1,NA,5,1,0.5294117647058824,4,8,21,57,female,0,5,4,-1,1,2,2,0,40,0,0,0,0,0,2637,0,0,0,NA,NA,NA,NA,NA,NA,NA,NA,NA,NA,NA,NA,NA,NA,NA,TRUE,0.6370944746499019,0.676772122938108,0.794123269988808,0.08477188224645013,NA,0.04790840516742168,low,high,high,low,NA,low,low_level-low_diversity,NA,high_level-low_diversity,5,Basic child support,1,-1,0,NA,1,0
280442421360,1,control,0,0,7,1,0.7058823529411765,4,8,9,54,not female,0,7,7,0,0,2,2,0,40,0,0,0,0,0,987,0,0,0,NA,NA,NA,NA,NA,NA,NA,NA,NA,NA,NA,NA,NA,NA,NA,TRUE,0.7312457592744263,0.82696906016092,0.731866647211734,0.01937295409594862,NA,0.01737237764322521,high,high,high,low,NA,low,high_level-low_diversity,NA,high_level-low_diversity,7,Basic child support,0,0,0,NA,0,0
280499878728,1,monetary,NA,1,4,1,0.7058823529411765,4,8,15,41,not female,0,4,4,0,0,2,2,0,42,0,0,0,0,0,2699,0,0,0,NA,NA,NA,NA,NA,NA,NA,NA,NA,NA,NA,NA,NA,NA,NA,TRUE,0.6450408580314249,0.6504575254459324,0.6418803989470556,0.02394798647257192,0.01410188306687869,0.01762861806678353,low,low,low,low,low,low,low_level-low_diversity,low_level-low_diversity,low_level-low_diversity,3.5,Basic child support,0,0,0,NA,0,1
280752412212,1,verbal,1,NA,4,1,0.8235294117647058,4,8,11,36,not female,1,4,4,0,0,2,3,1,236,2,1,1,1,2,9996,47,0.004701880752300921,0.010578677106208599,NA,NA,NA,NA,NA,NA,NA,NA,NA,NA,1,1,0.668271133133525,0.668271133133525,0.668271133133525,TRUE,0.4743134750701272,0.6804680119717045,0.5857736348065743,0.14489834726825723,0.10146780941499156,0.2333252118198198,low,high,low,high,high,high,low_level-high_diversity,high_level-high_diversity,low_level-high_diversity,5.5,Basic child support,0,0,2,NA,1,0
281166779412,1,control,0,0,4,0,0.8235294117647058,3,4,13,41,not female,0,4,4,0,0,2,2,0,466,0,0,0,0,0,20544,0,0,0,NA,NA,NA,NA,NA,NA,NA,NA,NA,NA,NA,NA,NA,NA,NA,TRUE,0.44854965090525095,0.6462225311010352,0.6300319139011021,0.14139856710184842,0.02613077981957783,0.05332764118012619,low,low,low,high,low,low,low_level-high_diversity,low_level-low_diversity,low_level-low_diversity,6,Basic child support,0,0,0,NA,0,0
281236409928,1,monetary,NA,1,7,0,0.29411764705882354,2,2,12,23,female,0,7,6,-1,1,1,3,2,0,0,0,0,0,0,0,0,NA,NA,NA,NA,NA,NA,NA,NA,NA,NA,NA,NA,NA,NA,NA,NA,NA,TRUE,0.7897689520108977,NA,0.8118594645340564,0.05198822906528369,NA,0.00471698415463105,high,NA,high,low,NA,low,high_level-low_diversity,NA,high_level-low_diversity,5,Basic child support,1,-1,0,NA,0,1
281257755516,1,monetary,NA,1,6,0,0.35294117647058826,3,7,13,57,female,1,6,2,-4,4,2,3,1,457,2,1,1,1,2,27667,229,0.008277008710738425,0.0059419069776896465,1,1,0.578280690197945,0.578280690197945,0.578280690197945,1,1,0.578280690197945,0.578280690197945,0.578280690197945,2,2,0.5956808864620844,0.6889652719892756,0.6568020744976564,TRUE,0.7110392884740803,0.6561961944175411,0.7396871862970491,0.10662220264250884,0.05102037095670604,0.05513085574670399,high,low,high,high,low,high,high_level-high_diversity,low_level-low_diversity,high_level-high_diversity,7,Basic child support,4,-4,2,0.578280690197945,0,1
281279369916,1,monetary,NA,1,7,0,0.47058823529411764,2,4,12,64,not female,1,7,6,-1,1,1,2,1,254,2,1,1,1,2,5078,47,0.009255612445844821,0.010419793867666133,1,1,0.9323032830864161,0.932303283086416,0.932303283086416,1,1,0.9323032830864161,0.932303283086416,0.932303283086416,2,2,0.8087137660871905,0.8002872081099706,0.8028187241185025,TRUE,0.738900926561291,NA,0.7466469649228515,0.03909250138114235,NA,0.03277722192646163,high,NA,high,low,NA,low,high_level-low_diversity,NA,high_level-low_diversity,5.5,Basic child support,1,-1,2,0.9323032830864161,0,1
281337505812,1,monetary,NA,1,3,0,0.9411764705882353,4,4,16,42,not female,0,3,5,2,2,2,2,0,5,0,0,0,0,0,578,0,0,0,NA,NA,NA,NA,NA,NA,NA,NA,NA,NA,NA,NA,NA,NA,NA,TRUE,0.8084606936477354,0.7503113271911184,0.6745089532681274,0.05579399471795913,0.06772081380465382,0.07795594101222443,high,high,low,low,high,high,high_level-low_diversity,high_level-high_diversity,low_level-high_diversity,5.5,Basic child support,2,2,0,NA,0,1
281345780160,1,monetary,NA,1,6,0,0.35294117647058826,3,3,13,44,female,1,6,6,0,0,1,3,2,191,3,1,1,2,2,14544,108,0.007425742574257425,0.01247931100251649,2,1,0.932303283086416,0.932303283086416,0.932303283086416,2,1,0.932303283086416,0.932303283086416,0.932303283086416,3,2,0.927413798828029,0.8442925664354524,0.8927993082204494,TRUE,0.4147425867166888,0.7166838235965342,0.6969619033261232,0.07593447233758512,0.09714163148247965,0.02698284858411908,low,high,low,low,high,low,low_level-low_diversity,high_level-high_diversity,low_level-low_diversity,4.5,Basic child support,0,0,3,0.932303283086416,0,1
281408440032,1,verbal,1,NA,4,0,0.7647058823529411,3,4,10,34,female,1,4,7,3,3,1,4,3,279,2,1,1,1,2,4192,10,0.002385496183206107,0.006367566688903662,1,1,0.696441085914132,0.696441085914132,0.696441085914132,1,1,0.696441085914132,0.696441085914132,0.696441085914132,2,2,0.6851731048018893,0.6823561095238285,0.6836890883002629,TRUE,0.5325578354303202,0.6494471739127841,0.6995863010748004,0.1649374749563135,0.02411183549814705,0.1131925946677689,low,low,low,high,low,high,low_level-high_diversity,low_level-low_diversity,low_level-high_diversity,5.5,Basic child support,3,3,2,0.696441085914132,1,0
281413910664,1,verbal,1,NA,4,0,0.35294117647058826,4,8,15,61,female,0,4,7,3,3,1,2,1,52,0,0,0,0,0,3156,0,0,0,NA,NA,NA,NA,NA,NA,NA,NA,NA,NA,NA,NA,NA,NA,NA,TRUE,0.4841956177349176,0.6307493994581871,0.6859632524818285,0.14856378701571898,0.056347783269435917,0.05660775665600102,low,low,low,high,high,high,low_level-high_diversity,low_level-high_diversity,low_level-high_diversity,7,Basic child support,3,3,0,NA,1,0
281426425812,1,monetary,NA,1,7,0,0.7058823529411765,2,0,20,60,female,1,7,7,0,0,1,3,2,555,3,1,1,2,2,36142,151,0.004177964694814897,0.007062596816407788,2,1,0.696686527859829,0.696686527859829,0.696686527859829,2,1,0.696686527859829,0.696686527859829,0.696686527859829,3,2,0.6840783725839195,0.6872147296177277,0.6864677636902597,TRUE,0.6636323853427505,0.661123352679398,0.7415324088403503,0.03401494915072011,0.05464713762077467,0.07310124646081506,high,low,high,low,high,high,high_level-low_diversity,low_level-high_diversity,high_level-high_diversity,6,Basic child support,0,0,3,0.696686527859829,0,1
281433058560,1,control,0,0,5,0,0.5294117647058824,2,1,13,26,female,0,5,5,0,0,3,2,-1,54,0,0,0,0,0,1053,0,0,0,NA,NA,NA,NA,NA,NA,NA,NA,NA,NA,NA,NA,NA,NA,NA,TRUE,0.6902886488740141,NA,0.7286932313580259,0.02977139133215146,NA,NA,high,NA,high,low,NA,NA,high_level-low_diversity,NA,NA,4.5,Basic child support,0,0,0,NA,0,0
281464595748,1,control,0,0,7,1,0.5882352941176471,4,2,12,54,not female,0,7,6,-1,1,3,3,0,397,0,0,0,0,0,8718,0,0,0,NA,NA,NA,NA,NA,NA,NA,NA,NA,NA,NA,NA,NA,NA,NA,TRUE,0.5578858857677877,0.6502714244738702,0.6851466336951646,0.14660560557502092,0.03484137171245144,0.02301034716003265,low,low,low,high,low,low,low_level-high_diversity,low_level-low_diversity,low_level-low_diversity,5,Basic child support,1,-1,0,NA,0,0
281526837012,1,monetary,NA,1,4,0,0.6470588235294118,3,5,20,54,female,1,4,4,0,0,1,3,2,25,1,1,0,1,1,2678,543,0.2027632561613144,0.08478682493232143,NA,NA,NA,NA,NA,NA,NA,NA,NA,NA,NA,NA,NA,NA,NA,TRUE,0.6347967197993666,0.6337842738824604,0.6178913487274601,0.11196534094245188,0.09718701380412616,0.09916493179048712,low,low,low,high,high,high,low_level-high_diversity,low_level-high_diversity,low_level-high_diversity,6,Basic child support,0,0,1,NA,0,1
281546467812,1,monetary,NA,1,6,0,0.8823529411764706,4,8,19,37,not female,0,6,7,1,1,3,3,0,7,0,0,0,0,0,1955,0,0,0,NA,NA,NA,NA,NA,NA,NA,NA,NA,NA,NA,NA,NA,NA,NA,TRUE,0.6518038029312204,0.6395470388757357,0.6349232689891731,0.08091273405247405,0.0989243269572906,0.09742775221054964,low,low,low,low,high,high,low_level-low_diversity,low_level-high_diversity,low_level-high_diversity,7,Basic child support,1,1,0,NA,0,1
281646404316,1,control,0,0,7,1,0.7647058823529411,4,4,19,47,not female,0,7,6,-1,1,3,3,0,201,0,0,0,0,0,8731,0,0,0,NA,NA,NA,NA,NA,NA,NA,NA,NA,NA,NA,NA,NA,NA,NA,TRUE,0.42505394645516814,0.6164671743737997,0.909704779537682,0.08424341327355536,0.0874962271300438,0.08800843875916078,low,low,high,low,high,high,low_level-low_diversity,low_level-high_diversity,high_level-high_diversity,6,Basic child support,1,-1,0,NA,0,0
281672870328,1,verbal,1,NA,4,0,0.5294117647058824,3,4,12,57,not female,0,4,5,1,1,2,3,1,26,0,0,0,0,0,16481,0,0,0,NA,NA,NA,NA,NA,NA,NA,NA,NA,NA,NA,NA,NA,NA,NA,TRUE,0.37969803987146183,0.7047835914639455,0.6890149935500001,0.03916592413185062,0.07575330119103038,0.06945948186675373,low,high,low,low,high,high,low_level-low_diversity,high_level-high_diversity,low_level-high_diversity,5,Basic child support,1,1,0,NA,1,0
281709125064,1,monetary,NA,1,3,0,0.6470588235294118,5,7,13,53,not female,0,3,7,4,4,2,4,2,13,0,0,0,0,0,993,0,0,0,NA,NA,NA,NA,NA,NA,NA,NA,NA,NA,NA,NA,NA,NA,NA,TRUE,0.6333970305899417,0.6206434648497554,0.6186783863563075,0.0623125518707151,0.0695197141459638,0.06914138335809714,low,low,low,low,high,high,low_level-low_diversity,low_level-high_diversity,low_level-high_diversity,7,Basic child support,4,4,0,NA,0,1
281793327516,1,monetary,NA,1,7,0,0.5294117647058824,5,0,10,55,female,1,7,7,0,0,2,3,1,187,11,1,10,1,2,5298,196,0.03699509248773122,0.06517630907949298,1,1,0.932303283086416,0.932303283086416,0.932303283086416,1,1,0.932303283086416,0.932303283086416,0.932303283086416,1,1,0.932303283086416,0.932303283086416,0.932303283086416,TRUE,0.7567973944880447,0.6754484421507632,0.7640920178433455,0.0749596498512366,0.07047072236714598,0.05399228077019918,high,high,high,low,high,high,high_level-low_diversity,high_level-high_diversity,high_level-high_diversity,4,Basic child support,0,0,11,0.932303283086416,0,1
282569457528,1,verbal,1,NA,4,0,0.8235294117647058,4,2,20,44,not female,0,4,5,1,1,2,3,1,3,0,0,0,0,0,69,0,0,0,NA,NA,NA,NA,NA,NA,NA,NA,NA,NA,NA,NA,NA,NA,NA,TRUE,0.6790330089975458,NA,0.728693231358026,0.0231178967127883,NA,NA,high,NA,high,low,NA,NA,high_level-low_diversity,NA,NA,6,Basic child support,1,1,0,NA,1,0
282582731232,1,control,0,0,4,0,0.5882352941176471,4,1,12,61,not female,0,4,4,0,0,2,2,0,132,0,0,0,0,0,4309,0,0,0,NA,NA,NA,NA,NA,NA,NA,NA,NA,NA,NA,NA,NA,NA,NA,TRUE,0.5397334914698274,0.673272769415145,0.7044185171497079,0.14977438464866713,0.08633215086238957,0.04606613881508941,low,high,low,high,high,low,low_level-high_diversity,high_level-high_diversity,low_level-low_diversity,4,Basic child support,0,0,0,NA,0,0
282651334380,1,monetary,NA,1,6,1,0.5882352941176471,3,4,11,44,not female,1,6,7,1,1,2,3,1,305,3,1,1,2,2,13281,280,0.02108274979293728,0.016016206011848534,2,1,0.5784552586259871,0.578455258625987,0.578455258625987,2,1,0.5784552586259871,0.578455258625987,0.578455258625987,3,2,0.5867953041159728,0.608393883461833,0.6015893241885941,TRUE,0.7477601912230994,0.7840538577885499,0.7751563576671,0.10576646877879951,0.04052715985617328,0.04707240155274843,high,high,high,high,low,low,high_level-high_diversity,high_level-low_diversity,high_level-low_diversity,6.5,Basic child support,1,1,3,0.5784552586259871,0,1
282693195180,1,verbal,1,NA,7,0,0.5294117647058824,3,8,12,60,not female,0,7,7,0,0,2,2,0,320,0,0,0,0,0,22478,0,0,0,NA,NA,NA,NA,NA,NA,NA,NA,NA,NA,NA,NA,NA,NA,NA,TRUE,0.8024091276248697,0.648980731843828,0.8024686443222965,0.04146937710682776,0.005724459586193,0.04101933196295355,high,low,high,low,low,low,high_level-low_diversity,low_level-low_diversity,high_level-low_diversity,4.5,Basic child support,0,0,0,NA,1,0
282727054548,1,monetary,NA,1,5,NA,0.47058823529411764,3,8,12,54,female,0,5,7,2,2,2,3,1,174,0,0,0,0,0,6107,0,0,0,NA,NA,NA,NA,NA,NA,NA,NA,NA,NA,NA,NA,NA,NA,NA,TRUE,0.7690701874953499,NA,0.799649853780606,0.07554166592423636,NA,NA,high,NA,high,low,NA,NA,high_level-low_diversity,NA,NA,6.5,Basic child support,2,2,0,NA,0,1
282756805128,1,control,0,0,2,0,0.5882352941176471,3,8,13,60,female,0,2,3,1,1,2,2,0,256,0,0,0,0,0,8717,0,0,0,NA,NA,NA,NA,NA,NA,NA,NA,NA,NA,NA,NA,NA,NA,NA,TRUE,0.6476826936623393,0.6992538224077952,0.6966165863475283,0.10012906000626498,0.06862303282452806,0.01715482388502562,low,high,low,high,high,low,low_level-high_diversity,high_level-high_diversity,low_level-low_diversity,3,Basic child support,1,1,0,NA,0,0
282825414432,1,monetary,NA,1,1,0,0.6470588235294118,3,1,13,55,female,1,1,1,0,0,1,2,1,239,4,1,3,1,2,10582,100,0.00945000945000945,0.016831721375607202,NA,NA,NA,NA,NA,NA,NA,NA,NA,NA,3,1,0.668271133133525,0.668271133133525,0.6682711331335249,TRUE,0.6309372839384886,0.642944173256451,0.7290606981226927,0.14075607595696543,NA,0.0063745028499364,low,low,high,high,NA,low,low_level-high_diversity,NA,high_level-low_diversity,4,Basic child support,0,0,4,NA,0,1
282839092380,1,verbal,1,NA,7,0,0.8235294117647058,5,8,21,65,not female,0,7,6,-1,1,3,3,0,4,0,0,0,0,0,32,0,0,0,NA,NA,NA,NA,NA,NA,NA,NA,NA,NA,NA,NA,NA,NA,NA,TRUE,0.6752377263719841,0.716003717833404,0.7423666626695953,0.08740736244082475,NA,0.03168431645970535,high,high,high,high,NA,low,high_level-high_diversity,NA,high_level-low_diversity,7,Basic child support,1,-1,0,NA,1,0
282882728844,1,verbal,1,NA,7,0,0.058823529411764705,2,0,16,57,female,1,7,7,0,0,2,2,0,462,3,1,1,2,2,17023,83,0.004875756329671621,0.008624401199923765,NA,NA,NA,NA,NA,NA,NA,NA,NA,NA,1,1,0.668271133133525,0.668271133133525,0.668271133133525,TRUE,0.46281363589467134,0.7088654838398807,0.6877637582274585,0.13731699512319637,0.06386241275103952,0.07080136981934503,low,high,low,high,high,high,low_level-high_diversity,high_level-high_diversity,low_level-high_diversity,7,Basic child support,0,0,3,NA,1,0
282911935644,1,control,0,0,2,0,0.6470588235294118,3,1,10,53,female,0,2,1,-1,1,2,1,-1,113,0,0,0,0,0,4325,0,0,0,NA,NA,NA,NA,NA,NA,NA,NA,NA,NA,NA,NA,NA,NA,NA,TRUE,0.7486607977060263,0.6860374293294654,0.7513218272851088,0.06401687969536486,0.06629831646677596,0.05753314123760955,high,high,high,low,high,high,high_level-low_diversity,high_level-high_diversity,high_level-high_diversity,1,Basic child support,1,-1,0,NA,0,0
282993196896,1,monetary,NA,1,7,0,0.17647058823529413,1,4,9,43,not female,0,7,7,0,0,2,3,1,1,0,0,0,0,0,238,0,0,0,NA,NA,NA,NA,NA,NA,NA,NA,NA,NA,NA,NA,NA,NA,NA,TRUE,0.6682711331335253,NA,NA,NA,NA,NA,high,NA,NA,NA,NA,NA,NA,NA,NA,5.5,Basic child support,0,0,0,NA,0,1
283032939348,1,control,0,0,7,0,0.7058823529411765,5,3,38,57,not female,0,7,7,0,0,1,1,0,0,0,0,0,0,0,0,0,NA,NA,NA,NA,NA,NA,NA,NA,NA,NA,NA,NA,NA,NA,NA,NA,NA,FALSE,NA,NA,NA,NA,NA,NA,NA,NA,NA,NA,NA,NA,NA,NA,NA,7,Basic child support,0,0,0,NA,0,0
283098805128,1,monetary,NA,1,1,0,0.7058823529411765,3,1,15,55,not female,1,1,1,0,0,1,2,1,99,3,1,1,2,3,3677,117,0.03181941800380745,0.04229544484955216,1,1,0.567009747119912,0.567009747119912,0.567009747119912,1,1,0.567009747119912,0.567009747119912,0.567009747119912,2,2,0.5948069903393352,0.6176404401267186,0.6113801608320224,TRUE,0.6889290612462079,0.6569005490889606,0.6996319364532406,0.06533995380145113,0.06930366622792807,0.07839380479972044,high,low,low,low,high,high,high_level-low_diversity,low_level-high_diversity,low_level-high_diversity,3,Basic child support,0,0,3,0.567009747119912,0,1
283103593128,1,verbal,1,NA,4,1,0.7647058823529411,4,4,13,42,not female,0,4,5,1,1,3,3,0,77,0,0,0,0,0,2432,0,0,0,NA,NA,NA,NA,NA,NA,NA,NA,NA,NA,NA,NA,NA,NA,NA,TRUE,0.6460406316470536,0.5508063571425585,0.6067001251698276,0.07981432957616981,0.16913398248933947,0.0913151952049228,low,low,low,low,high,high,low_level-low_diversity,low_level-high_diversity,low_level-high_diversity,5,Basic child support,1,1,0,NA,1,0
283103661528,1,monetary,NA,1,4,0,0.5882352941176471,3,1,13,63,not female,0,4,4,0,0,2,4,2,16,0,0,0,0,0,609,0,0,0,NA,NA,NA,NA,NA,NA,NA,NA,NA,NA,NA,NA,NA,NA,NA,TRUE,0.630827941446284,NA,0.7384498553775156,0.09735479518243698,NA,0.02555710522976175,low,NA,high,high,NA,low,low_level-high_diversity,NA,high_level-low_diversity,6,Basic child support,0,0,0,NA,0,1
283129720560,1,monetary,NA,1,4,0,0.4117647058823529,3,4,13,33,not female,0,4,4,0,0,1,3,2,366,0,0,0,0,0,26236,0,0,0,NA,NA,NA,NA,NA,NA,NA,NA,NA,NA,NA,NA,NA,NA,NA,TRUE,0.6016505875942445,0.720702769525798,0.7283710695180926,0.15446721634829064,0.06925276554409077,0.00696569994030705,low,high,high,high,high,low,low_level-high_diversity,high_level-high_diversity,high_level-low_diversity,5,Basic child support,0,0,0,NA,0,1
283218440832,1,monetary,NA,1,5,1,0.8823529411764706,5,0,13,66,not female,0,5,5,0,0,2,2,0,176,0,0,0,0,0,2653,0,0,0,NA,NA,NA,NA,NA,NA,NA,NA,NA,NA,NA,NA,NA,NA,NA,TRUE,0.704952819586173,0.6736511974989706,0.6803211974049743,0.14306262220671237,0.13406304046013692,0.14483772752157262,high,high,low,high,high,high,high_level-high_diversity,high_level-high_diversity,low_level-high_diversity,5.5,Basic child support,0,0,0,NA,0,1
283254009516,1,control,0,0,3,1,0.9411764705882353,4,8,21,35,not female,0,3,2,-1,1,3,3,0,1260,0,0,0,0,0,31595,0,0,0,NA,NA,NA,NA,NA,NA,NA,NA,NA,NA,NA,NA,NA,NA,NA,TRUE,0.5999581594709553,0.6739295207334195,0.6760009987001915,0.14191003279055153,0.04204334645422756,0.05176764428376825,low,high,low,high,low,low,low_level-high_diversity,high_level-low_diversity,low_level-low_diversity,5.5,Basic child support,1,-1,0,NA,0,0
283567484664,1,verbal,1,NA,4,0,0.7647058823529411,4,7,10,75,not female,0,4,4,0,0,2,2,0,12,0,0,0,0,0,442,0,0,0,NA,NA,NA,NA,NA,NA,NA,NA,NA,NA,NA,NA,NA,NA,NA,TRUE,0.7479277799543853,0.7857826352223752,0.770852469998273,0.09994113237488114,0.02456170606537756,0.04326369733060997,high,high,high,high,low,low,high_level-high_diversity,high_level-low_diversity,high_level-low_diversity,5,Basic child support,0,0,0,NA,1,0
283830482664,1,verbal,1,NA,5,0,0.5294117647058824,3,6,13,44,female,0,5,7,2,2,1,2,1,12,0,0,0,0,0,53,0,0,0,NA,NA,NA,NA,NA,NA,NA,NA,NA,NA,NA,NA,NA,NA,NA,TRUE,0.6717342070182009,0.6593154701573639,0.6922504212828875,0.03323895769298576,0.01458786196308612,0.05174646380603371,high,low,low,low,low,low,high_level-low_diversity,low_level-low_diversity,low_level-low_diversity,5,Basic child support,2,2,0,NA,1,0
284818927644,1,monetary,NA,1,4,0,0.5882352941176471,3,2,13,50,not female,0,4,7,3,3,1,2,1,22,0,0,0,0,0,1400,0,0,0,NA,NA,NA,NA,NA,NA,NA,NA,NA,NA,NA,NA,NA,NA,NA,TRUE,0.6220751399247905,0.816532413128382,0.6922996623321267,0.13300405712911645,0.00343730727530169,0.04315922548096867,low,high,low,high,low,low,low_level-high_diversity,high_level-low_diversity,low_level-low_diversity,5,Basic child support,3,3,0,NA,0,1
284853542148,1,control,0,0,5,0,0.7058823529411765,3,3,12,65,not female,0,5,4,-1,1,2,2,0,2,0,0,0,0,0,80,0,0,0,NA,NA,NA,NA,NA,NA,NA,NA,NA,NA,NA,NA,NA,NA,NA,TRUE,0.5768444906336538,0.6992820324606153,0.6954974867434011,0.07554059118658546,0.07657352805186274,0.06149619912829104,low,high,low,low,high,high,low_level-low_diversity,high_level-high_diversity,low_level-high_diversity,4,Basic child support,1,-1,0,NA,0,0
284916813516,1,verbal,1,NA,4,0,0.8235294117647058,3,0,13,43,female,0,4,5,1,1,1,3,2,9,0,0,0,0,0,751,0,0,0,NA,NA,NA,NA,NA,NA,NA,NA,NA,NA,NA,NA,NA,NA,NA,TRUE,0.3811177273393167,NA,0.6987278278840195,0.04161127285933018,NA,0.00212741929122684,low,NA,low,low,NA,low,low_level-low_diversity,NA,low_level-low_diversity,2.5,Basic child support,1,1,0,NA,1,0
285019478496,1,verbal,1,NA,4,0,0.4117647058823529,2,1,9,59,not female,0,4,4,0,0,1,2,1,98,0,0,0,0,0,8057,0,0,0,NA,NA,NA,NA,NA,NA,NA,NA,NA,NA,NA,NA,NA,NA,NA,TRUE,0.6303658802224406,0.6205785751683881,0.6201859922227346,0.03205768810519888,NA,0.00562066354642061,low,low,low,low,NA,low,low_level-low_diversity,NA,low_level-low_diversity,4,Basic child support,0,0,0,NA,1,0
285118863012,1,monetary,NA,1,3,0,0.5294117647058824,3,3,10,23,not female,0,3,2,-1,1,2,2,0,83,0,0,0,0,0,972,0,0,0,NA,NA,NA,NA,NA,NA,NA,NA,NA,NA,NA,NA,NA,NA,NA,TRUE,0.6157717272088413,NA,0.7330015351804368,0.1521882714187122,NA,0.09576275916524844,low,NA,high,high,NA,high,low_level-high_diversity,NA,high_level-high_diversity,4,Basic child support,1,-1,0,NA,0,1
285151150548,1,monetary,NA,1,7,0,0.5882352941176471,4,3,17,49,not female,1,7,7,0,0,2,3,1,80,3,1,2,1,2,1678,109,0.06495828367103695,0.04748842867465569,NA,NA,NA,NA,NA,NA,NA,NA,NA,NA,2,1,0.668271133133525,0.668271133133525,0.668271133133525,TRUE,0.7903602105141503,0.6901295900537445,0.7984052002492393,0.08068737597352668,0.05835498275534576,0.1279870802007167,high,high,high,low,high,high,high_level-low_diversity,high_level-high_diversity,high_level-high_diversity,6.5,Basic child support,0,0,3,NA,0,1
285153476148,1,monetary,NA,1,4,0,0.8235294117647058,3,8,18,51,female,0,4,4,0,0,2,2,0,273,0,0,0,0,0,14809,0,0,0,NA,NA,NA,NA,NA,NA,NA,NA,NA,NA,NA,NA,NA,NA,NA,TRUE,0.46096660451762345,0.6615193314623671,0.7360424408924623,0.13588031926176378,0.08013592372457043,0.11557356672903722,low,low,high,high,high,high,low_level-high_diversity,low_level-high_diversity,high_level-high_diversity,4,Basic child support,0,0,0,NA,0,1
285315995916,1,verbal,1,NA,5,0,0.5294117647058824,2,2,11,46,female,0,5,6,1,1,2,2,0,68,0,0,0,0,0,3299,0,0,0,NA,NA,NA,NA,NA,NA,NA,NA,NA,NA,NA,NA,NA,NA,NA,TRUE,0.5694773008947872,0.6492291729889271,0.6467957153605597,0.1219490537323768,0.04624722884209219,0.05537450358239906,low,low,low,high,low,high,low_level-high_diversity,low_level-low_diversity,low_level-high_diversity,4.5,Basic child support,1,1,0,NA,1,0
285326048664,1,control,0,0,7,NA,0.4117647058823529,2,1,17,50,not female,0,7,7,0,0,3,3,0,4,0,0,0,0,0,57,0,0,0,NA,NA,NA,NA,NA,NA,NA,NA,NA,NA,NA,NA,NA,NA,NA,TRUE,0.623401173116144,0.598909713642671,0.598909713642671,0.05311003179066528,NA,NA,low,low,low,low,NA,NA,low_level-low_diversity,NA,NA,4,Basic child support,0,0,0,NA,0,0
285369343128,1,verbal,1,NA,4,0,0.7058823529411765,3,1,12,58,female,0,4,7,3,3,2,3,1,92,0,0,0,0,0,3333,0,0,0,NA,NA,NA,NA,NA,NA,NA,NA,NA,NA,NA,NA,NA,NA,NA,TRUE,0.697097219317539,NA,0.6964467750042866,0.0136558501638074,NA,3.121232093866402e-4,high,NA,low,low,NA,low,high_level-low_diversity,NA,low_level-low_diversity,7,Basic child support,3,3,0,NA,1,0
285399848844,1,monetary,NA,1,5,1,0.6470588235294118,4,5,10,45,not female,1,5,5,0,0,2,3,1,1209,9,1,4,5,4,54143,361,0.0066675285817187815,0.009444544056101813,NA,NA,NA,NA,NA,NA,NA,NA,NA,NA,4,1,0.6682711331335252,0.668271133133525,0.6682711331335252,TRUE,0.6733766538518273,0.6926082315686416,0.7180793683693583,0.0194861150075601,0.05820128425360756,0.02705804960788356,high,high,high,low,high,low,high_level-low_diversity,high_level-high_diversity,high_level-low_diversity,5,Basic child support,0,0,9,NA,0,1
285510524148,1,monetary,NA,1,7,0,0.5882352941176471,4,5,15,46,female,1,7,7,0,0,3,3,0,1254,3,1,2,1,2,21356,158,0.00739838921146282,0.004161929180893379,1,1,0.578455258625987,0.578455258625987,0.578455258625987,1,1,0.578455258625987,0.578455258625987,0.578455258625987,3,2,0.6102887331349879,0.6383325082976791,0.6300205621913396,TRUE,0.7448870512279838,NA,0.7740729539383691,0.0688120222909662,NA,0.00347585861880014,high,NA,high,low,NA,low,high_level-low_diversity,NA,high_level-low_diversity,6.5,Basic child support,0,0,3,0.578455258625987,0,1
285556695516,1,control,0,0,4,0,0.8235294117647058,4,0,14,44,not female,0,4,4,0,0,1,1,0,93,0,0,0,0,0,6848,0,0,0,NA,NA,NA,NA,NA,NA,NA,NA,NA,NA,NA,NA,NA,NA,NA,TRUE,0.4926926361771461,0.7011457871342486,0.7895605798317991,0.1612435972813257,0.09091984480806474,0.03478394697047529,low,high,high,high,high,low,low_level-high_diversity,high_level-high_diversity,high_level-low_diversity,6,Basic child support,0,0,0,NA,0,0
285613125516,1,verbal,1,NA,7,1,0.5294117647058824,4,8,12,67,female,0,7,7,0,0,4,3,-1,175,0,0,0,0,0,7150,0,0,0,NA,NA,NA,NA,NA,NA,NA,NA,NA,NA,NA,NA,NA,NA,NA,TRUE,0.6334350617465176,0.7875888905166799,0.7042862156371955,0.14326473212511623,0.00737933503219224,0.00464476192718464,low,high,low,high,low,low,low_level-high_diversity,high_level-low_diversity,low_level-low_diversity,7,Basic child support,0,0,0,NA,1,0
285635829528,1,control,0,0,4,0,0.17647058823529413,2,1,15,34,female,0,4,4,0,0,1,1,0,39,0,0,0,0,0,955,0,0,0,NA,NA,NA,NA,NA,NA,NA,NA,NA,NA,NA,NA,NA,NA,NA,TRUE,0.7145741212627529,0.6919094707911161,0.707215443858607,0.0974051729801407,0.05937535750848064,0.08213498467594905,high,high,low,high,high,high,high_level-high_diversity,high_level-high_diversity,low_level-high_diversity,5.5,Basic child support,0,0,0,NA,0,0
285771606948,1,monetary,NA,1,4,0,0.7647058823529411,4,8,14,69,female,0,4,4,0,0,2,2,0,318,0,0,0,0,0,12769,0,0,0,NA,NA,NA,NA,NA,NA,NA,NA,NA,NA,NA,NA,NA,NA,NA,TRUE,0.6916323681596661,0.6888417998547404,0.7103231142148874,0.10453428429050655,0.0671337127657605,0.06577285216829631,high,high,high,high,high,high,high_level-high_diversity,high_level-high_diversity,high_level-high_diversity,5.5,Basic child support,0,0,0,NA,0,1
285820032780,1,monetary,NA,1,7,0,0.5294117647058824,5,8,10,54,female,0,7,7,0,0,1,4,3,28,0,0,0,0,0,1948,0,0,0,NA,NA,NA,NA,NA,NA,NA,NA,NA,NA,NA,NA,NA,NA,NA,TRUE,0.6742300758975855,0.648355875595028,0.6927376203570779,0.0830852960436405,NA,0.05797444791480664,high,low,low,low,NA,high,high_level-low_diversity,NA,low_level-high_diversity,7,Basic child support,0,0,0,NA,0,1
287869498560,1,control,0,0,5,0,0.29411764705882354,3,3,10,20,not female,0,5,7,2,2,2,2,0,222,0,0,0,0,0,8792,0,0,0,NA,NA,NA,NA,NA,NA,NA,NA,NA,NA,NA,NA,NA,NA,NA,TRUE,0.4453501519557224,NA,NA,0.1251473370611907,NA,NA,low,NA,NA,high,NA,NA,low_level-high_diversity,NA,NA,5.5,Basic child support,2,2,0,NA,0,0
288042623064,1,control,0,0,6,NA,0.058823529411764705,3,0,18,26,female,0,6,6,0,0,2,3,1,391,0,0,0,0,0,17933,0,0,0,NA,NA,NA,NA,NA,NA,NA,NA,NA,NA,NA,NA,NA,NA,NA,TRUE,0.397655773652686,NA,0.6921276831059421,0.07969471234280272,NA,NA,low,NA,low,low,NA,NA,low_level-low_diversity,NA,NA,4.5,Basic child support,0,0,0,NA,0,0
288088104960,1,monetary,NA,1,2,1,0.8823529411764706,5,8,21,45,not female,0,2,2,0,0,2,4,2,26,0,0,0,0,0,6195,0,0,0,NA,NA,NA,NA,NA,NA,NA,NA,NA,NA,NA,NA,NA,NA,NA,TRUE,0.6773165485290447,0.6788463812636873,0.6787221866026371,0.05906470132710608,0.0603316607594668,0.06015944195670502,high,high,low,low,high,high,high_level-low_diversity,high_level-high_diversity,low_level-high_diversity,5.5,Basic child support,0,0,0,NA,0,1
288101380032,1,monetary,NA,1,6,1,0.7058823529411765,4,3,13,28,not female,0,6,6,0,0,2,3,1,309,1,1,1,0,1,5989,10,0.0016697278343629988,0.0037861723601378796,NA,NA,NA,NA,NA,NA,NA,NA,NA,NA,1,1,0.668271133133525,0.668271133133525,0.668271133133525,TRUE,0.5727199601628654,0.6994076631584953,0.7107761290058561,0.15065598878328082,0.0712026039646881,0.03767271895517543,low,high,high,high,high,low,low_level-high_diversity,high_level-high_diversity,high_level-low_diversity,6,Basic child support,0,0,1,NA,0,1
288142415928,1,control,0,0,7,0,0.7647058823529411,5,8,18,45,not female,0,7,7,0,0,2,2,0,227,0,0,0,0,0,5040,0,0,0,NA,NA,NA,NA,NA,NA,NA,NA,NA,NA,NA,NA,NA,NA,NA,TRUE,0.7271761114685602,0.7453662829883207,0.7369790922811112,0.06937902104211444,0.06982156487747436,0.06449580632380326,high,high,high,low,high,high,high_level-low_diversity,high_level-high_diversity,high_level-high_diversity,7,Basic child support,0,0,0,NA,0,0
288148845528,1,control,0,0,4,0,0.47058823529411764,2,1,14,46,not female,0,4,4,0,0,4,2,-2,232,0,0,0,0,0,13822,0,0,0,NA,NA,NA,NA,NA,NA,NA,NA,NA,NA,NA,NA,NA,NA,NA,TRUE,0.699170015286498,0.6876107170570935,0.7082496332337489,0.0668684566516026,0.0700145610853717,0.06304759630372656,high,high,low,low,high,high,high_level-low_diversity,high_level-high_diversity,low_level-high_diversity,4,Basic child support,0,0,0,NA,0,0
288163964664,1,verbal,1,NA,4,0,0.7058823529411765,4,8,20,61,not female,1,4,4,0,0,1,3,2,331,3,1,2,1,2,22751,114,0.005010768757417256,0.012032349985531482,NA,NA,NA,NA,NA,NA,NA,NA,NA,NA,2,1,0.668271133133525,0.668271133133525,0.6682711331335252,TRUE,0.6796757824284364,0.6569019133209141,0.6941184744440715,0.08105522410816068,0.02846015164902294,0.0622853001960158,high,low,low,low,low,high,high_level-low_diversity,low_level-low_diversity,low_level-high_diversity,7,Basic child support,0,0,3,NA,1,0
288183869748,1,verbal,1,NA,4,0,0.47058823529411764,3,3,19,39,female,0,4,5,1,1,1,2,1,15,0,0,0,0,0,560,0,0,0,NA,NA,NA,NA,NA,NA,NA,NA,NA,NA,NA,NA,NA,NA,NA,TRUE,0.6665175800525601,0.6805709156256685,0.6528603336822885,0.0584508190434258,0.027947757234317,0.0456872057379247,high,high,low,low,low,low,high_level-low_diversity,high_level-low_diversity,low_level-low_diversity,5,Basic child support,1,1,0,NA,1,0
288199733760,1,verbal,1,NA,7,0,0.5882352941176471,2,0,10,64,female,0,7,7,0,0,2,2,0,189,0,0,0,0,0,3112,0,0,0,NA,NA,NA,NA,NA,NA,NA,NA,NA,NA,NA,NA,NA,NA,NA,TRUE,0.5164657715688605,0.7025408893365541,0.7300444290037725,0.15530067548854196,0.06192582520074298,0.05200392548900327,low,high,high,high,high,low,low_level-high_diversity,high_level-high_diversity,high_level-low_diversity,7,Basic child support,0,0,0,NA,1,0
288220123116,1,monetary,NA,1,7,0,0.5294117647058824,2,8,14,66,not female,0,7,7,0,0,3,3,0,89,0,0,0,0,0,4159,0,0,0,NA,NA,NA,NA,NA,NA,NA,NA,NA,NA,NA,NA,NA,NA,NA,TRUE,0.6529733689048846,0.6307540371889956,0.652969014289391,0.0467806761210534,0.02560171062996881,0.04678662176161172,low,low,low,low,low,low,low_level-low_diversity,low_level-low_diversity,low_level-low_diversity,6,Basic child support,0,0,0,NA,0,1
288271144044,1,monetary,NA,1,5,0,0.35294117647058826,2,1,17,23,female,1,5,4,-1,1,1,3,2,68,1,1,0,1,1,3459,42,0.012142237640936688,0.018932028962562093,NA,NA,NA,NA,NA,NA,NA,NA,NA,NA,NA,NA,NA,NA,NA,TRUE,0.6472448610168389,0.6945512465948634,0.6777673152259442,0.17807096925170007,0.10772992290960304,0.10651974484530058,low,high,low,high,high,high,low_level-high_diversity,high_level-high_diversity,low_level-high_diversity,5.5,Basic child support,1,-1,1,NA,0,1
288318753864,1,verbal,1,NA,5,0,0.47058823529411764,2,4,13,27,female,0,5,6,1,1,2,2,0,12,0,0,0,0,0,632,0,0,0,NA,NA,NA,NA,NA,NA,NA,NA,NA,NA,NA,NA,NA,NA,NA,TRUE,0.7101726165325829,0.6565987541608612,0.7280367558477087,0.02800099087378088,0.02034323240700989,0.00711798383793856,high,low,high,low,low,low,high_level-low_diversity,low_level-low_diversity,high_level-low_diversity,5,Basic child support,1,1,0,NA,1,0
288351171360,1,monetary,NA,1,7,0,0.7058823529411765,3,3,10,39,not female,1,7,7,0,0,2,2,0,128,6,1,3,3,3,5220,96,0.01839080459770115,0.047735629913180644,3,2,0.7665903719385178,0.7750933156990494,0.7697723326370617,3,2,0.7665903719385178,0.7750933156990494,0.7697723326370617,6,3,0.7061650064229492,0.7216822244162872,0.713954362263538,TRUE,0.5504209491870841,0.6127030037087552,0.6127030037087552,0.14077985582292638,0.02343322791598627,0.02343322791598627,low,low,low,high,low,low,low_level-high_diversity,low_level-low_diversity,low_level-low_diversity,3.5,Basic child support,0,0,6,0.7665903719385178,0,1
288509588496,1,monetary,NA,1,4,0,0.35294117647058826,3,0,13,60,female,0,4,4,0,0,1,2,1,7,0,0,0,0,0,331,0,0,0,NA,NA,NA,NA,NA,NA,NA,NA,NA,NA,NA,NA,NA,NA,NA,TRUE,0.5515493500516746,0.6483620183384748,0.6543882934928749,0.13167068711062302,0.07440563336617531,0.07024371821942801,low,low,low,high,high,high,low_level-high_diversity,low_level-high_diversity,low_level-high_diversity,5.5,Basic child support,0,0,0,NA,0,1
288511369632,1,monetary,NA,1,7,1,0.6470588235294118,4,5,14,44,not female,0,7,5,-2,2,3,3,0,4,0,0,0,0,0,9,0,0,0,NA,NA,NA,NA,NA,NA,NA,NA,NA,NA,NA,NA,NA,NA,NA,TRUE,0.6682711331335252,NA,NA,NA,NA,NA,high,NA,NA,NA,NA,NA,NA,NA,NA,6,Basic child support,2,-2,0,NA,0,1
288531952560,1,verbal,1,NA,7,0,0.5294117647058824,3,8,11,61,female,1,7,7,0,0,1,3,2,86,3,1,2,1,2,5225,882,0.16880382775119618,0.06375546983795766,NA,NA,NA,NA,NA,NA,NA,NA,NA,NA,2,1,0.668271133133525,0.668271133133525,0.668271133133525,TRUE,0.7537955129207601,0.79062802330461035,0.7581028595134865,0.04966420596522915,1.6347992748760715e-4,0.04633206865911249,high,high,high,low,low,low,high_level-low_diversity,high_level-low_diversity,high_level-low_diversity,2,Basic child support,0,0,3,NA,1,0
288547003296,1,control,0,0,4,0,0.23529411764705882,1,0,13,52,female,0,4,4,0,0,1,1,0,10,0,0,0,0,0,14858,0,0,0,NA,NA,NA,NA,NA,NA,NA,NA,NA,NA,NA,NA,NA,NA,NA,FALSE,NA,NA,NA,NA,NA,NA,NA,NA,NA,NA,NA,NA,NA,NA,NA,2.5,Basic child support,0,0,0,NA,0,0
288547276212,1,verbal,1,NA,4,0,0.7058823529411765,5,8,19,35,not female,0,4,4,0,0,1,3,2,107,0,0,0,0,0,4879,0,0,0,NA,NA,NA,NA,NA,NA,NA,NA,NA,NA,NA,NA,NA,NA,NA,TRUE,0.4319886192154624,0.300595884727057,0.3044403047209366,0.1996291811705639,0.05224402742663444,0.06439186002917245,low,low,low,high,low,high,low_level-high_diversity,low_level-low_diversity,low_level-high_diversity,3.5,Basic child support,0,0,0,NA,1,0
289344954960,1,monetary,NA,1,6,0,0.6470588235294118,2,4,12,64,not female,0,6,4,-2,2,1,1,0,341,0,0,0,0,0,43875,0,0,0,NA,NA,NA,NA,NA,NA,NA,NA,NA,NA,NA,NA,NA,NA,NA,TRUE,0.7008883571656059,NA,0.7286918894298714,0.0951443904506487,NA,5.035816723895197e-4,high,NA,high,high,NA,low,high_level-high_diversity,NA,high_level-low_diversity,4.5,Basic child support,2,-2,0,NA,0,1
289391882832,1,monetary,NA,1,7,0,0.5882352941176471,3,6,16,52,not female,1,7,6,-1,1,1,3,2,46,4,1,2,2,3,4375,666,0.15222857142857144,0.11028077148835723,1,1,0.932303283086416,0.932303283086416,0.9323032830864159,1,1,0.932303283086416,0.932303283086416,0.9323032830864159,3,2,0.7975930024982063,0.7562818497844886,0.7682618591050867,TRUE,0.5774248573528371,0.696947622161204,0.7287738604542449,0.14705818307539167,0.09207543450061235,0.0529345507202929,low,high,high,high,high,low,low_level-high_diversity,high_level-high_diversity,high_level-low_diversity,5.5,Basic child support,1,-1,4,0.932303283086416,0,1
289533399012,1,control,0,0,5,0,0.7647058823529411,4,2,13,73,not female,0,5,4,-1,1,1,1,0,75,0,0,0,0,0,4634,0,0,0,NA,NA,NA,NA,NA,NA,NA,NA,NA,NA,NA,NA,NA,NA,NA,TRUE,0.7112306622146498,0.7109203360799699,0.7125082503932294,0.04416240131805601,0.02919298959386133,0.03298183492268616,high,high,high,low,low,low,high_level-low_diversity,high_level-low_diversity,high_level-low_diversity,5,Basic child support,1,-1,0,NA,0,0
289551044160,1,verbal,1,NA,4,0,0.7647058823529411,4,8,11,62,not female,0,4,4,0,0,2,1,-1,20,0,0,0,0,0,1322,0,0,0,NA,NA,NA,NA,NA,NA,NA,NA,NA,NA,NA,NA,NA,NA,NA,TRUE,0.6393536486206729,0.6233392234828181,0.6374671678140786,0.04947195611855762,0.00448311133383216,0.04582900272264901,low,low,low,low,low,low,low_level-low_diversity,low_level-low_diversity,low_level-low_diversity,4.5,Basic child support,0,0,0,NA,1,0
289561649580,1,verbal,1,NA,1,0,0.4117647058823529,3,0,8,32,not female,0,1,1,0,0,1,1,0,543,0,0,0,0,0,12370,0,0,0,NA,NA,NA,NA,NA,NA,NA,NA,NA,NA,NA,NA,NA,NA,NA,TRUE,0.4579979190555913,0.6684880932567722,0.68474399627542,0.13403729258176986,0.0341914816413187,0.06831605207014117,low,low,low,high,low,high,low_level-high_diversity,low_level-low_diversity,low_level-high_diversity,2.5,Basic child support,0,0,0,NA,1,0
289596807180,1,verbal,1,NA,4,0,0.8235294117647058,4,1,13,52,not female,0,4,1,-3,3,3,2,-1,48,0,0,0,0,0,1872,0,0,0,NA,NA,NA,NA,NA,NA,NA,NA,NA,NA,NA,NA,NA,NA,NA,TRUE,0.47524119642544854,NA,0.629958582225415,0.11490634101694,NA,NA,low,NA,low,high,NA,NA,low_level-high_diversity,NA,NA,6.5,Basic child support,3,-3,0,NA,1,0
289642978548,1,monetary,NA,1,4,0,0.6470588235294118,4,4,12,53,not female,1,4,5,1,1,1,4,3,1016,22,1,14,8,6,26862,834,0.031047576502121955,0.027743315321604105,7,4,0.6131935098988748,0.6949957981753372,0.6664838927034412,7,4,0.6131935098988748,0.6949957981753372,0.6664838927034412,21,5,0.6258923720923866,0.677179354814129,0.6674439310678059,TRUE,0.395331829728188,0.6609760692929801,0.7697097821456338,0.08105797599708471,0.09506075624174572,0.0768345604843964,low,low,high,low,high,high,low_level-low_diversity,low_level-high_diversity,high_level-high_diversity,6,Basic child support,1,1,22,0.6131935098988748,0,1
289656043632,1,monetary,NA,1,7,0,0.5882352941176471,3,6,13,52,not female,1,7,6,-1,1,2,3,1,56,10,1,5,5,5,2229,266,0.11933602512337371,0.2037251759936192,3,1,0.834070736611835,0.834070736611835,0.8340707366118348,NA,NA,NA,NA,NA,7,2,0.7991655569321907,0.7393281060528007,0.7563018533925502,TRUE,0.7071566754845758,0.6420913424427601,0.7465096060192296,0.11856666973734882,0.07768171956332258,0.08298602565418682,high,low,high,high,high,high,high_level-high_diversity,low_level-high_diversity,high_level-high_diversity,6,Basic child support,1,-1,10,0.834070736611835,0,1
289870339464,1,verbal,1,NA,7,0,0.8823529411764706,5,3,23,61,not female,0,7,7,0,0,2,2,0,7,0,0,0,0,0,22,0,0,0,NA,NA,NA,NA,NA,NA,NA,NA,NA,NA,NA,NA,NA,NA,NA,TRUE,0.6608684132482521,0.6603101753552644,0.6603101753552644,0.04111671274587181,0.04258669541159279,0.04258669541159279,low,low,low,low,low,low,low_level-low_diversity,low_level-low_diversity,low_level-low_diversity,5.5,Basic child support,0,0,0,NA,1,0
289944143064,1,control,0,0,5,0,0.6470588235294118,4,8,15,68,not female,0,5,6,1,1,3,3,0,591,0,0,0,0,0,22474,0,0,0,NA,NA,NA,NA,NA,NA,NA,NA,NA,NA,NA,NA,NA,NA,NA,TRUE,0.5410983798028237,0.7061625043626032,0.6706557788023046,0.17765406318629975,0.06289150925210832,0.1923731637881805,low,high,low,high,high,high,low_level-high_diversity,high_level-high_diversity,low_level-high_diversity,6,Basic child support,1,1,0,NA,0,0
290011993128,1,monetary,NA,1,7,1,0.5882352941176471,5,8,15,44,not female,0,7,7,0,0,3,4,1,139,0,0,0,0,0,5549,0,0,0,NA,NA,NA,NA,NA,NA,NA,NA,NA,NA,NA,NA,NA,NA,NA,TRUE,0.6777571170805617,0.6481648000659147,0.6862568545677733,0.06128370939062914,0.08017506017037546,0.07485755516796175,high,low,low,low,high,high,high_level-low_diversity,low_level-high_diversity,low_level-high_diversity,5.5,Basic child support,0,0,0,NA,0,1
290022801696,1,control,0,0,7,0,0.5882352941176471,5,1,11,64,not female,0,7,6,-1,1,2,1,-1,43,0,0,0,0,0,1176,0,0,0,NA,NA,NA,NA,NA,NA,NA,NA,NA,NA,NA,NA,NA,NA,NA,FALSE,NA,NA,NA,NA,NA,NA,NA,NA,NA,NA,NA,NA,NA,NA,NA,6,Basic child support,1,-1,0,NA,0,0
290634638328,1,verbal,1,NA,4,NA,0.4117647058823529,3,3,18,67,female,0,4,3,-1,1,1,2,1,323,0,0,0,0,0,14055,0,0,0,NA,NA,NA,NA,NA,NA,NA,NA,NA,NA,NA,NA,NA,NA,NA,TRUE,0.7158978907163627,0.816946216297037,0.7283959930114252,0.04186753373254957,NA,0.00331576308988402,high,high,high,low,NA,low,high_level-low_diversity,NA,high_level-low_diversity,5.5,Basic child support,1,-1,0,NA,1,0
290638059012,1,monetary,NA,1,4,0,0.8235294117647058,4,8,12,61,not female,1,4,4,0,0,3,3,0,121,3,1,1,2,3,3793,163,0.04297389928816241,0.03332742991071996,2,2,0.915821312201419,0.8831870098491255,0.8927243959544429,1,1,0.932303283086416,0.932303283086416,0.932303283086416,3,3,0.9058433955272388,0.855341291159619,0.8693744070224525,TRUE,0.7055121329326415,0.7010406240694925,0.7109401582558948,0.05154523972255842,0.0839751902179774,0.04113283488004243,high,high,high,low,high,low,high_level-low_diversity,high_level-high_diversity,high_level-low_diversity,6,Basic child support,0,0,3,0.915821312201419,0,1
290681287128,1,verbal,1,NA,5,0,0.5294117647058824,4,8,12,38,not female,1,5,6,1,1,2,3,1,486,5,1,2,3,4,16466,124,0.007530669257864691,0.012365944280662657,2,2,0.7094190573011524,0.6536980008548365,0.6728884820296961,1,1,0.932303283086416,0.932303283086416,0.932303283086416,4,3,0.6888450952173388,0.6609845669941807,0.6705798075816106,TRUE,0.4327229584430912,0.7576547039185967,0.7541266594994487,0.12313694310987924,0.02168766361944869,0.04369081751122559,low,high,high,high,low,low,low_level-high_diversity,high_level-low_diversity,high_level-low_diversity,6,Basic child support,1,1,5,0.7094190573011524,1,0
291584235528,1,monetary,NA,1,4,0,0.7058823529411765,1,0,17,42,not female,0,4,4,0,0,1,2,1,0,0,0,0,0,0,0,0,NA,NA,NA,NA,NA,NA,NA,NA,NA,NA,NA,NA,NA,NA,NA,NA,NA,FALSE,NA,NA,NA,NA,NA,NA,NA,NA,NA,NA,NA,NA,NA,NA,NA,6,Basic child support,0,0,0,NA,0,1
291601202148,1,control,0,0,4,0,0.47058823529411764,3,2,10,58,not female,0,4,4,0,0,1,1,0,17,0,0,0,0,0,451,0,0,0,NA,NA,NA,NA,NA,NA,NA,NA,NA,NA,NA,NA,NA,NA,NA,TRUE,0.6430623842125184,0.6482373264099844,0.648259606063806,0.0368028837438662,0.00181077950590904,0.00257902350741728,low,low,low,low,low,low,low_level-low_diversity,low_level-low_diversity,low_level-low_diversity,4.5,Basic child support,0,0,0,NA,0,0
291621786444,1,monetary,NA,1,4,0,0.5882352941176471,2,1,12,19,female,0,4,5,1,1,1,3,2,2,0,0,0,0,0,695,0,0,0,NA,NA,NA,NA,NA,NA,NA,NA,NA,NA,NA,NA,NA,NA,NA,TRUE,NA,NA,NA,NA,NA,NA,NA,NA,NA,NA,NA,NA,NA,NA,NA,3,Basic child support,1,1,0,NA,0,1
291758381244,1,monetary,NA,1,5,0,0.7058823529411765,5,2,20,61,not female,1,5,5,0,0,1,3,2,534,7,1,4,3,4,24793,1583,0.06384866696244908,0.019998418052860657,2,2,0.8583146009154335,0.8831870098491255,0.8787478463188559,1,1,0.932303283086416,0.932303283086416,0.932303283086416,2,2,0.8583146009154335,0.8831870098491255,0.8787478463188559,TRUE,0.6518828402486725,0.6861301656505182,0.6826094210249462,0.1406198590500093,0.07733300274440624,0.11059109176663907,low,high,low,high,high,high,low_level-high_diversity,high_level-high_diversity,low_level-high_diversity,5.5,Basic child support,0,0,7,0.8583146009154335,0,1
291933006444,1,monetary,NA,1,4,0,0.5294117647058824,4,5,12,39,not female,1,4,6,2,2,2,4,2,110,7,1,6,1,2,6661,940,0.1411199519591653,0.09154129838825374,1,1,0.704671942120245,0.704671942120245,0.704671942120245,1,1,0.704671942120245,0.704671942120245,0.704671942120245,7,2,0.6781070964129152,0.6734712487030564,0.6748229012421382,TRUE,0.7721634992285905,0.6829099760623119,0.8652559349784733,0.125649940663401,0.06634420249623069,0.11124567616836434,high,high,high,high,high,high,high_level-high_diversity,high_level-high_diversity,high_level-high_diversity,6,Basic child support,2,2,7,0.704671942120245,0,1
291945183012,1,control,0,0,7,0,0.5294117647058824,3,1,12,41,not female,0,7,7,0,0,2,2,0,949,0,0,0,0,0,22199,0,0,0,NA,NA,NA,NA,NA,NA,NA,NA,NA,NA,NA,NA,NA,NA,NA,TRUE,0.5256388392126227,0.7339408902799386,0.7927691253599276,0.18420414421815764,0.091393254909963,0.03528538338534813,low,high,high,high,high,low,low_level-high_diversity,high_level-high_diversity,high_level-low_diversity,5,Basic child support,0,0,0,NA,0,0
292037520960,1,verbal,1,NA,5,1,0.5882352941176471,5,3,15,31,not female,0,5,7,2,2,3,3,0,35,0,0,0,0,0,387,0,0,0,NA,NA,NA,NA,NA,NA,NA,NA,NA,NA,NA,NA,NA,NA,NA,TRUE,0.7611756669212175,0.6369599837841224,0.8245982752363088,0.1340966185867857,0.02360919155284791,0.1420451332023981,high,low,high,high,low,high,high_level-high_diversity,low_level-low_diversity,high_level-high_diversity,6,Basic child support,2,2,0,NA,1,0
292134583980,1,monetary,NA,1,7,0,0.7058823529411765,4,7,12,59,female,0,7,7,0,0,2,2,0,87,0,0,0,0,0,1913,0,0,0,NA,NA,NA,NA,NA,NA,NA,NA,NA,NA,NA,NA,NA,NA,NA,TRUE,0.5420800947871586,NA,0.692127683105942,0.1194406673724348,NA,NA,low,NA,low,high,NA,NA,low_level-high_diversity,NA,NA,6.5,Basic child support,0,0,0,NA,0,1
292146350148,1,monetary,NA,1,7,1,0.7058823529411765,4,8,12,59,not female,1,7,6,-1,1,3,3,0,238,6,1,4,2,4,10798,296,0.027412483793295056,0.03103368450861796,2,1,0.932303283086416,0.932303283086416,0.932303283086416,2,1,0.932303283086416,0.932303283086416,0.932303283086416,5,3,0.8898989533672708,0.8264354813735139,0.8601733734518783,TRUE,0.6631742650543675,0.652143875420344,0.6571954162853636,0.02458559179220692,0.01235789562293616,0.02944070260182894,high,low,low,low,low,low,high_level-low_diversity,low_level-low_diversity,low_level-low_diversity,6,Basic child support,1,-1,6,0.932303283086416,0,1
292249837296,1,control,0,0,7,1,0.5294117647058824,4,6,10,42,female,0,7,1,-6,6,4,1,-3,29,0,0,0,0,0,1681,0,0,0,NA,NA,NA,NA,NA,NA,NA,NA,NA,NA,NA,NA,NA,NA,NA,TRUE,0.7408881332140086,0.7687236397063941,0.7618259685180162,0.10465385026975256,0.03963175723029358,0.06407607526067775,high,high,high,high,low,high,high_level-high_diversity,high_level-low_diversity,high_level-high_diversity,5.5,Basic child support,6,-6,0,NA,0,0
292294294560,1,control,0,0,4,1,0.7647058823529411,4,1,13,65,female,1,4,5,1,1,2,2,0,341,5,1,3,2,3,9279,158,0.01702769695010238,0.018888130321262353,NA,NA,NA,NA,NA,NA,NA,NA,NA,NA,3,1,0.6682711331335249,0.668271133133525,0.668271133133525,TRUE,0.7104062374912605,0.6513426593646156,0.90021562277115,0.22308492748863956,0.05915939969207169,0.0842460676151373,high,low,high,high,high,high,high_level-high_diversity,low_level-high_diversity,high_level-high_diversity,6.5,Basic child support,1,1,5,NA,0,0
292295663928,1,control,0,0,6,0,0.7647058823529411,4,8,15,63,female,0,6,4,-2,2,2,3,1,378,0,0,0,0,0,18077,0,0,0,NA,NA,NA,NA,NA,NA,NA,NA,NA,NA,NA,NA,NA,NA,NA,TRUE,0.4317415632509957,NA,0.6390577416702581,0.07816561488430569,NA,0.08029605605517402,low,NA,low,low,NA,high,low_level-low_diversity,NA,low_level-high_diversity,5,Basic child support,2,-2,0,NA,0,0
292337935128,1,control,0,0,5,0,0.5882352941176471,2,1,13,46,female,0,5,4,-1,1,2,2,0,207,0,0,0,0,0,6650,0,0,0,NA,NA,NA,NA,NA,NA,NA,NA,NA,NA,NA,NA,NA,NA,NA,TRUE,0.7981312827404936,0.6772496791579397,0.7992923757835733,0.0157870998571599,0.06070581234943561,0.00885494668518206,high,high,high,low,high,low,high_level-low_diversity,high_level-high_diversity,high_level-low_diversity,4.5,Basic child support,1,-1,0,NA,0,0
292380889644,1,monetary,NA,1,6,0,0.6470588235294118,2,5,15,50,female,0,6,6,0,0,2,3,1,0,0,0,0,0,0,0,0,NA,NA,NA,NA,NA,NA,NA,NA,NA,NA,NA,NA,NA,NA,NA,NA,NA,TRUE,0.6971627835196863,0.64280305900301,0.7144180342798423,0.04220533861961788,NA,0.04526447117881947,high,low,high,low,NA,low,high_level-low_diversity,NA,high_level-low_diversity,6.5,Basic child support,0,0,0,NA,0,1
292439852496,1,verbal,1,NA,4,NA,0.7058823529411765,4,8,17,43,not female,0,4,3,-1,1,2,3,1,177,0,0,0,0,0,8503,0,0,0,NA,NA,NA,NA,NA,NA,NA,NA,NA,NA,NA,NA,NA,NA,NA,TRUE,0.632869467090018,0.725847669262189,0.725847669262189,0.11619328559326338,0.0736305677648504,0.0736305677648504,low,high,high,high,high,high,low_level-high_diversity,high_level-high_diversity,high_level-high_diversity,5.5,Basic child support,1,-1,0,NA,1,0
292516663644,1,verbal,1,NA,4,0,0.058823529411764705,1,0,13,62,female,0,4,5,1,1,1,1,0,380,0,0,0,0,0,9991,0,0,0,NA,NA,NA,NA,NA,NA,NA,NA,NA,NA,NA,NA,NA,NA,NA,TRUE,0.7558328790549185,0.7970359120322559,0.7881705282571511,0.05653111367921364,0.01455381171297708,0.0094398194529252,high,high,high,low,low,low,high_level-low_diversity,high_level-low_diversity,high_level-low_diversity,4.5,Basic child support,1,1,0,NA,1,0
292518036432,1,control,0,0,7,0,0.7058823529411765,4,2,16,24,not female,0,7,7,0,0,2,2,0,127,0,0,0,0,0,4498,0,0,0,NA,NA,NA,NA,NA,NA,NA,NA,NA,NA,NA,NA,NA,NA,NA,TRUE,0.4128717469258229,0.6672832212353305,0.6813800330359201,0.10044202835023182,0.02257143285177051,0.06340022056380569,low,low,low,high,low,high,low_level-high_diversity,low_level-low_diversity,low_level-high_diversity,6,Basic child support,0,0,0,NA,0,0
292549427244,1,monetary,NA,1,6,0,0.7058823529411765,5,3,11,41,not female,0,6,7,1,1,1,2,1,60,0,0,0,0,0,1949,0,0,0,NA,NA,NA,NA,NA,NA,NA,NA,NA,NA,NA,NA,NA,NA,NA,TRUE,0.6874806720230974,0.7138424242788739,0.7111338402322084,0.05953469061298552,0.08121500344166405,0.08194835928238091,high,high,high,low,high,high,high_level-low_diversity,high_level-high_diversity,high_level-high_diversity,6.5,Basic child support,1,1,0,NA,0,1
292623712380,1,monetary,NA,1,7,0,0.9411764705882353,4,4,10,50,not female,0,7,6,-1,1,2,2,0,476,0,0,0,0,0,13916,0,0,0,NA,NA,NA,NA,NA,NA,NA,NA,NA,NA,NA,NA,NA,NA,NA,TRUE,0.648887550189781,0.6934864561579199,0.752312583072925,0.17961745390382347,0.03319528735201063,0.04652180655343245,low,high,high,high,low,low,low_level-high_diversity,high_level-low_diversity,high_level-low_diversity,5,Basic child support,1,-1,0,NA,0,1
292646490264,1,control,0,0,7,0,0.4117647058823529,3,4,14,50,not female,0,7,6,-1,1,2,2,0,315,0,0,0,0,0,16341,0,0,0,NA,NA,NA,NA,NA,NA,NA,NA,NA,NA,NA,NA,NA,NA,NA,TRUE,0.580533995480352,0.7049698579530687,0.7058991034349146,0.14825733906925054,0.01571389139523463,0.02005569046264883,low,high,low,high,low,low,low_level-high_diversity,high_level-low_diversity,low_level-low_diversity,5.5,Basic child support,1,-1,0,NA,0,0
292696421580,1,verbal,1,NA,1,1,0.7058823529411765,3,3,16,36,not female,0,1,1,0,0,2,3,1,207,0,0,0,0,0,7295,0,0,0,NA,NA,NA,NA,NA,NA,NA,NA,NA,NA,NA,NA,NA,NA,NA,TRUE,0.6552898680427242,0.5803801422542542,0.5928871585710807,0.10678340175024158,0.05837907304757693,0.08372854043782851,low,low,low,high,high,high,low_level-high_diversity,low_level-high_diversity,low_level-high_diversity,4.5,Basic child support,0,0,0,NA,1,0
292748060844,1,verbal,1,NA,4,0,0.5294117647058824,2,6,15,65,not female,1,4,5,1,1,1,3,2,452,5,1,4,1,2,20714,486,0.023462392584725305,0.015746016261672106,1,1,0.598909713642671,0.598909713642671,0.598909713642671,1,1,0.598909713642671,0.598909713642671,0.598909713642671,5,2,0.62402825238833,0.6543988492353542,0.6490890776110585,TRUE,0.6691794007617693,0.6593471476061387,0.687643424987627,0.04376682250370633,0.02135190988141287,0.06495816172250285,high,low,low,low,low,high,high_level-low_diversity,low_level-low_diversity,low_level-high_diversity,5,Basic child support,1,1,5,0.598909713642671,1,0
294136104096,1,control,0,0,6,1,0.7647058823529411,4,6,13,60,not female,0,6,6,0,0,2,2,0,31,0,0,0,0,0,1729,0,0,0,NA,NA,NA,NA,NA,NA,NA,NA,NA,NA,NA,NA,NA,NA,NA,TRUE,0.512610735172434,0.7706131508644803,0.6878588348598583,0.156137168458893,0.09443852728121271,0.08270548951383237,low,high,low,high,high,high,low_level-high_diversity,high_level-high_diversity,low_level-high_diversity,6,Basic child support,0,0,0,NA,0,0
294293766780,1,control,0,0,5,0,0.11764705882352941,1,3,12,32,not female,0,5,4,-1,1,1,3,2,101,0,0,0,0,0,2407,0,0,0,NA,NA,NA,NA,NA,NA,NA,NA,NA,NA,NA,NA,NA,NA,NA,TRUE,0.43669913641967795,0.6276816286515192,0.6572490176629853,0.08526254632933214,0.08261774935067649,0.0956410883776122,low,low,low,low,high,high,low_level-low_diversity,low_level-high_diversity,low_level-high_diversity,6,Basic child support,1,-1,0,NA,0,0
294548351580,1,control,0,0,7,0,0.17647058823529413,3,4,13,40,not female,0,7,4,-3,3,3,2,-1,0,0,0,0,0,0,0,0,NA,NA,NA,NA,NA,NA,NA,NA,NA,NA,NA,NA,NA,NA,NA,NA,NA,TRUE,0.7355651875580852,NA,0.7444665175084239,0.05612332722868539,NA,0.0537422692014974,high,NA,high,low,NA,low,high_level-low_diversity,NA,high_level-low_diversity,6,Basic child support,3,-3,0,NA,0,0
294601017528,1,monetary,NA,1,6,1,0.7647058823529411,3,8,15,36,female,1,6,6,0,0,2,3,1,337,10,1,1,9,4,14916,533,0.03573344060069724,0.030648870471003037,2,1,0.705769170970334,0.705769170970334,0.705769170970334,2,1,0.705769170970334,0.705769170970334,0.705769170970334,3,2,0.702019367186653,0.693269825024731,0.6957939366559895,TRUE,0.6781003549127559,0.690190944787897,0.6966817566795842,0.06779692002974844,0.04739642818596376,0.04640361491032414,high,high,low,low,low,low,high_level-low_diversity,high_level-low_diversity,low_level-low_diversity,5.5,Basic child support,0,0,10,0.705769170970334,0,1
294637136832,1,monetary,NA,1,6,0,0.47058823529411764,4,6,13,61,not female,1,6,7,1,1,3,3,0,360,8,1,2,6,3,12895,552,0.04280728964715006,0.029491667057638872,6,2,0.8454210360587692,0.8246491884935386,0.8481714551948315,6,2,0.8454210360587692,0.8246491884935386,0.8481714551948315,8,3,0.8412490274753847,0.7855546746535352,0.8203074133297432,TRUE,0.7585286600999699,NA,0.7804464718774266,0.04661262820181514,NA,NA,high,NA,high,low,NA,NA,high_level-low_diversity,NA,NA,6,Basic child support,1,1,8,0.8454210360587692,0,1
294844178160,1,verbal,1,NA,7,0,0.5882352941176471,3,1,12,52,female,0,7,7,0,0,2,2,0,86,0,0,0,0,0,5236,0,0,0,NA,NA,NA,NA,NA,NA,NA,NA,NA,NA,NA,NA,NA,NA,NA,TRUE,0.7596755503732546,0.6579511769604123,0.6710128973115975,0.13995263948627604,0.03002778593358112,0.03065118871781601,high,low,low,high,low,low,high_level-high_diversity,low_level-low_diversity,low_level-low_diversity,5.5,Basic child support,0,0,0,NA,1,0
294981665580,1,verbal,1,NA,4,0,0.35294117647058826,1,0,13,37,not female,0,4,7,3,3,1,3,2,311,0,0,0,0,0,5057,0,0,0,NA,NA,NA,NA,NA,NA,NA,NA,NA,NA,NA,NA,NA,NA,NA,TRUE,0.7472723020235809,0.816946216297037,0.7807106437308861,0.05249191434460296,NA,0.00309393250830632,high,high,high,low,NA,low,high_level-low_diversity,NA,high_level-low_diversity,7,Basic child support,3,3,0,NA,1,0
294983786664,1,monetary,NA,1,7,1,0.6470588235294118,3,7,26,36,female,0,7,6,-1,1,3,2,-1,458,0,0,0,0,0,42779,0,0,0,NA,NA,NA,NA,NA,NA,NA,NA,NA,NA,NA,NA,NA,NA,NA,TRUE,0.41468660360254134,0.6954060958386454,0.7079770441517992,0.11020338703208436,0.08176455216473684,0.07106302432133195,low,high,low,high,high,high,low_level-high_diversity,high_level-high_diversity,low_level-high_diversity,7,Basic child support,1,-1,0,NA,0,1
294992336664,1,verbal,1,NA,4,0,0.11764705882352941,2,1,14,33,not female,0,4,4,0,0,1,2,1,44,0,0,0,0,0,2096,0,0,0,NA,NA,NA,NA,NA,NA,NA,NA,NA,NA,NA,NA,NA,NA,NA,TRUE,0.5936910880580548,0.6257930994479126,0.6255426124689278,0.15858342817527266,0.05015094324307974,0.07701048156899369,low,low,low,high,low,high,low_level-high_diversity,low_level-low_diversity,low_level-high_diversity,4,Basic child support,0,0,0,NA,1,0
295039534032,1,monetary,NA,1,1,0,0.7058823529411765,4,8,10,65,not female,0,1,1,0,0,2,1,-1,223,0,0,0,0,0,5150,0,0,0,NA,NA,NA,NA,NA,NA,NA,NA,NA,NA,NA,NA,NA,NA,NA,TRUE,0.669712459083475,0.7195393321896637,0.6530055372321711,0.04013991972033723,0.179648976549011,0.16252688089152145,high,high,low,low,high,high,high_level-low_diversity,high_level-high_diversity,low_level-high_diversity,6,Basic child support,0,0,0,NA,0,1
295075850328,1,verbal,1,NA,5,0,0.5882352941176471,5,8,12,37,female,0,5,6,1,1,2,3,1,95,0,0,0,0,0,11024,0,0,0,NA,NA,NA,NA,NA,NA,NA,NA,NA,NA,NA,NA,NA,NA,NA,TRUE,0.7167669061707113,0.7639111857084873,0.6983991698753748,0.09524655307783564,0.09000815026904928,0.10386417171338434,high,high,low,high,high,high,high_level-high_diversity,high_level-high_diversity,low_level-high_diversity,7,Basic child support,1,1,0,NA,1,0
295087686948,1,monetary,NA,1,7,0,0.7058823529411765,4,8,12,57,not female,0,7,5,-2,2,2,3,1,6,0,0,0,0,0,236,0,0,0,NA,NA,NA,NA,NA,NA,NA,NA,NA,NA,NA,NA,NA,NA,NA,TRUE,0.5841122075821981,0.6753844146398359,0.6375680639696036,0.1551382799912042,0.07260620000330426,0.09661907257653918,low,high,low,high,high,high,low_level-high_diversity,high_level-high_diversity,low_level-high_diversity,4,Basic child support,2,-2,0,NA,0,1
295124897916,1,monetary,NA,1,4,0,0.5294117647058824,5,2,15,37,female,1,4,5,1,1,2,3,1,73,2,1,0,2,1,3218,39,0.012119328775637041,0.02402592893798624,2,1,0.578455258625987,0.578455258625987,0.578455258625987,2,1,0.578455258625987,0.578455258625987,0.578455258625987,2,1,0.578455258625987,0.578455258625987,0.578455258625987,TRUE,0.6655727634378666,0.598909713642671,0.598909713642671,0.02620223916220509,NA,NA,high,low,low,low,NA,NA,high_level-low_diversity,NA,NA,5.5,Basic child support,1,1,2,0.578455258625987,0,1
295147262664,1,control,0,0,3,0,0.47058823529411764,4,5,22,31,female,0,3,4,1,1,2,1,-1,359,0,0,0,0,0,11862,0,0,0,NA,NA,NA,NA,NA,NA,NA,NA,NA,NA,NA,NA,NA,NA,NA,TRUE,0.7256031168428546,0.7829405159965743,0.8114935517712184,0.1656502798221277,0.03014045669881098,0.07728681595959455,high,high,high,high,low,high,high_level-high_diversity,high_level-low_diversity,high_level-high_diversity,5,Basic child support,1,1,0,NA,0,0
295148694960,1,monetary,NA,1,6,0,0.29411764705882354,4,4,15,27,female,0,6,5,-1,1,2,2,0,121,0,0,0,0,0,5927,0,0,0,NA,NA,NA,NA,NA,NA,NA,NA,NA,NA,NA,NA,NA,NA,NA,TRUE,0.4124564080765704,0.81538396763029,0.780685992719991,0.10491883313785104,NA,0.00286107029492716,low,high,high,high,NA,low,low_level-high_diversity,NA,high_level-low_diversity,4,Basic child support,1,-1,0,NA,0,1
295167711528,1,monetary,NA,1,4,1,0.5294117647058824,3,8,11,47,female,0,4,6,2,2,3,3,0,90,0,0,0,0,0,3540,0,0,0,NA,NA,NA,NA,NA,NA,NA,NA,NA,NA,NA,NA,NA,NA,NA,TRUE,0.5308790689648248,0.6334557891771817,0.7708392377140123,0.13985298953838407,0.03020966669682905,0.03714193836128833,low,low,high,high,low,low,low_level-high_diversity,low_level-low_diversity,high_level-low_diversity,5,Basic child support,2,2,0,NA,0,1
295290420444,1,verbal,1,NA,4,0,0.7058823529411765,4,5,14,59,female,1,4,4,0,0,3,3,0,252,3,1,1,2,2,20444,499,0.02440813930737625,0.020858952765076936,2,1,0.705769170970334,0.705769170970334,0.7057691709703339,2,1,0.705769170970334,0.705769170970334,0.7057691709703339,3,2,0.7123539884019161,0.7370627319070914,0.7292432424518044,TRUE,0.6360936441211951,0.6543551396898173,0.7802536173707117,0.0999700526661824,0.09124836243053024,0.0602591571517224,low,low,high,high,high,high,low_level-high_diversity,low_level-high_diversity,high_level-high_diversity,6,Basic child support,0,0,3,0.705769170970334,1,0
295334470044,1,control,0,0,2,1,0.8235294117647058,5,6,13,55,not female,0,2,1,-1,1,3,3,0,601,0,0,0,0,0,24368,0,0,0,NA,NA,NA,NA,NA,NA,NA,NA,NA,NA,NA,NA,NA,NA,NA,TRUE,0.6038621175472786,0.6993893306594632,0.7411070003714998,0.1848623982314283,0.07689330964120063,0.08714824556017442,low,high,high,high,high,high,low_level-high_diversity,high_level-high_diversity,high_level-high_diversity,4.5,Basic child support,1,-1,0,NA,0,0
295412860548,1,monetary,NA,1,5,1,0.23529411764705882,4,4,10,58,female,0,5,7,2,2,2,2,0,15,0,0,0,0,0,1195,0,0,0,NA,NA,NA,NA,NA,NA,NA,NA,NA,NA,NA,NA,NA,NA,NA,TRUE,0.7298714399846676,0.7411297429933722,0.6338771318791969,0.0822679848136262,0.08730028926004796,0.05617540049599254,high,high,low,low,high,high,high_level-low_diversity,high_level-high_diversity,low_level-high_diversity,1.5,Basic child support,2,2,0,NA,0,1
295443772560,1,verbal,1,NA,6,0,0.5882352941176471,2,1,17,54,female,0,6,7,1,1,2,3,1,15,0,0,0,0,0,663,0,0,0,NA,NA,NA,NA,NA,NA,NA,NA,NA,NA,NA,NA,NA,NA,NA,TRUE,0.6687290096638567,0.6264653247683236,0.6284728261126706,0.02569710613477385,0.0290170485701608,0.03089142365488947,high,low,low,low,low,low,high_level-low_diversity,low_level-low_diversity,low_level-low_diversity,5.5,Basic child support,1,1,0,NA,1,0
296236531296,1,control,0,0,4,0,0.6470588235294118,4,2,12,66,not female,0,4,6,2,2,2,2,0,347,0,0,0,0,0,7453,0,0,0,NA,NA,NA,NA,NA,NA,NA,NA,NA,NA,NA,NA,NA,NA,NA,TRUE,0.5409884196931867,0.705769170970334,0.7284446468816792,0.1744064597437586,NA,0.00237418855724075,low,high,high,high,NA,low,low_level-high_diversity,NA,high_level-low_diversity,6,Basic child support,2,2,0,NA,0,0
296270392716,1,control,0,0,7,0,0.5294117647058824,2,1,17,68,not female,0,7,6,-1,1,2,1,-1,184,0,0,0,0,0,9112,0,0,0,NA,NA,NA,NA,NA,NA,NA,NA,NA,NA,NA,NA,NA,NA,NA,TRUE,0.5143466880535149,NA,0.7284326243566441,0.1607283854073649,NA,0.00532777261165642,low,NA,high,high,NA,low,low_level-high_diversity,NA,high_level-low_diversity,6,Basic child support,1,-1,0,NA,0,0
296314442316,1,verbal,1,NA,6,1,0.7058823529411765,4,4,13,55,not female,0,6,6,0,0,2,3,1,131,0,0,0,0,0,7907,0,0,0,NA,NA,NA,NA,NA,NA,NA,NA,NA,NA,NA,NA,NA,NA,NA,TRUE,0.7734679798784302,0.6692616605018008,0.7781049991102973,0.03407234240370551,0.08286929296473905,0.02036593245369516,high,low,high,low,high,low,high_level-low_diversity,low_level-high_diversity,high_level-low_diversity,6,Basic child support,0,0,0,NA,1,0
296431060896,1,verbal,1,NA,4,0,0.7647058823529411,4,3,16,59,not female,0,4,6,2,2,2,3,1,6,0,0,0,0,0,969,0,0,0,NA,NA,NA,NA,NA,NA,NA,NA,NA,NA,NA,NA,NA,NA,NA,TRUE,0.6764495065214432,NA,0.696441085914132,0.01278665714280394,NA,NA,high,NA,low,low,NA,NA,high_level-low_diversity,NA,NA,4,Basic child support,2,2,0,NA,1,0
296485300044,1,monetary,NA,1,7,1,0.29411764705882354,3,2,16,58,female,0,7,6,-1,1,3,3,0,2,0,0,0,0,0,122,0,0,0,NA,NA,NA,NA,NA,NA,NA,NA,NA,NA,NA,NA,NA,NA,NA,TRUE,0.680665352062495,NA,0.799649853780606,0.03840208280091933,NA,NA,high,NA,high,low,NA,NA,high_level-low_diversity,NA,NA,7,Basic child support,1,-1,0,NA,0,1
296604729180,1,verbal,1,NA,7,0,0.8823529411764706,4,5,16,46,not female,1,7,7,0,0,1,3,2,170,3,1,1,2,2,5007,81,0.016177351707609346,0.024412351840009134,2,1,0.598909713642671,0.598909713642671,0.598909713642671,2,1,0.598909713642671,0.598909713642671,0.598909713642671,3,2,0.6408690908655332,0.622030186806289,0.6285525239962257,TRUE,0.671812698410557,0.6780355246179921,0.6920285627015713,0.06317682199562905,0.04862861211415122,0.07700173480422381,high,high,low,low,low,high,high_level-low_diversity,high_level-low_diversity,low_level-high_diversity,6,Basic child support,0,0,3,0.598909713642671,1,0
296701859916,1,control,0,0,5,0,0.6470588235294118,4,7,13,40,not female,0,5,5,0,0,2,2,0,103,0,0,0,0,0,3767,0,0,0,NA,NA,NA,NA,NA,NA,NA,NA,NA,NA,NA,NA,NA,NA,NA,TRUE,0.6518926482797106,0.64856341527645045,0.6493059555586029,0.01763278994094794,0.00851227567414947,0.01481263481312453,low,low,low,low,low,low,low_level-low_diversity,low_level-low_diversity,low_level-low_diversity,1.5,Basic child support,0,0,0,NA,0,0
296710409916,1,verbal,1,NA,4,0,0.7647058823529411,4,8,13,45,not female,0,4,4,0,0,1,2,1,42,0,0,0,0,0,1512,0,0,0,NA,NA,NA,NA,NA,NA,NA,NA,NA,NA,NA,NA,NA,NA,NA,TRUE,0.5196068292812805,0.6295717003676568,0.6287115246624321,0.12071693550402549,0.0285882805834483,0.03147755190011372,low,low,low,high,low,low,low_level-high_diversity,low_level-low_diversity,low_level-low_diversity,5.5,Basic child support,0,0,0,NA,1,0
297042555528,1,monetary,NA,1,4,0,0.35294117647058826,2,4,13,45,not female,1,4,4,0,0,1,2,1,136,2,1,1,1,2,4800,254,0.05291666666666667,0.022692352265642597,NA,NA,NA,NA,NA,NA,NA,NA,NA,NA,1,1,0.668271133133525,0.668271133133525,0.668271133133525,TRUE,0.6667880806748027,0.666335627788022,0.7110397652600247,0.11554556340858904,NA,0.01615419019252688,high,low,high,high,NA,low,high_level-high_diversity,NA,high_level-low_diversity,5.5,Basic child support,0,0,2,NA,0,1
297120463812,1,monetary,NA,1,7,1,0.9411764705882353,4,5,13,51,not female,1,7,7,0,0,3,2,-1,463,2,1,1,1,2,10215,77,0.007537934410181107,0.00597394457089752,NA,NA,NA,NA,NA,NA,NA,NA,NA,NA,1,1,0.668271133133525,0.668271133133525,0.668271133133525,TRUE,0.6721615927498655,0.6377396601245228,0.7729160374142974,0.08089447827452224,0.06046798894347768,0.08457448981076149,high,low,high,low,high,high,high_level-low_diversity,low_level-high_diversity,high_level-high_diversity,5,Basic child support,0,0,2,NA,0,1
297211164948,1,control,0,0,7,1,0.9411764705882353,3,3,14,57,female,1,7,7,0,0,3,3,0,116,2,1,1,1,2,4101,58,0.014142891977566447,0.01915417331759348,NA,NA,NA,NA,NA,NA,NA,NA,NA,NA,1,1,0.668271133133525,0.668271133133525,0.668271133133525,TRUE,0.6164641089635684,0.6677113222180493,0.6618574968305867,0.10523821771449816,0.08511120958200134,0.08680740625465397,low,low,low,high,high,high,low_level-high_diversity,low_level-high_diversity,low_level-high_diversity,7,Basic child support,0,0,2,NA,0,0
297276141528,1,control,0,0,4,0,0.7647058823529411,4,8,15,61,not female,0,4,6,2,2,2,2,0,5,0,0,0,0,0,84,0,0,0,NA,NA,NA,NA,NA,NA,NA,NA,NA,NA,NA,NA,NA,NA,NA,TRUE,0.637801861814806,0.7769808111707107,0.7694719547943827,0.16318627298490726,0.0480394297191035,0.05815044353043721,low,high,high,high,low,high,low_level-high_diversity,high_level-low_diversity,high_level-high_diversity,6,Basic child support,2,2,0,NA,0,0
297309799116,1,control,0,0,7,NA,0.5294117647058824,4,0,18,59,female,0,7,7,0,0,2,2,0,125,0,0,0,0,0,4403,0,0,0,NA,NA,NA,NA,NA,NA,NA,NA,NA,NA,NA,NA,NA,NA,NA,TRUE,0.6061867476617512,0.6346304696019559,0.6633331527595209,0.12008085614547626,0.02951529675622085,0.03653434214132207,low,low,low,high,low,low,low_level-high_diversity,low_level-low_diversity,low_level-low_diversity,5.5,Basic child support,0,0,0,NA,0,0
297437978664,1,verbal,1,NA,1,0,0.7647058823529411,4,8,20,64,not female,0,1,1,0,0,2,2,0,146,0,0,0,0,0,6164,0,0,0,NA,NA,NA,NA,NA,NA,NA,NA,NA,NA,NA,NA,NA,NA,NA,TRUE,0.7391048551045453,0.7752838800638773,0.7424489846669483,0.08320220170278524,0.06146879710437258,0.08166368534142707,high,high,high,low,high,high,high_level-low_diversity,high_level-high_diversity,high_level-high_diversity,5.5,Basic child support,0,0,0,NA,1,0
297484560432,1,control,0,0,6,0,0.8823529411764706,3,6,19,33,female,0,6,5,-1,1,1,1,0,407,0,0,0,0,0,26474,0,0,0,NA,NA,NA,NA,NA,NA,NA,NA,NA,NA,NA,NA,NA,NA,NA,TRUE,0.4443076718018434,0.6633973520735018,0.7848570823958633,0.1585696513644123,0.00947234755820391,0.09259134619095656,low,low,high,high,low,high,low_level-high_diversity,low_level-low_diversity,high_level-high_diversity,4.5,Basic child support,1,-1,0,NA,0,0
298225945296,1,monetary,NA,1,4,0,0.6470588235294118,3,5,15,48,female,0,4,6,2,2,1,2,1,0,0,0,0,0,0,0,0,NA,NA,NA,NA,NA,NA,NA,NA,NA,NA,NA,NA,NA,NA,NA,NA,NA,TRUE,0.668271133133525,NA,NA,NA,NA,NA,high,NA,NA,NA,NA,NA,NA,NA,NA,4.5,Basic child support,2,2,0,NA,0,1
298249883928,1,monetary,NA,1,6,1,0.7647058823529411,4,7,18,48,female,1,6,6,0,0,3,3,0,543,5,1,2,3,4,16586,491,0.02960327987459303,0.012551547667078874,2,2,0.7595392257520305,0.706262997618911,0.7168063492459236,1,1,0.578455258625987,0.578455258625987,0.578455258625987,2,2,0.7595392257520305,0.706262997618911,0.7168063492459236,TRUE,0.7121578669596859,0.737074318918468,0.7577050406012452,0.10539167470274265,0.09090884080131316,0.0662147461584699,high,high,high,high,high,high,high_level-high_diversity,high_level-high_diversity,high_level-high_diversity,6.5,Basic child support,0,0,5,0.7595392257520305,0,1
298252892160,1,monetary,NA,1,7,0,0.5882352941176471,3,3,16,50,female,0,7,6,-1,1,2,3,1,49,2,1,2,0,1,1469,164,0.11164057181756297,0.05812535737289246,NA,NA,NA,NA,NA,NA,NA,NA,NA,NA,2,1,0.668271133133525,0.668271133133525,0.6682711331335252,TRUE,0.6628659688903206,0.6194835558207847,0.6381841827495817,0.03134423270256911,0.06694332206770141,0.02746908844504128,low,low,low,low,high,low,low_level-low_diversity,low_level-high_diversity,low_level-low_diversity,6.5,Basic child support,1,-1,2,NA,0,1
298301049864,1,verbal,1,NA,7,0,0.29411764705882354,1,0,14,56,not female,0,7,7,0,0,1,1,0,12,0,0,0,0,0,863,0,0,0,NA,NA,NA,NA,NA,NA,NA,NA,NA,NA,NA,NA,NA,NA,NA,TRUE,0.7479825810329633,0.7496640849196984,0.7496702514344851,0.07271777452051235,0.07099458951556054,0.07099238093058328,high,high,high,low,high,high,high_level-low_diversity,high_level-high_diversity,high_level-high_diversity,4,Basic child support,0,0,0,NA,1,0
298381419864,1,verbal,1,NA,4,0,0.23529411764705882,4,2,17,37,female,0,4,5,1,1,1,2,1,58,0,0,0,0,0,3690,0,0,0,NA,NA,NA,NA,NA,NA,NA,NA,NA,NA,NA,NA,NA,NA,NA,TRUE,0.5135729578450009,0.7251489801104665,0.747588746698451,0.15424418594960504,0.090673618124743,0.07500372461898099,low,high,high,high,high,high,low_level-high_diversity,high_level-high_diversity,high_level-high_diversity,5.5,Basic child support,1,1,0,NA,1,0
298394417916,1,control,0,0,3,1,0.8823529411764706,5,6,18,49,not female,0,3,2,-1,1,3,3,0,5,0,0,0,0,0,817,0,0,0,NA,NA,NA,NA,NA,NA,NA,NA,NA,NA,NA,NA,NA,NA,NA,TRUE,0.6426546837969501,0.6583684230644982,0.6360676889000055,0.04041641495162634,0.0426765405298384,0.03112114883088395,low,low,low,low,low,low,low_level-low_diversity,low_level-low_diversity,low_level-low_diversity,6,Basic child support,1,-1,0,NA,0,0
298490993244,1,control,0,0,6,0,0.35294117647058826,4,2,9,56,not female,0,6,6,0,0,1,1,0,642,0,0,0,0,0,20331,0,0,0,NA,NA,NA,NA,NA,NA,NA,NA,NA,NA,NA,NA,NA,NA,NA,TRUE,0.6540611699590241,0.6328365331856095,0.7307126767593437,0.1448587094495955,0.04961113840440317,0.0170500115000645,low,low,high,high,low,low,low_level-high_diversity,low_level-low_diversity,high_level-low_diversity,5.5,Basic child support,0,0,0,NA,0,0
298519314264,1,monetary,NA,1,4,0,0.17647058823529413,1,2,11,18,not female,0,4,5,1,1,2,3,1,162,2,1,2,0,1,2939,12,0.004083021435862538,0.00993785810754076,NA,NA,NA,NA,NA,NA,NA,NA,NA,NA,2,1,0.668271133133525,0.668271133133525,0.668271133133525,TRUE,0.4491013584768009,0.6495696064158757,0.7975428314776197,0.1307147580200452,0.02906980084652913,0.1422381056659893,low,low,high,high,low,high,low_level-high_diversity,low_level-low_diversity,high_level-high_diversity,4.5,Basic child support,1,1,2,NA,0,1
298562882328,1,monetary,NA,1,4,0,0.17647058823529413,1,2,12,37,female,0,4,4,0,0,1,2,1,39,0,0,0,0,0,592,0,0,0,NA,NA,NA,NA,NA,NA,NA,NA,NA,NA,NA,NA,NA,NA,NA,TRUE,0.6582790717223616,0.6293559562184029,0.6445977880218182,0.05326937131056185,0.06006706250065745,0.08154840307718943,low,low,low,low,high,high,low_level-low_diversity,low_level-high_diversity,low_level-high_diversity,4.5,Basic child support,0,0,0,NA,0,1
298592227296,1,control,0,0,7,0,0.5882352941176471,3,4,12,26,female,0,7,6,-1,1,3,2,-1,94,0,0,0,0,0,5131,0,0,0,NA,NA,NA,NA,NA,NA,NA,NA,NA,NA,NA,NA,NA,NA,NA,TRUE,0.6632069088880695,0.6799074217657727,0.707659630745553,0.14448317040061498,0.08074884392439362,0.10168902910063785,high,high,low,high,high,high,high_level-high_diversity,high_level-high_diversity,low_level-high_diversity,6,Basic child support,1,-1,0,NA,0,0
298631968380,1,verbal,1,NA,4,0,0.29411764705882354,1,0,9,28,female,1,4,5,1,1,1,2,1,129,3,1,1,2,3,4877,126,0.025835554644248512,0.032611125671008954,1,1,0.932303283086416,0.932303283086416,0.932303283086416,1,1,0.932303283086416,0.932303283086416,0.932303283086416,2,2,0.9131009449080238,0.8002872081099706,0.8473879036834582,TRUE,0.5103092678740384,0.6647568808621106,0.7588565129907658,0.14585667454655446,0.02383566219356712,0.04623454433937859,low,low,high,high,low,low,low_level-high_diversity,low_level-low_diversity,high_level-low_diversity,5.5,Basic child support,1,1,3,0.932303283086416,1,0
298778755464,1,control,0,0,6,0,0.7647058823529411,3,5,12,27,female,0,6,6,0,0,2,2,0,270,0,0,0,0,0,20189,0,0,0,NA,NA,NA,NA,NA,NA,NA,NA,NA,NA,NA,NA,NA,NA,NA,TRUE,0.4345722104376804,0.6608122592393698,0.6551043891751605,0.1254527430940671,0.08796129698095968,0.0828610811102879,low,low,low,high,high,high,low_level-high_diversity,low_level-high_diversity,low_level-high_diversity,5,Basic child support,0,0,0,NA,0,0
298802216664,1,control,0,0,7,1,0.35294117647058826,3,0,16,57,not female,0,7,7,0,0,2,2,0,183,0,0,0,0,0,27000,0,0,0,NA,NA,NA,NA,NA,NA,NA,NA,NA,NA,NA,NA,NA,NA,NA,TRUE,0.6592714629475275,NA,NA,0.04406986832089556,NA,NA,low,NA,NA,low,NA,NA,low_level-low_diversity,NA,NA,7,Basic child support,0,0,0,NA,0,0
298885935528,1,monetary,NA,1,4,0,0.8823529411764706,4,1,16,56,not female,0,4,6,2,2,2,3,1,139,0,0,0,0,0,4860,0,0,0,NA,NA,NA,NA,NA,NA,NA,NA,NA,NA,NA,NA,NA,NA,NA,TRUE,0.660085401906325,0.6793495753359955,0.718148401737499,0.10239304556544816,0.05060144272114694,0.0672462984138197,low,high,high,high,low,high,low_level-high_diversity,high_level-low_diversity,high_level-high_diversity,5.5,Basic child support,2,2,0,NA,0,1
299005499412,1,control,0,0,4,0,0.7647058823529411,5,8,13,53,not female,0,4,3,-1,1,2,2,0,241,2,1,2,0,1,17735,38,0.0021426557654355793,0.01053429899150099,NA,NA,NA,NA,NA,NA,NA,NA,NA,NA,2,1,0.6682711331335249,0.668271133133525,0.668271133133525,TRUE,0.5296690112226179,0.7089142033169186,0.7180470688857562,0.190627500679427,0.14065428149094628,0.12970072766458232,low,high,high,high,high,high,low_level-high_diversity,high_level-high_diversity,high_level-high_diversity,5,Basic child support,1,-1,2,NA,0,0
299006529516,1,monetary,NA,1,4,0,0.17647058823529413,2,0,14,26,female,0,4,2,-2,2,1,3,2,10,0,0,0,0,0,87,0,0,0,NA,NA,NA,NA,NA,NA,NA,NA,NA,NA,NA,NA,NA,NA,NA,TRUE,0.7752649775330063,NA,0.8117994609864877,0.06265790528450149,NA,0.00478221839592548,high,NA,high,low,NA,low,high_level-low_diversity,NA,high_level-low_diversity,5,Basic child support,2,-2,0,NA,0,1
299096813412,1,monetary,NA,1,7,0,0.5294117647058824,3,1,13,64,female,0,7,6,-1,1,2,2,0,215,0,0,0,0,0,6121,0,0,0,NA,NA,NA,NA,NA,NA,NA,NA,NA,NA,NA,NA,NA,NA,NA,TRUE,0.6711794338463181,0.6519241473343385,0.6721151774386681,0.05922935713678404,0.03469846128538347,0.0496525426953608,high,low,low,low,low,low,high_level-low_diversity,low_level-low_diversity,low_level-low_diversity,4,Basic child support,1,-1,0,NA,0,1
299118362148,1,monetary,NA,1,4,0,0.7647058823529411,4,6,21,27,not female,1,4,4,0,0,2,2,0,632,2,1,0,2,1,17838,112,0.006278730799416975,0.005047816857004119,2,1,0.8340707366118351,0.834070736611835,0.8340707366118351,NA,NA,NA,NA,NA,2,1,0.8340707366118351,0.834070736611835,0.8340707366118351,TRUE,0.5703480594069379,0.780636705082906,0.7467176307289214,0.18514091729993556,0.06760706567050731,0.1324525436490349,low,high,high,high,high,high,low_level-high_diversity,high_level-high_diversity,high_level-high_diversity,6,Basic child support,0,0,2,0.8340707366118351,0,1
299135390328,1,verbal,1,NA,4,1,0.7058823529411765,4,8,20,68,female,0,4,6,2,2,3,3,0,37,0,0,0,0,0,7350,0,0,0,NA,NA,NA,NA,NA,NA,NA,NA,NA,NA,NA,NA,NA,NA,NA,TRUE,0.5661867079338745,0.7872513118181094,0.7801384985634507,0.17180242970787934,0.02415047266812511,0.03474418556467249,low,high,high,high,low,low,low_level-high_diversity,high_level-low_diversity,high_level-low_diversity,4,Basic child support,2,2,0,NA,1,0
299342574612,1,verbal,1,NA,6,1,0.35294117647058826,3,4,15,57,female,0,6,6,0,0,3,3,0,28,0,0,0,0,0,3102,0,0,0,NA,NA,NA,NA,NA,NA,NA,NA,NA,NA,NA,NA,NA,NA,NA,TRUE,0.4521722193162177,NA,NA,0.1290612117459355,NA,NA,low,NA,NA,high,NA,NA,low_level-high_diversity,NA,NA,5,Basic child support,0,0,0,NA,1,0
299405505348,1,monetary,NA,1,6,0,0.9411764705882353,5,8,20,35,not female,1,6,6,0,0,1,3,2,48,2,1,1,1,2,2977,231,0.07759489418878066,0.0622868009311142,1,1,0.578455258625987,0.578455258625987,0.578455258625987,1,1,0.578455258625987,0.578455258625987,0.578455258625987,2,2,0.581176951792882,0.6233631958797561,0.6033723175860352,TRUE,0.6684471856744298,0.6666038000380491,0.6664694337510582,0.05018193415897619,0.04346354967429468,0.04600621760980766,high,low,low,low,low,low,high_level-low_diversity,low_level-low_diversity,low_level-low_diversity,5.5,Basic child support,0,0,2,0.578455258625987,0,1
299438609580,1,verbal,1,NA,3,1,0.5294117647058824,5,5,12,46,not female,1,3,3,0,0,3,4,1,333,2,1,1,1,2,7395,24,0.0032454361054766734,0.005660200967980879,1,1,0.834070736611835,0.834070736611835,0.8340707366118348,NA,NA,NA,NA,NA,2,2,0.6959044003799101,0.75117093487268,0.7256081423960773,TRUE,0.5030901029700983,0.7638608036670509,0.7635582467185618,0.15479673235252833,0.06605745035310583,0.05054059380332283,low,high,high,high,high,low,low_level-high_diversity,high_level-high_diversity,high_level-low_diversity,4,Basic child support,0,0,2,0.834070736611835,1,0
299465418960,1,monetary,NA,1,3,1,0.5882352941176471,3,3,12,60,female,0,3,4,1,1,2,3,1,9,0,0,0,0,0,1535,0,0,0,NA,NA,NA,NA,NA,NA,NA,NA,NA,NA,NA,NA,NA,NA,NA,TRUE,0.7317625917357782,0.718562973722053,0.63808240445328,0.10314232841972155,0.08686696055661736,0.06504260185819281,high,high,low,high,high,high,high_level-high_diversity,high_level-high_diversity,low_level-high_diversity,4,Basic child support,1,1,0,NA,0,1
299465898444,1,control,0,0,7,0,0.35294117647058826,3,6,13,62,not female,0,7,7,0,0,1,1,0,353,0,0,0,0,0,13437,0,0,0,NA,NA,NA,NA,NA,NA,NA,NA,NA,NA,NA,NA,NA,NA,NA,TRUE,0.6661339826545842,0.6447203842136463,0.6951517219158398,0.08651444395549213,0.01466957512306921,0.01253772078622278,high,low,low,low,low,low,high_level-low_diversity,low_level-low_diversity,low_level-low_diversity,7,Basic child support,0,0,0,NA,0,0
299545516728,1,monetary,NA,1,6,0,0.6470588235294118,4,6,15,42,not female,0,6,6,0,0,2,3,1,455,0,0,0,0,0,4064,0,0,0,NA,NA,NA,NA,NA,NA,NA,NA,NA,NA,NA,NA,NA,NA,NA,TRUE,0.620199892345984,0.609340999307784,0.6864613100082573,0.11635508023950508,NA,0.06998697358818458,low,low,low,high,NA,high,low_level-high_diversity,NA,low_level-high_diversity,6,Basic child support,0,0,0,NA,0,1
299558447064,1,monetary,NA,1,5,0,0.8823529411764706,4,7,17,23,not female,1,5,5,0,0,2,3,1,26,6,1,2,4,4,3514,1280,0.36425725668753556,0.29753644385690575,3,2,0.6261804297363265,0.620893229407436,0.621790684750671,3,2,0.6261804297363265,0.620893229407436,0.621790684750671,5,3,0.6276580820896325,0.6398443908978716,0.6334198293335777,TRUE,0.5481094108868456,0.721373224187537,0.7423321856586274,0.1860213778120679,0.04448242250491516,0.05824363073962729,low,high,high,high,low,high,low_level-high_diversity,high_level-low_diversity,high_level-high_diversity,4.5,Basic child support,0,0,6,0.6261804297363265,0,1
299590045812,1,verbal,1,NA,4,0,0.6470588235294118,2,5,13,44,not female,0,4,5,1,1,1,1,0,433,0,0,0,0,0,9476,0,0,0,NA,NA,NA,NA,NA,NA,NA,NA,NA,NA,NA,NA,NA,NA,NA,TRUE,0.6140290697094566,0.676985837665691,0.7274017158465338,0.14952553718038333,0.0158988283927077,0.03762308183223857,low,high,high,high,low,low,low_level-high_diversity,high_level-low_diversity,high_level-low_diversity,3.5,Basic child support,1,1,0,NA,1,0
301010033916,1,control,0,0,7,0,0.6470588235294118,3,4,14,54,female,0,7,6,-1,1,2,2,0,1,0,0,0,0,0,13,0,0,0,NA,NA,NA,NA,NA,NA,NA,NA,NA,NA,NA,NA,NA,NA,NA,TRUE,0.6716282034302727,0.578455258625987,0.6096647508330718,0.04362538743804085,NA,0.05025995775554244,high,low,low,low,NA,low,high_level-low_diversity,NA,low_level-low_diversity,7,Basic child support,1,-1,0,NA,0,0
301031710560,1,control,0,0,6,0,0.8235294117647058,4,7,20,47,not female,0,6,6,0,0,3,3,0,3,0,0,0,0,0,10,0,0,0,NA,NA,NA,NA,NA,NA,NA,NA,NA,NA,NA,NA,NA,NA,NA,TRUE,0.494426449997137,0.5956596205909613,0.6873990152239515,0.1416050526664953,0.10746624243751211,0.11940338519706002,low,low,low,high,high,high,low_level-high_diversity,low_level-high_diversity,low_level-high_diversity,5.5,Basic child support,0,0,0,NA,0,0
301040330328,1,control,0,0,4,0,0.7058823529411765,3,8,13,49,not female,0,4,4,0,0,1,1,0,10,0,0,0,0,0,116,0,0,0,NA,NA,NA,NA,NA,NA,NA,NA,NA,NA,NA,NA,NA,NA,NA,TRUE,0.6960184420103227,0.7236489387864267,0.6939473520145942,0.05429064342617025,0.02899254346174831,0.05197182703967153,high,high,low,low,low,low,high_level-low_diversity,high_level-low_diversity,low_level-low_diversity,6,Basic child support,0,0,0,NA,0,0
301139171748,1,control,0,0,7,1,0.7647058823529411,5,8,18,52,not female,0,7,7,0,0,4,3,-1,240,0,0,0,0,0,11335,0,0,0,NA,NA,NA,NA,NA,NA,NA,NA,NA,NA,NA,NA,NA,NA,NA,TRUE,0.6610501538896842,0.6846233327364851,0.6527722641976643,0.06401471106746003,0.05940240996787414,0.05101971594084927,low,high,low,low,high,low,low_level-low_diversity,high_level-high_diversity,low_level-low_diversity,6.5,Basic child support,0,0,0,NA,0,0
301235681412,1,monetary,NA,1,6,0,0.8235294117647058,3,5,19,37,not female,0,6,6,0,0,2,3,1,15,0,0,0,0,0,692,0,0,0,NA,NA,NA,NA,NA,NA,NA,NA,NA,NA,NA,NA,NA,NA,NA,TRUE,0.7423322868811316,0.816946216297037,0.7708522175873445,0.13201610565379837,NA,0.08031348180716441,high,high,high,high,NA,high,high_level-high_diversity,NA,high_level-high_diversity,5.5,Basic child support,0,0,0,NA,0,1
301489654032,1,control,0,0,6,0,0.29411764705882354,2,6,14,42,not female,0,6,6,0,0,2,2,0,47,0,0,0,0,0,2566,0,0,0,NA,NA,NA,NA,NA,NA,NA,NA,NA,NA,NA,NA,NA,NA,NA,TRUE,0.5968652095615705,0.6355578234112659,0.851887359884632,0.1512656444259233,0.0425380669255974,0.13564115188233777,low,low,high,high,low,high,low_level-high_diversity,low_level-low_diversity,high_level-high_diversity,5.5,Basic child support,0,0,0,NA,0,0
301530007296,1,verbal,1,NA,7,0,0.23529411764705882,3,0,13,40,female,0,7,7,0,0,2,2,0,0,0,0,0,0,0,0,0,NA,NA,NA,NA,NA,NA,NA,NA,NA,NA,NA,NA,NA,NA,NA,NA,NA,TRUE,0.7285560618785193,NA,0.7709499795120958,0.05600085644562644,NA,0.03144075302645528,high,NA,high,low,NA,low,high_level-low_diversity,NA,high_level-low_diversity,6,Basic child support,0,0,0,NA,1,0
301673236896,1,monetary,NA,1,5,0,0.6470588235294118,2,0,12,59,female,0,5,4,-1,1,1,2,1,306,0,0,0,0,0,21420,0,0,0,NA,NA,NA,NA,NA,NA,NA,NA,NA,NA,NA,NA,NA,NA,NA,TRUE,0.418448625380424,0.6239353774966394,0.6292470302680381,0.0557575560182558,0.04686005135568628,0.12332939205332182,low,low,low,low,low,high,low_level-low_diversity,low_level-low_diversity,low_level-high_diversity,4.5,Basic child support,1,-1,0,NA,0,1
301703880780,1,verbal,1,NA,5,0,0.5294117647058824,3,4,14,36,female,0,5,5,0,0,2,3,1,16,0,0,0,0,0,1582,0,0,0,NA,NA,NA,NA,NA,NA,NA,NA,NA,NA,NA,NA,NA,NA,NA,TRUE,0.6904523968242113,0.7035204365175779,0.7172033155700254,0.07351607432449793,0.0988932181009663,0.03433090862098233,high,high,high,low,high,low,high_level-low_diversity,high_level-high_diversity,high_level-low_diversity,4.5,Basic child support,0,0,0,NA,1,0
301754976948,1,verbal,1,NA,5,1,0.7647058823529411,5,8,15,52,female,0,5,7,2,2,4,4,0,31,0,0,0,0,0,6560,0,0,0,NA,NA,NA,NA,NA,NA,NA,NA,NA,NA,NA,NA,NA,NA,NA,TRUE,0.4411301512780977,0.6127274566528798,0.8009887714296978,0.11077756969356284,0.0321054045220076,0.04445179148394224,low,low,high,high,low,low,low_level-high_diversity,low_level-low_diversity,high_level-low_diversity,6.5,Basic child support,2,2,0,NA,1,0
301780282212,1,control,0,0,6,0,0.5882352941176471,2,2,12,21,female,0,6,6,0,0,1,2,1,19,0,0,0,0,0,998,0,0,0,NA,NA,NA,NA,NA,NA,NA,NA,NA,NA,NA,NA,NA,NA,NA,TRUE,0.6521742783647737,0.816946216297037,0.6453032256715464,0.12925738607520146,NA,0.10683679787442651,low,high,low,high,NA,high,low_level-high_diversity,NA,low_level-high_diversity,4.5,Basic child support,0,0,0,NA,0,0
301829874264,1,monetary,NA,1,1,0,0.8235294117647058,5,6,15,45,not female,0,1,6,5,5,1,2,1,55,0,0,0,0,0,2931,0,0,0,NA,NA,NA,NA,NA,NA,NA,NA,NA,NA,NA,NA,NA,NA,NA,TRUE,0.7061204018391083,0.6431278007395502,0.7071509141132534,0.03540508436681338,0.00327973077187868,0.03423268452607868,high,low,low,low,low,low,high_level-low_diversity,low_level-low_diversity,low_level-low_diversity,5.5,Basic child support,5,5,0,NA,0,1
301856139864,1,monetary,NA,1,7,1,0.7647058823529411,5,8,25,52,female,0,7,7,0,0,4,4,0,594,2,1,2,0,1,25192,60,0.002381708478882185,0.005261653733962694,NA,NA,NA,NA,NA,NA,NA,NA,NA,NA,2,1,0.668271133133525,0.668271133133525,0.668271133133525,TRUE,0.6767357062173346,0.6764489000753513,0.7058325650591213,0.06098110575555455,0.0901465959050182,0.08823913417180804,high,high,low,low,high,high,high_level-low_diversity,high_level-high_diversity,low_level-high_diversity,7,Basic child support,0,0,2,NA,0,1
301878235116,1,monetary,NA,1,5,0,0.11764705882352941,2,1,13,47,female,0,5,6,1,1,1,1,0,60,0,0,0,0,0,2584,0,0,0,NA,NA,NA,NA,NA,NA,NA,NA,NA,NA,NA,NA,NA,NA,NA,TRUE,0.6672394250000252,0.645891002852989,0.645891002852989,0.00469311631716991,NA,NA,high,low,low,low,NA,NA,high_level-low_diversity,NA,NA,6,Basic child support,1,1,0,NA,0,1
301903336548,1,monetary,NA,1,6,0,0.5294117647058824,3,2,13,45,not female,0,6,7,1,1,1,3,2,21,0,0,0,0,0,1407,0,0,0,NA,NA,NA,NA,NA,NA,NA,NA,NA,NA,NA,NA,NA,NA,NA,TRUE,0.7143501283611465,0.7731306267410728,0.7732922459207249,0.05879013486522632,0.01468341951593486,0.02110434825631592,high,high,high,low,low,low,high_level-low_diversity,high_level-low_diversity,high_level-low_diversity,6.5,Basic child support,1,1,0,NA,0,1
301953198096,1,monetary,NA,1,4,0,0.29411764705882354,3,8,15,54,female,1,4,4,0,0,1,3,2,376,11,1,4,7,4,22366,1658,0.07413037646427613,0.0411955085600585,6,2,0.6150712733804724,0.6962882211607687,0.6812414358579846,6,2,0.6150712733804724,0.6962882211607687,0.6812414358579846,10,3,0.6337960016544185,0.6850813859498712,0.6760256534430716,TRUE,0.6253127166519622,0.7072794262700116,0.776470685464412,0.1373659778763576,0.08770654027394033,0.07807726409684801,low,high,high,high,high,high,low_level-high_diversity,high_level-high_diversity,high_level-high_diversity,5,Basic child support,0,0,11,0.6150712733804724,0,1
302043826044,1,verbal,1,NA,4,0,0.058823529411764705,2,1,20,55,female,1,4,4,0,0,1,3,2,295,1,1,0,1,1,12324,175,0.014199935086011035,0.006766259046052915,NA,NA,NA,NA,NA,NA,NA,NA,NA,NA,NA,NA,NA,NA,NA,TRUE,0.6801782086970445,0.6373395181401025,0.6816595624636976,0.06578147704580353,0.05938647166443769,0.06173780773709598,high,low,low,low,high,high,high_level-low_diversity,low_level-high_diversity,low_level-high_diversity,4.5,Basic child support,0,0,1,NA,1,0
302066194896,1,control,0,0,7,0,0.5882352941176471,3,8,13,62,not female,0,7,7,0,0,2,2,0,609,0,0,0,0,0,27816,0,0,0,NA,NA,NA,NA,NA,NA,NA,NA,NA,NA,NA,NA,NA,NA,NA,TRUE,0.7074637649275887,0.7394031079352434,0.740672958007139,0.10501327817299072,0.08828324790892222,0.0962929163947084,high,high,high,high,high,high,high_level-high_diversity,high_level-high_diversity,high_level-high_diversity,4.5,Basic child support,0,0,0,NA,0,0
302212158444,1,control,0,0,4,0,0.4117647058823529,3,6,12,61,female,0,4,6,2,2,1,2,1,237,0,0,0,0,0,7171,0,0,0,NA,NA,NA,NA,NA,NA,NA,NA,NA,NA,NA,NA,NA,NA,NA,TRUE,0.5358335575831059,0.648355875595028,0.7422043832411154,0.18376883483114437,NA,0.03105253975913863,low,low,high,high,NA,low,low_level-high_diversity,NA,high_level-low_diversity,4.5,Basic child support,2,2,0,NA,0,0
302239108044,1,control,0,0,5,1,0.17647058823529413,4,0,10,24,not female,0,5,5,0,0,2,3,1,0,0,0,0,0,0,0,0,NA,NA,NA,NA,NA,NA,NA,NA,NA,NA,NA,NA,NA,NA,NA,NA,NA,TRUE,0.598909713642671,0.598909713642671,0.598909713642671,NA,NA,NA,low,low,low,NA,NA,NA,NA,NA,NA,4.5,Basic child support,0,0,0,NA,0,0
303085973232,1,verbal,1,NA,2,0,0.5882352941176471,4,2,12,55,female,0,2,1,-1,1,2,1,-1,197,0,0,0,0,0,15181,0,0,0,NA,NA,NA,NA,NA,NA,NA,NA,NA,NA,NA,NA,NA,NA,NA,TRUE,0.4251967632373261,0.5813205996502538,0.7174594531746441,0.07098880607428139,0.05848271725754651,0.10419145005015631,low,low,high,low,high,high,low_level-low_diversity,low_level-high_diversity,high_level-high_diversity,5.5,Basic child support,1,-1,0,NA,1,0
303213195180,1,control,0,0,6,0,0.5294117647058824,4,6,16,60,not female,0,6,5,-1,1,4,1,-3,1,0,0,0,0,0,173,0,0,0,NA,NA,NA,NA,NA,NA,NA,NA,NA,NA,NA,NA,NA,NA,NA,TRUE,0.6653632214171832,0.6532560533277324,0.6336803329924354,0.11110013684179264,0.07343896467362607,0.06005141128147803,high,low,low,high,high,high,high_level-high_diversity,low_level-high_diversity,low_level-high_diversity,5.5,Basic child support,1,-1,0,NA,0,0
303293362716,1,control,0,0,4,0,0.6470588235294118,3,8,11,53,not female,0,4,4,0,0,1,1,0,10,0,0,0,0,0,684,0,0,0,NA,NA,NA,NA,NA,NA,NA,NA,NA,NA,NA,NA,NA,NA,NA,TRUE,0.6447274432154297,0.6474703157689621,0.6535349838957755,0.04907389376654386,0.03765052498209657,0.03962765721841236,low,low,low,low,low,low,low_level-low_diversity,low_level-low_diversity,low_level-low_diversity,4,Basic child support,0,0,0,NA,0,0
303348214044,1,control,0,0,1,1,0.8823529411764706,5,2,18,45,not female,1,1,1,0,0,2,2,0,228,4,1,2,2,3,13858,218,0.015730985712223988,0.023726009228275956,1,1,0.695942130393627,0.695942130393627,0.695942130393627,1,1,0.695942130393627,0.695942130393627,0.695942130393627,3,2,0.6873840900039047,0.6774947988868923,0.6802173850376206,TRUE,0.7403471143055832,0.6441857279238691,0.786747670123076,0.10122760539636376,0.04226918813958043,0.07109536878819679,high,low,high,high,low,high,high_level-high_diversity,low_level-low_diversity,high_level-high_diversity,6,Basic child support,0,0,4,0.695942130393627,0,0
303418463580,1,control,0,0,7,1,0.8235294117647058,4,2,12,37,not female,0,7,6,-1,1,2,2,0,173,0,0,0,0,0,3574,0,0,0,NA,NA,NA,NA,NA,NA,NA,NA,NA,NA,NA,NA,NA,NA,NA,TRUE,0.554815517439692,0.6863375569133526,0.7236284578336303,0.1589005958214179,0.03029782891560859,0.05457666203455605,low,high,high,high,low,high,low_level-high_diversity,high_level-low_diversity,high_level-high_diversity,5.5,Basic child support,1,-1,0,NA,0,0
303428110716,1,verbal,1,NA,4,0,0.35294117647058826,3,8,12,60,female,0,4,4,0,0,1,2,1,110,3,1,3,0,1,4955,412,0.08314833501513623,0.03939361847405377,NA,NA,NA,NA,NA,NA,NA,NA,NA,NA,3,1,0.668271133133525,0.668271133133525,0.668271133133525,TRUE,0.6583521005307066,0.6667554922450789,0.6635052597550474,0.06912332222249537,0.05144734080154081,0.06318220551874865,low,low,low,low,low,high,low_level-low_diversity,low_level-low_diversity,low_level-high_diversity,5.5,Basic child support,0,0,3,NA,1,0
303481936728,1,control,0,0,7,0,0.8235294117647058,3,8,16,64,not female,0,7,5,-2,2,2,2,0,97,0,0,0,0,0,2843,0,0,0,NA,NA,NA,NA,NA,NA,NA,NA,NA,NA,NA,NA,NA,NA,NA,TRUE,0.6458046490040091,0.6071857606855925,0.6400867134545465,0.1152192075890642,0.09351938796759891,0.108571565919907,low,low,low,high,high,high,low_level-high_diversity,low_level-high_diversity,low_level-high_diversity,4.5,Basic child support,2,-2,0,NA,0,0
303624554832,1,verbal,1,NA,7,0,0.6470588235294118,4,8,18,62,not female,0,7,7,0,0,3,3,0,178,0,0,0,0,0,7038,0,0,0,NA,NA,NA,NA,NA,NA,NA,NA,NA,NA,NA,NA,NA,NA,NA,TRUE,0.7263008370442371,0.6537646309876117,0.7417415279436814,0.0775057733512525,0.05096050515981655,0.0727552537330708,high,low,high,low,low,high,high_level-low_diversity,low_level-low_diversity,high_level-high_diversity,7,Basic child support,0,0,0,NA,1,0
303682488948,1,control,0,0,6,0,0.7647058823529411,4,8,19,45,not female,0,6,7,1,1,2,3,1,494,0,0,0,0,0,10108,0,0,0,NA,NA,NA,NA,NA,NA,NA,NA,NA,NA,NA,NA,NA,NA,NA,TRUE,0.7389331956897299,0.801102237000549,0.7659727356819162,0.10084827441814226,0.05370913743212668,0.05611607195344116,high,high,high,high,low,high,high_level-high_diversity,high_level-low_diversity,high_level-high_diversity,5,Basic child support,1,1,0,NA,0,0
303772706496,1,monetary,NA,1,4,0,0.47058823529411764,3,3,20,35,female,0,4,5,1,1,1,1,0,7,0,0,0,0,0,88,0,0,0,NA,NA,NA,NA,NA,NA,NA,NA,NA,NA,NA,NA,NA,NA,NA,TRUE,0.4813621533848699,0.6188366568819601,0.6168585951116256,0.13936853305393868,0.02036914643636865,0.02360351625723788,low,low,low,high,low,low,low_level-high_diversity,low_level-low_diversity,low_level-low_diversity,6,Basic child support,1,1,0,NA,0,1
303798632832,1,control,0,0,6,1,0.8823529411764706,4,8,16,57,not female,0,6,6,0,0,3,3,0,259,0,0,0,0,0,8799,0,0,0,NA,NA,NA,NA,NA,NA,NA,NA,NA,NA,NA,NA,NA,NA,NA,TRUE,0.6600333322799509,0.6164811942571453,0.6275345915836398,0.02569009147704622,0.0348147178764673,0.01564578404699088,low,low,low,low,low,low,low_level-low_diversity,low_level-low_diversity,low_level-low_diversity,5.5,Basic child support,0,0,0,NA,0,0
304167717864,1,control,0,0,7,1,0.7647058823529411,4,8,12,67,female,0,7,7,0,0,4,3,-1,284,0,0,0,0,0,20406,0,0,0,NA,NA,NA,NA,NA,NA,NA,NA,NA,NA,NA,NA,NA,NA,NA,TRUE,0.5860955206639764,0.6524297010010359,0.6676732977354839,0.12358666834248752,0.01782225099906795,0.02890161811051176,low,low,low,high,low,low,low_level-high_diversity,low_level-low_diversity,low_level-low_diversity,4.5,Basic child support,0,0,0,NA,0,0
304277772780,1,verbal,1,NA,4,0,0.6470588235294118,4,8,19,48,female,1,4,6,2,2,2,3,1,109,2,1,1,1,2,6745,36,0.005337286879169755,0.019517866057841456,NA,NA,NA,NA,NA,NA,NA,NA,NA,NA,1,1,0.668271133133525,0.668271133133525,0.668271133133525,TRUE,0.5894721047267454,0.6058200498644423,0.6170222457304216,0.1022542237936538,0.05815173978818055,0.03556413486887171,low,low,low,high,high,low,low_level-high_diversity,low_level-high_diversity,low_level-low_diversity,5.5,Basic child support,2,2,2,NA,1,0
304323598044,1,control,0,0,4,1,0.4117647058823529,4,8,11,54,not female,0,4,3,-1,1,2,2,0,200,0,0,0,0,0,11359,0,0,0,NA,NA,NA,NA,NA,NA,NA,NA,NA,NA,NA,NA,NA,NA,NA,TRUE,0.5312735131522318,0.6484614378296434,0.7278728099829416,0.1644201979591127,0.00284289896869167,0.07259500519716296,low,low,high,high,low,high,low_level-high_diversity,low_level-low_diversity,high_level-high_diversity,5,Basic child support,1,-1,0,NA,0,0
305108492832,1,verbal,1,NA,7,1,0.8823529411764706,4,2,19,42,not female,0,7,7,0,0,1,3,2,130,0,0,0,0,0,6025,0,0,0,NA,NA,NA,NA,NA,NA,NA,NA,NA,NA,NA,NA,NA,NA,NA,TRUE,0.7358547925579056,0.7152368372902655,0.798673714949344,0.08353273855676668,0.11794901197343548,0.06274620807318333,high,high,high,low,high,high,high_level-low_diversity,high_level-high_diversity,high_level-high_diversity,3.5,Basic child support,0,0,0,NA,1,0
305161161516,1,verbal,1,NA,3,0,0.29411764705882354,4,6,6,39,not female,0,3,6,3,3,4,3,-1,0,0,0,0,0,0,0,0,NA,NA,NA,NA,NA,NA,NA,NA,NA,NA,NA,NA,NA,NA,NA,NA,NA,TRUE,NA,NA,NA,NA,NA,NA,NA,NA,NA,NA,NA,NA,NA,NA,NA,6.5,Basic child support,3,3,0,NA,1,0
305308765296,1,control,0,0,6,0,0.5294117647058824,3,5,17,58,female,0,6,6,0,0,3,2,-1,36,0,0,0,0,0,4820,0,0,0,NA,NA,NA,NA,NA,NA,NA,NA,NA,NA,NA,NA,NA,NA,NA,TRUE,0.7011061058272122,0.5787256672022696,0.7342709507349782,0.11796413160697725,0.00433919410924927,0.16056774138620084,high,low,high,high,low,high,high_level-high_diversity,low_level-low_diversity,high_level-high_diversity,5.5,Basic child support,0,0,0,NA,0,0
305396318664,1,control,0,0,6,0,0.23529411764705882,4,8,13,28,not female,0,6,5,-1,1,1,1,0,137,0,0,0,0,0,4986,0,0,0,NA,NA,NA,NA,NA,NA,NA,NA,NA,NA,NA,NA,NA,NA,NA,TRUE,0.3910313953013337,NA,0.6964410859141321,0.06674580547468546,NA,NA,low,NA,low,low,NA,NA,low_level-low_diversity,NA,NA,6,Basic child support,1,-1,0,NA,0,0
305448165180,1,verbal,1,NA,7,1,0.11764705882352941,5,2,13,31,female,0,7,7,0,0,1,3,2,7,0,0,0,0,0,826,0,0,0,NA,NA,NA,NA,NA,NA,NA,NA,NA,NA,NA,NA,NA,NA,NA,TRUE,0.598794826215186,0.6039908299956102,0.6048708476812847,0.04522014567819242,0.02692350938752851,0.0290303988127056,low,low,low,low,low,low,low_level-low_diversity,low_level-low_diversity,low_level-low_diversity,7,Basic child support,0,0,0,NA,1,0
305573133348,1,monetary,NA,1,1,0,0.8235294117647058,5,8,15,63,female,0,1,2,1,1,2,3,1,101,0,0,0,0,0,3468,0,0,0,NA,NA,NA,NA,NA,NA,NA,NA,NA,NA,NA,NA,NA,NA,NA,TRUE,0.70656113132676035,0.6619547259079777,0.7210803382810594,0.09303216470108489,0.07957778542196897,0.06014654601140371,high,low,high,high,high,high,high_level-high_diversity,low_level-high_diversity,high_level-high_diversity,4.5,Basic child support,1,1,0,NA,0,1
305611706160,1,verbal,1,NA,5,1,0.6470588235294118,5,7,12,36,not female,0,5,5,0,0,3,3,0,60,0,0,0,0,0,1821,0,0,0,NA,NA,NA,NA,NA,NA,NA,NA,NA,NA,NA,NA,NA,NA,NA,TRUE,0.6668211611171063,0.6540481984221057,0.6634585208597858,0.0502915008238744,0.02086939690589743,0.04531677585121603,high,low,low,low,low,low,high_level-low_diversity,low_level-low_diversity,low_level-low_diversity,4.5,Basic child support,0,0,0,NA,1,0
305637566832,1,monetary,NA,1,4,0,0.47058823529411764,3,2,9,43,not female,0,4,4,0,0,1,1,0,117,0,0,0,0,0,4080,0,0,0,NA,NA,NA,NA,NA,NA,NA,NA,NA,NA,NA,NA,NA,NA,NA,TRUE,0.4407950030411059,NA,0.8096322874950441,0.15625492313600664,NA,0.01401369297748319,low,NA,high,high,NA,low,low_level-high_diversity,NA,high_level-low_diversity,4,Basic child support,0,0,0,NA,0,1
305740711980,1,monetary,NA,1,7,1,0.47058823529411764,3,6,13,58,female,0,7,7,0,0,2,2,0,0,0,0,0,0,0,0,0,NA,NA,NA,NA,NA,NA,NA,NA,NA,NA,NA,NA,NA,NA,NA,NA,NA,TRUE,0.6787926219275492,NA,0.6942329138322837,0.01684664175917018,NA,0.0021560871308361,high,NA,low,low,NA,low,high_level-low_diversity,NA,low_level-low_diversity,5.5,Basic child support,0,0,0,NA,0,1
305854117128,1,verbal,1,NA,6,0,0.5294117647058824,5,8,16,38,not female,0,6,7,1,1,1,4,3,506,0,0,0,0,0,22339,0,0,0,NA,NA,NA,NA,NA,NA,NA,NA,NA,NA,NA,NA,NA,NA,NA,TRUE,0.5690611266115875,0.6836748552304326,0.6818451234942221,0.15772806669485276,0.04310639877215314,0.09438593152697732,low,high,low,high,low,high,low_level-high_diversity,high_level-low_diversity,low_level-high_diversity,6.5,Basic child support,1,1,0,NA,1,0
305884555812,1,verbal,1,NA,4,0,0.4117647058823529,3,6,9,42,not female,0,4,1,-3,3,1,2,1,186,0,0,0,0,0,6794,0,0,0,NA,NA,NA,NA,NA,NA,NA,NA,NA,NA,NA,NA,NA,NA,NA,TRUE,0.620433980769789,0.6507383827523635,0.6527899892675963,0.09842520608799717,0.0184682077481316,0.0225708902354869,low,low,low,high,low,low,low_level-high_diversity,low_level-low_diversity,low_level-low_diversity,4.5,Basic child support,3,-3,0,NA,1,0
305892698148,1,monetary,NA,1,7,0,0.6470588235294118,4,6,13,47,not female,0,7,7,0,0,1,2,1,2,0,0,0,0,0,75,0,0,0,NA,NA,NA,NA,NA,NA,NA,NA,NA,NA,NA,NA,NA,NA,NA,TRUE,NA,NA,NA,NA,NA,NA,NA,NA,NA,NA,NA,NA,NA,NA,NA,7,Basic child support,0,0,0,NA,0,1
305925391980,1,monetary,NA,1,6,0,0.11764705882352941,5,5,17,49,not female,0,6,5,-1,1,3,3,0,1,0,0,0,0,0,20,0,0,0,NA,NA,NA,NA,NA,NA,NA,NA,NA,NA,NA,NA,NA,NA,NA,TRUE,0.722715050722288,0.787979994491179,NA,0.11031788982179112,NA,NA,high,high,NA,high,NA,NA,high_level-high_diversity,NA,NA,4.5,Basic child support,1,-1,0,NA,0,1
305971564032,1,control,0,0,7,1,0.5882352941176471,5,6,22,44,female,0,7,7,0,0,3,2,-1,71,0,0,0,0,0,2374,0,0,0,NA,NA,NA,NA,NA,NA,NA,NA,NA,NA,NA,NA,NA,NA,NA,TRUE,0.5675440533362914,0.705769170970334,0.7911152462523995,0.17412524375263452,NA,0.02698879872475244,low,high,high,high,NA,low,low_level-high_diversity,NA,high_level-low_diversity,6,Basic child support,0,0,0,NA,0,0
306046189116,1,control,0,0,6,0,0.5882352941176471,5,8,20,58,not female,0,6,5,-1,1,2,2,0,323,0,0,0,0,0,14037,0,0,0,NA,NA,NA,NA,NA,NA,NA,NA,NA,NA,NA,NA,NA,NA,NA,TRUE,0.6482680959937258,0.5839854653932984,0.6316691716295817,0.10888262342275974,0.11157931033953827,0.11266039088477824,low,low,low,high,high,high,low_level-high_diversity,low_level-high_diversity,low_level-high_diversity,7,Basic child support,1,-1,0,NA,0,0
306075936960,1,control,0,0,7,1,0.47058823529411764,5,6,7,33,not female,0,7,7,0,0,4,2,-2,2,0,0,0,0,0,222,0,0,0,NA,NA,NA,NA,NA,NA,NA,NA,NA,NA,NA,NA,NA,NA,NA,TRUE,0.6652446693785666,NA,NA,0.04723358947807749,NA,NA,high,NA,NA,low,NA,NA,high_level-low_diversity,NA,NA,7,Basic child support,0,0,0,NA,0,0
306099062316,1,control,0,0,4,0,0.6470588235294118,2,7,12,37,not female,0,4,4,0,0,1,1,0,187,0,0,0,0,0,5153,0,0,0,NA,NA,NA,NA,NA,NA,NA,NA,NA,NA,NA,NA,NA,NA,NA,TRUE,0.7141363048623828,NA,0.7155344867710444,0.0196383828489845,NA,0.0172360371145142,high,NA,high,low,NA,low,high_level-low_diversity,NA,high_level-low_diversity,6.5,Basic child support,0,0,0,NA,0,0
306151934148,1,control,0,0,6,0,0.6470588235294118,3,8,14,41,female,1,6,6,0,0,2,2,0,62,1,1,0,1,1,3619,74,0.020447637468914065,0.020601940183712607,NA,NA,NA,NA,NA,NA,NA,NA,NA,NA,NA,NA,NA,NA,NA,TRUE,0.582644877345643,0.606247746072761,0.6954189273059443,0.15519519086895775,0.03213240960127962,0.02030312082848533,low,low,low,high,low,low,low_level-high_diversity,low_level-low_diversity,low_level-low_diversity,5.5,Basic child support,0,0,1,NA,0,0
306232235748,1,control,0,0,5,0,0.7058823529411765,3,5,14,54,not female,0,5,4,-1,1,2,3,1,538,0,0,0,0,0,13495,0,0,0,NA,NA,NA,NA,NA,NA,NA,NA,NA,NA,NA,NA,NA,NA,NA,TRUE,0.6411590083436247,0.696049090937502,0.7361892138195784,0.15870049775044845,0.02589858486383716,0.02484880719389235,low,high,high,high,low,low,low_level-high_diversity,high_level-low_diversity,high_level-low_diversity,4,Basic child support,1,-1,0,NA,0,0
306376282044,1,monetary,NA,1,6,NA,0.7058823529411765,2,4,18,62,female,1,6,6,0,0,2,3,1,419,13,1,5,8,6,16919,1471,0.08694367279390035,0.04944771277846957,5,3,0.703361205997389,0.6574066455247464,0.665739689101427,5,3,0.703361205997389,0.6574066455247464,0.665739689101427,10,4,0.7012603971449219,0.6628388893291357,0.6665253780566895,TRUE,0.7182717910576227,0.7965368149786833,0.7924806712507002,0.12570773386904824,0.04660793703250405,0.05419415358833329,high,high,high,high,low,high,high_level-high_diversity,high_level-low_diversity,high_level-high_diversity,7,Basic child support,0,0,13,0.703361205997389,0,1
306384353244,1,monetary,NA,1,6,0,0.8823529411764706,5,8,15,46,not female,1,6,4,-2,2,1,2,1,199,5,1,4,1,2,6677,190,0.02845589336528381,0.019354169771976692,1,1,0.598909713642671,0.598909713642671,0.598909713642671,1,1,0.598909713642671,0.598909713642671,0.598909713642671,5,2,0.6040205550788392,0.6543988492353542,0.6314121249238549,TRUE,0.4133669405276584,0.6827993542801709,0.8299890584900445,0.0941148726853633,0.04855354467151322,0.11784291048447816,low,high,high,high,low,high,low_level-high_diversity,high_level-low_diversity,high_level-high_diversity,7,Basic child support,2,-2,5,0.598909713642671,0,1
308006390160,1,verbal,1,NA,4,0,0.8823529411764706,5,8,13,53,not female,0,4,4,0,0,2,3,1,26,0,0,0,0,0,2105,0,0,0,NA,NA,NA,NA,NA,NA,NA,NA,NA,NA,NA,NA,NA,NA,NA,TRUE,0.6676919262683969,0.6762257623660027,0.6718165610289987,0.05569137970901874,0.04389977187321856,0.05070465262721328,high,high,low,low,low,low,high_level-low_diversity,high_level-low_diversity,low_level-low_diversity,7,Basic child support,0,0,0,NA,1,0
308492647812,1,monetary,NA,1,7,NA,0.8823529411764706,3,8,18,56,not female,1,7,7,0,0,2,3,1,554,7,1,3,4,4,31786,286,0.008997671931038823,0.01576872264114876,3,2,0.7315493921039067,0.748536359517501,0.7439879293425974,2,1,0.705769170970334,0.705769170970334,0.7057691709703339,3,2,0.7315493921039067,0.748536359517501,0.7439879293425974,TRUE,0.6404017111622219,0.6657443507497937,0.6938571040284353,0.13034507499596729,0.0302272432554324,0.06590847924592894,low,low,low,high,low,high,low_level-high_diversity,low_level-low_diversity,low_level-high_diversity,6,Basic child support,0,0,7,0.7315493921039067,0,1
308495727864,1,monetary,NA,1,5,1,0.7647058823529411,4,8,12,47,not female,1,5,6,1,1,3,3,0,197,6,1,2,4,2,8069,606,0.07510224315280704,0.0346376492109003,4,1,0.834070736611835,0.834070736611835,0.8340707366118348,NA,NA,NA,NA,NA,6,2,0.7541804986321874,0.778804202119065,0.7489029266010688,TRUE,0.7298219242006253,0.8135899870192009,0.7887067189304005,0.09906097273841707,0.02709495294668811,0.06003333881004284,high,high,high,high,low,high,high_level-high_diversity,high_level-low_diversity,high_level-high_diversity,6,Basic child support,1,1,6,0.834070736611835,0,1
308510639748,1,monetary,NA,1,4,1,0.7647058823529411,4,5,14,52,not female,0,4,5,1,1,2,2,0,16,0,0,0,0,0,1305,0,0,0,NA,NA,NA,NA,NA,NA,NA,NA,NA,NA,NA,NA,NA,NA,NA,TRUE,0.614114548755147,0.6129193181262794,0.6128797389752767,0.03571105266794902,0.03316809615097963,0.0332027655398585,low,low,low,low,low,low,low_level-low_diversity,low_level-low_diversity,low_level-low_diversity,4.5,Basic child support,1,1,0,NA,0,1
308613650832,1,monetary,NA,1,5,1,0.7647058823529411,3,0,15,59,not female,0,5,5,0,0,3,2,-1,300,0,0,0,0,0,12456,0,0,0,NA,NA,NA,NA,NA,NA,NA,NA,NA,NA,NA,NA,NA,NA,NA,TRUE,0.4958427380360996,NA,0.7732013247705253,0.17360402039234474,NA,0.00908951238480083,low,NA,high,high,NA,low,low_level-high_diversity,NA,high_level-low_diversity,4.5,Basic child support,0,0,0,NA,0,1
308641552560,1,verbal,1,NA,4,0,0.6470588235294118,4,8,13,44,female,0,4,2,-2,2,1,3,2,313,0,0,0,0,0,8026,0,0,0,NA,NA,NA,NA,NA,NA,NA,NA,NA,NA,NA,NA,NA,NA,NA,TRUE,0.6391395481267482,0.6119544708664679,0.7760570300760434,0.15892433938196526,0.02465558431471651,0.02730901700695555,low,low,high,high,low,low,low_level-high_diversity,low_level-low_diversity,high_level-low_diversity,6.5,Basic child support,2,-2,0,NA,1,0
308671922160,1,verbal,1,NA,7,0,0.5294117647058824,3,1,10,58,female,0,7,7,0,0,3,2,-1,159,0,0,0,0,0,10530,0,0,0,NA,NA,NA,NA,NA,NA,NA,NA,NA,NA,NA,NA,NA,NA,NA,TRUE,0.6551543752000537,0.7081064998223415,0.698666956933864,0.06559193907046394,0.08442403567695744,0.05863537381504238,low,high,low,low,high,high,low_level-low_diversity,high_level-high_diversity,low_level-high_diversity,5.5,Basic child support,0,0,0,NA,1,0
308779242444,1,control,0,0,6,1,0.4117647058823529,4,7,10,51,female,0,6,7,1,1,2,3,1,346,0,0,0,0,0,27418,0,0,0,NA,NA,NA,NA,NA,NA,NA,NA,NA,NA,NA,NA,NA,NA,NA,TRUE,0.6716540118323675,0.6731173081399451,0.6564891039605417,0.09369997304410373,0.07464650009308753,0.08223860877164706,high,high,low,high,high,high,high_level-high_diversity,high_level-high_diversity,low_level-high_diversity,6.5,Basic child support,1,1,0,NA,0,0
308787997644,1,monetary,NA,1,1,0,0.11764705882352941,2,4,17,24,not female,0,1,5,4,4,1,2,1,152,0,0,0,0,0,3916,0,0,0,NA,NA,NA,NA,NA,NA,NA,NA,NA,NA,NA,NA,NA,NA,NA,TRUE,0.41571078157254754,0.829764441028495,0.829764441028495,0.09393696475610652,0.06126711614226761,0.06126711614226761,low,high,high,high,high,high,low_level-high_diversity,high_level-high_diversity,high_level-high_diversity,5.5,Basic child support,4,4,0,NA,0,1
309001268160,1,verbal,1,NA,7,1,0.6470588235294118,5,8,13,68,female,1,7,7,0,0,4,3,-1,107,3,1,2,1,2,8802,98,0.01113383321972279,0.026125504218141433,1,1,0.705769170970334,0.705769170970334,0.705769170970334,1,1,0.705769170970334,0.705769170970334,0.705769170970334,3,2,0.7018716030090791,0.696674845727406,0.6988446091907246,TRUE,0.7321588574554257,0.6481188190507392,0.7452716287833374,0.08335784644622776,0.01292622623525249,0.06534811596864722,high,low,high,low,low,high,high_level-low_diversity,low_level-low_diversity,high_level-high_diversity,7,Basic child support,0,0,3,0.705769170970334,1,0
309007154664,1,monetary,NA,1,1,0,0,1,0,10,45,not female,1,1,4,3,3,1,2,1,544,7,1,6,1,2,14289,254,0.01777591154034572,0.020283542665439896,1,1,0.834070736611835,0.834070736611835,0.8340707366118351,NA,NA,NA,NA,NA,7,2,0.6800207113327753,0.6919567907732836,0.6892605142082577,TRUE,0.7185704482546909,0.6385888601260875,0.7352399826961893,0.06365706748817677,0.07303636757666428,0.06121056134675669,high,low,high,low,high,high,high_level-low_diversity,low_level-high_diversity,high_level-high_diversity,4,Basic child support,3,3,7,0.834070736611835,0,1
309010917348,1,verbal,1,NA,7,0,0.17647058823529413,3,6,15,59,female,0,7,7,0,0,1,1,0,8,0,0,0,0,0,250,0,0,0,NA,NA,NA,NA,NA,NA,NA,NA,NA,NA,NA,NA,NA,NA,NA,TRUE,0.7238525457877184,0.6550452909513,0.7282118722704003,0.01658178253785932,NA,0.00593459340043197,high,low,high,low,NA,low,high_level-low_diversity,NA,high_level-low_diversity,6,Basic child support,0,0,0,NA,1,0
309083079348,1,monetary,NA,1,1,1,0.7647058823529411,5,2,17,62,not female,0,1,1,0,0,4,3,-1,201,0,0,0,0,0,5132,0,0,0,NA,NA,NA,NA,NA,NA,NA,NA,NA,NA,NA,NA,NA,NA,NA,TRUE,0.7081750807251939,0.58392020295611,0.7279129445196285,0.0925691890797406,0.07271617574560241,0.01186821720070772,high,low,high,high,high,low,high_level-high_diversity,low_level-high_diversity,high_level-low_diversity,4,Basic child support,0,0,0,NA,0,1
309102981696,1,monetary,NA,1,4,0,0.8235294117647058,4,0,12,56,not female,1,4,4,0,0,1,2,1,219,4,1,2,2,3,9074,144,0.01586951730218206,0.020486029698417105,1,1,0.932303283086416,0.932303283086416,0.932303283086416,1,1,0.932303283086416,0.932303283086416,0.932303283086416,1,1,0.932303283086416,0.932303283086416,0.932303283086416,TRUE,0.4757638199309332,0.611446091308819,0.6320840635521865,0.1481891186498905,0.05950914524148965,0.06767663269249814,low,low,low,high,high,high,low_level-high_diversity,low_level-high_diversity,low_level-high_diversity,5.5,Basic child support,0,0,4,0.932303283086416,0,1
309120765696,1,verbal,1,NA,4,0,0.7058823529411765,2,8,17,49,female,1,4,7,3,3,1,3,2,315,3,1,1,2,3,14922,197,0.013201983648304516,0.01241533869794638,1,1,0.9323032830864161,0.932303283086416,0.932303283086416,1,1,0.9323032830864161,0.932303283086416,0.932303283086416,2,2,0.9032887611135709,0.8002872081099706,0.8335290295665545,TRUE,0.5235387347043696,0.6483420051779888,0.6481929680605141,0.12423672368145766,0.00142231169269997,0.00375545428059912,low,low,low,high,low,low,low_level-high_diversity,low_level-low_diversity,low_level-low_diversity,5,Basic child support,3,3,3,0.9323032830864161,1,0
309889927116,1,monetary,NA,1,4,0,0.5882352941176471,3,3,16,30,female,1,4,5,1,1,1,3,2,124,3,1,1,2,2,1877,590,0.3143313798614811,0.05026809233352658,NA,NA,NA,NA,NA,NA,NA,NA,NA,NA,1,1,0.668271133133525,0.668271133133525,0.668271133133525,TRUE,0.7124713280963512,0.787979994491179,NA,0.05777108079337259,NA,NA,high,high,NA,low,NA,NA,high_level-low_diversity,NA,NA,5.5,Basic child support,1,1,3,NA,0,1
309980008548,1,verbal,1,NA,4,0,0.35294117647058826,1,0,12,68,female,1,4,4,0,0,1,2,1,43,2,1,1,1,2,2033,344,0.16920806689621248,0.07521374334523699,1,1,0.696441085914132,0.696441085914132,0.696441085914132,1,1,0.696441085914132,0.696441085914132,0.696441085914132,2,2,0.6943119615760629,0.6823561095238285,0.686194613967712,TRUE,0.49429092559608384,0.6891414191810743,0.6914720148906651,0.1339874649566555,0.06963427146470959,0.07218096438552625,low,high,low,high,high,high,low_level-high_diversity,high_level-high_diversity,low_level-high_diversity,4,Basic child support,0,0,2,0.696441085914132,1,0
310130760096,1,control,0,0,4,0,0.6470588235294118,3,7,17,34,female,0,4,4,0,0,1,2,1,13,0,0,0,0,0,412,0,0,0,NA,NA,NA,NA,NA,NA,NA,NA,NA,NA,NA,NA,NA,NA,NA,TRUE,0.45274760358794863,NA,0.69594499000082,0.10047113934018637,NA,NA,low,NA,low,high,NA,NA,low_level-high_diversity,NA,NA,5,Basic child support,0,0,0,NA,0,0
310464070560,1,verbal,1,NA,4,0,0.35294117647058826,5,2,22,55,not female,0,4,4,0,0,1,3,2,202,1,1,1,0,1,13712,774,0.05644690781796966,0.012391871037286919,NA,NA,NA,NA,NA,NA,NA,NA,NA,NA,1,1,0.668271133133525,0.668271133133525,0.668271133133525,TRUE,0.4663755621174688,0.661074877978351,0.7917719637078571,0.12949200620007795,0.02956292463204394,0.05065653143767561,low,low,high,high,low,low,low_level-high_diversity,low_level-low_diversity,high_level-low_diversity,5.5,Basic child support,0,0,1,NA,1,0
310472966664,1,verbal,1,NA,6,NA,0.8235294117647058,5,8,17,41,female,1,6,5,-1,1,3,3,0,296,2,1,1,1,2,12365,202,0.016336433481601294,0.011813854523669103,1,1,0.7057691709703341,0.705769170970334,0.705769170970334,1,1,0.7057691709703341,0.705769170970334,0.705769170970334,2,2,0.6875770536039614,0.6870201520519295,0.6871394289556008,TRUE,0.6803678718199545,0.6725175323085932,0.6871369314837106,0.05414144209725287,0.02987533798678329,0.03993279520043013,high,high,low,low,low,low,high_level-low_diversity,high_level-low_diversity,low_level-low_diversity,6,Basic child support,1,-1,2,0.7057691709703341,1,0
310513113360,1,control,0,0,6,0,0.7058823529411765,4,7,17,47,not female,0,6,6,0,0,2,3,1,456,0,0,0,0,0,10320,0,0,0,NA,NA,NA,NA,NA,NA,NA,NA,NA,NA,NA,NA,NA,NA,NA,TRUE,0.7771904369488268,NA,0.813681794497258,0.07567504465916049,NA,NA,high,NA,high,low,NA,NA,high_level-low_diversity,NA,NA,6.5,Basic child support,0,0,0,NA,0,0
310542183360,1,verbal,1,NA,4,0,0.5882352941176471,3,1,19,42,not female,0,4,4,0,0,1,1,0,57,0,0,0,0,0,5071,0,0,0,NA,NA,NA,NA,NA,NA,NA,NA,NA,NA,NA,NA,NA,NA,NA,TRUE,0.7007629229350767,0.578455258625987,0.7751722727114749,0.09792892580245452,NA,0.08804904756837192,high,low,high,high,NA,high,high_level-high_diversity,NA,high_level-high_diversity,4.5,Basic child support,0,0,0,NA,1,0
310634528148,1,monetary,NA,1,6,0,0.8823529411764706,4,7,23,39,not female,0,6,6,0,0,2,3,1,73,0,0,0,0,0,1758,0,0,0,NA,NA,NA,NA,NA,NA,NA,NA,NA,NA,NA,NA,NA,NA,NA,TRUE,0.4441888761029824,0.6428045999520119,0.6800658409071637,0.10851383108582836,0.06970118111065984,0.09737278218628892,low,low,low,high,high,high,low_level-high_diversity,low_level-high_diversity,low_level-high_diversity,6,Basic child support,0,0,0,NA,0,1
310788697644,1,control,0,0,7,0,0.8235294117647058,1,8,18,32,female,0,7,6,-1,1,2,2,0,11,0,0,0,0,0,1287,0,0,0,NA,NA,NA,NA,NA,NA,NA,NA,NA,NA,NA,NA,NA,NA,NA,TRUE,0.6491060033508317,0.6475494416084931,0.6475494416084931,0.01142069292297112,0.01042934011326334,0.01042934011326334,low,low,low,low,low,low,low_level-low_diversity,low_level-low_diversity,low_level-low_diversity,5,Basic child support,1,-1,0,NA,0,0
310832068716,1,control,0,0,4,1,0.47058823529411764,2,1,22,29,female,0,4,4,0,0,2,2,0,70,0,0,0,0,0,1977,0,0,0,NA,NA,NA,NA,NA,NA,NA,NA,NA,NA,NA,NA,NA,NA,NA,TRUE,0.670753322187586,NA,0.799649853780606,0.0178870221061699,NA,NA,high,NA,high,low,NA,NA,high_level-low_diversity,NA,NA,6.5,Basic child support,0,0,0,NA,0,0
310852586664,1,control,0,0,4,0,0.7647058823529411,4,5,18,41,not female,0,4,4,0,0,1,2,1,23,0,0,0,0,0,442,0,0,0,NA,NA,NA,NA,NA,NA,NA,NA,NA,NA,NA,NA,NA,NA,NA,TRUE,0.6615099906073564,0.6298035107169178,0.605057253272645,0.03786429253573697,0.07482547776602767,0.08355212761232204,low,low,low,low,high,high,low_level-low_diversity,low_level-high_diversity,low_level-high_diversity,6.5,Basic child support,0,0,0,NA,0,0
310867357644,1,monetary,NA,1,5,0,0.6470588235294118,4,3,15,48,female,0,5,6,1,1,3,2,-1,4,0,0,0,0,0,346,0,0,0,NA,NA,NA,NA,NA,NA,NA,NA,NA,NA,NA,NA,NA,NA,NA,TRUE,0.6066564246412526,0.705769170970334,0.6029921137837826,0.05121501669041961,NA,0.0503961049590414,low,high,low,low,NA,low,low_level-low_diversity,NA,low_level-low_diversity,5.5,Basic child support,1,1,0,NA,0,1
310956209928,1,control,0,0,5,1,0.7058823529411765,2,4,13,55,not female,1,5,5,0,0,3,3,0,39,3,1,2,1,2,5780,42,0.00726643598615917,0.05714077783055257,NA,NA,NA,NA,NA,NA,NA,NA,NA,NA,2,1,0.668271133133525,0.668271133133525,0.6682711331335252,TRUE,0.6575591221851992,0.6619152268617919,0.6539330044768752,0.06559091576055917,0.06640176958417057,0.0714340927074717,low,low,low,low,high,high,low_level-low_diversity,low_level-high_diversity,low_level-high_diversity,5.5,Basic child support,0,0,3,NA,0,0
311108676948,1,monetary,NA,1,4,0,0.7647058823529411,4,1,24,64,not female,0,4,2,-2,2,2,2,0,13,0,0,0,0,0,362,0,0,0,NA,NA,NA,NA,NA,NA,NA,NA,NA,NA,NA,NA,NA,NA,NA,TRUE,0.6584631147831688,0.6403592071830551,0.6512829069125124,0.05696172335729174,0.06947829579140315,0.05550100763322807,low,low,low,low,high,high,low_level-low_diversity,low_level-high_diversity,low_level-high_diversity,5,Basic child support,2,-2,0,NA,0,1
311914424844,1,control,0,0,4,0,0.5882352941176471,3,1,26,65,female,0,4,3,-1,1,2,1,-1,79,0,0,0,0,0,2885,0,0,0,NA,NA,NA,NA,NA,NA,NA,NA,NA,NA,NA,NA,NA,NA,NA,TRUE,0.4613947619331766,0.6649295328976569,0.6910873758434855,0.1118820717312338,0.04722236499961091,0.01143291971090616,low,low,low,high,low,low,low_level-high_diversity,low_level-low_diversity,low_level-low_diversity,5,Basic child support,1,-1,0,NA,0,0
312036589980,1,monetary,NA,1,7,NA,0.7647058823529411,4,6,17,52,not female,1,7,7,0,0,2,3,1,81,5,1,2,3,4,6305,608,0.0964314036478985,0.09730720329479019,2,2,0.7561257856757383,0.7553792708562015,0.7555151164348863,2,2,0.7561257856757383,0.7553792708562015,0.7555151164348863,4,3,0.7398228604617193,0.7118252019948632,0.7188702387541943,TRUE,0.6884594984316412,0.6594315308637902,0.7310860742529037,0.06789517282780656,0.10157774288181864,0.03168732648035544,high,low,high,low,high,low,high_level-low_diversity,low_level-high_diversity,high_level-low_diversity,5,Basic child support,0,0,5,0.7561257856757383,0,1
312063130548,1,monetary,NA,1,4,1,0.29411764705882354,2,0,15,51,not female,0,4,3,-1,1,3,2,-1,156,0,0,0,0,0,11687,0,0,0,NA,NA,NA,NA,NA,NA,NA,NA,NA,NA,NA,NA,NA,NA,NA,TRUE,0.5380868908743153,0.6865235517857438,0.631155533024,0.14952139891192284,0.07778282249202388,0.03171328499258577,low,high,low,high,high,low,low_level-high_diversity,high_level-high_diversity,low_level-low_diversity,4,Basic child support,1,-1,0,NA,0,1
312089803128,1,control,0,0,6,1,0.6470588235294118,3,6,13,59,female,0,6,5,-1,1,3,3,0,103,0,0,0,0,0,3391,0,0,0,NA,NA,NA,NA,NA,NA,NA,NA,NA,NA,NA,NA,NA,NA,NA,TRUE,0.7282144075030567,NA,0.7286932313580261,0.00535744992632719,NA,NA,high,NA,high,low,NA,NA,high_level-low_diversity,NA,NA,5,Basic child support,1,-1,0,NA,0,0
312227975232,1,control,0,0,6,1,0.7647058823529411,4,8,13,57,female,0,6,6,0,0,2,2,0,261,0,0,0,0,0,7205,0,0,0,NA,NA,NA,NA,NA,NA,NA,NA,NA,NA,NA,NA,NA,NA,NA,TRUE,0.5123694989193648,0.7492544822434986,0.7497736392857965,0.15598189441436458,0.07812311875254851,0.08380546372110322,low,high,high,high,high,high,low_level-high_diversity,high_level-high_diversity,high_level-high_diversity,4,Basic child support,0,0,0,NA,0,0
312294663864,1,verbal,1,NA,7,0,0.35294117647058826,3,3,15,21,female,0,7,7,0,0,2,3,1,42,0,0,0,0,0,1113,0,0,0,NA,NA,NA,NA,NA,NA,NA,NA,NA,NA,NA,NA,NA,NA,NA,TRUE,0.6741741102356255,0.676251457866637,0.6918511093591485,0.05806697022991272,NA,0.00207712639527587,high,high,low,low,NA,low,high_level-low_diversity,NA,low_level-low_diversity,4,Basic child support,0,0,0,NA,1,0
312381322560,1,monetary,NA,1,4,0,0.7058823529411765,4,8,18,42,female,0,4,5,1,1,1,3,2,6,0,0,0,0,0,1415,0,0,0,NA,NA,NA,NA,NA,NA,NA,NA,NA,NA,NA,NA,NA,NA,NA,TRUE,0.6655799405166033,0.6881175952105542,0.66418915890908925,0.06504314779406069,0.08482635230748,0.06534064220962349,high,high,low,low,high,high,high_level-low_diversity,high_level-high_diversity,low_level-high_diversity,5.5,Basic child support,1,1,0,NA,0,1
312419011644,1,monetary,NA,1,3,1,0.8235294117647058,5,1,13,54,not female,0,3,1,-2,2,3,2,-1,4,0,0,0,0,0,59,0,0,0,NA,NA,NA,NA,NA,NA,NA,NA,NA,NA,NA,NA,NA,NA,NA,TRUE,0.786071381668469,0.7992157336190471,0.7992157336190471,0.07174863103406175,0.00777761702897375,0.00777761702897375,high,high,high,low,low,low,high_level-low_diversity,high_level-low_diversity,high_level-low_diversity,6.5,Basic child support,2,-2,0,NA,0,1
312511287348,1,verbal,1,NA,2,0,0.47058823529411764,5,8,18,34,not female,0,2,2,0,0,2,3,1,5,0,0,0,0,0,225,0,0,0,NA,NA,NA,NA,NA,NA,NA,NA,NA,NA,NA,NA,NA,NA,NA,TRUE,0.6763332255878209,0.6799683859051472,0.6744420208272901,0.05885110599838018,0.06415543441148694,0.05827344172498425,high,high,low,low,high,high,high_level-low_diversity,high_level-high_diversity,low_level-high_diversity,6.5,Basic child support,0,0,0,NA,1,0
312593093748,1,verbal,1,NA,7,NA,0.5294117647058824,4,7,15,47,female,1,7,6,-1,1,2,3,1,49,8,1,5,3,3,1371,215,0.15681983953318746,0.1466658161717212,3,2,0.6891783702925661,0.613262888403386,0.638075647439014,3,2,0.6891783702925661,0.613262888403386,0.638075647439014,8,3,0.6861638384231231,0.647643041359723,0.6518852602947187,TRUE,0.6501700678993696,0.6471153448981021,0.6453428061331128,0.03245473361242671,0.01965367658254538,0.02278431779939291,low,low,low,low,low,low,low_level-low_diversity,low_level-low_diversity,low_level-low_diversity,6,Basic child support,1,-1,8,0.6891783702925661,1,0
312646511412,1,monetary,NA,1,4,NA,0.5294117647058824,2,3,12,61,female,1,4,6,2,2,3,3,0,362,5,1,2,3,2,12974,242,0.018652689995375366,0.01737191004409741,3,1,0.932303283086416,0.932303283086416,0.932303283086416,3,1,0.932303283086416,0.932303283086416,0.932303283086416,5,2,0.9213928636668751,0.8266904231052596,0.8757452108591567,TRUE,0.5145463016904412,0.6491666452314737,0.7102931360407027,0.14188050079279865,0.06967546385201472,0.05500109226018165,low,low,low,high,high,high,low_level-high_diversity,low_level-high_diversity,low_level-high_diversity,6,Basic child support,2,2,5,0.932303283086416,0,1
312735843180,1,monetary,NA,1,7,0,0.7647058823529411,5,8,20,43,not female,0,7,7,0,0,2,3,1,507,0,0,0,0,0,41540,0,0,0,NA,NA,NA,NA,NA,NA,NA,NA,NA,NA,NA,NA,NA,NA,NA,TRUE,0.6213868494325602,0.7241546894900917,0.77342571167121,0.16942155484616925,0.06358537173964511,0.0170818761177068,low,high,high,high,high,low,low_level-high_diversity,high_level-high_diversity,high_level-low_diversity,7,Basic child support,0,0,0,NA,0,1
312744733128,1,monetary,NA,1,6,0,0.058823529411764705,2,0,12,60,female,1,6,6,0,0,1,2,1,68,4,1,2,2,2,20320,340,0.01673228346456693,0.06415641790433493,2,1,0.578455258625987,0.578455258625987,0.578455258625987,2,1,0.578455258625987,0.578455258625987,0.578455258625987,4,2,0.6101549790404122,0.6233631958797561,0.6202576074102492,TRUE,0.4085355245719259,0.578455258625987,0.578455258625987,0.0164273741628091,NA,NA,low,low,low,low,NA,NA,low_level-low_diversity,NA,NA,4,Basic child support,0,0,4,0.578455258625987,0,1
312797949012,1,monetary,NA,1,1,1,0.8235294117647058,5,8,13,71,not female,0,1,1,0,0,4,3,-1,157,0,0,0,0,0,2520,0,0,0,NA,NA,NA,NA,NA,NA,NA,NA,NA,NA,NA,NA,NA,NA,NA,TRUE,0.6492381446559533,0.7394984021387552,0.6700791874403118,0.13299838661778465,0.08656965624162635,0.11518236183956591,low,high,low,high,high,high,low_level-high_diversity,high_level-high_diversity,low_level-high_diversity,4,Basic child support,0,0,0,NA,0,1
312849797580,1,verbal,1,NA,4,0,0.6470588235294118,3,2,13,46,not female,0,4,6,2,2,2,3,1,206,0,0,0,0,0,10431,0,0,0,NA,NA,NA,NA,NA,NA,NA,NA,NA,NA,NA,NA,NA,NA,NA,TRUE,0.5283553137631116,0.6482134150984881,0.6698037312670654,0.14738242567866866,0.00315242471897411,0.02800675713857327,low,low,low,high,low,low,low_level-high_diversity,low_level-low_diversity,low_level-low_diversity,5.5,Basic child support,2,2,0,NA,1,0
312901643412,1,verbal,1,NA,4,0,0.29411764705882354,1,0,12,40,female,0,4,5,1,1,1,3,2,234,0,0,0,0,0,6580,0,0,0,NA,NA,NA,NA,NA,NA,NA,NA,NA,NA,NA,NA,NA,NA,NA,TRUE,0.6973623964213138,NA,0.7286932313580259,0.10114056502259076,NA,NA,high,NA,high,high,NA,NA,high_level-high_diversity,NA,NA,4.5,Basic child support,1,1,0,NA,1,0
312926952780,1,verbal,1,NA,4,0,0.5294117647058824,3,0,12,67,female,0,4,4,0,0,2,3,1,18,1,1,1,0,1,1933,219,0.11329539575788929,0.10397538653736689,NA,NA,NA,NA,NA,NA,NA,NA,NA,NA,NA,NA,NA,NA,NA,TRUE,0.5236742668842114,0.6371085615631625,0.6293570619882219,0.1260503867072164,0.03830721093417932,0.08246258354740132,low,low,low,high,low,high,low_level-high_diversity,low_level-low_diversity,low_level-high_diversity,5.5,Basic child support,0,0,1,NA,1,0
314759321748,1,verbal,1,NA,5,0,0.5294117647058824,2,4,12,47,not female,0,5,7,2,2,1,2,1,250,0,0,0,0,0,29671,0,0,0,NA,NA,NA,NA,NA,NA,NA,NA,NA,NA,NA,NA,NA,NA,NA,TRUE,0.42299429383021775,0.6027240402478945,0.7585861599576602,0.06962820803405602,0.03292197459372135,0.06526787619591366,low,low,high,low,low,high,low_level-low_diversity,low_level-low_diversity,high_level-high_diversity,4,Basic child support,2,2,0,NA,1,0
315062397360,1,monetary,NA,1,5,NA,0.7058823529411765,4,5,16,30,not female,0,5,5,0,0,3,3,0,84,0,0,0,0,0,6886,0,0,0,NA,NA,NA,NA,NA,NA,NA,NA,NA,NA,NA,NA,NA,NA,NA,TRUE,0.5956273906853577,0.6872992913597608,0.6826563946023099,0.13977383864980536,0.04518606584282859,0.04188258178298209,low,high,low,high,low,low,low_level-high_diversity,high_level-low_diversity,low_level-low_diversity,6,Basic child support,0,0,0,NA,0,1
315110072160,1,monetary,NA,1,7,1,0.5294117647058824,5,6,10,41,not female,0,7,7,0,0,2,3,1,7,0,0,0,0,0,12,0,0,0,NA,NA,NA,NA,NA,NA,NA,NA,NA,NA,NA,NA,NA,NA,NA,TRUE,0.7267480501512825,0.7237079727627475,0.7237079727627475,0.0704596264323068,0.0746149153449152,0.0746149153449152,high,high,high,low,high,high,high_level-low_diversity,high_level-high_diversity,high_level-high_diversity,7,Basic child support,0,0,0,NA,0,1
315115068780,1,verbal,1,NA,5,0,0.058823529411764705,1,1,12,20,female,0,5,6,1,1,3,3,0,22,0,0,0,0,0,572,0,0,0,NA,NA,NA,NA,NA,NA,NA,NA,NA,NA,NA,NA,NA,NA,NA,TRUE,0.7046604806215303,NA,0.539714186068574,0.08189679396903375,NA,NA,high,NA,low,low,NA,NA,high_level-low_diversity,NA,NA,5.5,Basic child support,1,1,0,NA,1,0
315163084212,1,verbal,1,NA,4,0,0.5882352941176471,3,6,13,42,female,0,4,4,0,0,1,3,2,185,0,0,0,0,0,1562,0,0,0,NA,NA,NA,NA,NA,NA,NA,NA,NA,NA,NA,NA,NA,NA,NA,TRUE,0.7667155361418587,NA,0.7804464718774271,0.05093213331125475,NA,NA,high,NA,high,low,NA,NA,high_level-low_diversity,NA,NA,6,Basic child support,0,0,0,NA,1,0
315212672160,1,monetary,NA,1,4,1,0.7058823529411765,5,8,15,62,not female,1,4,6,2,2,2,3,1,120,17,1,9,8,7,4264,1459,0.34216697936210133,0.21605769210988743,6,4,0.6386664998461891,0.6452483631887385,0.6622904586981717,6,4,0.6386664998461891,0.6452483631887385,0.6622904586981717,15,5,0.6539275659726154,0.6590620251556104,0.6659825991526975,TRUE,0.7400870792532119,NA,0.7443928874446676,0.04869242037078417,NA,0.0434090769024368,high,NA,high,low,NA,low,high_level-low_diversity,NA,high_level-low_diversity,6.5,Basic child support,2,2,17,0.6386664998461891,0,1
315253513116,1,verbal,1,NA,4,0,0.5294117647058824,4,8,12,36,not female,0,4,5,1,1,2,2,0,109,0,0,0,0,0,2177,0,0,0,NA,NA,NA,NA,NA,NA,NA,NA,NA,NA,NA,NA,NA,NA,NA,TRUE,0.6186613580534149,0.601361310698497,0.601361310698497,0.10395595753575149,NA,NA,low,low,low,high,NA,NA,low_level-high_diversity,NA,NA,5,Basic child support,1,1,0,NA,1,0
315374991516,1,verbal,1,NA,6,0,0.8823529411764706,3,8,21,48,not female,0,6,7,1,1,3,3,0,182,0,0,0,0,0,3057,0,0,0,NA,NA,NA,NA,NA,NA,NA,NA,NA,NA,NA,NA,NA,NA,NA,TRUE,0.559222576556293,0.7617786823315639,0.745796698709366,0.16349155645113186,0.07442195224536642,0.08705741811706275,low,high,high,high,high,high,low_level-high_diversity,high_level-high_diversity,high_level-high_diversity,5,Basic child support,1,1,0,NA,1,0
315405361116,1,control,0,0,7,0,0.5882352941176471,5,8,12,41,not female,0,7,6,-1,1,2,3,1,362,0,0,0,0,0,17096,0,0,0,NA,NA,NA,NA,NA,NA,NA,NA,NA,NA,NA,NA,NA,NA,NA,TRUE,0.7027602569204977,0.6943202437815351,0.7120179283149564,0.06329460795768223,0.07854751355188322,0.04574293562738019,high,high,high,low,high,low,high_level-low_diversity,high_level-high_diversity,high_level-low_diversity,5,Basic child support,1,-1,0,NA,0,0
315597082896,1,verbal,1,NA,4,0,0.4117647058823529,2,3,36,52,not female,0,4,5,1,1,1,1,0,526,0,0,0,0,0,25189,0,0,0,NA,NA,NA,NA,NA,NA,NA,NA,NA,NA,NA,NA,NA,NA,NA,TRUE,0.48115132364416424,0.6675573327329352,0.6712424969601815,0.1266261677551238,0.07954077470987658,0.06128124270995667,low,low,low,high,high,high,low_level-high_diversity,low_level-high_diversity,low_level-high_diversity,3.5,Basic child support,1,1,0,NA,1,0
315610355232,1,monetary,NA,1,4,1,0.6470588235294118,4,8,15,53,female,0,4,7,3,3,3,4,1,151,0,0,0,0,0,5507,0,0,0,NA,NA,NA,NA,NA,NA,NA,NA,NA,NA,NA,NA,NA,NA,NA,TRUE,0.6385246502495134,NA,0.6921276831059419,0.10816526621286689,NA,NA,low,NA,low,high,NA,NA,low_level-high_diversity,NA,NA,6,Basic child support,3,3,0,NA,0,1
315641477232,1,control,0,0,2,0,0.5882352941176471,5,3,8,67,not female,0,2,5,3,3,1,1,0,338,0,0,0,0,0,11698,0,0,0,NA,NA,NA,NA,NA,NA,NA,NA,NA,NA,NA,NA,NA,NA,NA,TRUE,0.6641926100951288,0.5972866342857429,0.7969178834478013,0.14648525167395424,0.03184840176410895,0.05656373515219504,high,low,high,high,low,high,high_level-high_diversity,low_level-low_diversity,high_level-high_diversity,4.5,Basic child support,3,3,0,NA,0,0
315705226032,1,control,0,0,4,0,0.058823529411764705,1,7,13,20,female,0,4,4,0,0,1,1,0,84,0,0,0,0,0,6816,0,0,0,NA,NA,NA,NA,NA,NA,NA,NA,NA,NA,NA,NA,NA,NA,NA,TRUE,0.59235964380223,0.6939212357130705,0.6926434219673705,0.1508293363320696,0.02998138352843884,0.03448011258793958,low,high,low,high,low,low,low_level-high_diversity,high_level-low_diversity,low_level-low_diversity,4,Basic child support,0,0,0,NA,0,0
315792773928,1,monetary,NA,1,6,0,0.5294117647058824,3,1,13,45,not female,0,6,6,0,0,1,2,1,173,0,0,0,0,0,6757,0,0,0,NA,NA,NA,NA,NA,NA,NA,NA,NA,NA,NA,NA,NA,NA,NA,TRUE,0.6552351137109405,0.6538552623069758,0.6987160387731441,0.10954996980179472,0.04236093921801196,0.0707255289552713,low,low,low,high,low,high,low_level-high_diversity,low_level-low_diversity,low_level-high_diversity,4.5,Basic child support,0,0,0,NA,0,1
315832038948,1,monetary,NA,1,7,0,0.7647058823529411,4,8,16,66,not female,1,7,7,0,0,1,3,2,357,3,1,1,2,3,9011,140,0.015536566418821441,0.015246891082700444,NA,NA,NA,NA,NA,NA,NA,NA,NA,NA,1,1,0.799649853780606,0.799649853780606,0.799649853780606,TRUE,0.6674736654044537,0.6489147279142367,0.7301327421418807,0.15148379943720017,0.00681378413124661,0.09084974353294724,high,low,high,high,low,high,high_level-high_diversity,low_level-low_diversity,high_level-high_diversity,3.5,Basic child support,0,0,3,NA,0,1
315871844328,1,monetary,NA,1,2,0,0.11764705882352941,4,4,3,23,female,0,2,6,4,4,2,3,1,39,0,0,0,0,0,912,0,0,0,NA,NA,NA,NA,NA,NA,NA,NA,NA,NA,NA,NA,NA,NA,NA,TRUE,0.6678816688414296,NA,NA,0.01087971933464191,NA,NA,high,NA,NA,low,NA,NA,high_level-low_diversity,NA,NA,4,Basic child support,4,4,0,NA,0,1
315937648548,1,control,0,0,4,0,0.6470588235294118,2,3,12,24,female,0,4,3,-1,1,1,2,1,871,0,0,0,0,0,21793,0,0,0,NA,NA,NA,NA,NA,NA,NA,NA,NA,NA,NA,NA,NA,NA,NA,TRUE,0.5637120044951216,0.6724649643550329,0.6863498198484037,0.13897064594436098,0.0844092949126696,0.05077701759326422,low,high,low,high,high,low,low_level-high_diversity,high_level-high_diversity,low_level-low_diversity,4,Basic child support,1,-1,0,NA,0,0
316700919360,1,verbal,1,NA,2,NA,0.4117647058823529,3,6,12,68,female,0,2,2,0,0,3,3,0,69,0,0,0,0,0,3510,0,0,0,NA,NA,NA,NA,NA,NA,NA,NA,NA,NA,NA,NA,NA,NA,NA,TRUE,0.4333776898823545,NA,0.7062117965335915,0.12673922223958956,NA,0.0302151653678258,low,NA,low,high,NA,low,low_level-high_diversity,NA,low_level-low_diversity,5,Basic child support,0,0,0,NA,1,0
316718361360,1,control,0,0,4,0,0.7647058823529411,4,8,11,72,not female,0,4,4,0,0,2,1,-1,141,0,0,0,0,0,4795,0,0,0,NA,NA,NA,NA,NA,NA,NA,NA,NA,NA,NA,NA,NA,NA,NA,TRUE,0.5767649771733017,0.6483558755950282,0.6001215036606349,0.074542489584141,NA,0.00630354843124897,low,low,low,low,NA,low,low_level-low_diversity,NA,low_level-low_diversity,6.5,Basic child support,0,0,0,NA,0,0
316867954212,1,monetary,NA,1,4,0,0.7058823529411765,4,8,15,45,female,1,4,3,-1,1,1,3,2,460,9,1,2,7,5,33051,684,0.0206952890986657,0.025252191111129335,4,2,0.8733586498323206,0.8599282270655645,0.846234739719586,4,2,0.8733586498323206,0.8599282270655645,0.846234739719586,6,3,0.8393979212606921,0.796042529088218,0.7876766942097074,TRUE,0.4739784118784315,0.7005997884862748,0.6867896389186451,0.14839169645777534,0.11751529713720037,0.1233527226297602,low,high,low,high,high,high,low_level-high_diversity,high_level-high_diversity,low_level-high_diversity,6,Basic child support,1,-1,9,0.8733586498323206,0,1
316893197916,1,verbal,1,NA,7,0,0.7647058823529411,4,8,23,59,not female,0,7,6,-1,1,2,3,1,10,0,0,0,0,0,337,0,0,0,NA,NA,NA,NA,NA,NA,NA,NA,NA,NA,NA,NA,NA,NA,NA,TRUE,0.6404014149746813,0.7902343061086018,0.7522803809380663,0.17357222207099812,0.06535805478356421,0.05564235265799832,low,high,high,high,high,high,low_level-high_diversity,high_level-high_diversity,high_level-high_diversity,5,Basic child support,1,-1,0,NA,1,0
316902020148,1,verbal,1,NA,1,1,0.6470588235294118,4,8,20,64,female,0,1,2,1,1,2,3,1,438,1,1,1,0,1,16782,6,3.575259206292456e-4,0.0018863873859339567,NA,NA,NA,NA,NA,NA,NA,NA,NA,NA,1,1,0.668271133133525,0.668271133133525,0.668271133133525,TRUE,0.526301856784179,0.69471357319896,0.7113691241807217,0.1300443482979633,NA,0.04128042994612881,low,high,high,high,NA,low,low_level-high_diversity,NA,high_level-low_diversity,6,Basic child support,1,1,1,NA,1,0
316926303516,1,verbal,1,NA,1,1,0.7647058823529411,4,6,13,53,not female,0,1,1,0,0,3,3,0,72,0,0,0,0,0,3014,0,0,0,NA,NA,NA,NA,NA,NA,NA,NA,NA,NA,NA,NA,NA,NA,NA,TRUE,0.7072161186230392,0.6542867762176838,0.7078939585603565,0.03517929367345428,0.02048250871505577,0.03510363193658927,high,low,low,low,low,low,high_level-low_diversity,low_level-low_diversity,low_level-low_diversity,4.5,Basic child support,0,0,0,NA,1,0
316958656032,1,control,0,0,3,0,0.8823529411764706,4,1,12,62,female,1,3,2,-1,1,2,3,1,74,3,1,2,1,2,7022,353,0.05027057818285389,0.05863477819196854,NA,NA,NA,NA,NA,NA,NA,NA,NA,NA,2,1,0.668271133133525,0.668271133133525,0.6682711331335252,TRUE,0.6513174248939508,0.7901631513612616,0.6743479794430287,0.07332557588129546,0.08567775985368427,0.07836395152125487,low,high,low,low,high,high,low_level-low_diversity,high_level-high_diversity,low_level-high_diversity,6.5,Basic child support,1,-1,3,NA,0,0
316965700548,1,monetary,NA,1,4,1,0.35294117647058826,2,8,17,51,female,1,4,4,0,0,3,2,-1,499,2,1,1,1,2,22061,197,0.00892978559448801,0.004460840900643251,NA,NA,NA,NA,NA,NA,NA,NA,NA,NA,1,1,0.6682711331335249,0.668271133133525,0.668271133133525,TRUE,0.5904659553100832,0.6478408222040162,0.6265572737726324,0.1092025831315336,0.016890816495093,0.07101815424957772,low,low,low,high,low,high,low_level-high_diversity,low_level-low_diversity,low_level-high_diversity,4.5,Basic child support,0,0,2,NA,0,1
317025893916,1,monetary,NA,1,3,NA,0.7058823529411765,5,1,16,55,not female,1,3,2,-1,1,3,3,0,56,4,1,2,2,3,1790,235,0.13128491620111732,0.0882047227843056,2,2,0.923281926777526,0.8831870098491255,0.8967344228970262,1,1,0.9323032830864161,0.932303283086416,0.932303283086416,4,3,0.9027642635993137,0.8414184318148658,0.8553561956473463,TRUE,0.4261205478402136,0.6800327372183823,0.7672381878602341,0.07851199697406448,0.00683595561113799,0.06146194987877178,low,high,high,low,low,high,low_level-low_diversity,high_level-low_diversity,high_level-high_diversity,6,Basic child support,1,-1,4,0.923281926777526,0,1
317039093064,1,control,0,0,7,1,0.8235294117647058,4,8,15,51,not female,0,7,7,0,0,2,2,0,25,0,0,0,0,0,285,0,0,0,NA,NA,NA,NA,NA,NA,NA,NA,NA,NA,NA,NA,NA,NA,NA,TRUE,0.8085648434209216,0.814922539913086,0.814922539913086,0.034881997375583,0.0183596575385808,0.0183596575385808,high,high,high,low,low,low,high_level-low_diversity,high_level-low_diversity,high_level-low_diversity,5,Basic child support,0,0,0,NA,0,0
317153595348,1,monetary,NA,1,4,0,0.29411764705882354,2,2,14,51,not female,0,4,1,-3,3,1,1,0,104,0,0,0,0,0,2004,0,0,0,NA,NA,NA,NA,NA,NA,NA,NA,NA,NA,NA,NA,NA,NA,NA,TRUE,0.6431160062121789,0.6262172381017417,0.7198402446036352,0.13361141428471793,0.04718314677434812,0.03223616842458447,low,low,high,high,low,low,low_level-high_diversity,low_level-low_diversity,high_level-low_diversity,2,Basic child support,3,-3,0,NA,0,1
317230338096,1,control,0,0,5,0,0.5882352941176471,4,6,17,53,not female,0,5,6,1,1,2,2,0,207,0,0,0,0,0,7018,0,0,0,NA,NA,NA,NA,NA,NA,NA,NA,NA,NA,NA,NA,NA,NA,NA,TRUE,0.7086670555729188,0.5981727067852078,0.7264999267355682,0.04700695461167118,0.06087888543559593,0.04331723802456121,high,low,high,low,high,low,high_level-low_diversity,low_level-high_diversity,high_level-low_diversity,7,Basic child support,1,1,0,NA,0,0
317245731516,1,verbal,1,NA,1,NA,0.4117647058823529,4,5,18,53,not female,0,1,7,6,6,2,3,1,60,0,0,0,0,0,5191,0,0,0,NA,NA,NA,NA,NA,NA,NA,NA,NA,NA,NA,NA,NA,NA,NA,TRUE,0.6949784950217923,0.6958447852645363,0.6955904953371087,0.03433110094070676,0.03325886405918593,0.03353607846464968,high,high,low,low,low,low,high_level-low_diversity,high_level-low_diversity,low_level-low_diversity,7,Basic child support,6,6,0,NA,1,0
317303528148,1,verbal,1,NA,1,0,0.47058823529411764,3,1,13,78,not female,1,1,1,0,0,1,1,0,175,4,1,3,1,2,11341,102,0.008993915880433825,0.024495111969451793,NA,NA,NA,NA,NA,NA,NA,NA,NA,NA,3,1,0.780446471877427,0.780446471877427,0.7804464718774271,TRUE,0.7737613100912315,NA,0.7741745952763252,0.01879609999452768,NA,0.01689438574570255,high,NA,high,low,NA,low,high_level-low_diversity,NA,high_level-low_diversity,5,Basic child support,0,0,4,NA,1,0
317304006264,1,monetary,NA,1,4,0,0.6470588235294118,3,3,10,40,not female,0,4,4,0,0,1,3,2,103,0,0,0,0,0,2429,0,0,0,NA,NA,NA,NA,NA,NA,NA,NA,NA,NA,NA,NA,NA,NA,NA,TRUE,0.6927837865355513,0.7662354456590309,0.7630618572128481,0.05162316514075987,0.04959423994423499,0.05796416428367587,high,high,high,low,low,high,high_level-low_diversity,high_level-low_diversity,high_level-high_diversity,5,Basic child support,0,0,0,NA,0,1
317319329916,1,verbal,1,NA,4,0,0.5294117647058824,2,1,16,48,female,0,4,4,0,0,1,1,0,262,0,0,0,0,0,14355,0,0,0,NA,NA,NA,NA,NA,NA,NA,NA,NA,NA,NA,NA,NA,NA,NA,TRUE,0.6297673202185061,0.6428030590030102,0.7297414680314628,0.10408252630884712,NA,0.04563315882194636,low,low,high,high,NA,low,low_level-high_diversity,NA,high_level-low_diversity,5.5,Basic child support,0,0,0,NA,1,0
317450653812,1,verbal,1,NA,4,0,0.7647058823529411,4,2,14,28,not female,0,4,4,0,0,2,2,0,24,0,0,0,0,0,419,0,0,0,NA,NA,NA,NA,NA,NA,NA,NA,NA,NA,NA,NA,NA,NA,NA,TRUE,0.7091842272203317,0.7500162579853321,0.7494155662653599,0.07586330061085614,0.05469857646355365,0.05430489230112146,high,high,high,low,high,high,high_level-low_diversity,high_level-high_diversity,high_level-high_diversity,6,Basic child support,0,0,0,NA,1,0
317769196032,1,monetary,NA,1,5,0,0.5882352941176471,3,1,17,51,female,1,5,4,-1,1,2,2,0,194,6,1,4,2,3,4142,170,0.04104297440849831,0.04538135383946164,1,1,0.834070736611835,0.834070736611835,0.834070736611835,NA,NA,NA,NA,NA,5,2,0.7307151396383431,0.701431053829187,0.7125775051381773,TRUE,0.6934180158162909,0.70728197042321606,0.8868331360570013,0.22508438515132012,0.06940303435910479,0.09597198695133428,high,high,high,high,high,high,high_level-high_diversity,high_level-high_diversity,high_level-high_diversity,4,Basic child support,1,-1,6,0.834070736611835,0,1
317988002160,1,monetary,NA,1,4,0,0.8823529411764706,5,8,19,44,not female,0,4,4,0,0,3,2,-1,308,0,0,0,0,0,14794,0,0,0,NA,NA,NA,NA,NA,NA,NA,NA,NA,NA,NA,NA,NA,NA,NA,TRUE,0.5667896377994408,0.6633441196170465,0.7081872652628644,0.17742383072452514,0.03100864705599236,0.1055272311896505,low,low,low,high,low,high,low_level-high_diversity,low_level-low_diversity,low_level-high_diversity,5.5,Basic child support,0,0,0,NA,0,1
318880282212,1,monetary,NA,1,5,0,0.7647058823529411,3,6,20,54,female,1,5,5,0,0,2,3,1,173,7,1,4,3,4,6403,545,0.08511635171013587,0.05045629835605575,NA,NA,NA,NA,NA,NA,NA,NA,NA,NA,4,1,0.668271133133525,0.668271133133525,0.668271133133525,TRUE,0.713651114461644,0.7882096158018222,0.7202708528329518,0.06103465726869298,0.06042450509163585,0.0537948395185218,high,high,high,low,high,low,high_level-low_diversity,high_level-high_diversity,high_level-low_diversity,4.5,Basic child support,0,0,7,NA,0,1
318887057916,1,control,0,0,1,0,0.4117647058823529,3,5,12,52,not female,0,1,1,0,0,2,1,-1,12,0,0,0,0,0,2966,0,0,0,NA,NA,NA,NA,NA,NA,NA,NA,NA,NA,NA,NA,NA,NA,NA,TRUE,0.6549807535499059,0.6554385052693601,0.6238141176632018,0.06427537031507395,0.07744969882937885,0.0554721349051869,low,low,low,low,high,high,low_level-low_diversity,low_level-high_diversity,low_level-high_diversity,5,Basic child support,0,0,0,NA,0,0
318951623412,1,control,0,0,6,1,0.8823529411764706,5,5,14,58,not female,0,6,1,-5,5,4,2,-2,28,0,0,0,0,0,4622,0,0,0,NA,NA,NA,NA,NA,NA,NA,NA,NA,NA,NA,NA,NA,NA,NA,TRUE,0.7023965701008921,0.6830404433325373,0.6917037621097559,0.07499591708259325,0.07313098325240286,0.06766720538761561,high,high,low,low,high,high,high_level-low_diversity,high_level-high_diversity,low_level-high_diversity,6.5,Basic child support,5,-5,0,NA,0,0
319158263232,1,monetary,NA,1,7,NA,0.6470588235294118,4,8,11,51,female,0,7,6,-1,1,1,2,1,206,0,0,0,0,0,7776,0,0,0,NA,NA,NA,NA,NA,NA,NA,NA,NA,NA,NA,NA,NA,NA,NA,TRUE,0.7025535117956612,0.6294765958463752,0.7098157497822056,0.03281707076138403,0.03511462718634182,0.0277115665845207,high,low,low,low,low,low,high_level-low_diversity,low_level-low_diversity,low_level-low_diversity,5.5,Basic child support,1,-1,0,NA,0,1
319216674780,1,control,0,0,6,1,0.8235294117647058,4,8,20,53,not female,0,6,5,-1,1,3,3,0,369,1,1,1,0,1,6005,24,0.003996669442131557,0.0034541706564442686,NA,NA,NA,NA,NA,NA,NA,NA,NA,NA,1,1,0.668271133133525,0.668271133133525,0.668271133133525,TRUE,0.5748231912824944,0.6798658066158819,0.6842506961983209,0.13436994488434653,0.04105488548117286,0.04614992511745267,low,high,low,high,low,low,low_level-high_diversity,high_level-low_diversity,low_level-low_diversity,6.5,Basic child support,1,-1,1,NA,0,0
319309766496,1,monetary,NA,1,7,0,0.35294117647058826,2,4,13,41,not female,0,7,1,-6,6,1,3,2,38,0,0,0,0,0,1327,0,0,0,NA,NA,NA,NA,NA,NA,NA,NA,NA,NA,NA,NA,NA,NA,NA,TRUE,0.6987512970456459,0.6998058331791939,0.6988009032636386,0.06275937164158925,0.06182379403642189,0.06264948006535911,high,high,low,low,high,high,high_level-low_diversity,high_level-high_diversity,low_level-high_diversity,4.5,Basic child support,6,-6,0,NA,0,1
319406073696,1,monetary,NA,1,7,0,0.47058823529411764,2,0,17,51,female,1,7,7,0,0,2,3,1,106,2,1,1,1,2,6397,106,0.016570267312802877,0.02398475513063041,NA,NA,NA,NA,NA,NA,NA,NA,NA,NA,1,1,0.668271133133525,0.668271133133525,0.668271133133525,TRUE,0.7539719066502785,0.6261119377641398,0.7769499286029574,0.05678854807473105,0.04198501035239031,0.02327842069629585,high,low,high,low,low,low,high_level-low_diversity,low_level-low_diversity,high_level-low_diversity,6,Basic child support,0,0,2,NA,0,1
319484393064,1,monetary,NA,1,5,0,0.8235294117647058,3,8,7,61,not female,0,5,4,-1,1,2,3,1,14,0,0,0,0,0,1253,0,0,0,NA,NA,NA,NA,NA,NA,NA,NA,NA,NA,NA,NA,NA,NA,NA,TRUE,0.6336149518311837,0.6575897364970511,0.6577912657884638,0.09482307265474912,0.05105572007557839,0.05486150834601435,low,low,low,high,low,high,low_level-high_diversity,low_level-low_diversity,low_level-high_diversity,4.5,Basic child support,1,-1,0,NA,0,1
319508809812,1,monetary,NA,1,2,0,0.5294117647058824,1,1,20,48,female,1,2,4,2,2,3,2,-1,54,4,1,1,3,3,1329,284,0.21369450714823177,0.11635625775380368,NA,NA,NA,NA,NA,NA,NA,NA,NA,NA,1,1,0.668271133133525,0.668271133133525,0.668271133133525,TRUE,0.4536542819159413,0.6109602771178025,0.6543600746182722,0.10816251957542754,0.02534233482422113,0.05550615456069707,low,low,low,high,low,high,low_level-high_diversity,low_level-low_diversity,low_level-high_diversity,4.5,Basic child support,2,2,4,NA,0,1
319572969012,1,monetary,NA,1,1,NA,0.11764705882352941,3,3,11,50,not female,0,1,4,3,3,1,2,1,67,0,0,0,0,0,3298,0,0,0,NA,NA,NA,NA,NA,NA,NA,NA,NA,NA,NA,NA,NA,NA,NA,TRUE,0.6831364164978927,0.6882534077829049,0.687524173296116,0.08266188263584918,0.07982828958039709,0.07666061228238301,high,high,low,low,high,high,high_level-low_diversity,high_level-high_diversity,low_level-high_diversity,4,Basic child support,3,3,0,NA,0,1
319817226096,1,control,0,0,7,0,0.7058823529411765,4,6,12,56,not female,0,7,7,0,0,1,2,1,60,0,0,0,0,0,6004,0,0,0,NA,NA,NA,NA,NA,NA,NA,NA,NA,NA,NA,NA,NA,NA,NA,TRUE,0.5851969587222534,0.75694684681845,0.7489850374840269,0.17075915921115564,NA,0.04065427591047654,low,high,high,high,NA,low,low_level-high_diversity,NA,high_level-low_diversity,2,Basic child support,0,0,0,NA,0,0
319984871760,1,control,0,0,6,1,0.47058823529411764,2,8,15,52,female,0,6,6,0,0,2,2,0,32,0,0,0,0,0,2375,0,0,0,NA,NA,NA,NA,NA,NA,NA,NA,NA,NA,NA,NA,NA,NA,NA,TRUE,0.728693231358026,NA,0.728693231358026,NA,NA,NA,high,NA,high,NA,NA,NA,NA,NA,NA,4,Basic child support,0,0,0,NA,0,0
320071743180,1,monetary,NA,1,6,1,0.7647058823529411,5,8,25,44,female,0,6,7,1,1,3,3,0,18,0,0,0,0,0,1283,0,0,0,NA,NA,NA,NA,NA,NA,NA,NA,NA,NA,NA,NA,NA,NA,NA,TRUE,0.6926427702585763,0.777632539743174,0.777632539743174,0.0931238366212284,0.054912898768596743,0.054912898768596743,high,high,high,high,high,high,high_level-high_diversity,high_level-high_diversity,high_level-high_diversity,7,Basic child support,1,1,0,NA,0,1
320088088044,1,control,0,0,4,1,0,5,0,10,46,not female,0,4,7,3,3,1,3,2,38,0,0,0,0,0,660,0,0,0,NA,NA,NA,NA,NA,NA,NA,NA,NA,NA,NA,NA,NA,NA,NA,TRUE,0.6985968722792724,0.816946216297037,0.8093016221702957,0.16322673351481234,NA,0.00651151771287976,high,high,high,high,NA,low,high_level-high_diversity,NA,high_level-low_diversity,7,Basic child support,3,3,0,NA,0,0
320098008096,1,monetary,NA,1,6,0,0.35294117647058826,3,1,25,42,female,0,6,7,1,1,2,3,1,19,0,0,0,0,0,3657,0,0,0,NA,NA,NA,NA,NA,NA,NA,NA,NA,NA,NA,NA,NA,NA,NA,TRUE,0.7271241831391155,0.7357643133410906,0.7648135367542351,0.09852696839969716,0.05861684732841493,0.04877942009889265,high,high,high,high,high,low,high_level-high_diversity,high_level-high_diversity,high_level-low_diversity,6,Basic child support,1,1,0,NA,0,1
321496653348,1,verbal,1,NA,5,0,0.7058823529411765,4,6,17,57,female,1,5,6,1,1,2,2,0,513,2,1,1,1,2,21152,107,0.005058623298033283,0.004399536147109981,1,1,0.705769170970334,0.705769170970334,0.705769170970334,1,1,0.705769170970334,0.705769170970334,0.705769170970334,1,1,0.705769170970334,0.705769170970334,0.705769170970334,TRUE,0.45953295391541793,0.7219366935073891,0.7042024671536437,0.13743589687673635,0.10407733304731842,0.12153086069685852,low,high,low,high,high,high,low_level-high_diversity,high_level-high_diversity,low_level-high_diversity,5.5,Basic child support,1,1,2,0.705769170970334,1,0
321515327232,1,verbal,1,NA,4,1,0.6470588235294118,3,3,16,58,female,1,4,3,-1,1,3,3,0,129,4,1,1,3,2,7612,370,0.04860746190225959,0.03713302751555501,NA,NA,NA,NA,NA,NA,NA,NA,NA,NA,1,1,0.668271133133525,0.668271133133525,0.668271133133525,TRUE,0.6497228581147279,0.6411101733837368,0.6401383268599492,0.08811791910952065,0.04233382199747315,0.04327322678839192,low,low,low,high,low,low,low_level-high_diversity,low_level-low_diversity,low_level-low_diversity,5.5,Basic child support,1,-1,4,NA,1,0
321593645232,1,control,0,0,6,0,0.5294117647058824,3,3,12,39,not female,0,6,6,0,0,2,2,0,12,0,0,0,0,0,318,0,0,0,NA,NA,NA,NA,NA,NA,NA,NA,NA,NA,NA,NA,NA,NA,NA,TRUE,0.5515975953265804,NA,0.7078314927289214,0.1558293624360473,NA,0.03797233284708302,low,NA,low,high,NA,low,low_level-high_diversity,NA,low_level-low_diversity,4.5,Basic child support,0,0,0,NA,0,0
321781061232,1,control,0,0,4,0,0.5294117647058824,2,5,15,54,female,0,4,5,1,1,2,2,0,20,0,0,0,0,0,665,0,0,0,NA,NA,NA,NA,NA,NA,NA,NA,NA,NA,NA,NA,NA,NA,NA,TRUE,0.6961308067712976,0.6700518075416239,0.6701034331269629,0.07876784107676318,0.04980224121280499,0.04976716553151247,high,low,low,low,low,low,high_level-low_diversity,low_level-low_diversity,low_level-low_diversity,6,Basic child support,1,1,0,NA,0,0
321941185632,1,verbal,1,NA,5,0,0.35294117647058826,3,4,12,64,female,0,5,6,1,1,1,4,3,33,0,0,0,0,0,1739,0,0,0,NA,NA,NA,NA,NA,NA,NA,NA,NA,NA,NA,NA,NA,NA,NA,TRUE,0.651009540098158,0.6137039007741387,0.6170875355779356,0.08556636146189199,0.03751200170402392,0.04022532535193821,low,low,low,low,low,low,low_level-low_diversity,low_level-low_diversity,low_level-low_diversity,5.5,Basic child support,1,1,0,NA,1,0
322066149012,1,control,0,0,7,0,0.5882352941176471,3,1,14,45,not female,0,7,7,0,0,3,2,-1,45,0,0,0,0,0,4220,0,0,0,NA,NA,NA,NA,NA,NA,NA,NA,NA,NA,NA,NA,NA,NA,NA,TRUE,0.4827295477255649,NA,0.7934584108019148,0.13744018298320906,NA,0.09937911090168024,low,NA,high,high,NA,high,low_level-high_diversity,NA,high_level-high_diversity,7,Basic child support,0,0,0,NA,0,0
322114509180,1,control,0,0,4,0,0.7647058823529411,4,8,16,36,not female,0,4,6,2,2,3,2,-1,198,0,0,0,0,0,7830,0,0,0,NA,NA,NA,NA,NA,NA,NA,NA,NA,NA,NA,NA,NA,NA,NA,TRUE,0.41078706885070027,0.8021138322172614,0.41205309446659344,0.11509902823286092,0.12212431685404922,0.16380632869330575,low,high,low,high,high,high,low_level-high_diversity,high_level-high_diversity,low_level-high_diversity,6,Basic child support,2,2,0,NA,0,0
322182427644,1,verbal,1,NA,1,0,0.47058823529411764,2,0,12,50,female,0,1,1,0,0,1,1,0,234,0,0,0,0,0,12291,0,0,0,NA,NA,NA,NA,NA,NA,NA,NA,NA,NA,NA,NA,NA,NA,NA,TRUE,0.6302140420451362,0.6842514415718917,0.634720999589526,0.12459112296849964,0.0823495912318382,0.04565839217368864,low,high,low,high,high,low,low_level-high_diversity,high_level-high_diversity,low_level-low_diversity,5.5,Basic child support,0,0,0,NA,1,0
322259859864,1,monetary,NA,1,7,1,0.6470588235294118,4,0,10,58,female,0,7,7,0,0,3,3,0,73,0,0,0,0,0,5206,0,0,0,NA,NA,NA,NA,NA,NA,NA,NA,NA,NA,NA,NA,NA,NA,NA,TRUE,0.6683229607588843,0.6661650359091884,0.6686244479160658,0.07724916966856485,0.07115119793557337,0.07727646439581314,high,low,low,low,high,high,high_level-low_diversity,low_level-high_diversity,low_level-high_diversity,5.5,Basic child support,0,0,0,NA,0,1
322300761012,1,monetary,NA,1,5,1,0.6470588235294118,5,8,20,63,female,0,5,6,1,1,3,3,0,210,0,0,0,0,0,8239,0,0,0,NA,NA,NA,NA,NA,NA,NA,NA,NA,NA,NA,NA,NA,NA,NA,TRUE,0.6937133401005707,0.6459947442687012,0.6932807970643644,0.0224343076534895,0.0074911235067758,0.01366188178845679,high,low,low,low,low,low,high_level-low_diversity,low_level-low_diversity,low_level-low_diversity,5.5,Basic child support,1,1,0,NA,0,1
322305278148,1,control,0,0,1,0,0.5882352941176471,1,8,10,65,female,0,1,1,0,0,1,1,0,103,0,0,0,0,0,4142,0,0,0,NA,NA,NA,NA,NA,NA,NA,NA,NA,NA,NA,NA,NA,NA,NA,TRUE,0.7168842044832333,0.744316487730963,0.744316487730963,0.07332935000322942,0.07031034521240613,0.07031034521240613,high,high,high,low,high,high,high_level-low_diversity,high_level-high_diversity,high_level-high_diversity,6,Basic child support,0,0,0,NA,0,0
322309516212,1,verbal,1,NA,4,0,0.5882352941176471,3,3,12,58,female,0,4,1,-3,3,1,3,2,299,0,0,0,0,0,8292,0,0,0,NA,NA,NA,NA,NA,NA,NA,NA,NA,NA,NA,NA,NA,NA,NA,TRUE,0.6663117669539566,0.637032029018589,0.6878462820745268,0.1354106510066153,0.0997006219656882,0.12008730838682768,high,low,low,high,high,high,high_level-high_diversity,low_level-high_diversity,low_level-high_diversity,6.5,Basic child support,3,-3,0,NA,1,0
322356578148,1,verbal,1,NA,4,0,0.29411764705882354,3,8,18,59,female,1,4,5,1,1,1,3,2,718,3,1,1,2,2,15051,106,0.007042721413859544,0.006343776161512043,2,1,0.578455258625987,0.578455258625987,0.578455258625987,2,1,0.578455258625987,0.578455258625987,0.578455258625987,3,2,0.5835391760509421,0.608393883461833,0.5970781487769151,TRUE,0.6702760296647035,0.648355875595028,0.7313770298027731,0.01869548523628597,NA,0.07637388353360504,high,low,high,low,NA,high,high_level-low_diversity,NA,high_level-high_diversity,5.5,Basic child support,1,1,3,0.578455258625987,1,0
322359929748,1,monetary,NA,1,4,0,0.29411764705882354,2,3,13,34,not female,0,4,4,0,0,1,2,1,203,1,1,1,0,1,13786,32,0.0023211954156390543,0.005351989331944822,NA,NA,NA,NA,NA,NA,NA,NA,NA,NA,1,1,0.668271133133525,0.668271133133525,0.668271133133525,TRUE,0.5530838357614233,NA,0.7676747578194543,0.20057284551027285,NA,0.03217808838384175,low,NA,high,high,NA,low,low_level-high_diversity,NA,high_level-low_diversity,5.5,Basic child support,0,0,1,NA,0,1
322388382096,1,monetary,NA,1,1,0,0.9411764705882353,5,8,12,42,not female,1,1,4,3,3,2,4,2,252,4,1,1,3,4,11011,49,0.004450095359186269,0.01355046460025587,1,1,0.696686527859829,0.696686527859829,0.696686527859829,1,1,0.696686527859829,0.696686527859829,0.696686527859829,2,2,0.6804491594447981,0.682478830496677,0.6816170194343274,TRUE,0.5815876071860994,0.6576060744803,0.6978276783636035,0.17677277410670045,0.07035565155724072,0.04359898777584379,low,low,low,high,high,low,low_level-high_diversity,low_level-high_diversity,low_level-low_diversity,6.5,Basic child support,3,3,4,0.696686527859829,0,1
322434896832,1,monetary,NA,1,4,0,0.6470588235294118,2,6,15,46,not female,1,4,7,3,3,1,3,2,109,6,1,3,3,3,8475,838,0.09887905604719764,0.07909691689989434,2,1,0.9323032830864159,0.932303283086416,0.932303283086416,2,1,0.9323032830864159,0.932303283086416,0.932303283086416,5,2,0.8840467543743993,0.7738839931146814,0.8094104125538781,TRUE,0.6862230018672654,0.7033969984729784,0.7282899617343959,0.10400413091698908,0.01881515181640219,0.01604806382485529,high,high,high,high,low,low,high_level-high_diversity,high_level-low_diversity,high_level-low_diversity,5.5,Basic child support,3,3,6,0.9323032830864159,0,1
322599736044,1,verbal,1,NA,4,0,0.5294117647058824,3,4,16,33,female,0,4,4,0,0,2,3,1,24,0,0,0,0,0,3051,0,0,0,NA,NA,NA,NA,NA,NA,NA,NA,NA,NA,NA,NA,NA,NA,NA,TRUE,0.7484417241311506,0.7600014461605166,0.7530665851794752,0.0775663733325553,0.05523424385645309,0.06639864901835897,high,high,high,low,high,high,high_level-low_diversity,high_level-high_diversity,high_level-high_diversity,6,Basic child support,0,0,0,NA,1,0
322693443360,1,verbal,1,NA,4,0,0.47058823529411764,1,8,14,37,not female,0,4,7,3,3,1,1,0,252,0,0,0,0,0,14141,0,0,0,NA,NA,NA,NA,NA,NA,NA,NA,NA,NA,NA,NA,NA,NA,NA,TRUE,0.5471218960452363,0.6801725916388671,0.6861083008041401,0.16683658164175838,0.06955029669608623,0.07255216319420336,low,high,low,high,high,high,low_level-high_diversity,high_level-high_diversity,low_level-high_diversity,4.5,Basic child support,3,3,0,NA,1,0
322694606844,1,control,0,0,6,0,0.6470588235294118,5,8,20,28,not female,0,6,6,0,0,1,2,1,806,0,0,0,0,0,33371,0,0,0,NA,NA,NA,NA,NA,NA,NA,NA,NA,NA,NA,NA,NA,NA,NA,TRUE,0.48995583953642663,0.7416545602718339,0.7266893926561675,0.17317508467423912,0.0670512922796945,0.03499217723681903,low,high,high,high,high,low,low_level-high_diversity,high_level-high_diversity,high_level-low_diversity,6,Basic child support,0,0,0,NA,0,0
322808223348,1,monetary,NA,1,6,0,0.8235294117647058,3,2,13,38,not female,0,6,5,-1,1,2,2,0,377,0,0,0,0,0,14153,0,0,0,NA,NA,NA,NA,NA,NA,NA,NA,NA,NA,NA,NA,NA,NA,NA,TRUE,0.5841278717828021,0.6720475930695122,0.687391756808014,0.18251783903495075,0.12847351837685447,0.1385946348676922,low,high,low,high,high,high,low_level-high_diversity,high_level-high_diversity,low_level-high_diversity,6,Basic child support,1,-1,0,NA,0,1
322846727760,1,verbal,1,NA,6,0,0.5882352941176471,2,8,18,24,female,0,6,7,1,1,1,3,2,155,0,0,0,0,0,3587,0,0,0,NA,NA,NA,NA,NA,NA,NA,NA,NA,NA,NA,NA,NA,NA,NA,TRUE,0.6804419098892475,0.6590751421657549,0.7215453273627106,0.04939746964089592,0.06135657905515544,0.06269546920398002,high,low,high,low,high,high,high_level-low_diversity,low_level-high_diversity,high_level-high_diversity,6.5,Basic child support,1,1,0,NA,1,0
323585037360,1,monetary,NA,1,4,0,0.6470588235294118,4,0,30,64,not female,0,4,4,0,0,4,1,-3,241,0,0,0,0,0,10472,0,0,0,NA,NA,NA,NA,NA,NA,NA,NA,NA,NA,NA,NA,NA,NA,NA,TRUE,0.4161904392463124,NA,0.794918401788978,0.05785679226983164,NA,0.04333870016081585,low,NA,high,low,NA,low,low_level-low_diversity,NA,high_level-low_diversity,5,Basic child support,0,0,0,NA,0,1
323620058160,1,control,0,0,2,0,0.6470588235294118,4,0,12,55,female,0,2,1,-1,1,3,2,-1,302,0,0,0,0,0,11598,0,0,0,NA,NA,NA,NA,NA,NA,NA,NA,NA,NA,NA,NA,NA,NA,NA,TRUE,0.7243291329266661,0.6641196024458809,0.7278326367664919,0.02243778094721349,0.08188817381857418,0.01090835285013612,high,low,high,low,high,low,high_level-low_diversity,low_level-high_diversity,high_level-low_diversity,4,Basic child support,1,-1,0,NA,0,0
323625872160,1,control,0,0,5,0,0.5294117647058824,4,8,13,60,female,0,5,5,0,0,2,2,0,458,0,0,0,0,0,15525,0,0,0,NA,NA,NA,NA,NA,NA,NA,NA,NA,NA,NA,NA,NA,NA,NA,TRUE,0.7722986971172952,0.578455258625987,0.7817037609038499,0.05153970199345851,NA,0.00898470368906814,high,low,high,low,NA,low,high_level-low_diversity,NA,high_level-low_diversity,6,Basic child support,0,0,0,NA,0,0
323660345760,1,control,0,0,4,0,0.47058823529411764,3,1,12,59,not female,0,4,4,0,0,1,1,0,81,0,0,0,0,0,2535,0,0,0,NA,NA,NA,NA,NA,NA,NA,NA,NA,NA,NA,NA,NA,NA,NA,TRUE,0.5293476766506594,0.6894112729695547,0.7707941820454001,0.1688328761833683,0.05155516637161558,0.0240424005199092,low,high,high,high,low,low,low_level-high_diversity,high_level-low_diversity,high_level-low_diversity,6,Basic child support,0,0,0,NA,0,0
323689213296,1,verbal,1,NA,7,0,0.47058823529411764,3,6,15,65,female,1,7,7,0,0,1,3,2,142,5,1,3,2,2,5765,228,0.039549002601908065,0.04842575583127649,NA,NA,NA,NA,NA,NA,NA,NA,NA,NA,3,1,0.6682711331335249,0.668271133133525,0.6682711331335252,TRUE,0.6126888945091574,NA,0.7490426056307998,0.11575563196395446,NA,0.0362679892871396,low,NA,high,high,NA,low,low_level-high_diversity,NA,high_level-low_diversity,6,Basic child support,0,0,5,NA,1,0
323733401748,1,verbal,1,NA,7,0,0.17647058823529413,1,3,13,41,not female,1,7,7,0,0,2,3,1,1362,7,1,3,4,3,30802,281,0.009122784234789948,0.0058448238023184745,3,1,0.9323032830864159,0.932303283086416,0.9323032830864159,3,1,0.9323032830864159,0.932303283086416,0.9323032830864159,6,2,0.9139274191702808,0.8002872081099706,0.8430403876689411,TRUE,0.5152221720220463,0.6778160081724871,0.7709641240750069,0.1899515612070129,0.05133865060356804,0.0464879713498918,low,high,high,high,low,low,low_level-high_diversity,high_level-low_diversity,high_level-low_diversity,4,Basic child support,0,0,7,0.9323032830864159,1,0
323789900832,1,monetary,NA,1,6,0,0.8823529411764706,5,6,19,46,not female,1,6,7,1,1,3,3,0,756,4,1,3,1,2,27021,154,0.0056992709374190445,0.007946352438202355,NA,NA,NA,NA,NA,NA,NA,NA,NA,NA,3,1,0.668271133133525,0.668271133133525,0.668271133133525,TRUE,0.654958641719295,0.6877509964592308,0.7043320893624455,0.06967307839764286,0.05192849033165746,0.05775786087091493,low,high,low,low,low,high,low_level-low_diversity,high_level-low_diversity,low_level-high_diversity,6.5,Basic child support,1,1,4,NA,0,1
323790307128,1,control,0,0,5,1,0.8823529411764706,3,5,22,50,female,0,5,6,1,1,4,4,0,240,0,0,0,0,0,10527,0,0,0,NA,NA,NA,NA,NA,NA,NA,NA,NA,NA,NA,NA,NA,NA,NA,TRUE,0.7293150101787574,0.8048434413782929,0.7454156463572739,0.06753224573139385,0.03945021967995137,0.03114801586898545,high,high,high,low,low,low,high_level-low_diversity,high_level-low_diversity,high_level-low_diversity,7,Basic child support,1,1,0,NA,0,0
323845780896,1,monetary,NA,1,6,1,0.5294117647058824,3,8,3,52,female,0,6,6,0,0,2,3,1,4,0,0,0,0,0,330,0,0,0,NA,NA,NA,NA,NA,NA,NA,NA,NA,NA,NA,NA,NA,NA,NA,TRUE,0.6161904942420081,0.6203359582508546,0.6194700986246883,0.0800307471301545,0.04802173822499642,0.07063492572272781,low,low,low,low,low,high,low_level-low_diversity,low_level-low_diversity,low_level-high_diversity,6.5,Basic child support,0,0,0,NA,0,1
323896669128,1,verbal,1,NA,4,0,0.35294117647058826,1,1,12,59,female,0,4,7,3,3,1,3,2,1,0,0,0,0,0,33,0,0,0,NA,NA,NA,NA,NA,NA,NA,NA,NA,NA,NA,NA,NA,NA,NA,FALSE,NA,NA,NA,NA,NA,NA,NA,NA,NA,NA,NA,NA,NA,NA,NA,5.5,Basic child support,3,3,0,NA,1,0
323935043580,1,verbal,1,NA,4,0,0.4117647058823529,3,1,14,55,female,0,4,4,0,0,1,2,1,5,0,0,0,0,0,522,0,0,0,NA,NA,NA,NA,NA,NA,NA,NA,NA,NA,NA,NA,NA,NA,NA,TRUE,0.5889032527914905,0.5785323551989471,0.5921724359950797,0.09485755673402688,0.08825382791075768,0.09249991530203142,low,low,low,high,high,high,low_level-high_diversity,low_level-high_diversity,low_level-high_diversity,4.5,Basic child support,0,0,0,NA,1,0
324016918380,1,control,0,0,5,0,0.29411764705882354,4,5,10,48,not female,0,5,5,0,0,1,2,1,32,0,0,0,0,0,912,0,0,0,NA,NA,NA,NA,NA,NA,NA,NA,NA,NA,NA,NA,NA,NA,NA,TRUE,0.7453973895547107,0.683819733869346,0.7108748076131639,0.08238960497740173,NA,0.02020490935636626,high,high,high,low,NA,low,high_level-low_diversity,NA,high_level-low_diversity,5,Basic child support,0,0,0,NA,0,0
324062475516,1,verbal,1,NA,4,0,0.8823529411764706,3,6,12,64,not female,0,4,4,0,0,1,3,2,63,0,0,0,0,0,4255,0,0,0,NA,NA,NA,NA,NA,NA,NA,NA,NA,NA,NA,NA,NA,NA,NA,TRUE,0.6821065857907296,0.7365641875324821,0.711821107332056,0.07368014962608167,0.07153802241016595,0.07721414485434129,high,high,high,low,high,high,high_level-low_diversity,high_level-high_diversity,high_level-high_diversity,4.5,Basic child support,0,0,0,NA,1,0
324099064044,1,control,0,0,4,0,0.35294117647058826,2,1,12,68,female,0,4,4,0,0,1,1,0,6,0,0,0,0,0,1341,0,0,0,NA,NA,NA,NA,NA,NA,NA,NA,NA,NA,NA,NA,NA,NA,NA,TRUE,0.4115682060173021,0.6380265103638875,0.6371236014386433,0.09257657441016429,0.05195777763077452,0.04903016952756371,low,low,low,high,low,low,low_level-high_diversity,low_level-low_diversity,low_level-low_diversity,7,Basic child support,0,0,0,NA,0,0
324228274380,1,monetary,NA,1,7,1,0.9411764705882353,5,5,21,46,not female,0,7,7,0,0,3,3,0,125,0,0,0,0,0,4615,0,0,0,NA,NA,NA,NA,NA,NA,NA,NA,NA,NA,NA,NA,NA,NA,NA,TRUE,0.6501633138302232,0.6040260764371292,0.6547377879858178,0.08702107892249769,0.05667378460017305,0.08491136844141485,low,low,low,low,high,high,low_level-low_diversity,low_level-high_diversity,low_level-high_diversity,5.5,Basic child support,0,0,0,NA,0,1
324382650444,1,monetary,NA,1,6,1,0.8235294117647058,3,7,18,41,female,1,6,5,-1,1,2,3,1,38,5,1,2,3,4,873,192,0.21993127147766323,0.12544583912800095,3,2,0.5803133031502097,0.6571124768180837,0.6047406876854713,3,2,0.5803133031502097,0.6571124768180837,0.6047406876854713,5,4,0.6100906935091446,0.6615759393442602,0.6370099779754285,TRUE,0.5950935873176839,0.7332996462632755,0.7295122185341104,0.1447786531771697,0.10856569271651564,0.07300798208222767,low,high,high,high,high,high,low_level-high_diversity,high_level-high_diversity,high_level-high_diversity,5.5,Basic child support,1,-1,5,0.5803133031502097,0,1
324383265360,1,verbal,1,NA,5,1,0.9411764705882353,4,8,15,66,not female,0,5,5,0,0,2,2,0,268,0,0,0,0,0,7041,0,0,0,NA,NA,NA,NA,NA,NA,NA,NA,NA,NA,NA,NA,NA,NA,NA,TRUE,0.6755325268059874,0.7777556494567474,0.7561608286779332,0.02955192457683273,0.06725291569160123,0.05579051389721842,high,high,high,low,high,high,high_level-low_diversity,high_level-high_diversity,high_level-high_diversity,5,Basic child support,0,0,0,NA,1,0
324482381064,1,verbal,1,NA,4,0,0.7058823529411765,2,8,13,67,not female,1,4,4,0,0,1,2,1,191,3,1,1,2,2,9902,143,0.014441526964249647,0.020859932337097598,2,1,0.9323032830864159,0.932303283086416,0.932303283086416,2,1,0.9323032830864159,0.932303283086416,0.932303283086416,3,2,0.9249177684024189,0.8442925664354524,0.8902223160583385,TRUE,0.6000588376539756,0.6441113803566385,0.6456479812903352,0.12444056676873216,0.01936980998369573,0.02585034610416123,low,low,low,high,low,low,low_level-high_diversity,low_level-low_diversity,low_level-low_diversity,7,Basic child support,0,0,3,0.9323032830864159,1,0
324510290316,1,verbal,1,NA,4,0,0.4117647058823529,4,8,15,65,female,0,4,4,0,0,1,1,0,411,0,0,0,0,0,18306,0,0,0,NA,NA,NA,NA,NA,NA,NA,NA,NA,NA,NA,NA,NA,NA,NA,TRUE,0.8575480779150438,0.6487337661384727,0.8598450000952151,0.1211524733745382,0.06478122882343637,0.11965871769295,high,low,high,high,high,high,high_level-high_diversity,low_level-high_diversity,high_level-high_diversity,7,Basic child support,0,0,0,NA,1,0
325705305348,1,verbal,1,NA,6,1,0.6470588235294118,5,2,18,65,not female,0,6,6,0,0,3,3,0,30,0,0,0,0,0,2972,0,0,0,NA,NA,NA,NA,NA,NA,NA,NA,NA,NA,NA,NA,NA,NA,NA,TRUE,0.6831715370339835,0.6765151913186174,0.6932990117521084,0.01506014274127163,0.01793657200182365,0.00929883129570745,high,high,low,low,low,low,high_level-low_diversity,high_level-low_diversity,low_level-low_diversity,6,Basic child support,0,0,0,NA,1,0
325758995928,1,monetary,NA,1,7,0,0.11764705882352941,3,4,10,20,not female,0,7,6,-1,1,3,3,0,193,0,0,0,0,0,8919,0,0,0,NA,NA,NA,NA,NA,NA,NA,NA,NA,NA,NA,NA,NA,NA,NA,TRUE,0.45022381732419986,NA,0.7996498537806059,0.12831016270728834,NA,NA,low,NA,high,high,NA,NA,low_level-high_diversity,NA,NA,5.5,Basic child support,1,-1,0,NA,0,1
325791216432,1,control,0,0,4,0,0.7058823529411765,2,2,12,50,female,0,4,4,0,0,2,2,0,180,0,0,0,0,0,24229,0,0,0,NA,NA,NA,NA,NA,NA,NA,NA,NA,NA,NA,NA,NA,NA,NA,TRUE,0.40063721051454143,0.6410944953854747,0.6635708425404002,0.07194531856102253,0.0535728237156712,0.04984425059308895,low,low,low,low,low,low,low_level-low_diversity,low_level-low_diversity,low_level-low_diversity,4,Basic child support,0,0,0,NA,0,0
325862962560,1,control,0,0,7,0,0.8823529411764706,5,8,10,44,not female,0,7,7,0,0,1,3,2,25,0,0,0,0,0,1241,0,0,0,NA,NA,NA,NA,NA,NA,NA,NA,NA,NA,NA,NA,NA,NA,NA,TRUE,0.7558292343615225,0.5241155260577336,0.7752110287283693,0.13934953308003423,0.03869741380256567,0.1378434575343759,high,low,high,high,low,high,high_level-high_diversity,low_level-low_diversity,high_level-high_diversity,7,Basic child support,0,0,0,NA,0,0
325894494960,1,control,0,0,4,1,0.7058823529411765,4,8,11,42,not female,0,4,7,3,3,1,2,1,261,0,0,0,0,0,9512,0,0,0,NA,NA,NA,NA,NA,NA,NA,NA,NA,NA,NA,NA,NA,NA,NA,TRUE,0.7707521830792115,0.762224374174873,0.7806764741711371,0.04899889215307801,0.07761350363397862,0.01536750283076261,high,high,high,low,high,low,high_level-low_diversity,high_level-high_diversity,high_level-low_diversity,5.5,Basic child support,3,3,0,NA,0,0
325957425012,1,control,0,0,3,0,0.5294117647058824,3,5,15,48,female,0,3,5,2,2,3,2,-1,71,0,0,0,0,0,1319,0,0,0,NA,NA,NA,NA,NA,NA,NA,NA,NA,NA,NA,NA,NA,NA,NA,TRUE,0.7283375139688691,NA,0.7292395831981927,0.0145186115636819,NA,0.00620232060597633,high,NA,high,low,NA,low,high_level-low_diversity,NA,high_level-low_diversity,4.5,Basic child support,2,2,0,NA,0,0
325973500380,1,verbal,1,NA,6,0,0.8235294117647058,3,1,10,57,not female,1,6,5,-1,1,2,1,-1,814,1,1,0,1,1,39331,6,1.525514225420152e-4,9.194140937940138e-4,NA,NA,NA,NA,NA,NA,NA,NA,NA,NA,NA,NA,NA,NA,NA,TRUE,0.39924833848038194,0.6525974478343928,0.7863440465999347,0.06645385672037173,0.03997658136901119,0.05793054126143026,low,low,high,low,low,high,low_level-low_diversity,low_level-low_diversity,high_level-high_diversity,4.5,Basic child support,1,-1,1,NA,1,0
325998600444,1,verbal,1,NA,4,0,0.5294117647058824,3,5,16,32,not female,1,4,4,0,0,1,3,2,261,2,1,1,1,2,8226,41,0.0049841964502796016,0.009595264599928354,NA,NA,NA,NA,NA,NA,NA,NA,NA,NA,1,1,0.668271133133525,0.668271133133525,0.668271133133525,TRUE,0.5779404809376812,0.6534910093031885,0.6783106188870444,0.17130431727982462,0.04575819684850459,0.06631001458739581,low,low,low,high,low,high,low_level-high_diversity,low_level-low_diversity,low_level-high_diversity,4,Basic child support,0,0,2,NA,1,0
326105443980,1,control,0,0,5,1,0.8823529411764706,3,8,12,51,female,0,5,5,0,0,2,3,1,69,0,0,0,0,0,1565,0,0,0,NA,NA,NA,NA,NA,NA,NA,NA,NA,NA,NA,NA,NA,NA,NA,TRUE,0.6641498613527097,0.6081756015344398,0.6819561267674683,0.04803281764888262,0.04672954158638671,0.10184247374199798,high,low,low,low,low,high,high_level-low_diversity,low_level-low_diversity,low_level-high_diversity,5.5,Basic child support,0,0,0,NA,0,0
326166322716,1,monetary,NA,1,1,0,0.7647058823529411,4,8,16,65,not female,0,1,1,0,0,2,2,0,22,0,0,0,0,0,790,0,0,0,NA,NA,NA,NA,NA,NA,NA,NA,NA,NA,NA,NA,NA,NA,NA,TRUE,0.9260125374492968,NA,0.932303283086416,0.04026643285299117,NA,NA,high,NA,high,low,NA,NA,high_level-low_diversity,NA,NA,5.5,Basic child support,0,0,0,NA,0,1
326235468960,1,monetary,NA,1,4,0,0.5294117647058824,3,0,13,35,not female,0,4,4,0,0,1,2,1,38,0,0,0,0,0,288,0,0,0,NA,NA,NA,NA,NA,NA,NA,NA,NA,NA,NA,NA,NA,NA,NA,TRUE,0.4028866394530268,0.745961394333135,0.7690144859135781,0.08959925085962578,NA,0.03414269886956513,low,high,high,high,NA,low,low_level-high_diversity,NA,high_level-low_diversity,7,Basic child support,0,0,0,NA,0,1
326295594612,1,control,0,0,4,0,0.7058823529411765,1,1,12,53,female,0,4,3,-1,1,1,2,1,52,0,0,0,0,0,3002,0,0,0,NA,NA,NA,NA,NA,NA,NA,NA,NA,NA,NA,NA,NA,NA,NA,TRUE,0.6799349128377372,0.6516370872323637,0.6767363070675811,0.07629460359589542,0.06198563302659098,0.07478793654098695,high,low,low,low,high,high,high_level-low_diversity,low_level-high_diversity,low_level-high_diversity,3.5,Basic child support,1,-1,0,NA,0,0
326310098832,1,verbal,1,NA,7,0,0,1,0,17,46,female,0,7,4,-3,3,2,1,-1,8,0,0,0,0,0,52,0,0,0,NA,NA,NA,NA,NA,NA,NA,NA,NA,NA,NA,NA,NA,NA,NA,TRUE,0.4513159207251703,NA,0.803352727025278,0.12426533239879756,NA,0.00618443429784863,low,NA,high,high,NA,low,low_level-high_diversity,NA,high_level-low_diversity,7,Basic child support,3,-3,0,NA,1,0
326440400832,1,control,0,0,6,0,0.5294117647058824,3,2,30,36,female,0,6,6,0,0,2,2,0,268,0,0,0,0,0,11624,0,0,0,NA,NA,NA,NA,NA,NA,NA,NA,NA,NA,NA,NA,NA,NA,NA,TRUE,0.6348575769832618,0.6451372857845662,0.7687554423540263,0.11938526977048693,0.06265235825951199,0.03401142922012661,low,low,high,high,high,low,low_level-high_diversity,low_level-high_diversity,high_level-low_diversity,5,Basic child support,0,0,0,NA,0,0
326445730560,1,monetary,NA,1,4,0,0.6470588235294118,3,1,10,62,female,1,4,4,0,0,1,2,1,16,4,1,1,3,2,2022,328,0.16221562809099901,0.2782035664177484,3,1,0.578455258625987,0.578455258625987,0.5784552586259871,3,1,0.578455258625987,0.578455258625987,0.5784552586259871,4,2,0.5798244030544556,0.6009092272528715,0.5901102878385694,TRUE,0.6882568972730405,0.7050784991083222,0.7015356446914193,0.05643706525879814,0.0622151439517061,0.0638374154232591,high,high,low,low,high,high,high_level-low_diversity,high_level-high_diversity,low_level-high_diversity,6,Basic child support,0,0,4,0.578455258625987,0,1
326513041632,1,monetary,NA,1,5,1,0.8235294117647058,4,8,10,60,not female,0,5,5,0,0,2,3,1,24,0,0,0,0,0,3838,0,0,0,NA,NA,NA,NA,NA,NA,NA,NA,NA,NA,NA,NA,NA,NA,NA,TRUE,0.6693640189763078,0.7226661016142751,0.6724239305694948,0.0697414374143725,0.05464119261435144,0.06603682292801456,high,high,low,low,high,high,high_level-low_diversity,high_level-high_diversity,low_level-high_diversity,7,Basic child support,0,0,0,NA,0,1
326513858328,1,control,0,0,4,0,0.5294117647058824,3,0,15,55,female,0,4,4,0,0,1,1,0,136,0,0,0,0,0,3009,0,0,0,NA,NA,NA,NA,NA,NA,NA,NA,NA,NA,NA,NA,NA,NA,NA,TRUE,0.7076661560560544,0.7932477336535181,0.7573848204226371,0.07951826058085756,0.05787302721142444,0.10191738535124462,high,high,high,low,high,high,high_level-low_diversity,high_level-high_diversity,high_level-high_diversity,5.5,Basic child support,0,0,0,NA,0,0
326519469864,1,control,0,0,5,1,0.35294117647058826,2,1,13,39,female,0,5,5,0,0,2,1,-1,135,0,0,0,0,0,6886,0,0,0,NA,NA,NA,NA,NA,NA,NA,NA,NA,NA,NA,NA,NA,NA,NA,TRUE,0.7093776043505073,0.671648256210173,0.6733687550686327,0.08786971831781966,0.0503800064894164,0.04900720713914477,high,low,low,high,low,low,high_level-high_diversity,low_level-low_diversity,low_level-low_diversity,4.5,Basic child support,0,0,0,NA,0,0
326591356896,1,control,0,0,6,1,0.7647058823529411,4,6,18,37,female,0,6,7,1,1,3,3,0,156,0,0,0,0,0,3878,0,0,0,NA,NA,NA,NA,NA,NA,NA,NA,NA,NA,NA,NA,NA,NA,NA,TRUE,0.8088662903251318,0.5945959752931411,0.7638595984225722,0.08664560901169169,NA,0.09098781268901908,high,low,high,low,NA,high,high_level-low_diversity,NA,high_level-high_diversity,5,Basic child support,1,1,0,NA,0,0
326640673980,1,control,0,0,7,1,0.6470588235294118,5,8,15,46,not female,0,7,7,0,0,4,4,0,28,0,0,0,0,0,1293,0,0,0,NA,NA,NA,NA,NA,NA,NA,NA,NA,NA,NA,NA,NA,NA,NA,FALSE,NA,NA,NA,NA,NA,NA,NA,NA,NA,NA,NA,NA,NA,NA,NA,7,Basic child support,0,0,0,NA,0,0
326668168044,1,monetary,NA,1,4,0,0.5882352941176471,4,4,13,71,not female,0,4,5,1,1,3,3,0,328,2,1,2,0,1,10757,122,0.011341452077716835,0.009135527492993914,NA,NA,NA,NA,NA,NA,NA,NA,NA,NA,2,1,0.668271133133525,0.668271133133525,0.668271133133525,TRUE,0.5315923463808516,0.6508332739082223,0.716873389322834,0.1553084078396905,0.02177258799937064,0.05147103673679914,low,low,high,high,low,low,low_level-high_diversity,low_level-low_diversity,high_level-low_diversity,5.5,Basic child support,1,1,2,NA,0,1
326671658496,1,monetary,NA,1,4,0,0.47058823529411764,4,8,11,48,not female,0,4,4,0,0,1,1,0,24,0,0,0,0,0,1117,0,0,0,NA,NA,NA,NA,NA,NA,NA,NA,NA,NA,NA,NA,NA,NA,NA,TRUE,0.7839488285109862,NA,0.7849650188100176,0.04356740856269456,NA,0.04019880965624368,high,NA,high,low,NA,low,high_level-low_diversity,NA,high_level-low_diversity,4,Basic child support,0,0,0,NA,0,1
326687595012,1,control,0,0,7,0,0.6470588235294118,3,3,14,65,female,0,7,7,0,0,3,2,-1,15,0,0,0,0,0,8255,0,0,0,NA,NA,NA,NA,NA,NA,NA,NA,NA,NA,NA,NA,NA,NA,NA,TRUE,0.44976093106810255,0.6755505328349889,0.613326670731182,0.0962879399318363,0.05116782529134255,0.09911645177248175,low,high,low,high,low,high,low_level-high_diversity,high_level-low_diversity,low_level-high_diversity,6,Basic child support,0,0,0,NA,0,0
326810305980,1,control,0,0,3,0,0.47058823529411764,1,1,12,44,female,0,3,3,0,0,1,3,2,6,0,0,0,0,0,206,0,0,0,NA,NA,NA,NA,NA,NA,NA,NA,NA,NA,NA,NA,NA,NA,NA,TRUE,0.7470763981293799,NA,0.7764117739500728,0.05045341965270462,NA,0.01791047282007691,high,NA,high,low,NA,low,high_level-low_diversity,NA,high_level-low_diversity,3,Basic child support,0,0,0,NA,0,0
326813589864,1,control,0,0,5,1,0.7647058823529411,3,7,15,52,female,0,5,6,1,1,3,3,0,130,0,0,0,0,0,4173,0,0,0,NA,NA,NA,NA,NA,NA,NA,NA,NA,NA,NA,NA,NA,NA,NA,TRUE,0.7193027093741534,0.6711076574799948,0.7252503650601095,0.0787480412147015,0.06708836454111163,0.06951022824959918,high,low,high,low,high,high,high_level-low_diversity,low_level-high_diversity,high_level-high_diversity,6,Basic child support,1,1,0,NA,0,0
326914750044,1,verbal,1,NA,6,NA,0.7647058823529411,4,0,15,52,not female,0,6,4,-2,2,2,3,1,536,0,0,0,0,0,30773,0,0,0,NA,NA,NA,NA,NA,NA,NA,NA,NA,NA,NA,NA,NA,NA,NA,TRUE,0.472298336197742,0.786114911245495,0.7191690861757944,0.14717338679189032,0.05559921373299076,0.05436283814101509,low,high,high,high,high,high,low_level-high_diversity,high_level-high_diversity,high_level-high_diversity,6,Basic child support,2,-2,0,NA,1,0
326946835116,1,monetary,NA,1,4,0,0.4117647058823529,3,5,14,41,female,1,4,5,1,1,1,3,2,249,3,1,1,2,3,4239,150,0.035385704175513094,0.018901945822692934,1,1,0.932303283086416,0.932303283086416,0.932303283086416,1,1,0.932303283086416,0.932303283086416,0.932303283086416,2,2,0.9022996296826784,0.8002872081099706,0.8352562151065933,TRUE,0.6709034273890636,0.7194806088287881,0.7022631357857235,0.02642806758735069,0.1000558901760558,0.0951061984109387,high,high,low,low,high,high,high_level-low_diversity,high_level-high_diversity,low_level-high_diversity,4,Basic child support,1,1,3,0.932303283086416,0,1
328337065116,1,control,0,0,5,0,0.7647058823529411,3,5,20,55,female,0,5,5,0,0,2,2,0,114,0,0,0,0,0,2202,0,0,0,NA,NA,NA,NA,NA,NA,NA,NA,NA,NA,NA,NA,NA,NA,NA,TRUE,0.6661631617858522,0.632826328316715,0.632826328316715,0.03120077919762191,0.05968196811283349,0.05968196811283349,high,low,low,low,high,high,high_level-low_diversity,low_level-high_diversity,low_level-high_diversity,5,Basic child support,0,0,0,NA,0,0
328362096096,1,verbal,1,NA,6,1,0.17647058823529413,3,3,10,39,female,1,6,6,0,0,2,3,1,2,1,1,0,1,1,201,7,0.03482587064676617,0.28282328458380235,1,1,0.609340999307784,0.609340999307784,0.609340999307784,1,1,0.609340999307784,0.609340999307784,0.609340999307784,1,1,0.609340999307784,0.609340999307784,0.609340999307784,TRUE,0.6574966629313654,0.6054308369239401,0.6291026946158333,0.02877733471182834,NA,0.03992524033759043,low,low,low,low,NA,low,low_level-low_diversity,NA,low_level-low_diversity,3,Basic child support,0,0,1,0.609340999307784,1,0
328405054716,1,control,0,0,7,1,0.47058823529411764,3,8,14,44,not female,0,7,6,-1,1,3,3,0,88,0,0,0,0,0,3940,0,0,0,NA,NA,NA,NA,NA,NA,NA,NA,NA,NA,NA,NA,NA,NA,NA,TRUE,0.6723377309729751,NA,NA,0.02564572267062844,NA,NA,high,NA,NA,low,NA,NA,high_level-low_diversity,NA,NA,7,Basic child support,1,-1,0,NA,0,0
328411619064,1,monetary,NA,1,6,NA,0.7058823529411765,3,8,15,48,not female,0,6,6,0,0,2,2,0,499,0,0,0,0,0,21069,0,0,0,NA,NA,NA,NA,NA,NA,NA,NA,NA,NA,NA,NA,NA,NA,NA,TRUE,0.6906821623459313,0.7679059530212983,0.7606806514683222,0.16520858531404542,0.02603071160905849,0.08502636410766275,high,high,high,high,low,high,high_level-high_diversity,high_level-low_diversity,high_level-high_diversity,7,Basic child support,0,0,0,NA,0,1
328670034264,1,verbal,1,NA,5,0,0.5294117647058824,3,7,15,29,female,0,5,5,0,0,2,3,1,56,0,0,0,0,0,3545,0,0,0,NA,NA,NA,NA,NA,NA,NA,NA,NA,NA,NA,NA,NA,NA,NA,TRUE,0.7732143964372016,0.7841873758204262,0.7807531298665124,0.04891392074588593,0.03402721714957492,0.03728322142344881,high,high,high,low,low,low,high_level-low_diversity,high_level-low_diversity,high_level-low_diversity,5.5,Basic child support,0,0,0,NA,1,0
329088025296,1,monetary,NA,1,5,0,0,3,1,10,31,female,1,5,4,-1,1,2,2,0,273,4,1,3,1,2,8903,58,0.006514657980456026,0.0121038386345642,NA,NA,NA,NA,NA,NA,NA,NA,NA,NA,3,1,0.668271133133525,0.668271133133525,0.6682711331335249,TRUE,0.6445693048049776,0.6980336282723604,0.6782942455801754,0.08739366098008489,0.10219393106890136,0.0950286780576068,low,high,low,high,high,high,low_level-high_diversity,high_level-high_diversity,low_level-high_diversity,4.5,Basic child support,1,-1,4,NA,0,1
329159776896,1,monetary,NA,1,7,0,0.47058823529411764,4,8,8,49,not female,1,7,7,0,0,1,4,3,244,12,1,5,7,8,12333,789,0.06397470201897348,0.06641538087772424,2,2,0.6695364646570834,0.7217058679598094,0.7076137566911126,1,1,0.609340999307784,0.609340999307784,0.609340999307784,7,3,0.6685585918163618,0.6835382002267492,0.6789916877064014,TRUE,0.6802537312645182,0.6657465560900447,0.7179104600615379,0.09625044921519696,0.05386502873835876,0.02624037742594404,high,low,high,high,high,low,high_level-high_diversity,low_level-high_diversity,high_level-low_diversity,6.5,Basic child support,0,0,12,0.6695364646570834,0,1
329277080844,1,monetary,NA,1,7,0,0.7647058823529411,3,4,12,56,female,1,7,7,0,0,2,3,1,96,2,1,0,2,1,6288,480,0.07633587786259542,0.03237475681753401,2,1,0.578455258625987,0.578455258625987,0.578455258625987,2,1,0.578455258625987,0.578455258625987,0.578455258625987,2,1,0.578455258625987,0.578455258625987,0.578455258625987,TRUE,0.7545922937870868,0.7293924261906777,0.7775531671939545,0.04973436567745559,0.07864932355463533,0.02026842820933754,high,high,high,low,high,low,high_level-low_diversity,high_level-high_diversity,high_level-low_diversity,3.5,Basic child support,0,0,2,0.578455258625987,0,1
329313745980,1,control,0,0,5,1,0.7058823529411765,4,8,13,44,not female,0,5,5,0,0,3,3,0,498,0,0,0,0,0,21333,0,0,0,NA,NA,NA,NA,NA,NA,NA,NA,NA,NA,NA,NA,NA,NA,NA,TRUE,0.4616825765755097,NA,0.770577718361625,0.14515934013884266,NA,0.02057530091547156,low,NA,high,high,NA,low,low_level-high_diversity,NA,high_level-low_diversity,5,Basic child support,0,0,0,NA,0,0
329322982716,1,monetary,NA,1,4,0,0.4117647058823529,2,2,10,66,female,1,4,6,2,2,2,3,1,42,6,1,1,5,3,4018,621,0.15455450472872076,0.16777447873839008,4,1,0.9323032830864159,0.932303283086416,0.9323032830864161,4,1,0.9323032830864159,0.932303283086416,0.9323032830864161,5,2,0.9233797312987435,0.8794968530958378,0.8928374977838983,TRUE,0.670593509506106,0.6621328748191829,0.6652471290962423,0.03868143664363331,0.07335515020259514,0.07778496481201508,high,low,low,low,high,high,high_level-low_diversity,low_level-high_diversity,low_level-high_diversity,3.5,Basic child support,2,2,6,0.9323032830864159,0,1
329333853528,1,control,0,0,7,0,0.7058823529411765,5,8,20,51,female,0,7,7,0,0,2,2,0,87,0,0,0,0,0,3365,0,0,0,NA,NA,NA,NA,NA,NA,NA,NA,NA,NA,NA,NA,NA,NA,NA,TRUE,0.714085881876538,0.6577224392968525,0.7303073191141727,0.13240950230229057,0.05532432262091536,0.13096895060906333,high,low,high,high,high,high,high_level-high_diversity,low_level-high_diversity,high_level-high_diversity,6,Basic child support,0,0,0,NA,0,0
329344181928,1,monetary,NA,1,1,1,0.8823529411764706,4,7,32,41,not female,0,1,3,2,2,2,3,1,82,0,0,0,0,0,1055,0,0,0,NA,NA,NA,NA,NA,NA,NA,NA,NA,NA,NA,NA,NA,NA,NA,TRUE,0.6937258717875612,0.6501058416799348,0.7190526572024825,0.06336332092238162,0.02156861158492084,0.07818831263899338,high,low,high,low,low,high,high_level-low_diversity,low_level-low_diversity,high_level-high_diversity,5.5,Basic child support,2,2,0,NA,0,1
329356699812,1,verbal,1,NA,2,1,0.5294117647058824,2,1,13,58,female,0,2,2,0,0,2,1,-1,57,0,0,0,0,0,4095,0,0,0,NA,NA,NA,NA,NA,NA,NA,NA,NA,NA,NA,NA,NA,NA,NA,TRUE,0.7240135350632954,0.7450392300080294,0.7433301556004436,0.0700860140673558,0.05916473318944856,0.06304074264688082,high,high,high,low,high,high,high_level-low_diversity,high_level-high_diversity,high_level-high_diversity,4,Basic child support,0,0,0,NA,1,0
329362716960,1,control,0,0,5,0,0.7058823529411765,3,3,14,68,not female,0,5,6,1,1,2,2,0,156,0,0,0,0,0,6110,0,0,0,NA,NA,NA,NA,NA,NA,NA,NA,NA,NA,NA,NA,NA,NA,NA,TRUE,0.4551642381116257,0.567009747119912,0.7306737167100548,0.1384479331753128,NA,0.0390755985796121,low,low,high,high,NA,low,low_level-high_diversity,NA,high_level-low_diversity,5.5,Basic child support,1,1,0,NA,0,0
329379682212,1,monetary,NA,1,7,1,0.8823529411764706,5,8,18,56,not female,0,7,7,0,0,4,4,0,10,0,0,0,0,0,260,0,0,0,NA,NA,NA,NA,NA,NA,NA,NA,NA,NA,NA,NA,NA,NA,NA,TRUE,0.689705589101405,0.6674744586587781,0.6659441141531328,0.0982319188344864,0.08586315410775938,0.09828428056369325,high,low,low,high,high,high,high_level-high_diversity,low_level-high_diversity,low_level-high_diversity,7,Basic child support,0,0,0,NA,0,1
329385221928,1,verbal,1,NA,7,1,0.5882352941176471,5,8,12,61,not female,0,7,7,0,0,2,2,0,804,0,0,0,0,0,13580,0,0,0,NA,NA,NA,NA,NA,NA,NA,NA,NA,NA,NA,NA,NA,NA,NA,TRUE,0.6931542178038628,0.6762514578666367,0.7031458891276265,0.03852082089341097,NA,0.02621223453878844,high,high,low,low,NA,low,high_level-low_diversity,NA,low_level-low_diversity,7,Basic child support,0,0,0,NA,1,0
329398291116,1,control,0,0,6,1,0.9411764705882353,4,4,17,24,female,0,6,7,1,1,3,3,0,172,0,0,0,0,0,17524,0,0,0,NA,NA,NA,NA,NA,NA,NA,NA,NA,NA,NA,NA,NA,NA,NA,TRUE,0.40150044865018353,0.7816267063317317,0.7735339000371289,0.08389440857593358,0.0733454897000709,0.08105361314870951,low,high,high,low,high,high,low_level-low_diversity,high_level-high_diversity,high_level-high_diversity,6,Basic child support,1,1,0,NA,0,0
329421818664,1,verbal,1,NA,2,1,0.8235294117647058,4,1,19,52,not female,0,2,3,1,1,3,3,0,30,0,0,0,0,0,651,0,0,0,NA,NA,NA,NA,NA,NA,NA,NA,NA,NA,NA,NA,NA,NA,NA,TRUE,0.7423804067944275,0.6735420590662213,0.7574313252296255,0.06259510909333742,0.05361708480899797,0.04575401207718995,high,high,high,low,low,low,high_level-low_diversity,high_level-low_diversity,high_level-low_diversity,5.5,Basic child support,1,1,0,NA,1,0
329435021232,1,verbal,1,NA,7,1,0.7058823529411765,4,8,16,44,not female,0,7,7,0,0,3,3,0,529,1,1,1,0,1,10167,10,9.83574309039048e-4,0.0021993662730726126,NA,NA,NA,NA,NA,NA,NA,NA,NA,NA,1,1,0.668271133133525,0.668271133133525,0.668271133133525,TRUE,0.6419010685913239,0.7525700465661558,0.6820194926555551,0.102511366474386,0.09628949172282338,0.0785736037359593,low,high,low,high,high,high,low_level-high_diversity,high_level-high_diversity,low_level-high_diversity,6.5,Basic child support,0,0,1,NA,1,0
329454786096,1,verbal,1,NA,7,1,0.8823529411764706,5,8,16,48,not female,0,7,6,-1,1,4,3,-1,331,0,0,0,0,0,17653,0,0,0,NA,NA,NA,NA,NA,NA,NA,NA,NA,NA,NA,NA,NA,NA,NA,TRUE,0.504564072037759,0.7143694864993008,0.750934120382287,0.15823574402903814,0.11922856735377792,0.05500657191767283,low,high,high,high,high,high,low_level-high_diversity,high_level-high_diversity,high_level-high_diversity,6.5,Basic child support,1,-1,0,NA,1,0
329485223412,1,control,0,0,6,1,0.6470588235294118,4,5,12,38,not female,0,6,6,0,0,3,2,-1,5,0,0,0,0,0,33,0,0,0,NA,NA,NA,NA,NA,NA,NA,NA,NA,NA,NA,NA,NA,NA,NA,TRUE,0.668271133133525,NA,NA,NA,NA,NA,high,NA,NA,NA,NA,NA,NA,NA,NA,5.5,Basic child support,0,0,0,NA,0,0
329562035244,1,control,0,0,1,0,0.7058823529411765,4,8,12,65,not female,0,1,1,0,0,1,1,0,4,0,0,0,0,0,75,0,0,0,NA,NA,NA,NA,NA,NA,NA,NA,NA,NA,NA,NA,NA,NA,NA,TRUE,0.6750053058102621,NA,0.7996498537806063,0.02897201941953854,NA,NA,high,NA,high,low,NA,NA,high_level-low_diversity,NA,NA,7,Basic child support,0,0,0,NA,0,0
329587821360,1,control,0,0,7,0,0.5882352941176471,4,8,17,57,not female,0,7,7,0,0,3,4,1,5,0,0,0,0,0,340,0,0,0,NA,NA,NA,NA,NA,NA,NA,NA,NA,NA,NA,NA,NA,NA,NA,TRUE,0.718991181461584,0.7204472775596521,0.6936738752295111,0.0443469031545128,0.04090955572055157,0.01555412667605646,high,high,low,low,low,low,high_level-low_diversity,high_level-low_diversity,low_level-low_diversity,6.5,Basic child support,0,0,0,NA,0,0
329589326160,1,control,0,0,5,1,0.5882352941176471,4,7,12,54,female,0,5,5,0,0,3,3,0,133,0,0,0,0,0,8537,0,0,0,NA,NA,NA,NA,NA,NA,NA,NA,NA,NA,NA,NA,NA,NA,NA,TRUE,0.6689386169992646,0.6529537541322586,0.6970718691152861,0.0614041881600005,0.09675557738164488,0.03967022349447923,high,low,low,low,high,low,high_level-low_diversity,low_level-high_diversity,low_level-low_diversity,5,Basic child support,0,0,0,NA,0,0
329679411696,1,verbal,1,NA,7,0,0.9411764705882353,4,4,12,70,not female,0,7,7,0,0,2,3,1,14,0,0,0,0,0,1138,0,0,0,NA,NA,NA,NA,NA,NA,NA,NA,NA,NA,NA,NA,NA,NA,NA,TRUE,0.6515932412345009,0.6521254020405814,0.6548455365222167,0.095111053273253,0.08363283706963599,0.08023939004437024,low,low,low,high,high,high,low_level-high_diversity,low_level-high_diversity,low_level-high_diversity,5,Basic child support,0,0,0,NA,1,0
330411837528,1,verbal,1,NA,7,1,0.7058823529411765,5,0,12,55,not female,0,7,5,-2,2,2,2,0,595,0,0,0,0,0,41172,0,0,0,NA,NA,NA,NA,NA,NA,NA,NA,NA,NA,NA,NA,NA,NA,NA,TRUE,0.6409820050193324,NA,0.78072705875249,0.16512084466823135,NA,0.00299650767992224,low,NA,high,high,NA,low,low_level-high_diversity,NA,high_level-low_diversity,5.5,Basic child support,2,-2,0,NA,1,0
330505338960,1,control,0,0,6,0,0.7058823529411765,3,5,18,61,not female,0,6,6,0,0,2,2,0,8,0,0,0,0,0,382,0,0,0,NA,NA,NA,NA,NA,NA,NA,NA,NA,NA,NA,NA,NA,NA,NA,TRUE,0.5513563495839937,NA,0.692950433812193,0.15390544408595178,NA,0.00144215892328666,low,NA,low,high,NA,low,low_level-high_diversity,NA,low_level-low_diversity,6.5,Basic child support,0,0,0,NA,0,0
330538103244,1,control,0,0,1,0,0.4117647058823529,3,4,13,52,not female,0,1,3,2,2,1,1,0,46,0,0,0,0,0,2578,0,0,0,NA,NA,NA,NA,NA,NA,NA,NA,NA,NA,NA,NA,NA,NA,NA,TRUE,0.6421391317846553,0.6488190589932396,0.6539202630507241,0.07431213232131866,0.01614683294428365,0.03160638228776332,low,low,low,low,low,low,low_level-low_diversity,low_level-low_diversity,low_level-low_diversity,5,Basic child support,2,2,0,NA,0,0
330632295516,1,control,0,0,6,1,0.7647058823529411,4,7,9,61,female,0,6,4,-2,2,3,3,0,194,1,1,1,0,1,13461,74,0.0054973627516529235,0.00775794466465185,NA,NA,NA,NA,NA,NA,NA,NA,NA,NA,NA,NA,NA,NA,NA,TRUE,0.5207415306394879,0.5981278198973752,0.7674234209874586,0.1701534754338779,0.04466745734087525,0.05371820732192747,low,low,high,high,low,low,low_level-high_diversity,low_level-low_diversity,high_level-low_diversity,6,Basic child support,2,-2,1,NA,0,0
330682908780,1,monetary,NA,1,4,0,0.7647058823529411,4,8,15,60,not female,0,4,4,0,0,1,2,1,595,1,1,1,0,1,25433,12,4.7182794007785163e-4,0.001975944554515224,NA,NA,NA,NA,NA,NA,NA,NA,NA,NA,1,1,0.668271133133525,0.668271133133525,0.668271133133525,TRUE,0.5136608975968179,0.7039054576228722,0.7286572214723172,0.1694106071569574,0.04732393542318613,0.07967660433389948,low,high,high,high,low,high,low_level-high_diversity,high_level-low_diversity,high_level-high_diversity,4.5,Basic child support,0,0,1,NA,0,1
330730649244,1,verbal,1,NA,7,1,0.8823529411764706,4,7,12,65,not female,0,7,7,0,0,3,3,0,280,0,0,0,0,0,20497,0,0,0,NA,NA,NA,NA,NA,NA,NA,NA,NA,NA,NA,NA,NA,NA,NA,TRUE,0.5136848602165549,0.6405854774358004,0.658380198334082,0.13014080658859398,0.05361168347748332,0.06248726070651116,low,low,low,high,low,high,low_level-high_diversity,low_level-low_diversity,low_level-high_diversity,4.5,Basic child support,0,0,0,NA,1,0
330737286096,1,control,0,0,1,NA,0.8235294117647058,5,8,25,54,not female,0,1,2,1,1,2,2,0,225,0,0,0,0,0,7796,0,0,0,NA,NA,NA,NA,NA,NA,NA,NA,NA,NA,NA,NA,NA,NA,NA,TRUE,0.7886359272135363,0.7808158710835031,0.7961817491078723,0.08476554929062087,0.06214018793598359,0.07785217297273651,high,high,high,low,high,high,high_level-low_diversity,high_level-high_diversity,high_level-high_diversity,5,Basic child support,1,1,0,NA,0,0
330822715644,1,monetary,NA,1,6,0,0.8235294117647058,4,4,20,37,not female,1,6,6,0,0,2,3,1,245,8,1,5,3,4,9074,346,0.038130923517743005,0.036614682433212586,3,3,0.6039508676509732,0.6045605166247983,0.6043456968982409,3,3,0.6039508676509732,0.6045605166247983,0.6043456968982409,8,4,0.6336943430186271,0.6443796519427525,0.6372283684699676,TRUE,0.6948709493087555,0.6623273457445571,0.6987734684622213,0.06165430704943204,0.06109648441543625,0.05430765432973642,high,low,low,low,high,high,high_level-low_diversity,low_level-high_diversity,low_level-high_diversity,6,Basic child support,0,0,8,0.6039508676509732,0,1
330983937864,1,control,0,0,6,NA,0.4117647058823529,5,5,12,49,not female,0,6,7,1,1,2,2,0,48,0,0,0,0,0,1213,0,0,0,NA,NA,NA,NA,NA,NA,NA,NA,NA,NA,NA,NA,NA,NA,NA,TRUE,0.7413916765083348,0.789159337361048,0.7804010218861719,0.10241942621354562,0.0157890349975273,0.03095681141515303,high,high,high,high,low,low,high_level-high_diversity,high_level-low_diversity,high_level-low_diversity,7,Basic child support,1,1,0,NA,0,0
330992489232,1,monetary,NA,1,7,0,0.7058823529411765,5,8,12,46,not female,1,7,7,0,0,1,3,2,177,2,1,1,1,2,6977,26,0.003726530027232335,0.010386713425424384,1,1,0.9323032830864159,0.932303283086416,0.932303283086416,1,1,0.9323032830864159,0.932303283086416,0.932303283086416,2,2,0.8916829523244327,0.8002872081099706,0.842745974206162,TRUE,0.5119160885394669,0.5565853930452839,0.7771777574979656,0.16434679486330617,0.00640526317491231,0.03054207597172971,low,low,high,high,low,low,low_level-high_diversity,low_level-low_diversity,high_level-low_diversity,6,Basic child support,0,0,2,0.9323032830864159,0,1
331066087632,1,monetary,NA,1,7,0,0.8235294117647058,5,8,19,46,not female,1,7,7,0,0,1,3,2,328,6,1,1,5,4,7270,138,0.018982118294360386,0.02289215272844791,2,2,0.7914681569475269,0.706262997618911,0.7416145575843766,1,1,0.578455258625987,0.578455258625987,0.578455258625987,3,3,0.7569729902796064,0.693599042790449,0.7170573168268445,TRUE,0.7313873462560649,0.7412674715074302,0.7405522397226477,0.07380597065896224,0.0784536226433635,0.07034967430941805,high,high,high,low,high,high,high_level-low_diversity,high_level-high_diversity,high_level-high_diversity,6.5,Basic child support,0,0,6,0.7914681569475269,0,1
331199533980,1,control,0,0,5,1,0.8235294117647058,5,7,16,52,not female,0,5,5,0,0,2,2,0,136,0,0,0,0,0,6631,0,0,0,NA,NA,NA,NA,NA,NA,NA,NA,NA,NA,NA,NA,NA,NA,NA,TRUE,0.7854052033534915,0.7891657410468744,0.7892488037400899,0.03522659414475967,0.02054878142324592,0.02005756116879714,high,high,high,low,low,low,high_level-low_diversity,high_level-low_diversity,high_level-low_diversity,5.5,Basic child support,0,0,0,NA,0,0
331428197232,1,verbal,1,NA,7,1,0.7647058823529411,4,3,17,66,not female,0,7,6,-1,1,2,1,-1,164,0,0,0,0,0,7889,0,0,0,NA,NA,NA,NA,NA,NA,NA,NA,NA,NA,NA,NA,NA,NA,NA,TRUE,0.7647347959104541,0.6323231735919301,0.7664450016571157,0.04230788069833433,0.0289364145144957,0.0377100481615196,high,low,high,low,low,low,high_level-low_diversity,low_level-low_diversity,high_level-low_diversity,5.5,Basic child support,1,-1,0,NA,1,0
331497006264,1,monetary,NA,1,4,NA,0.5882352941176471,3,6,12,60,female,0,4,4,0,0,2,3,1,63,0,0,0,0,0,1522,0,0,0,NA,NA,NA,NA,NA,NA,NA,NA,NA,NA,NA,NA,NA,NA,NA,TRUE,0.5956709950270315,0.6131323391820038,0.7517832173624565,0.15721471861552355,0.04738117320351489,0.05855369236193368,low,low,high,high,low,high,low_level-high_diversity,low_level-low_diversity,high_level-high_diversity,6.5,Basic child support,0,0,0,NA,0,1
331558564212,1,monetary,NA,1,4,0,0.7647058823529411,3,4,12,39,not female,0,4,3,-1,1,2,2,0,0,0,0,0,0,0,0,0,NA,NA,NA,NA,NA,NA,NA,NA,NA,NA,NA,NA,NA,NA,NA,NA,NA,TRUE,0.4133333813854659,NA,NA,0.0987369666839794,NA,NA,low,NA,NA,high,NA,NA,low_level-high_diversity,NA,NA,5.5,Basic child support,1,-1,0,NA,0,1
331646387760,1,monetary,NA,1,7,1,0.8235294117647058,4,8,18,59,not female,1,7,7,0,0,3,4,1,158,3,1,2,1,2,5610,75,0.013368983957219251,0.01802685404781956,1,1,0.7057691709703341,0.705769170970334,0.7057691709703341,1,1,0.7057691709703341,0.705769170970334,0.7057691709703341,1,1,0.7057691709703341,0.705769170970334,0.7057691709703341,TRUE,0.6508699553480456,0.6972955999189964,0.6971986651571116,0.11626212831776311,0.01764155327674527,0.01805925771704031,low,high,low,high,low,low,low_level-high_diversity,high_level-low_diversity,low_level-low_diversity,5.5,Basic child support,0,0,3,0.7057691709703341,0,1
331664859864,1,control,0,0,4,0,0.23529411764705882,1,7,12,68,female,0,4,4,0,0,1,1,0,53,0,0,0,0,0,2202,0,0,0,NA,NA,NA,NA,NA,NA,NA,NA,NA,NA,NA,NA,NA,NA,NA,TRUE,0.8672870221220477,0.6557946247194595,0.8861036314548085,0.12098185662424184,0.02076928994900766,0.10917845544017718,high,low,high,high,low,high,high_level-high_diversity,low_level-low_diversity,high_level-high_diversity,4,Basic child support,0,0,0,NA,0,0
332476016148,1,monetary,NA,1,4,0,0.5882352941176471,2,1,22,28,not female,0,4,4,0,0,1,2,1,36,0,0,0,0,0,29685,0,0,0,NA,NA,NA,NA,NA,NA,NA,NA,NA,NA,NA,NA,NA,NA,NA,TRUE,0.5721281502589877,0.6846187633926164,0.6854648053056439,0.14065249369253582,0.08980634021495355,0.08658692762772907,low,high,low,high,high,high,low_level-high_diversity,high_level-high_diversity,low_level-high_diversity,4.5,Basic child support,0,0,0,NA,0,1
332533810728,1,monetary,NA,1,1,1,0.8823529411764706,5,8,9,60,not female,0,1,1,0,0,3,2,-1,94,0,0,0,0,0,4494,0,0,0,NA,NA,NA,NA,NA,NA,NA,NA,NA,NA,NA,NA,NA,NA,NA,TRUE,0.7552793373699206,0.7751322739399219,0.7711923683018749,0.07414830531565865,0.03852550602055644,0.04052233965154294,high,high,high,low,low,low,high_level-low_diversity,high_level-low_diversity,high_level-low_diversity,7,Basic child support,0,0,0,NA,0,1
332541130212,1,verbal,1,NA,1,0,0.7647058823529411,4,8,15,48,not female,0,1,4,3,3,1,1,0,0,0,0,0,0,0,0,0,NA,NA,NA,NA,NA,NA,NA,NA,NA,NA,NA,NA,NA,NA,NA,NA,NA,TRUE,0.7774178598014629,NA,0.7996498537806059,0.0906908000301899,NA,NA,high,NA,high,high,NA,NA,high_level-high_diversity,NA,NA,4,Basic child support,3,3,0,NA,1,0
332551598148,1,control,0,0,4,0,0.5882352941176471,5,8,12,36,not female,0,4,4,0,0,2,2,0,98,0,0,0,0,0,46145,0,0,0,NA,NA,NA,NA,NA,NA,NA,NA,NA,NA,NA,NA,NA,NA,NA,TRUE,0.41524919682176886,0.6758053177237612,0.7884939632765077,0.07291811683129712,0.04160381957777398,0.05877891709464807,low,high,high,low,low,high,low_level-low_diversity,high_level-low_diversity,high_level-high_diversity,4,Basic child support,0,0,0,NA,0,0
332579913696,1,verbal,1,NA,6,0,0.7058823529411765,5,5,13,26,not female,0,6,6,0,0,2,3,1,385,0,0,0,0,0,15221,0,0,0,NA,NA,NA,NA,NA,NA,NA,NA,NA,NA,NA,NA,NA,NA,NA,TRUE,0.702562960219,0.648355875595028,0.7551611208521078,0.06697435607235597,NA,0.07452519592069767,high,low,high,low,NA,high,high_level-low_diversity,NA,high_level-high_diversity,5.5,Basic child support,0,0,0,NA,1,0
332597764728,1,monetary,NA,1,4,0,0.5294117647058824,4,3,9,38,female,0,4,5,1,1,1,1,0,9,0,0,0,0,0,361,0,0,0,NA,NA,NA,NA,NA,NA,NA,NA,NA,NA,NA,NA,NA,NA,NA,TRUE,0.7317914332622949,0.6862450545897466,0.6862450545897466,0.08623765472455006,0.13174308224962866,0.13174308224962866,high,high,low,low,high,high,high_level-low_diversity,high_level-high_diversity,low_level-high_diversity,5,Basic child support,1,1,0,NA,0,1
332701188264,1,control,0,0,5,0,0.5882352941176471,4,3,13,23,not female,0,5,4,-1,1,1,2,1,4,0,0,0,0,0,180,0,0,0,NA,NA,NA,NA,NA,NA,NA,NA,NA,NA,NA,NA,NA,NA,NA,TRUE,0.6279870761779157,NA,NA,0.10093369458948837,NA,NA,low,NA,NA,high,NA,NA,low_level-high_diversity,NA,NA,4.5,Basic child support,1,-1,0,NA,0,0
332724581064,1,verbal,1,NA,7,0,0.7058823529411765,3,2,15,43,female,1,7,6,-1,1,2,3,1,77,1,1,0,1,1,7189,12,0.0016692168590902768,0.011502163951600815,1,1,0.8340707366118348,0.834070736611835,0.834070736611835,NA,NA,NA,NA,NA,1,1,0.8340707366118348,0.834070736611835,0.834070736611835,TRUE,0.41804820414855826,0.6104871189654282,0.673432771039632,0.05698764698707704,0.12138214283278496,0.13355522851566454,low,low,low,low,high,high,low_level-low_diversity,low_level-high_diversity,low_level-high_diversity,5,Basic child support,1,-1,1,0.8340707366118348,1,0
332734017528,1,verbal,1,NA,7,0,0.6470588235294118,5,8,12,63,not female,0,7,7,0,0,3,2,-1,218,0,0,0,0,0,8747,0,0,0,NA,NA,NA,NA,NA,NA,NA,NA,NA,NA,NA,NA,NA,NA,NA,TRUE,0.7550073439202948,0.7613330647805714,0.7602608451417713,0.04762263398675558,0.04457840027733251,0.02608690013431223,high,high,high,low,low,low,high_level-low_diversity,high_level-low_diversity,high_level-low_diversity,6.5,Basic child support,0,0,0,NA,1,0
332796813516,1,control,0,0,1,1,0.5882352941176471,3,1,11,51,not female,0,1,1,0,0,2,2,0,201,0,0,0,0,0,10029,0,0,0,NA,NA,NA,NA,NA,NA,NA,NA,NA,NA,NA,NA,NA,NA,NA,TRUE,0.7316281605072342,0.6257831715110224,0.7770254753260039,0.124218823492824,0.05642672326838223,0.02279108800094741,high,low,high,high,high,low,high_level-high_diversity,low_level-high_diversity,high_level-low_diversity,5.5,Basic child support,0,0,0,NA,0,0
332821778832,1,control,0,0,4,0,0.7058823529411765,3,6,20,67,female,0,4,6,2,2,2,2,0,0,0,0,0,0,0,0,0,NA,NA,NA,NA,NA,NA,NA,NA,NA,NA,NA,NA,NA,NA,NA,NA,NA,TRUE,0.6898200912537408,0.7020984893808365,0.7201166532249111,0.04349960978604916,0.03777030599304169,0.05380741043210078,high,high,high,low,low,high,high_level-low_diversity,high_level-low_diversity,high_level-high_diversity,4.5,Basic child support,2,2,0,NA,0,0
332922253644,1,monetary,NA,1,4,0,0.17647058823529413,3,2,12,44,female,1,4,6,2,2,1,2,1,56,1,1,0,1,1,2788,5,0.001793400286944046,0.012050114892856291,NA,NA,NA,NA,NA,NA,NA,NA,NA,NA,NA,NA,NA,NA,NA,TRUE,0.48988721371771704,0.6760975103532186,0.603501101128377,0.11887758928053156,0.00419942947470685,0.02867393916442387,low,high,low,high,low,low,low_level-high_diversity,high_level-low_diversity,low_level-low_diversity,4.5,Basic child support,2,2,1,NA,0,1
333103718160,1,control,0,0,2,1,0.8823529411764706,4,8,16,51,not female,0,2,2,0,0,2,1,-1,32,0,0,0,0,0,4033,0,0,0,NA,NA,NA,NA,NA,NA,NA,NA,NA,NA,NA,NA,NA,NA,NA,TRUE,0.6939010811783136,0.7760447001154238,0.7704164587285269,0.1548187476157123,0.04260913784699034,0.06010293252136724,high,high,high,high,low,high,high_level-high_diversity,high_level-low_diversity,high_level-high_diversity,5.5,Basic child support,0,0,0,NA,0,0
333186824160,1,control,0,0,3,1,0.5882352941176471,4,5,10,44,not female,0,3,4,1,1,3,3,0,152,0,0,0,0,0,6690,0,0,0,NA,NA,NA,NA,NA,NA,NA,NA,NA,NA,NA,NA,NA,NA,NA,TRUE,0.6736132412398822,0.6896866098251175,0.6866237455045469,0.05307606209801198,0.07478793598620369,0.07477833700812477,high,high,low,low,high,high,high_level-low_diversity,high_level-high_diversity,low_level-high_diversity,4.5,Basic child support,1,1,0,NA,0,0
333303379128,1,monetary,NA,1,1,1,0.35294117647058826,4,8,20,60,female,0,1,1,0,0,2,2,0,136,3,1,3,0,1,11186,172,0.015376363311281959,0.02523326120028299,NA,NA,NA,NA,NA,NA,NA,NA,NA,NA,3,1,0.668271133133525,0.668271133133525,0.668271133133525,TRUE,0.4272953812118561,0.716003717833404,0.7194797803118618,0.07581968096103985,NA,0.00633781971510314,low,high,high,low,NA,low,low_level-low_diversity,NA,high_level-low_diversity,7,Basic child support,0,0,3,NA,0,1
333367402896,1,control,0,0,4,0,0.35294117647058826,3,4,12,54,female,0,4,5,1,1,2,2,0,6,0,0,0,0,0,254,0,0,0,NA,NA,NA,NA,NA,NA,NA,NA,NA,NA,NA,NA,NA,NA,NA,TRUE,0.6797894427943982,0.6684374283400885,0.6800637976802432,0.03503687454243798,0.03056953650254625,0.03232646724569967,high,low,low,low,low,low,high_level-low_diversity,low_level-low_diversity,low_level-low_diversity,5.5,Basic child support,1,1,0,NA,0,0
333382381812,1,control,0,0,7,1,0.9411764705882353,5,5,13,40,not female,0,7,7,0,0,3,3,0,261,0,0,0,0,0,9460,0,0,0,NA,NA,NA,NA,NA,NA,NA,NA,NA,NA,NA,NA,NA,NA,NA,TRUE,0.4697788937160266,0.6470936221350931,0.6860686888847484,0.11318322915404706,0.06604914355461515,0.03816949977816975,low,low,low,high,high,low,low_level-high_diversity,low_level-high_diversity,low_level-low_diversity,5.5,Basic child support,0,0,0,NA,0,0
333419387580,1,verbal,1,NA,5,0,0.6470588235294118,4,1,16,49,not female,0,5,4,-1,1,1,2,1,158,0,0,0,0,0,7534,0,0,0,NA,NA,NA,NA,NA,NA,NA,NA,NA,NA,NA,NA,NA,NA,NA,TRUE,0.7703538258680657,0.7958233565494375,0.7955316931548009,0.06301787106280883,0.02280816132019779,0.02332730799085856,high,high,high,low,low,low,high_level-low_diversity,high_level-low_diversity,high_level-low_diversity,4.5,Basic child support,1,-1,0,NA,1,0
333433547748,1,control,0,0,7,0,0.5882352941176471,2,0,12,32,female,0,7,7,0,0,2,2,0,82,0,0,0,0,0,4626,0,0,0,NA,NA,NA,NA,NA,NA,NA,NA,NA,NA,NA,NA,NA,NA,NA,TRUE,0.6555763432524161,0.6345506430342611,0.6419100757520979,0.08931645521382517,0.04380320488858757,0.05232050022275415,low,low,low,high,low,low,low_level-high_diversity,low_level-low_diversity,low_level-low_diversity,5,Basic child support,0,0,0,NA,0,0
333509673528,1,verbal,1,NA,4,0,0.7647058823529411,4,6,21,43,not female,0,4,4,0,0,1,1,0,288,0,0,0,0,0,9967,0,0,0,NA,NA,NA,NA,NA,NA,NA,NA,NA,NA,NA,NA,NA,NA,NA,TRUE,0.4579525998697826,0.6448542218671576,0.7370920734998242,0.14728746131299292,0.06132122736814899,0.1423039239185152,low,low,high,high,high,high,low_level-high_diversity,low_level-high_diversity,high_level-high_diversity,4.5,Basic child support,0,0,0,NA,1,0
333621101232,1,verbal,1,NA,5,1,0.11764705882352941,4,3,20,65,not female,0,5,6,1,1,3,3,0,162,0,0,0,0,0,11140,0,0,0,NA,NA,NA,NA,NA,NA,NA,NA,NA,NA,NA,NA,NA,NA,NA,TRUE,0.3827716921219517,0.7026209507939236,0.7026209507939236,0.04706913188062713,0.06462206963953897,0.06462206963953897,low,high,low,low,high,high,low_level-low_diversity,high_level-high_diversity,low_level-high_diversity,5,Basic child support,1,1,0,NA,1,0
333644082264,1,verbal,1,NA,5,0,0.5294117647058824,3,5,10,49,not female,0,5,5,0,0,2,2,0,2,0,0,0,0,0,30,0,0,0,NA,NA,NA,NA,NA,NA,NA,NA,NA,NA,NA,NA,NA,NA,NA,TRUE,0.7535413378450424,0.7862527886203863,0.7655801299748811,0.08904026992155714,0.04893947596359056,0.07447680828508906,high,high,high,high,low,high,high_level-high_diversity,high_level-low_diversity,high_level-high_diversity,6,Basic child support,0,0,0,NA,1,0
333674999748,1,monetary,NA,1,1,0,0.5294117647058824,3,1,11,60,female,1,1,4,3,3,1,2,1,387,7,1,1,6,2,31393,726,0.023126174624916382,0.02623469401956425,6,1,0.932303283086416,0.932303283086416,0.9323032830864161,6,1,0.932303283086416,0.932303283086416,0.9323032830864161,7,2,0.9303183607725277,0.8979924830892054,0.9152590738027545,TRUE,0.47312494049934656,0.6437756890864754,0.7458948925196177,0.13466502373474165,0.04944186555004883,0.03366291416156419,low,low,high,high,low,low,low_level-high_diversity,low_level-low_diversity,high_level-low_diversity,3.5,Basic child support,3,3,7,0.932303283086416,0,1
333757626264,1,control,0,0,1,1,0.7058823529411765,4,1,14,43,not female,0,1,1,0,0,2,3,1,518,0,0,0,0,0,15958,0,0,0,NA,NA,NA,NA,NA,NA,NA,NA,NA,NA,NA,NA,NA,NA,NA,TRUE,0.5635070281711216,0.6528033734422168,0.6573846901036575,0.12687527649250704,0.0377513763900553,0.03993123171096151,low,low,low,high,low,low,low_level-high_diversity,low_level-low_diversity,low_level-low_diversity,2.5,Basic child support,0,0,0,NA,0,0
335424943296,1,verbal,1,NA,5,1,0.8235294117647058,4,8,12,47,female,1,5,3,-2,2,3,4,1,41,1,1,0,1,1,4746,169,0.03560893383902233,0.0332899865693977,NA,NA,NA,NA,NA,NA,NA,NA,NA,NA,NA,NA,NA,NA,NA,TRUE,0.6938685853670957,0.6573573441232615,0.6662295193009319,0.10163813469275508,0.06603854610939679,0.0811249649117802,high,low,low,high,high,high,high_level-high_diversity,low_level-high_diversity,low_level-high_diversity,4.5,Basic child support,2,-2,1,NA,1,0
335891226096,1,control,0,0,5,0,0.23529411764705882,3,4,15,34,female,0,5,4,-1,1,1,2,1,115,0,0,0,0,0,2366,0,0,0,NA,NA,NA,NA,NA,NA,NA,NA,NA,NA,NA,NA,NA,NA,NA,TRUE,0.5696712326849828,0.6625790952288936,0.6661054824165454,0.1329077938054001,0.04052964744407372,0.05765192848748982,low,low,low,high,low,high,low_level-high_diversity,low_level-low_diversity,low_level-high_diversity,5,Basic child support,1,-1,0,NA,0,0
335905795296,1,verbal,1,NA,4,NA,0.7058823529411765,3,3,17,50,female,1,4,3,-1,1,2,3,1,442,3,1,1,2,2,18402,196,0.010651016193891968,0.007858823560369271,2,1,0.8340707366118351,0.834070736611835,0.834070736611835,NA,NA,NA,NA,NA,3,2,0.8289952385461725,0.778804202119065,0.802228250461353,TRUE,0.5171373612643827,0.6473735029545291,0.7490880085251933,0.16296373314057164,0.08651890753601803,0.06825126511452413,low,low,high,high,high,high,low_level-high_diversity,low_level-high_diversity,high_level-high_diversity,5.5,Basic child support,1,-1,3,0.8340707366118351,1,0
335907029232,1,monetary,NA,1,7,0,0.7058823529411765,3,8,19,31,not female,1,7,7,0,0,1,2,1,75,9,1,3,6,3,2311,1188,0.5140631761142362,0.18504945689864027,6,2,0.6369251256142463,0.663660417954603,0.6459264284404617,4,1,0.5784552586259869,0.578455258625987,0.578455258625987,9,3,0.637241751952825,0.6651973230142437,0.6490633633694802,TRUE,0.678610559676916,0.6855721805847093,0.7166827484604568,0.09734986504571554,0.052339598327315,0.0963262809899303,high,high,high,high,low,high,high_level-high_diversity,high_level-low_diversity,high_level-high_diversity,5.5,Basic child support,0,0,9,0.6369251256142463,0,1
335939244948,1,monetary,NA,1,4,0,0.5294117647058824,2,1,11,52,female,0,4,7,3,3,1,3,2,63,0,0,0,0,0,8280,0,0,0,NA,NA,NA,NA,NA,NA,NA,NA,NA,NA,NA,NA,NA,NA,NA,TRUE,0.4315224157786765,0.6487531919337627,0.9147737412503604,0.1041003979291842,0.05089312523780876,0.07517274083914317,low,low,high,high,low,high,low_level-high_diversity,low_level-low_diversity,high_level-high_diversity,7,Basic child support,3,3,0,NA,0,1
335953130148,1,monetary,NA,1,7,0,0,3,4,12,44,female,0,7,7,0,0,2,3,1,27,0,0,0,0,0,2154,0,0,0,NA,NA,NA,NA,NA,NA,NA,NA,NA,NA,NA,NA,NA,NA,NA,TRUE,0.7369805667017706,0.7166086347163331,0.7119813401300009,0.0979363469084548,0.10043105211826914,0.09566708133617814,high,high,high,high,high,high,high_level-high_diversity,high_level-high_diversity,high_level-high_diversity,4.5,Basic child support,0,0,0,NA,0,1
335992182444,1,monetary,NA,1,1,0,0.5294117647058824,3,2,10,64,female,0,1,5,4,4,2,2,0,58,0,0,0,0,0,5404,0,0,0,NA,NA,NA,NA,NA,NA,NA,NA,NA,NA,NA,NA,NA,NA,NA,TRUE,0.6650845811406729,0.6626010066492731,0.66416702738612,0.0576163011732629,0.06937409291611783,0.06853502115605936,high,low,low,low,high,high,high_level-low_diversity,low_level-high_diversity,low_level-high_diversity,5.5,Basic child support,4,4,0,NA,0,1
336028571244,1,verbal,1,NA,4,0,0.7058823529411765,3,8,13,46,not female,0,4,5,1,1,2,2,0,224,0,0,0,0,0,4659,0,0,0,NA,NA,NA,NA,NA,NA,NA,NA,NA,NA,NA,NA,NA,NA,NA,TRUE,0.5737839470554561,0.6305982112996542,0.704959475251977,0.15844168372848447,0.04597008310665033,0.04220901891324574,low,low,low,high,low,low,low_level-high_diversity,low_level-low_diversity,low_level-low_diversity,4,Basic child support,1,1,0,NA,1,0
336050532432,1,monetary,NA,1,7,0,0.5882352941176471,3,7,18,62,female,1,7,6,-1,1,1,1,0,790,17,1,9,8,6,28360,1090,0.03843441466854725,0.032518026211429636,5,4,0.852284747984777,0.7396587653919183,0.7658622407006617,5,4,0.852284747984777,0.7396587653919183,0.7658622407006617,14,5,0.7778962653853349,0.6937667160829513,0.7035767669386893,TRUE,0.7199365600924281,0.7426658400526981,0.7358215044905543,0.10367805184119666,0.09628031209003458,0.0999244132698414,high,high,high,high,high,high,high_level-high_diversity,high_level-high_diversity,high_level-high_diversity,5.5,Basic child support,1,-1,17,0.852284747984777,0,1
336066055128,1,control,0,0,4,0,0.9411764705882353,4,5,12,54,female,0,4,4,0,0,2,3,1,226,0,0,0,0,0,15891,0,0,0,NA,NA,NA,NA,NA,NA,NA,NA,NA,NA,NA,NA,NA,NA,NA,TRUE,0.6746602122942051,NA,0.728858942925592,0.117013446318928,NA,0.00292380749870129,high,NA,high,high,NA,low,high_level-high_diversity,NA,high_level-low_diversity,5.5,Basic child support,0,0,0,NA,0,0
336092047812,1,monetary,NA,1,4,0,0.6470588235294118,5,1,20,58,not female,0,4,5,1,1,2,2,0,0,0,0,0,0,0,0,0,NA,NA,NA,NA,NA,NA,NA,NA,NA,NA,NA,NA,NA,NA,NA,NA,NA,FALSE,NA,NA,NA,NA,NA,NA,NA,NA,NA,NA,NA,NA,NA,NA,NA,7,Basic child support,1,1,0,NA,0,1
336093073128,1,monetary,NA,1,4,0,0.5294117647058824,2,1,13,56,not female,0,4,4,0,0,1,1,0,77,0,0,0,0,0,9957,0,0,0,NA,NA,NA,NA,NA,NA,NA,NA,NA,NA,NA,NA,NA,NA,NA,TRUE,0.6847599890021847,0.6740508990716017,0.6708257411985694,0.05783885530510853,0.02946181969876613,0.03562727988309253,high,high,low,low,low,low,high_level-low_diversity,high_level-low_diversity,low_level-low_diversity,4.5,Basic child support,0,0,0,NA,0,1
336213594612,1,verbal,1,NA,4,1,0.8823529411764706,4,8,17,51,not female,0,4,4,0,0,3,3,0,1280,0,0,0,0,0,32407,0,0,0,NA,NA,NA,NA,NA,NA,NA,NA,NA,NA,NA,NA,NA,NA,NA,TRUE,0.741732708448705,0.6821345571853425,0.7726086029412853,0.10200046415226124,0.03131167439917883,0.01350524200277681,high,high,high,high,low,low,high_level-high_diversity,high_level-low_diversity,high_level-low_diversity,5,Basic child support,0,0,0,NA,1,0
336312157644,1,control,0,0,4,1,0.7647058823529411,5,8,18,50,female,0,4,4,0,0,2,2,0,767,0,0,0,0,0,18088,0,0,0,NA,NA,NA,NA,NA,NA,NA,NA,NA,NA,NA,NA,NA,NA,NA,TRUE,0.7108391325534108,0.6914247903960677,0.7189591950565728,0.06582250503425054,0.03627267727553044,0.04549478653786511,high,high,high,low,low,low,high_level-low_diversity,high_level-low_diversity,high_level-low_diversity,5.5,Basic child support,0,0,0,NA,0,0
336365716212,1,verbal,1,NA,7,1,0.8235294117647058,5,8,13,62,not female,0,7,7,0,0,2,3,1,3,0,0,0,0,0,237,0,0,0,NA,NA,NA,NA,NA,NA,NA,NA,NA,NA,NA,NA,NA,NA,NA,TRUE,0.647628790595164,0.6382620440157438,0.6475897543952049,0.06288946582427643,0.04483486825362041,0.06294248921027666,low,low,low,low,low,high,low_level-low_diversity,low_level-low_diversity,low_level-high_diversity,7,Basic child support,0,0,0,NA,1,0
336368866716,1,monetary,NA,1,7,1,0.8235294117647058,5,7,12,48,not female,0,7,7,0,0,3,3,0,10,0,0,0,0,0,1084,0,0,0,NA,NA,NA,NA,NA,NA,NA,NA,NA,NA,NA,NA,NA,NA,NA,TRUE,0.6037329447997746,0.6984108905668773,0.7192402617706989,0.1450416232139092,0.04367146700721598,0.03026595387253789,low,high,high,high,low,low,low_level-high_diversity,high_level-low_diversity,high_level-low_diversity,7,Basic child support,0,0,0,NA,0,1
336385416780,1,verbal,1,NA,5,0,0.7647058823529411,4,1,17,67,not female,1,5,6,1,1,3,2,-1,13,2,1,1,1,2,1031,134,0.12997090203685743,0.15837061396171062,NA,NA,NA,NA,NA,NA,NA,NA,NA,NA,1,1,0.668271133133525,0.668271133133525,0.668271133133525,TRUE,0.6482462666517047,0.6643497294944596,0.6656423275609846,0.0979217182902182,0.05125314012402657,0.05205286899910596,low,low,low,high,low,low,low_level-high_diversity,low_level-low_diversity,low_level-low_diversity,6.5,Basic child support,1,1,2,NA,1,0
336436920612,1,verbal,1,NA,5,0,0.7058823529411765,4,5,16,58,not female,1,5,5,0,0,3,2,-1,276,2,1,1,1,2,10287,423,0.04111986001749781,0.01162059739916625,NA,NA,NA,NA,NA,NA,NA,NA,NA,NA,1,1,0.668271133133525,0.668271133133525,0.668271133133525,TRUE,0.6857316542231344,0.7100694517774881,0.7128634625259085,0.05317801420874501,0.07961466656296141,0.07584687558655435,high,high,high,low,high,high,high_level-low_diversity,high_level-high_diversity,high_level-high_diversity,7,Basic child support,0,0,2,NA,1,0
336439112148,1,control,0,0,2,1,0.8235294117647058,4,7,19,46,not female,1,2,5,3,3,3,3,0,146,5,1,3,2,3,11981,172,0.014356063767632083,0.04089446703438528,1,1,0.705769170970334,0.705769170970334,0.705769170970334,1,1,0.705769170970334,0.705769170970334,0.705769170970334,4,2,0.6878801987913058,0.6776456425927273,0.6805337112982057,TRUE,0.4778387577666171,0.6776962600076006,0.7451798214562063,0.15728709696644078,0.08450413920182753,0.03830201337117211,low,high,high,high,high,low,low_level-high_diversity,high_level-high_diversity,high_level-low_diversity,5,Basic child support,3,3,5,0.705769170970334,0,0
336468520044,1,control,0,0,7,0,0.9411764705882353,5,6,17,65,not female,0,7,7,0,0,4,3,-1,103,0,0,0,0,0,7358,0,0,0,NA,NA,NA,NA,NA,NA,NA,NA,NA,NA,NA,NA,NA,NA,NA,TRUE,0.8061111573077364,NA,0.8136382576039393,0.03221976355983529,NA,7.803919816072334e-4,high,NA,high,low,NA,low,high_level-low_diversity,NA,high_level-low_diversity,6,Basic child support,0,0,0,NA,0,0
337361281632,1,monetary,NA,1,4,0,0.8235294117647058,4,1,5,49,female,1,4,1,-3,3,1,3,2,157,2,1,1,1,2,7077,73,0.010315105270594885,0.017802437200993615,NA,NA,NA,NA,NA,NA,NA,NA,NA,NA,1,1,0.799649853780606,0.799649853780606,0.799649853780606,TRUE,0.6890782750789513,0.6764015944440098,0.6941991359931154,0.0407798440294765,0.01610595660633906,0.01486054164814275,high,high,low,low,low,low,high_level-low_diversity,high_level-low_diversity,low_level-low_diversity,4.5,Basic child support,3,-3,2,NA,0,1
337398761412,1,monetary,NA,1,4,0,0.7647058823529411,4,3,13,48,not female,0,4,1,-3,3,1,2,1,88,0,0,0,0,0,4202,0,0,0,NA,NA,NA,NA,NA,NA,NA,NA,NA,NA,NA,NA,NA,NA,NA,TRUE,0.6738612450533427,0.6343929608261921,0.6831645507976656,0.11450179545454704,0.04786171638614815,0.05743508282832794,high,low,low,high,low,high,high_level-high_diversity,low_level-low_diversity,low_level-high_diversity,3.5,Basic child support,3,-3,0,NA,0,1
337486379760,1,control,0,0,7,1,0.8823529411764706,5,8,12,62,not female,0,7,7,0,0,4,3,-1,9,0,0,0,0,0,1556,0,0,0,NA,NA,NA,NA,NA,NA,NA,NA,NA,NA,NA,NA,NA,NA,NA,TRUE,0.6469488703564614,0.6459711619492338,0.6526484555407306,0.10073098538670897,0.12278953176119987,0.1172648180777316,low,low,low,high,high,high,low_level-high_diversity,low_level-high_diversity,low_level-high_diversity,6,Basic child support,0,0,0,NA,0,0
337500337464,1,control,0,0,1,1,0.8823529411764706,5,2,11,67,female,0,1,1,0,0,3,3,0,140,0,0,0,0,0,5264,0,0,0,NA,NA,NA,NA,NA,NA,NA,NA,NA,NA,NA,NA,NA,NA,NA,TRUE,0.7520824480016252,0.6983438235410879,0.7522534536716402,0.05927795709276107,0.0567942478998176,0.05862165573207389,high,high,high,low,high,high,high_level-low_diversity,high_level-high_diversity,high_level-high_diversity,4.5,Basic child support,0,0,0,NA,0,0
337523113296,1,control,0,0,7,1,0.5882352941176471,5,4,10,67,not female,0,7,7,0,0,3,3,0,106,0,0,0,0,0,8826,0,0,0,NA,NA,NA,NA,NA,NA,NA,NA,NA,NA,NA,NA,NA,NA,NA,TRUE,0.7286932313580262,NA,0.7286932313580262,NA,NA,NA,high,NA,high,NA,NA,NA,NA,NA,NA,7,Basic child support,0,0,0,NA,0,0
337563399528,1,monetary,NA,1,4,0,0.47058823529411764,2,5,13,33,female,0,4,5,1,1,2,2,0,0,0,0,0,0,0,0,0,NA,NA,NA,NA,NA,NA,NA,NA,NA,NA,NA,NA,NA,NA,NA,NA,NA,TRUE,0.7117037286123091,0.7110843874168387,0.7129077089772426,0.08001534251779614,0.08038976840700657,0.08115956534299683,high,high,high,low,high,high,high_level-low_diversity,high_level-high_diversity,high_level-high_diversity,4,Basic child support,1,1,0,NA,0,1
337628106612,1,control,0,0,1,1,0.5882352941176471,5,6,13,47,not female,0,1,2,1,1,3,2,-1,96,0,0,0,0,0,4000,0,0,0,NA,NA,NA,NA,NA,NA,NA,NA,NA,NA,NA,NA,NA,NA,NA,TRUE,0.6717386833187089,0.671172659935258,0.6712260170266231,0.0693753901938317,0.07451863982729799,0.0738652314059858,high,low,low,low,high,high,high_level-low_diversity,low_level-high_diversity,low_level-high_diversity,6,Basic child support,1,1,0,NA,0,0
337689875232,1,verbal,1,NA,5,0,0.5882352941176471,2,8,10,44,not female,1,5,6,1,1,1,2,1,497,3,1,1,2,2,12281,193,0.015715332627636185,0.007769950164367835,2,1,0.9323032830864161,0.932303283086416,0.932303283086416,2,1,0.9323032830864161,0.932303283086416,0.932303283086416,3,2,0.9268311141754753,0.8442925664354524,0.8819821050459467,TRUE,0.6168394959870744,0.7003083552977254,0.7484253732664397,0.16130077834070655,0.06675550548451156,0.06934146276659874,low,high,high,high,high,high,low_level-high_diversity,high_level-high_diversity,high_level-high_diversity,3.5,Basic child support,1,1,3,0.9323032830864161,1,0
337823866728,1,monetary,NA,1,4,0,0.47058823529411764,3,8,12,58,not female,1,4,4,0,0,1,2,1,151,3,1,1,2,3,5891,205,0.03479884569682567,0.029743876898279176,2,2,0.8359057885689343,0.819036227028375,0.8227374812695984,2,2,0.8359057885689343,0.819036227028375,0.8227374812695984,3,3,0.8328991988547803,0.812574102612452,0.8171654300072615,TRUE,0.8073543487362353,NA,0.8145563197085975,0.05306859787588286,NA,0.01169122876377106,high,NA,high,low,NA,low,high_level-low_diversity,NA,high_level-low_diversity,6,Basic child support,0,0,3,0.8359057885689343,0,1
337924757412,1,monetary,NA,1,6,0,0.4117647058823529,3,5,12,38,female,1,6,7,1,1,1,3,2,454,7,1,4,3,4,40472,605,0.014948606443961256,0.019476310263990472,3,3,0.5973680268464673,0.6152502000580576,0.6097078012915588,3,3,0.5973680268464673,0.6152502000580576,0.6097078012915588,7,4,0.60779840115977,0.6455478761011819,0.6349651632906598,TRUE,0.3911645894334839,0.8140944834600109,0.7983572981066004,0.07616557382648667,0.02326938381343294,0.05967092374362512,low,high,high,low,low,high,low_level-low_diversity,high_level-low_diversity,high_level-high_diversity,6,Basic child support,1,1,7,0.5973680268464673,0,1
338363202780,1,monetary,NA,1,4,0,0.8235294117647058,5,8,17,44,not female,1,4,7,3,3,1,3,2,225,7,1,2,5,4,39047,585,0.01498194483571081,0.03880071722978504,2,2,0.762947042614916,0.7699199537910845,0.7681380445505852,1,1,0.705769170970334,0.705769170970334,0.705769170970334,4,3,0.7379526025118287,0.7190955434623048,0.7266897523309552,TRUE,0.4504465960736297,0.510125307864793,0.7283879688950465,0.11250661546567182,NA,0.00816256071845887,low,low,high,high,NA,low,low_level-high_diversity,NA,high_level-low_diversity,5.5,Basic child support,3,3,7,0.762947042614916,0,1
338424079464,1,monetary,NA,1,4,0,0.7058823529411765,4,4,13,61,female,0,4,7,3,3,2,2,0,361,0,0,0,0,0,12916,0,0,0,NA,NA,NA,NA,NA,NA,NA,NA,NA,NA,NA,NA,NA,NA,NA,TRUE,0.4187852504705832,0.6783823589632375,0.6699830739417326,0.05549211733306508,0.01097502040319762,0.03279568707830895,low,high,low,low,low,low,low_level-low_diversity,high_level-low_diversity,low_level-low_diversity,6,Basic child support,3,3,0,NA,0,1
338559034716,1,control,0,0,7,1,0.8823529411764706,4,7,12,63,not female,0,7,6,-1,1,3,3,0,190,0,0,0,0,0,10242,0,0,0,NA,NA,NA,NA,NA,NA,NA,NA,NA,NA,NA,NA,NA,NA,NA,TRUE,0.6359629806127234,0.6964297214868065,0.7294246486504848,0.1586759407322973,0.05649402388711976,0.04490846859277576,low,high,high,high,high,low,low_level-high_diversity,high_level-high_diversity,high_level-low_diversity,5,Basic child support,1,-1,0,NA,0,0
339334073748,1,verbal,1,NA,6,0,0.47058823529411764,3,4,15,21,female,0,6,5,-1,1,1,3,2,0,0,0,0,0,0,0,0,NA,NA,NA,NA,NA,NA,NA,NA,NA,NA,NA,NA,NA,NA,NA,NA,NA,TRUE,0.3860180175452497,NA,0.799649853780606,0.056258143820972883,NA,NA,low,NA,high,low,NA,NA,low_level-low_diversity,NA,NA,5,Basic child support,1,-1,0,NA,1,0
339368474844,1,control,0,0,4,0,0.6470588235294118,3,4,15,62,not female,0,4,4,0,0,2,2,0,36,0,0,0,0,0,1488,0,0,0,NA,NA,NA,NA,NA,NA,NA,NA,NA,NA,NA,NA,NA,NA,NA,TRUE,0.7274265469123428,0.7289442577230669,0.729543706943009,0.08005740517502938,0.0677735169035865,0.0767605990859089,high,high,high,low,high,high,high_level-low_diversity,high_level-high_diversity,high_level-high_diversity,4,Basic child support,0,0,0,NA,0,0
339412460148,1,control,0,0,2,1,0.6470588235294118,5,6,15,59,not female,0,2,1,-1,1,4,2,-2,359,0,0,0,0,0,7339,0,0,0,NA,NA,NA,NA,NA,NA,NA,NA,NA,NA,NA,NA,NA,NA,NA,TRUE,0.6968555256844937,0.6472825660873051,0.6968129508698007,0.04838125134247308,0.06930122056640049,0.04223177428125081,high,low,low,low,high,low,high_level-low_diversity,low_level-high_diversity,low_level-low_diversity,5.5,Basic child support,1,-1,0,NA,0,0
339443236728,1,monetary,NA,1,4,0,0.4117647058823529,2,8,9,40,female,0,4,7,3,3,2,2,0,2,0,0,0,0,0,162,0,0,0,NA,NA,NA,NA,NA,NA,NA,NA,NA,NA,NA,NA,NA,NA,NA,TRUE,0.607267280821556,0.6564747417976288,0.6702820125965825,0.165611144003531,0.08120231099435025,0.07427892770415577,low,low,low,high,high,high,low_level-high_diversity,low_level-high_diversity,low_level-high_diversity,5.5,Basic child support,3,3,0,NA,0,1
339468139116,1,verbal,1,NA,7,0,0.8235294117647058,5,8,10,38,not female,0,7,7,0,0,2,2,0,486,0,0,0,0,0,17412,0,0,0,NA,NA,NA,NA,NA,NA,NA,NA,NA,NA,NA,NA,NA,NA,NA,TRUE,0.7099006487891458,0.6860405304092043,0.7299911217025424,0.1031044105050778,0.04614647152670942,0.05489233912954623,high,high,high,high,low,high,high_level-high_diversity,high_level-low_diversity,high_level-high_diversity,4,Basic child support,0,0,0,NA,1,0
339473810844,1,control,0,0,5,NA,0.23529411764705882,3,6,13,40,female,0,5,5,0,0,3,3,0,78,0,0,0,0,0,2259,0,0,0,NA,NA,NA,NA,NA,NA,NA,NA,NA,NA,NA,NA,NA,NA,NA,TRUE,0.6936878172086309,0.69891244089859,0.6997077454596039,0.06352633768791296,0.06991356431255091,0.06920640079070765,high,high,low,low,high,high,high_level-low_diversity,high_level-high_diversity,low_level-high_diversity,6,Basic child support,0,0,0,NA,0,0
339474562560,1,monetary,NA,1,6,1,0.47058823529411764,3,5,20,30,female,0,6,7,1,1,3,3,0,2,0,0,0,0,0,364,0,0,0,NA,NA,NA,NA,NA,NA,NA,NA,NA,NA,NA,NA,NA,NA,NA,TRUE,0.668271133133525,NA,NA,NA,NA,NA,high,NA,NA,NA,NA,NA,NA,NA,NA,4,Basic child support,1,1,0,NA,0,1
339512253696,1,verbal,1,NA,7,0,0.7058823529411765,4,8,12,55,not female,0,7,7,0,0,3,3,0,124,0,0,0,0,0,2708,0,0,0,NA,NA,NA,NA,NA,NA,NA,NA,NA,NA,NA,NA,NA,NA,NA,TRUE,0.7164117283282532,0.6488375961589505,0.7271072147398902,0.02483030857530445,0.00230568043259721,0.01114641199307023,high,low,high,low,low,low,high_level-low_diversity,low_level-low_diversity,high_level-low_diversity,6.5,Basic child support,0,0,0,NA,1,0
339552675360,1,verbal,1,NA,5,0,0.8823529411764706,3,5,18,41,not female,0,5,5,0,0,2,2,0,31,0,0,0,0,0,796,0,0,0,NA,NA,NA,NA,NA,NA,NA,NA,NA,NA,NA,NA,NA,NA,NA,TRUE,0.697463707501056,0.6856325589193969,0.697463707501056,0.04964889707460249,0.05494228289425831,0.04964889707460249,high,high,low,low,high,low,high_level-low_diversity,high_level-high_diversity,low_level-low_diversity,5.5,Basic child support,0,0,0,NA,1,0
339572310264,1,monetary,NA,1,5,0,0.8823529411764706,4,1,18,42,female,1,5,3,-2,2,1,2,1,296,8,1,4,4,2,10888,420,0.03857457751653196,0.032569868792065644,4,1,0.932303283086416,0.932303283086416,0.932303283086416,4,1,0.932303283086416,0.932303283086416,0.932303283086416,8,2,0.8958417004738738,0.8002872081099706,0.8354902792405485,TRUE,0.5671937135578579,0.6837349429206045,0.678729451757526,0.13727526591105452,0.03159944423331419,0.04587626194948223,low,high,low,high,low,low,low_level-high_diversity,high_level-low_diversity,low_level-low_diversity,5.5,Basic child support,2,-2,8,0.932303283086416,0,1
339637903812,1,control,0,0,7,NA,0.8235294117647058,5,8,15,64,not female,0,7,7,0,0,2,2,0,92,0,0,0,0,0,6687,0,0,0,NA,NA,NA,NA,NA,NA,NA,NA,NA,NA,NA,NA,NA,NA,NA,TRUE,0.602510179392911,0.6969992624542664,0.6960046433307402,0.1429832581053966,0.07476297961640224,0.0740043185192884,low,high,low,high,high,high,low_level-high_diversity,high_level-high_diversity,low_level-high_diversity,6.5,Basic child support,0,0,0,NA,0,0
339764721516,1,verbal,1,NA,4,1,0.8823529411764706,4,1,11,66,female,1,4,2,-2,2,2,3,1,216,4,1,2,2,2,9362,260,0.027771843623157447,0.02042002683281358,NA,NA,NA,NA,NA,NA,NA,NA,NA,NA,2,1,0.668271133133525,0.668271133133525,0.668271133133525,TRUE,0.4371851499079591,0.6174685434680623,0.6251778983321773,0.08106274785975885,0.04577299430161714,0.05192781088739538,low,low,low,low,low,low,low_level-low_diversity,low_level-low_diversity,low_level-low_diversity,7,Basic child support,2,-2,4,NA,1,0
339838728948,1,monetary,NA,1,7,1,0.5294117647058824,5,6,10,58,female,1,7,7,0,0,2,3,1,93,1,1,0,1,1,3270,359,0.10978593272171254,0.027213903548734784,NA,NA,NA,NA,NA,NA,NA,NA,NA,NA,NA,NA,NA,NA,NA,TRUE,0.6504989741646705,0.6359950487610436,0.6298840595433444,0.08093556961525901,0.06587001762623866,0.07029066306543139,low,low,low,low,high,high,low_level-low_diversity,low_level-high_diversity,low_level-high_diversity,7,Basic child support,0,0,1,NA,0,1
339941464380,1,verbal,1,NA,6,0,0.8235294117647058,3,3,14,58,female,1,6,4,-2,2,2,3,1,225,2,1,1,1,2,24754,74,0.0029894158519835176,0.00999399625378817,NA,NA,NA,NA,NA,NA,NA,NA,NA,NA,1,1,0.668271133133525,0.668271133133525,0.668271133133525,TRUE,0.427380463340492,0.6501598122189837,0.73406742533027,0.07927854088484106,0.01403677285256554,0.06542595033047637,low,low,high,low,low,high,low_level-low_diversity,low_level-low_diversity,high_level-high_diversity,7,Basic child support,2,-2,2,NA,1,0
339960888612,1,monetary,NA,1,7,0,0.5294117647058824,5,8,13,45,not female,0,7,4,-3,3,1,3,2,78,0,0,0,0,0,4247,0,0,0,NA,NA,NA,NA,NA,NA,NA,NA,NA,NA,NA,NA,NA,NA,NA,TRUE,0.6219052781940213,0.6418513404987954,0.655073863143837,0.1078401145285397,0.02559891795440216,0.06290304593661229,low,low,low,high,low,high,low_level-high_diversity,low_level-low_diversity,low_level-high_diversity,7,Basic child support,3,-3,0,NA,0,1
340026146316,1,monetary,NA,1,4,0,0.4117647058823529,2,8,14,68,not female,0,4,4,0,0,2,3,1,2,0,0,0,0,0,131,0,0,0,NA,NA,NA,NA,NA,NA,NA,NA,NA,NA,NA,NA,NA,NA,NA,TRUE,0.6447328766969147,0.6250064375896417,0.62902755220107065,0.02766773646929297,0.02328928093919295,0.0256891806886955,low,low,low,low,low,low,low_level-low_diversity,low_level-low_diversity,low_level-low_diversity,5.5,Basic child support,0,0,0,NA,0,1
340120874160,1,control,0,0,5,1,0.5294117647058824,4,2,12,31,not female,0,5,6,1,1,2,3,1,96,1,1,1,0,1,3323,36,0.010833584110743304,0.013932193971904644,NA,NA,NA,NA,NA,NA,NA,NA,NA,NA,1,1,0.668271133133525,0.668271133133525,0.668271133133525,TRUE,0.6933202750616708,0.6869694646135877,0.763335249855152,0.06950626039803877,0.0740941385374908,0.06325418421205022,high,high,high,low,high,high,high_level-low_diversity,high_level-high_diversity,high_level-high_diversity,6.5,Basic child support,1,1,1,NA,0,0
340144885980,1,control,0,0,1,0,0.5882352941176471,3,6,13,36,not female,0,1,1,0,0,1,1,0,51,0,0,0,0,0,57123,0,0,0,NA,NA,NA,NA,NA,NA,NA,NA,NA,NA,NA,NA,NA,NA,NA,TRUE,0.4584511567482716,0.7795159929489385,0.7604063743229221,0.13111070301049693,0.03985200377665712,0.03671153821664955,low,high,high,high,low,low,low_level-high_diversity,high_level-low_diversity,high_level-low_diversity,4,Basic child support,0,0,0,NA,0,0
340237222560,1,verbal,1,NA,4,1,0.7058823529411765,3,6,13,51,female,0,4,4,0,0,3,3,0,76,0,0,0,0,0,5976,0,0,0,NA,NA,NA,NA,NA,NA,NA,NA,NA,NA,NA,NA,NA,NA,NA,TRUE,0.7393026245450645,0.6523448121228976,0.7437390370827964,0.07035573526767823,0.07148207590233911,0.06503952697952162,high,low,high,low,high,high,high_level-low_diversity,low_level-high_diversity,high_level-high_diversity,6.5,Basic child support,0,0,0,NA,1,0
340243723296,1,verbal,1,NA,7,0,0.7058823529411765,3,0,11,44,not female,0,7,6,-1,1,1,3,2,29,0,0,0,0,0,5605,0,0,0,NA,NA,NA,NA,NA,NA,NA,NA,NA,NA,NA,NA,NA,NA,NA,TRUE,0.7020100410361606,0.8303735756098448,0.7948097375333022,0.2004148153431959,0.02568035597287517,0.04974124445661135,high,high,high,high,low,low,high_level-high_diversity,high_level-low_diversity,high_level-low_diversity,4.5,Basic child support,1,-1,0,NA,1,0
340245912780,1,monetary,NA,1,1,0,0.7647058823529411,5,8,13,63,female,0,1,4,3,3,1,2,1,293,0,0,0,0,0,9706,0,0,0,NA,NA,NA,NA,NA,NA,NA,NA,NA,NA,NA,NA,NA,NA,NA,TRUE,0.6460400602091921,0.6043107679862706,0.8081976640980929,0.19686962106196604,0.14043428876104128,0.03061378101232575,low,low,high,high,high,low,low_level-high_diversity,low_level-high_diversity,high_level-low_diversity,6.5,Basic child support,3,3,0,NA,0,1
340410140496,1,verbal,1,NA,5,0,0.11764705882352941,1,0,11,46,female,1,5,6,1,1,2,2,0,267,3,1,1,2,3,10166,91,0.008951406649616368,0.014910015211450262,1,1,0.578280690197945,0.578280690197945,0.578280690197945,1,1,0.578280690197945,0.578280690197945,0.578280690197945,2,2,0.632539633732633,0.623275911665735,0.6258564374297441,TRUE,0.5606163577697412,0.679101447054083,0.7158948456406162,0.1458243803962828,0.06882184463822075,0.0432882843615214,low,high,high,high,high,low,low_level-high_diversity,high_level-high_diversity,high_level-low_diversity,3,Basic child support,1,1,3,0.578280690197945,1,0
340552889928,1,control,0,0,6,0,0.4117647058823529,3,6,13,63,female,0,6,7,1,1,2,1,-1,3,0,0,0,0,0,65,0,0,0,NA,NA,NA,NA,NA,NA,NA,NA,NA,NA,NA,NA,NA,NA,NA,TRUE,0.7163309562843141,0.76180237444443,0.76180237444443,0.10912477254149353,0.06584702115108641,0.06584702115108641,high,high,high,high,high,high,high_level-high_diversity,high_level-high_diversity,high_level-high_diversity,3.5,Basic child support,1,1,0,NA,0,0
340634619720,1,monetary,NA,1,6,0,0.7647058823529411,3,8,14,47,female,0,6,4,-2,2,3,3,0,43,0,0,0,0,0,7336,0,0,0,NA,NA,NA,NA,NA,NA,NA,NA,NA,NA,NA,NA,NA,NA,NA,TRUE,0.6755820592786528,0.6746538761985068,0.6740091375782729,0.07900830873120579,0.08057645069026298,0.07804487061091643,high,high,low,low,high,high,high_level-low_diversity,high_level-high_diversity,low_level-high_diversity,4,Basic child support,2,-2,0,NA,0,1
340635583476,1,monetary,NA,1,6,1,0.5882352941176471,5,7,16,36,female,0,6,5,-1,1,4,4,0,31,0,0,0,0,0,1707,0,0,0,NA,NA,NA,NA,NA,NA,NA,NA,NA,NA,NA,NA,NA,NA,NA,TRUE,0.6747559745225502,0.6840100754578688,0.6451945284917245,0.07567604192798863,0.0773278686738827,0.0285747130723319,high,high,low,low,high,low,high_level-low_diversity,high_level-high_diversity,low_level-low_diversity,6.5,Basic child support,1,-1,0,NA,0,1
340636960368,1,verbal,1,NA,7,0,0.6470588235294118,1,8,12,50,not female,0,7,7,0,0,1,2,1,416,0,0,0,0,0,21938,0,0,0,NA,NA,NA,NA,NA,NA,NA,NA,NA,NA,NA,NA,NA,NA,NA,TRUE,0.4491908857937542,0.6198322033436711,0.7016291116483319,0.11871485006699396,0.05724395679822852,0.07099265754054333,low,low,low,high,high,high,low_level-high_diversity,low_level-high_diversity,low_level-high_diversity,7,Basic child support,0,0,0,NA,1,0
340639446708,1,verbal,1,NA,6,1,0.5882352941176471,5,8,12,32,female,0,6,7,1,1,3,3,0,3,0,0,0,0,0,2070,0,0,0,NA,NA,NA,NA,NA,NA,NA,NA,NA,NA,NA,NA,NA,NA,NA,TRUE,0.6383936416057304,0.6419735631806982,0.6274214943777552,0.07436146578028395,0.03695049630235537,0.05970730456487502,low,low,low,low,low,high,low_level-low_diversity,low_level-low_diversity,low_level-high_diversity,6,Basic child support,1,1,0,NA,1,0
340640571888,1,monetary,NA,1,4,0,0.35294117647058826,4,2,15,44,female,1,4,6,2,2,2,3,1,522,2,1,1,1,2,7812,205,0.02624167946748592,0.008756200973695628,1,1,0.932303283086416,0.932303283086416,0.9323032830864159,1,1,0.932303283086416,0.932303283086416,0.9323032830864159,2,2,0.9091199723588451,0.8002872081099706,0.8372735962364941,TRUE,0.765513514382997,NA,0.7804464718774271,0.04238344083942613,NA,NA,high,NA,high,low,NA,NA,high_level-low_diversity,NA,NA,5,Basic child support,2,2,2,0.932303283086416,0,1
340640735364,1,control,0,0,4,0,0.5882352941176471,3,1,15,31,female,0,4,4,0,0,2,2,0,97,0,0,0,0,0,3334,0,0,0,NA,NA,NA,NA,NA,NA,NA,NA,NA,NA,NA,NA,NA,NA,NA,TRUE,0.5628928665971831,0.81538396763029,0.7052665094750487,0.15039304595452618,NA,0.03748382538718767,low,high,low,high,NA,low,low_level-high_diversity,NA,low_level-low_diversity,5,Basic child support,0,0,0,NA,0,0
340640868744,1,verbal,1,NA,5,1,0.5882352941176471,4,4,18,35,female,0,5,7,2,2,2,4,2,3,0,0,0,0,0,1103,0,0,0,NA,NA,NA,NA,NA,NA,NA,NA,NA,NA,NA,NA,NA,NA,NA,TRUE,0.7317304836611271,0.7317304836611271,0.705769170970334,0.03821401757684124,0.03821401757684124,NA,high,high,low,low,low,NA,high_level-low_diversity,high_level-low_diversity,NA,4,Basic child support,2,2,0,NA,1,0
340641527436,1,control,0,0,3,1,0.7647058823529411,3,5,17,30,female,0,3,6,3,3,3,4,1,26,0,0,0,0,0,3108,0,0,0,NA,NA,NA,NA,NA,NA,NA,NA,NA,NA,NA,NA,NA,NA,NA,TRUE,0.5396356932991808,0.6481570645717387,0.7112145982023124,0.156488247215135,0.06774098005325387,0.08226237782426833,low,low,high,high,high,high,low_level-high_diversity,low_level-high_diversity,high_level-high_diversity,5,Basic child support,3,3,0,NA,0,0
340641934416,1,monetary,NA,1,4,0,0.17647058823529413,1,4,12,43,female,0,4,4,0,0,1,3,2,464,0,0,0,0,0,9039,0,0,0,NA,NA,NA,NA,NA,NA,NA,NA,NA,NA,NA,NA,NA,NA,NA,TRUE,0.6876316613408667,NA,0.6921276831059422,0.03235649264754112,NA,NA,high,NA,low,low,NA,NA,high_level-low_diversity,NA,NA,4,Basic child support,0,0,0,NA,0,1
340642271628,1,verbal,1,NA,7,1,0.5882352941176471,3,6,10,55,not female,0,7,7,0,0,1,3,2,46,0,0,0,0,0,5095,0,0,0,NA,NA,NA,NA,NA,NA,NA,NA,NA,NA,NA,NA,NA,NA,NA,TRUE,0.6828722139288229,0.6804033958389452,0.6811388315018619,0.04865238855434002,0.038168952859341,0.04293988484620165,high,high,low,low,low,low,high_level-low_diversity,high_level-low_diversity,low_level-low_diversity,5.5,Basic child support,0,0,0,NA,1,0
340642298304,1,monetary,NA,1,5,1,0.7647058823529411,5,7,17,34,not female,1,5,5,0,0,2,3,1,133,4,1,2,2,3,12450,677,0.05437751004016064,0.04862835172041455,2,2,0.7791789512751304,0.706262997618911,0.721127491720407,1,1,0.578455258625987,0.578455258625987,0.578455258625987,4,3,0.7704963598991997,0.6872670653762181,0.701372771993957,TRUE,0.6372994972276635,0.687360122804116,0.6834633500232635,0.1882939189019618,0.1043686999869487,0.09833467817586176,low,high,low,high,high,high,low_level-high_diversity,high_level-high_diversity,low_level-high_diversity,5.5,Basic child support,0,0,4,0.7791789512751304,0,1
340642943316,1,monetary,NA,1,4,0,0.23529411764705882,1,1,14,40,female,0,4,1,-3,3,1,3,2,6,0,0,0,0,0,259,0,0,0,NA,NA,NA,NA,NA,NA,NA,NA,NA,NA,NA,NA,NA,NA,NA,TRUE,0.5006481337273034,NA,0.780446471877427,0.12633423712790628,NA,NA,low,NA,high,high,NA,NA,low_level-high_diversity,NA,NA,4.5,Basic child support,3,-3,0,NA,0,1
340643476152,1,verbal,1,NA,5,0,0.6470588235294118,3,2,14,52,female,0,5,6,1,1,3,3,0,180,0,0,0,0,0,9352,0,0,0,NA,NA,NA,NA,NA,NA,NA,NA,NA,NA,NA,NA,NA,NA,NA,TRUE,0.66615748635521,0.6555648550586891,0.6699731070349466,0.02941317764830467,0.02272909742409989,0.06070386760797195,high,low,low,low,low,high,high_level-low_diversity,low_level-low_diversity,low_level-high_diversity,5.5,Basic child support,1,1,0,NA,1,0
340644762756,1,monetary,NA,1,6,1,0.47058823529411764,5,8,10,35,not female,0,6,7,1,1,3,3,0,3,0,0,0,0,0,212,0,0,0,NA,NA,NA,NA,NA,NA,NA,NA,NA,NA,NA,NA,NA,NA,NA,TRUE,0.6810352843719443,0.6900936691765285,0.6756226294614689,0.0387038735058537,0.04597379160905462,0.00575466299770668,high,high,low,low,low,low,high_level-low_diversity,high_level-low_diversity,low_level-low_diversity,7,Basic child support,1,1,0,NA,0,1
340645648536,1,verbal,1,NA,4,0,0.058823529411764705,3,3,15,33,female,0,4,4,0,0,2,2,0,36,0,0,0,0,0,5901,0,0,0,NA,NA,NA,NA,NA,NA,NA,NA,NA,NA,NA,NA,NA,NA,NA,TRUE,0.6638092568332457,NA,NA,0.09416361646927908,NA,NA,high,NA,NA,high,NA,NA,high_level-high_diversity,NA,NA,4,Basic child support,0,0,0,NA,1,0
340645688892,1,control,0,0,6,0,0.7647058823529411,3,3,12,65,female,0,6,5,-1,1,2,2,0,124,0,0,0,0,0,8257,0,0,0,NA,NA,NA,NA,NA,NA,NA,NA,NA,NA,NA,NA,NA,NA,NA,TRUE,0.6881493607670155,0.6777546207601958,0.7280415403424845,0.10096241593112625,0.07517514846380748,0.01340683634407054,high,high,high,high,high,low,high_level-high_diversity,high_level-high_diversity,high_level-low_diversity,4.5,Basic child support,1,-1,0,NA,0,0
340646807916,1,control,0,0,6,0,0.6470588235294118,3,8,13,55,female,0,6,7,1,1,2,1,-1,75,0,0,0,0,0,7492,0,0,0,NA,NA,NA,NA,NA,NA,NA,NA,NA,NA,NA,NA,NA,NA,NA,TRUE,0.4177793975366457,NA,0.8029514868904065,0.10300541071252292,NA,0.00595210373507758,low,NA,high,high,NA,low,low_level-high_diversity,NA,high_level-low_diversity,5,Basic child support,1,1,0,NA,0,0
