pid,wave,group_f,z_verbal,z_money,att_baseline,prior_engagement,polknow_total,pol_interest_general,newsuse_online,edu_time,age,gender_f,url_int_visits_yn,att_pre,att_post,att_signed,att_abs,kno_pre,kno_post,kno_signed,n_visits_total,exp_topic_uptake_n,exp_topic_uptake_yn,n_topic_search,n_topic_url,n_topic_domains,total_duration,topic_duration,exp_topic_uptake_dw,exp_topic_uptake_logdw,n_scored,n_domains,exp_q_dur,exp_q_unw,exp_q_log,n_scored_news,n_domains_news,exp_q_dur_news,exp_q_unw_news,exp_q_log_news,n_scored_all,n_domains_all,exp_q_dur_all,exp_q_unw_all,exp_q_log_all,meets_activity_threshold,hab_overall_dw_pc1,hab_news_dw_pc1,hab_news_corrected_dw_pc1,hab_overall_dw_sd_pc1,hab_news_dw_sd_pc1,hab_news_corrected_dw_sd_pc1,hab_overall_level_group,hab_news_level_group,hab_news_corrected_level_group,hab_overall_diversity_group,hab_news_diversity_group,hab_news_corrected_diversity_group,hab_overall_level_diversity_group,hab_news_level_diversity_group,hab_news_corrected_level_diversity_group,nfc,topic,y_abs,y_signed,effort_count,q_primary,t_verbal,t_money
273726366948,2,verbal,1,NA,5,1,0.29411764705882354,3,2,14,34,female,0,5,5,0,0,3,2,-1,74,0,0,0,0,0,2778,0,0,0,NA,NA,NA,NA,NA,NA,NA,NA,NA,NA,NA,NA,NA,NA,NA,TRUE,0.6264111204930775,0.6160979209925354,0.6998698797282011,0.10690867161887058,0.054353884120818,0.02791315431987175,low,low,low,high,high,low,low_level-high_diversity,low_level-high_diversity,low_level-low_diversity,5.5,Renewable-energy transition,0,0,0,NA,1,0
273971922264,2,control,0,0,7,1,0.35294117647058826,1,1,16,43,not female,0,7,7,0,0,2,2,0,114,0,0,0,0,0,2732,0,0,0,NA,NA,NA,NA,NA,NA,NA,NA,NA,NA,NA,NA,NA,NA,NA,TRUE,0.7013083914975364,0.5654789404934871,0.5654789404934871,0.08071869099924879,0.05571795524863983,0.05571795524863983,high,low,low,low,high,high,high_level-low_diversity,low_level-high_diversity,low_level-high_diversity,7,Renewable-energy transition,0,0,0,NA,0,0
273984233580,2,verbal,1,NA,4,1,0.7058823529411765,3,1,12,42,not female,0,4,7,3,3,1,2,1,30,0,0,0,0,0,365,0,0,0,NA,NA,NA,NA,NA,NA,NA,NA,NA,NA,NA,NA,NA,NA,NA,TRUE,0.6682711331335252,NA,NA,NA,NA,NA,high,NA,NA,NA,NA,NA,NA,NA,NA,4.5,Renewable-energy transition,3,3,0,NA,1,0
274115558160,2,monetary,NA,1,3,1,0.6470588235294118,4,8,12,56,not female,0,3,2,-1,1,3,2,-1,43,0,0,0,0,0,844,0,0,0,NA,NA,NA,NA,NA,NA,NA,NA,NA,NA,NA,NA,NA,NA,NA,TRUE,0.8143085483678827,0.8252050812982378,0.6486088918234147,0.05522173342432,0.03959651626403652,0.0033182767265942,high,high,low,low,low,low,high_level-low_diversity,high_level-low_diversity,low_level-low_diversity,NA,Renewable-energy transition,1,-1,0,NA,0,1
274131498096,2,control,0,0,4,NA,0.47058823529411764,4,7,9,47,not female,0,4,4,0,0,2,2,0,7,0,0,0,0,0,130,0,0,0,NA,NA,NA,NA,NA,NA,NA,NA,NA,NA,NA,NA,NA,NA,NA,TRUE,0.6769139949176581,0.6645719265562136,0.6941716819838668,0.08206884778457035,0.03411920358055405,0.03671835029707749,high,low,low,low,low,low,high_level-low_diversity,low_level-low_diversity,low_level-low_diversity,4.5,Renewable-energy transition,0,0,0,NA,0,0
274350928032,2,verbal,1,NA,6,1,0.6470588235294118,3,6,16,56,not female,0,6,7,1,1,2,2,0,16,0,0,0,0,0,106,0,0,0,NA,NA,NA,NA,NA,NA,NA,NA,NA,NA,NA,NA,NA,NA,NA,TRUE,0.6554521080113752,0.6846173026865041,0.6519199680058343,0.06289372186218704,0.07828392829213009,0.07062430795591475,low,high,low,low,high,high,low_level-low_diversity,high_level-high_diversity,low_level-high_diversity,3.5,Renewable-energy transition,1,1,0,NA,1,0
274430404728,2,verbal,1,NA,5,1,0.8235294117647058,5,8,15,57,female,0,5,4,-1,1,3,3,0,1,0,0,0,0,0,1,0,0,0,NA,NA,NA,NA,NA,NA,NA,NA,NA,NA,NA,NA,NA,NA,NA,TRUE,0.6316852514399058,0.6240534937720692,0.6240561980538143,0.03731417664214322,0.02944142741178378,0.02942775944331381,low,low,low,low,low,low,low_level-low_diversity,low_level-low_diversity,low_level-low_diversity,NA,Renewable-energy transition,1,-1,0,NA,1,0
274502024316,2,control,0,0,7,0,0.5294117647058824,3,6,19,58,not female,0,7,7,0,0,2,2,0,63,0,0,0,0,0,4168,0,0,0,NA,NA,NA,NA,NA,NA,NA,NA,NA,NA,NA,NA,NA,NA,NA,TRUE,0.5944178117414799,0.5731896009622547,0.694568585623084,0.1407807420587936,0.03509097616269954,0.12180712523270287,low,low,low,high,low,high,low_level-high_diversity,low_level-low_diversity,low_level-high_diversity,7,Renewable-energy transition,0,0,0,NA,0,0
274518574380,2,verbal,1,NA,7,1,0.7058823529411765,5,8,13,54,not female,0,7,7,0,0,3,2,-1,17,0,0,0,0,0,1568,0,0,0,NA,NA,NA,NA,NA,NA,NA,NA,NA,NA,NA,NA,NA,NA,NA,TRUE,0.4747644453670618,0.71153824924995,0.796940096219946,0.17047060993051755,0.04231446826094477,0.065519419040634,low,high,high,high,low,high,low_level-high_diversity,high_level-low_diversity,high_level-high_diversity,7,Renewable-energy transition,0,0,0,NA,1,0
274526852832,2,verbal,1,NA,7,1,0.29411764705882354,5,8,13,33,not female,0,7,7,0,0,4,3,-1,188,0,0,0,0,0,54557,0,0,0,NA,NA,NA,NA,NA,NA,NA,NA,NA,NA,NA,NA,NA,NA,NA,TRUE,0.6779425649247712,0.649956272688751,0.650370838079818,0.08734354845437889,NA,0.1336639221015863,high,low,low,high,NA,high,high_level-high_diversity,NA,low_level-high_diversity,6.5,Renewable-energy transition,0,0,0,NA,1,0
274533484212,2,verbal,1,NA,6,1,0.5882352941176471,4,8,13,39,not female,0,6,7,1,1,4,3,-1,4,0,0,0,0,0,715,0,0,0,NA,NA,NA,NA,NA,NA,NA,NA,NA,NA,NA,NA,NA,NA,NA,TRUE,0.664372713161187,0.6376397740155628,0.6507900063621356,0.02693181227891573,0.04057707275884113,0.04488772040679006,high,low,low,low,low,low,high_level-low_diversity,low_level-low_diversity,low_level-low_diversity,5.5,Renewable-energy transition,1,1,0,NA,1,0
274596068844,2,verbal,1,NA,5,1,0.7647058823529411,4,5,14,45,female,0,5,7,2,2,2,3,1,196,0,0,0,0,0,6268,0,0,0,NA,NA,NA,NA,NA,NA,NA,NA,NA,NA,NA,NA,NA,NA,NA,TRUE,0.6694847583058584,0.6463259067236102,0.6589221460816185,0.02503756145192256,0.05408783994837251,0.0765831362368233,high,low,low,low,high,high,high_level-low_diversity,low_level-high_diversity,low_level-high_diversity,6,Renewable-energy transition,2,2,0,NA,1,0
274671650160,2,monetary,NA,1,4,0,0.17647058823529413,5,3,10,56,female,1,4,7,3,3,1,2,1,528,3,1,2,1,2,14465,43,0.002972692706533011,0.005209297956480277,NA,NA,NA,NA,NA,NA,NA,NA,NA,NA,2,1,0.799649853780606,0.799649853780606,0.7996498537806062,TRUE,0.7559278690934972,0.6686958523575889,0.7916643860823033,0.12087020381701866,0.01906712260964196,0.04220903637743675,high,low,high,high,low,low,high_level-high_diversity,low_level-low_diversity,high_level-low_diversity,6.5,Renewable-energy transition,3,3,3,NA,0,1
274758455232,2,verbal,1,NA,6,0,0.4117647058823529,2,1,14,23,female,0,6,3,-3,3,2,1,-1,48,0,0,0,0,0,3512,0,0,0,NA,NA,NA,NA,NA,NA,NA,NA,NA,NA,NA,NA,NA,NA,NA,TRUE,0.6948718042751311,0.7308403788242238,0.7113772498993113,0.08705346261231305,0.07957247577695051,0.0944162972887854,high,high,high,high,high,high,high_level-high_diversity,high_level-high_diversity,high_level-high_diversity,5.5,Renewable-energy transition,3,-3,0,NA,1,0
274880751012,2,control,0,0,7,1,0.8235294117647058,4,6,17,56,not female,0,7,7,0,0,3,3,0,331,0,0,0,0,0,6862,0,0,0,NA,NA,NA,NA,NA,NA,NA,NA,NA,NA,NA,NA,NA,NA,NA,TRUE,0.6677450523098124,0.6445442957144905,0.7150481634384233,0.10985549130622688,0.04952917642603072,0.07701899539577008,high,low,high,high,low,high,high_level-high_diversity,low_level-low_diversity,high_level-high_diversity,5,Renewable-energy transition,0,0,0,NA,0,0
274948399980,2,monetary,NA,1,6,0,0.7058823529411765,3,7,9,67,female,0,6,5,-1,1,2,2,0,14,0,0,0,0,0,435,0,0,0,NA,NA,NA,NA,NA,NA,NA,NA,NA,NA,NA,NA,NA,NA,NA,TRUE,0.7209357752990911,0.64708511614514,0.7118007348938985,0.07696503090658037,0.00734799782006436,0.06637942393165103,high,low,high,low,low,high,high_level-low_diversity,low_level-low_diversity,high_level-high_diversity,4.5,Renewable-energy transition,1,-1,0,NA,0,1
275780146716,2,monetary,NA,1,4,0,0.5294117647058824,4,4,13,47,not female,1,4,4,0,0,1,2,1,60,2,1,0,2,2,3503,35,0.009991435912075365,0.030136722969815743,NA,NA,NA,NA,NA,NA,NA,NA,NA,NA,NA,NA,NA,NA,NA,TRUE,0.5699050303072496,0.755136387124125,0.7442581307667446,0.16875125276470448,0.05255098522330981,0.05336628391223925,low,high,high,high,low,low,low_level-high_diversity,high_level-low_diversity,high_level-low_diversity,5.5,Renewable-energy transition,0,0,2,NA,0,1
275853123360,2,verbal,1,NA,5,NA,0.5882352941176471,1,0,12,66,female,0,5,4,-1,1,1,1,0,89,0,0,0,0,0,2082,0,0,0,NA,NA,NA,NA,NA,NA,NA,NA,NA,NA,NA,NA,NA,NA,NA,TRUE,0.6982490430659427,NA,0.799649853780606,0.14985625673212305,NA,NA,high,NA,high,high,NA,NA,high_level-high_diversity,NA,NA,NA,Renewable-energy transition,1,-1,0,NA,1,0
275853124728,2,verbal,1,NA,1,1,0.7647058823529411,3,1,11,51,not female,0,1,1,0,0,3,2,-1,42,0,0,0,0,0,1873,0,0,0,NA,NA,NA,NA,NA,NA,NA,NA,NA,NA,NA,NA,NA,NA,NA,TRUE,0.6646121653560018,0.6140604642166082,0.6140604642166082,0.03501284155069446,0.05867860465540119,0.05867860465540119,high,low,low,low,high,high,high_level-low_diversity,low_level-high_diversity,low_level-high_diversity,4,Renewable-energy transition,0,0,0,NA,1,0
275910784560,2,monetary,NA,1,5,1,0.4117647058823529,4,6,13,58,female,0,5,5,0,0,3,3,0,407,0,0,0,0,0,10974,0,0,0,NA,NA,NA,NA,NA,NA,NA,NA,NA,NA,NA,NA,NA,NA,NA,TRUE,0.7576344363906501,0.6696503035178876,0.7596364211990613,0.04060142881804126,0.04354261431638326,0.0362050637944314,high,low,high,low,low,low,high_level-low_diversity,low_level-low_diversity,high_level-low_diversity,6,Renewable-energy transition,0,0,0,NA,0,1
276109219116,2,control,0,0,5,0,0.11764705882352941,1,0,13,47,female,0,5,5,0,0,2,2,0,12,0,0,0,0,0,1108,0,0,0,NA,NA,NA,NA,NA,NA,NA,NA,NA,NA,NA,NA,NA,NA,NA,TRUE,0.668271133133525,NA,NA,NA,NA,NA,high,NA,NA,NA,NA,NA,NA,NA,NA,4.5,Renewable-energy transition,0,0,0,NA,0,0
276126931980,2,monetary,NA,1,5,0,0.8235294117647058,5,8,17,68,not female,0,5,4,-1,1,2,2,0,82,0,0,0,0,0,5094,0,0,0,NA,NA,NA,NA,NA,NA,NA,NA,NA,NA,NA,NA,NA,NA,NA,TRUE,0.6733584323618417,0.6700081211174582,0.7787170802560528,0.16565888198276252,0.05353303822155766,0.01797637288845145,high,low,high,high,low,low,high_level-high_diversity,low_level-low_diversity,high_level-low_diversity,6,Renewable-energy transition,1,-1,0,NA,0,1
276150871980,2,control,0,0,7,1,0.7058823529411765,1,7,14,38,not female,0,7,7,0,0,3,3,0,80,0,0,0,0,0,3703,0,0,0,NA,NA,NA,NA,NA,NA,NA,NA,NA,NA,NA,NA,NA,NA,NA,TRUE,0.558934361580899,0.7420586749866322,0.7055361464074476,0.14954595687793457,0.06794848500427916,0.07825202030046885,low,high,low,high,high,high,low_level-high_diversity,high_level-high_diversity,low_level-high_diversity,4,Renewable-energy transition,0,0,0,NA,0,0
276190955064,2,control,0,0,6,1,0.9411764705882353,5,6,11,47,female,0,6,6,0,0,2,2,0,174,0,0,0,0,0,5874,0,0,0,NA,NA,NA,NA,NA,NA,NA,NA,NA,NA,NA,NA,NA,NA,NA,TRUE,0.7665858455602849,NA,0.7661555486991698,0.02494551708983053,NA,0.02443405210257126,high,NA,high,low,NA,low,high_level-low_diversity,NA,high_level-low_diversity,6.5,Renewable-energy transition,0,0,0,NA,0,0
276272487864,2,verbal,1,NA,4,1,0.7647058823529411,4,8,13,44,not female,0,4,4,0,0,2,3,1,216,0,0,0,0,0,4508,0,0,0,NA,NA,NA,NA,NA,NA,NA,NA,NA,NA,NA,NA,NA,NA,NA,TRUE,0.5610134282497864,0.6612907854799731,0.6638420887348064,0.1400653850663727,0.03535677906126843,0.04550949426581543,low,low,low,high,low,low,low_level-high_diversity,low_level-low_diversity,low_level-low_diversity,4.5,Renewable-energy transition,0,0,0,NA,1,0
276314964948,2,control,0,0,5,1,0.8235294117647058,4,7,12,53,not female,0,5,5,0,0,2,2,0,3,0,0,0,0,0,379,0,0,0,NA,NA,NA,NA,NA,NA,NA,NA,NA,NA,NA,NA,NA,NA,NA,TRUE,0.7371061832905885,0.7371061832905885,0.6472859137546179,0.06761024630529776,0.06761024630529776,0.00213354535461823,high,high,low,low,high,low,high_level-low_diversity,high_level-high_diversity,low_level-low_diversity,4,Renewable-energy transition,0,0,0,NA,0,0
276479328780,2,monetary,NA,1,7,0,0.7058823529411765,4,2,18,52,not female,0,7,7,0,0,2,2,0,115,0,0,0,0,0,2862,0,0,0,NA,NA,NA,NA,NA,NA,NA,NA,NA,NA,NA,NA,NA,NA,NA,TRUE,0.46518959200366,0.648355875595028,0.6944375354841693,0.11342398575788148,NA,0.0096086903105617,low,low,low,high,NA,low,low_level-high_diversity,NA,low_level-low_diversity,3,Renewable-energy transition,0,0,0,NA,0,1
276821393760,2,control,0,0,6,1,0.47058823529411764,4,6,10,61,female,0,6,4,-2,2,3,2,-1,7,0,0,0,0,0,1481,0,0,0,NA,NA,NA,NA,NA,NA,NA,NA,NA,NA,NA,NA,NA,NA,NA,TRUE,0.6603757054461673,0.6674778238015756,0.6612982253046729,0.05115346007930619,0.02820786854606381,0.00732432094839032,low,low,low,low,low,low,low_level-low_diversity,low_level-low_diversity,low_level-low_diversity,6,Renewable-energy transition,2,-2,0,NA,0,0
277781255748,2,verbal,1,NA,4,1,0.7058823529411765,3,8,12,51,not female,0,4,1,-3,3,3,2,-1,87,0,0,0,0,0,3901,0,0,0,NA,NA,NA,NA,NA,NA,NA,NA,NA,NA,NA,NA,NA,NA,NA,TRUE,0.4537538162774295,0.657704132898628,0.6574101456606081,0.12917315963686654,0.03321529541415145,0.03472530847378606,low,low,low,high,low,low,low_level-high_diversity,low_level-low_diversity,low_level-low_diversity,6,Renewable-energy transition,3,-3,0,NA,1,0
277792883064,2,monetary,NA,1,6,1,0.6470588235294118,4,5,17,37,not female,0,6,7,1,1,4,3,-1,76,0,0,0,0,0,2087,0,0,0,NA,NA,NA,NA,NA,NA,NA,NA,NA,NA,NA,NA,NA,NA,NA,TRUE,0.6406235021779547,0.62179963661493165,0.6311670017727857,0.04619793450999463,0.03952641333106148,0.05013347329275447,low,low,low,low,low,low,low_level-low_diversity,low_level-low_diversity,low_level-low_diversity,7,Renewable-energy transition,1,1,0,NA,0,1
277824618612,2,control,0,0,4,0,0.4117647058823529,2,7,12,39,female,0,4,4,0,0,1,1,0,50,0,0,0,0,0,1611,0,0,0,NA,NA,NA,NA,NA,NA,NA,NA,NA,NA,NA,NA,NA,NA,NA,TRUE,0.6760013155129992,0.6363743609031033,0.6901499784841137,0.09957800293050945,0.07807887305825952,0.07738355580140435,high,low,low,high,high,high,high_level-high_diversity,low_level-high_diversity,low_level-high_diversity,4,Renewable-energy transition,0,0,0,NA,0,0
277902182844,2,control,0,0,4,0,0.5882352941176471,5,5,15,41,not female,0,4,4,0,0,2,2,0,38,0,0,0,0,0,1223,0,0,0,NA,NA,NA,NA,NA,NA,NA,NA,NA,NA,NA,NA,NA,NA,NA,TRUE,0.7035472079968853,0.673345608147543,0.7917155616834773,0.11452139234056706,0.082409799667932,0.03622529771942162,high,high,high,high,high,low,high_level-high_diversity,high_level-high_diversity,high_level-low_diversity,5,Renewable-energy transition,0,0,0,NA,0,0
277955127180,2,monetary,NA,1,5,1,0.7058823529411765,4,8,15,44,not female,0,5,5,0,0,3,3,0,18,0,0,0,0,0,644,0,0,0,NA,NA,NA,NA,NA,NA,NA,NA,NA,NA,NA,NA,NA,NA,NA,TRUE,0.646460633952786,0.6431503357185324,0.6436075420030927,0.03729873325137221,0.03535624011535118,0.03574448278849662,low,low,low,low,low,low,low_level-low_diversity,low_level-low_diversity,low_level-low_diversity,5.5,Renewable-energy transition,0,0,0,NA,0,1
277957794096,2,control,0,0,7,0,0.7058823529411765,3,2,20,37,female,0,7,6,-1,1,2,2,0,30,0,0,0,0,0,1528,0,0,0,NA,NA,NA,NA,NA,NA,NA,NA,NA,NA,NA,NA,NA,NA,NA,TRUE,0.7242515760463359,0.6945802767070929,0.6892184676901896,0.11452131191097364,0.10073912870718071,0.0988820722553435,high,high,low,high,high,high,high_level-high_diversity,high_level-high_diversity,low_level-high_diversity,NA,Renewable-energy transition,1,-1,0,NA,0,0
277967714148,2,control,0,0,7,1,0.6470588235294118,4,7,13,58,not female,0,7,7,0,0,3,3,0,12,0,0,0,0,0,4192,0,0,0,NA,NA,NA,NA,NA,NA,NA,NA,NA,NA,NA,NA,NA,NA,NA,TRUE,0.41509248620919487,NA,NA,0.04394854818553832,NA,NA,low,NA,NA,low,NA,NA,low_level-low_diversity,NA,NA,7,Renewable-energy transition,0,0,0,NA,0,0
277973529516,2,verbal,1,NA,4,1,0.11764705882352941,3,6,10,37,not female,0,4,5,1,1,2,2,0,196,0,0,0,0,0,5253,0,0,0,NA,NA,NA,NA,NA,NA,NA,NA,NA,NA,NA,NA,NA,NA,NA,TRUE,0.6211586366504741,0.66471525474837,0.6664961881806578,0.12323390163111383,0.07386868577575302,0.07951826609760447,low,low,low,high,high,high,low_level-high_diversity,low_level-high_diversity,low_level-high_diversity,NA,Renewable-energy transition,1,1,0,NA,1,0
278016416316,2,control,0,0,4,1,0.47058823529411764,3,5,20,50,female,0,4,5,1,1,2,2,0,8,0,0,0,0,0,723,0,0,0,NA,NA,NA,NA,NA,NA,NA,NA,NA,NA,NA,NA,NA,NA,NA,TRUE,0.6984160201928852,0.6363628890650725,0.7212319490629003,0.12559038299978817,0.07271682084431016,0.12993657473088915,high,low,high,high,high,high,high_level-high_diversity,low_level-high_diversity,high_level-high_diversity,4.5,Renewable-energy transition,1,1,0,NA,0,0
278041859748,2,verbal,1,NA,4,0,0.35294117647058826,3,4,10,47,not female,0,4,1,-3,3,1,1,0,188,0,0,0,0,0,7065,0,0,0,NA,NA,NA,NA,NA,NA,NA,NA,NA,NA,NA,NA,NA,NA,NA,TRUE,0.4909723452108565,0.6455450453969385,0.6857141434215356,0.1536030876771275,0.03027909461775425,0.02544860599803119,low,low,low,high,low,low,low_level-high_diversity,low_level-low_diversity,low_level-low_diversity,7,Renewable-energy transition,3,-3,0,NA,1,0
278052255864,2,control,0,0,7,1,0.5882352941176471,4,8,13,43,female,0,7,7,0,0,3,3,0,229,0,0,0,0,0,28005,0,0,0,NA,NA,NA,NA,NA,NA,NA,NA,NA,NA,NA,NA,NA,NA,NA,TRUE,0.5628107283787207,0.5729751623243373,0.5689495264134193,0.08457606539824465,0.01855864367304268,0.07862311536782797,low,low,low,low,low,high,low_level-low_diversity,low_level-low_diversity,low_level-high_diversity,NA,Renewable-energy transition,0,0,0,NA,0,0
278064084960,2,verbal,1,NA,4,0,0.5294117647058824,3,0,10,45,not female,1,4,4,0,0,1,2,1,2446,9,1,2,7,4,56175,539,0.009595015576323987,0.005503832832659059,2,1,0.780446471877427,0.780446471877427,0.780446471877427,2,1,0.780446471877427,0.780446471877427,0.780446471877427,4,2,0.7745554256414234,0.724358802505476,0.7441668175122926,TRUE,0.680376825234097,0.6934441632947376,0.7487268823182699,0.12564598819235992,0.0732172055560236,0.06296011070572896,high,high,high,high,high,high,high_level-high_diversity,high_level-high_diversity,high_level-high_diversity,4,Renewable-energy transition,0,0,9,0.780446471877427,1,0
278076262896,2,verbal,1,NA,3,0,0.8823529411764706,3,0,12,63,female,1,3,2,-1,1,2,2,0,12,1,1,0,1,1,652,22,0.03374233128834356,0.07900334600432712,NA,NA,NA,NA,NA,NA,NA,NA,NA,NA,NA,NA,NA,NA,NA,TRUE,0.7298674003695818,0.7342656891755216,0.7304416928522297,0.06230182308451768,0.08562112816694363,0.06217029433168713,high,high,high,low,high,high,high_level-low_diversity,high_level-high_diversity,high_level-high_diversity,7,Renewable-energy transition,1,-1,1,NA,1,0
278079206148,2,verbal,1,NA,7,0,0.7647058823529411,3,3,13,59,not female,0,7,7,0,0,2,3,1,97,1,1,1,0,1,4718,22,0.0046629927935565915,0.013101504378179743,NA,NA,NA,NA,NA,NA,NA,NA,NA,NA,1,1,0.668271133133525,0.668271133133525,0.668271133133525,TRUE,0.4491118769538913,NA,0.7282545765913131,0.10491668922306702,NA,0.00661627508435972,low,NA,high,high,NA,low,low_level-high_diversity,NA,high_level-low_diversity,5.5,Renewable-energy transition,0,0,1,NA,1,0
278168810148,2,control,0,0,4,1,0.8235294117647058,5,8,16,59,not female,0,4,4,0,0,3,3,0,71,0,0,0,0,0,1444,0,0,0,NA,NA,NA,NA,NA,NA,NA,NA,NA,NA,NA,NA,NA,NA,NA,TRUE,0.3946531408444727,0.7215408136885586,0.7324097302718563,0.08156513415979696,0.06187867658792871,0.07618489903781844,low,high,high,low,high,high,low_level-low_diversity,high_level-high_diversity,high_level-high_diversity,6.5,Renewable-energy transition,0,0,0,NA,0,0
278241382548,2,control,0,0,1,0,0.5294117647058824,1,8,9,49,not female,0,1,7,6,6,1,1,0,495,0,0,0,0,0,19502,0,0,0,NA,NA,NA,NA,NA,NA,NA,NA,NA,NA,NA,NA,NA,NA,NA,TRUE,0.7941631368038263,0.6416174716303499,0.8870245684067556,0.20362651160919432,0.01680580691964811,0.07382032771440473,high,low,high,high,low,high,high_level-high_diversity,low_level-low_diversity,high_level-high_diversity,4,Renewable-energy transition,6,6,0,NA,0,0
278441178948,2,control,0,0,7,1,0.8235294117647058,5,8,17,65,not female,0,7,7,0,0,3,3,0,422,0,0,0,0,0,11302,0,0,0,NA,NA,NA,NA,NA,NA,NA,NA,NA,NA,NA,NA,NA,NA,NA,TRUE,0.6462526544552691,0.6232627117893093,0.6463547092664268,0.04537653619455571,0.00755062725171555,0.04429316487681141,low,low,low,low,low,low,low_level-low_diversity,low_level-low_diversity,low_level-low_diversity,7,Renewable-energy transition,0,0,0,NA,0,0
278572228560,2,verbal,1,NA,7,1,0.7058823529411765,5,8,21,27,female,1,7,7,0,0,3,3,0,112,9,1,3,6,7,11479,948,0.08258559107936231,0.11233933886353623,3,3,0.7015233402153149,0.6458140390122986,0.6594735772706615,3,3,0.7015233402153149,0.6458140390122986,0.6594735772706615,3,3,0.7015233402153149,0.6458140390122986,0.6594735772706615,TRUE,0.7629705452548438,0.8103478890436435,0.8078896623421626,0.13244280341025166,0.02255206058085009,0.02984047067326817,high,high,high,high,low,low,high_level-high_diversity,high_level-low_diversity,high_level-low_diversity,5.5,Renewable-energy transition,0,0,9,0.7015233402153149,1,0
278622229644,2,verbal,1,NA,6,1,0.8235294117647058,3,5,13,55,not female,0,6,6,0,0,2,2,0,11,0,0,0,0,0,1374,0,0,0,NA,NA,NA,NA,NA,NA,NA,NA,NA,NA,NA,NA,NA,NA,NA,TRUE,0.7009538261579118,0.78367572130994545,0.7919423020286429,0.12251749835680788,0.06158369661522198,0.02046212916083983,high,high,high,high,high,low,high_level-high_diversity,high_level-high_diversity,high_level-low_diversity,4,Renewable-energy transition,0,0,0,NA,1,0
278659579464,2,monetary,NA,1,3,0,0,3,0,9,45,not female,1,3,3,0,0,1,3,2,600,4,1,3,1,2,20144,241,0.011963860206513105,0.009220312116243481,NA,NA,NA,NA,NA,NA,NA,NA,NA,NA,3,1,0.668271133133525,0.668271133133525,0.668271133133525,TRUE,0.6429028713989231,0.6689086435063135,0.666767298907898,0.08154804991548671,0.0195652884572571,0.0254660607364342,low,low,low,low,low,low,low_level-low_diversity,low_level-low_diversity,low_level-low_diversity,3,Renewable-energy transition,0,0,4,NA,0,1
278660944728,2,control,0,0,7,1,0.5882352941176471,3,1,16,37,female,0,7,6,-1,1,2,2,0,260,0,0,0,0,0,4374,0,0,0,NA,NA,NA,NA,NA,NA,NA,NA,NA,NA,NA,NA,NA,NA,NA,TRUE,0.6372641886693775,0.6485972965873855,0.682137443468187,0.1162093428010024,0.01028194510993287,0.05817506837230046,low,low,low,high,low,high,low_level-high_diversity,low_level-low_diversity,low_level-high_diversity,5,Renewable-energy transition,1,-1,0,NA,0,0
278679825864,2,verbal,1,NA,1,1,0.7058823529411765,4,8,13,53,female,0,1,1,0,0,4,2,-2,173,0,0,0,0,0,7485,0,0,0,NA,NA,NA,NA,NA,NA,NA,NA,NA,NA,NA,NA,NA,NA,NA,TRUE,0.7193014011602289,0.679100133420427,0.7285125405480819,0.02185261645944901,NA,0.00297353212704202,high,high,high,low,NA,low,high_level-low_diversity,NA,high_level-low_diversity,6,Renewable-energy transition,0,0,0,NA,1,0
278683516728,2,verbal,1,NA,6,0,0.47058823529411764,1,2,20,31,female,0,6,6,0,0,1,1,0,42,0,0,0,0,0,717,0,0,0,NA,NA,NA,NA,NA,NA,NA,NA,NA,NA,NA,NA,NA,NA,NA,TRUE,0.6294895677908607,0.6698505575523322,0.6793136459613316,0.104146668844434,0.09293801268856194,0.09666054746092458,low,low,low,high,high,high,low_level-high_diversity,low_level-high_diversity,low_level-high_diversity,5.5,Renewable-energy transition,0,0,0,NA,1,0
278693504496,2,monetary,NA,1,5,1,0.8235294117647058,4,8,19,26,female,1,5,6,1,1,3,2,-1,95,2,1,1,1,2,8801,35,0.003976820815816385,0.017253099919618264,NA,NA,NA,NA,NA,NA,NA,NA,NA,NA,1,1,0.668271133133525,0.668271133133525,0.6682711331335252,TRUE,0.695623604708576,0.7125435346932519,0.7098358219913232,0.06576435607624603,0.07245750888287675,0.07062499783207973,high,high,low,low,high,high,high_level-low_diversity,high_level-high_diversity,low_level-high_diversity,5.5,Renewable-energy transition,1,1,2,NA,0,1
278872026444,2,verbal,1,NA,7,1,0.5882352941176471,4,4,11,57,female,0,7,7,0,0,3,3,0,427,6,1,6,0,1,12825,425,0.03313840155945419,0.023955521166073915,NA,NA,NA,NA,NA,NA,NA,NA,NA,NA,6,1,0.6682711331335252,0.668271133133525,0.668271133133525,TRUE,0.7600461538194002,NA,0.774245829077289,0.04480310114723097,NA,0.00493512426212195,high,NA,high,low,NA,low,high_level-low_diversity,NA,high_level-low_diversity,7,Renewable-energy transition,0,0,6,NA,1,0
278911290096,2,monetary,NA,1,7,0,0.7058823529411765,3,4,12,65,female,1,7,7,0,0,2,2,0,18,1,1,0,1,1,4382,81,0.018484710178000914,0.06169989906491881,NA,NA,NA,NA,NA,NA,NA,NA,NA,NA,NA,NA,NA,NA,NA,TRUE,0.6313768746401122,0.615384401866297,0.6337389590646689,0.05892391527206982,0.0384143947406008,0.05506400045941526,low,low,low,low,low,high,low_level-low_diversity,low_level-low_diversity,low_level-high_diversity,6,Renewable-energy transition,0,0,1,NA,0,1
279013821696,2,verbal,1,NA,6,1,0.5294117647058824,4,8,21,57,female,0,6,6,0,0,2,2,0,26,0,0,0,0,0,336,0,0,0,NA,NA,NA,NA,NA,NA,NA,NA,NA,NA,NA,NA,NA,NA,NA,TRUE,0.6370944746499019,0.676772122938108,0.794123269988808,0.08477188224645013,NA,0.04790840516742168,low,high,high,low,NA,low,low_level-low_diversity,NA,high_level-low_diversity,5,Renewable-energy transition,0,0,0,NA,1,0
280442421360,2,control,0,0,7,1,0.7058823529411765,4,8,9,54,not female,0,7,7,0,0,3,3,0,53,0,0,0,0,0,2639,0,0,0,NA,NA,NA,NA,NA,NA,NA,NA,NA,NA,NA,NA,NA,NA,NA,TRUE,0.7312457592744263,0.82696906016092,0.731866647211734,0.01937295409594862,NA,0.01737237764322521,high,high,high,low,NA,low,high_level-low_diversity,NA,high_level-low_diversity,7,Renewable-energy transition,0,0,0,NA,0,0
280499878728,2,monetary,NA,1,4,0,0.7058823529411765,4,8,15,41,not female,0,4,5,1,1,2,2,0,126,0,0,0,0,0,5652,0,0,0,NA,NA,NA,NA,NA,NA,NA,NA,NA,NA,NA,NA,NA,NA,NA,TRUE,0.6450408580314249,0.6504575254459324,0.6418803989470556,0.02394798647257192,0.01410188306687869,0.01762861806678353,low,low,low,low,low,low,low_level-low_diversity,low_level-low_diversity,low_level-low_diversity,3.5,Renewable-energy transition,1,1,0,NA,0,1
280613972664,2,control,0,0,7,1,0.47058823529411764,3,4,15,31,female,0,7,5,-2,2,1,3,2,34,0,0,0,0,0,5817,0,0,0,NA,NA,NA,NA,NA,NA,NA,NA,NA,NA,NA,NA,NA,NA,NA,TRUE,0.4140758077336184,NA,0.7216968627505823,0.10946209550385684,NA,0.01438321522517218,low,NA,high,high,NA,low,low_level-high_diversity,NA,high_level-low_diversity,5.5,Renewable-energy transition,2,-2,0,NA,0,0
280752412212,2,verbal,1,NA,2,0,0.8235294117647058,4,8,11,36,not female,0,2,2,0,0,2,3,1,217,0,0,0,0,0,15141,0,0,0,NA,NA,NA,NA,NA,NA,NA,NA,NA,NA,NA,NA,NA,NA,NA,TRUE,0.4743134750701272,0.6804680119717045,0.5857736348065743,0.14489834726825723,0.10146780941499156,0.2333252118198198,low,high,low,high,high,high,low_level-high_diversity,high_level-high_diversity,low_level-high_diversity,5.5,Renewable-energy transition,0,0,0,NA,1,0
281141061696,2,control,0,0,6,0,0.5294117647058824,3,0,12,49,female,0,6,5,-1,1,2,2,0,89,0,0,0,0,0,3015,0,0,0,NA,NA,NA,NA,NA,NA,NA,NA,NA,NA,NA,NA,NA,NA,NA,TRUE,0.716291598470125,NA,0.7289626087372311,0.02503047425803778,NA,0.00477717827053085,high,NA,high,low,NA,low,high_level-low_diversity,NA,high_level-low_diversity,6,Renewable-energy transition,1,-1,0,NA,0,0
281166779412,2,control,0,0,4,0,0.8235294117647058,3,4,13,41,not female,0,4,4,0,0,1,1,0,623,0,0,0,0,0,16978,0,0,0,NA,NA,NA,NA,NA,NA,NA,NA,NA,NA,NA,NA,NA,NA,NA,TRUE,0.44854965090525095,0.6462225311010352,0.6300319139011021,0.14139856710184842,0.02613077981957783,0.05332764118012619,low,low,low,high,low,low,low_level-high_diversity,low_level-low_diversity,low_level-low_diversity,6,Renewable-energy transition,0,0,0,NA,0,0
281257755516,2,monetary,NA,1,7,1,0.35294117647058826,3,7,13,57,female,1,7,7,0,0,1,3,2,329,6,1,1,5,3,14393,538,0.0373792815952199,0.025744720865373136,NA,NA,NA,NA,NA,NA,NA,NA,NA,NA,1,1,0.799649853780606,0.799649853780606,0.799649853780606,TRUE,0.7110392884740803,0.6561961944175411,0.7396871862970491,0.10662220264250884,0.05102037095670604,0.05513085574670399,high,low,high,high,low,high,high_level-high_diversity,low_level-low_diversity,high_level-high_diversity,7,Renewable-energy transition,0,0,6,NA,0,1
281279369916,2,monetary,NA,1,3,0,0.47058823529411764,2,4,12,64,not female,0,3,4,1,1,2,2,0,200,0,0,0,0,0,4236,0,0,0,NA,NA,NA,NA,NA,NA,NA,NA,NA,NA,NA,NA,NA,NA,NA,TRUE,0.738900926561291,NA,0.7466469649228515,0.03909250138114235,NA,0.03277722192646163,high,NA,high,low,NA,low,high_level-low_diversity,NA,high_level-low_diversity,5.5,Renewable-energy transition,1,1,0,NA,0,1
281337505812,2,monetary,NA,1,7,0,0.9411764705882353,4,4,16,42,not female,0,7,7,0,0,2,2,0,13,0,0,0,0,0,1434,0,0,0,NA,NA,NA,NA,NA,NA,NA,NA,NA,NA,NA,NA,NA,NA,NA,TRUE,0.8084606936477354,0.7503113271911184,0.6745089532681274,0.05579399471795913,0.06772081380465382,0.07795594101222443,high,high,low,low,high,high,high_level-low_diversity,high_level-high_diversity,low_level-high_diversity,5.5,Renewable-energy transition,0,0,0,NA,0,1
281345780160,2,monetary,NA,1,4,0,0.35294117647058826,3,3,13,44,female,1,4,6,2,2,1,2,1,227,7,1,2,5,4,13732,135,0.009831051558403728,0.0297274247368899,2,1,0.8340707366118351,0.834070736611835,0.8340707366118351,NA,NA,NA,NA,NA,4,3,0.7521238061570381,0.75117093487268,0.7490763862893014,TRUE,0.4147425867166888,0.7166838235965342,0.6969619033261232,0.07593447233758512,0.09714163148247965,0.02698284858411908,low,high,low,low,high,low,low_level-low_diversity,high_level-high_diversity,low_level-low_diversity,4.5,Renewable-energy transition,2,2,7,0.8340707366118351,0,1
281426425812,2,monetary,NA,1,5,1,0.7058823529411765,2,0,20,60,female,1,5,7,2,2,3,2,-1,460,4,1,2,2,3,29599,190,0.006419135781614244,0.010925182649029993,NA,NA,NA,NA,NA,NA,NA,NA,NA,NA,2,1,0.668271133133525,0.668271133133525,0.6682711331335252,TRUE,0.6636323853427505,0.661123352679398,0.7415324088403503,0.03401494915072011,0.05464713762077467,0.07310124646081506,high,low,high,low,high,high,high_level-low_diversity,low_level-high_diversity,high_level-high_diversity,6,Renewable-energy transition,2,2,4,NA,0,1
281433058560,2,control,0,0,5,0,0.5294117647058824,2,1,13,26,female,0,5,6,1,1,2,2,0,54,0,0,0,0,0,2151,0,0,0,NA,NA,NA,NA,NA,NA,NA,NA,NA,NA,NA,NA,NA,NA,NA,TRUE,0.6902886488740141,NA,0.7286932313580259,0.02977139133215146,NA,NA,high,NA,high,low,NA,NA,high_level-low_diversity,NA,NA,4.5,Renewable-energy transition,1,1,0,NA,0,0
281443592160,2,verbal,1,NA,6,1,0.9411764705882353,5,8,17,63,not female,0,6,5,-1,1,2,2,0,116,0,0,0,0,0,14094,0,0,0,NA,NA,NA,NA,NA,NA,NA,NA,NA,NA,NA,NA,NA,NA,NA,TRUE,0.685489083178071,0.7883391504879269,0.7883391504879269,0.08414235247049455,NA,NA,high,high,high,low,NA,NA,high_level-low_diversity,NA,NA,NA,Renewable-energy transition,1,-1,0,NA,1,0
281464595748,2,control,0,0,6,1,0.5882352941176471,4,2,12,54,not female,0,6,7,1,1,3,3,0,460,0,0,0,0,0,11821,0,0,0,NA,NA,NA,NA,NA,NA,NA,NA,NA,NA,NA,NA,NA,NA,NA,TRUE,0.5578858857677877,0.6502714244738702,0.6851466336951646,0.14660560557502092,0.03484137171245144,0.02301034716003265,low,low,low,high,low,low,low_level-high_diversity,low_level-low_diversity,low_level-low_diversity,5,Renewable-energy transition,1,1,0,NA,0,0
281526837012,2,monetary,NA,1,7,0,0.6470588235294118,3,5,20,54,female,0,7,6,-1,1,2,2,0,29,0,0,0,0,0,1908,0,0,0,NA,NA,NA,NA,NA,NA,NA,NA,NA,NA,NA,NA,NA,NA,NA,TRUE,0.6347967197993666,0.6337842738824604,0.6178913487274601,0.11196534094245188,0.09718701380412616,0.09916493179048712,low,low,low,high,high,high,low_level-high_diversity,low_level-high_diversity,low_level-high_diversity,6,Renewable-energy transition,1,-1,0,NA,0,1
281546467812,2,monetary,NA,1,6,1,0.8823529411764706,4,8,19,37,not female,0,6,6,0,0,3,3,0,3,0,0,0,0,0,424,0,0,0,NA,NA,NA,NA,NA,NA,NA,NA,NA,NA,NA,NA,NA,NA,NA,TRUE,0.6518038029312204,0.6395470388757357,0.6349232689891731,0.08091273405247405,0.0989243269572906,0.09742775221054964,low,low,low,low,high,high,low_level-low_diversity,low_level-high_diversity,low_level-high_diversity,7,Renewable-energy transition,0,0,0,NA,0,1
281546536212,2,verbal,1,NA,4,NA,0.11764705882352941,3,5,15,47,female,0,4,4,0,0,1,2,1,1,0,0,0,0,0,46,0,0,0,NA,NA,NA,NA,NA,NA,NA,NA,NA,NA,NA,NA,NA,NA,NA,TRUE,0.7731911039272196,0.8320935436710482,0.864176124892771,0.08418108643064273,0.03762016114454614,NA,high,high,high,low,low,NA,high_level-low_diversity,high_level-low_diversity,NA,NA,Renewable-energy transition,0,0,0,NA,1,0
281646404316,2,control,0,0,5,1,0.7647058823529411,4,4,19,47,not female,0,5,4,-1,1,2,3,1,198,0,0,0,0,0,12017,0,0,0,NA,NA,NA,NA,NA,NA,NA,NA,NA,NA,NA,NA,NA,NA,NA,TRUE,0.42505394645516814,0.6164671743737997,0.909704779537682,0.08424341327355536,0.0874962271300438,0.08800843875916078,low,low,high,low,high,high,low_level-low_diversity,low_level-high_diversity,high_level-high_diversity,6,Renewable-energy transition,1,-1,0,NA,0,0
281672870328,2,verbal,1,NA,5,1,0.5294117647058824,3,4,12,57,not female,0,5,5,0,0,2,2,0,41,0,0,0,0,0,24199,0,0,0,NA,NA,NA,NA,NA,NA,NA,NA,NA,NA,NA,NA,NA,NA,NA,TRUE,0.37969803987146183,0.7047835914639455,0.6890149935500001,0.03916592413185062,0.07575330119103038,0.06945948186675373,low,high,low,low,high,high,low_level-low_diversity,high_level-high_diversity,low_level-high_diversity,5,Renewable-energy transition,0,0,0,NA,1,0
281709125064,2,monetary,NA,1,5,1,0.6470588235294118,5,7,13,53,not female,0,5,5,0,0,2,2,0,3,0,0,0,0,0,52,0,0,0,NA,NA,NA,NA,NA,NA,NA,NA,NA,NA,NA,NA,NA,NA,NA,TRUE,0.6333970305899417,0.6206434648497554,0.6186783863563075,0.0623125518707151,0.0695197141459638,0.06914138335809714,low,low,low,low,high,high,low_level-low_diversity,low_level-high_diversity,low_level-high_diversity,7,Renewable-energy transition,0,0,0,NA,0,1
281730809232,2,control,0,0,5,1,0.47058823529411764,3,2,13,57,not female,0,5,4,-1,1,1,3,2,81,0,0,0,0,0,1804,0,0,0,NA,NA,NA,NA,NA,NA,NA,NA,NA,NA,NA,NA,NA,NA,NA,TRUE,0.7563777522074012,0.641905525846655,0.769024879736781,0.05121790389362477,0.03988239618186063,0.02821689328118024,high,low,high,low,low,low,high_level-low_diversity,low_level-low_diversity,high_level-low_diversity,NA,Renewable-energy transition,1,-1,0,NA,0,0
281793327516,2,monetary,NA,1,7,0,0.5294117647058824,5,0,10,55,female,0,7,7,0,0,2,3,1,162,0,0,0,0,0,3437,0,0,0,NA,NA,NA,NA,NA,NA,NA,NA,NA,NA,NA,NA,NA,NA,NA,TRUE,0.7567973944880447,0.6754484421507632,0.7640920178433455,0.0749596498512366,0.07047072236714598,0.05399228077019918,high,high,high,low,high,high,high_level-low_diversity,high_level-high_diversity,high_level-high_diversity,4,Renewable-energy transition,0,0,0,NA,0,1
282569457528,2,verbal,1,NA,7,0,0.8235294117647058,4,2,20,44,not female,0,7,7,0,0,2,3,1,16,0,0,0,0,0,1390,0,0,0,NA,NA,NA,NA,NA,NA,NA,NA,NA,NA,NA,NA,NA,NA,NA,TRUE,0.6790330089975458,NA,0.728693231358026,0.0231178967127883,NA,NA,high,NA,high,low,NA,NA,high_level-low_diversity,NA,NA,6,Renewable-energy transition,0,0,0,NA,1,0
282582731232,2,control,0,0,4,0,0.5882352941176471,4,1,12,61,not female,0,4,4,0,0,2,2,0,129,0,0,0,0,0,5024,0,0,0,NA,NA,NA,NA,NA,NA,NA,NA,NA,NA,NA,NA,NA,NA,NA,TRUE,0.5397334914698274,0.673272769415145,0.7044185171497079,0.14977438464866713,0.08633215086238957,0.04606613881508941,low,high,low,high,high,low,low_level-high_diversity,high_level-high_diversity,low_level-low_diversity,4,Renewable-energy transition,0,0,0,NA,0,0
282636288432,2,verbal,1,NA,6,0,0.5882352941176471,4,7,12,58,not female,0,6,7,1,1,2,3,1,7,0,0,0,0,0,499,0,0,0,NA,NA,NA,NA,NA,NA,NA,NA,NA,NA,NA,NA,NA,NA,NA,TRUE,0.6533023177295392,0.6275508807540272,0.6364624004000553,0.04096359804456691,0.04725614260335358,0.05504660158012501,low,low,low,low,low,high,low_level-low_diversity,low_level-low_diversity,low_level-high_diversity,NA,Renewable-energy transition,1,1,0,NA,1,0
282651334380,2,monetary,NA,1,6,0,0.5882352941176471,3,4,11,44,not female,0,6,6,0,0,2,2,0,42,0,0,0,0,0,2665,0,0,0,NA,NA,NA,NA,NA,NA,NA,NA,NA,NA,NA,NA,NA,NA,NA,TRUE,0.7477601912230994,0.7840538577885499,0.7751563576671,0.10576646877879951,0.04052715985617328,0.04707240155274843,high,high,high,high,low,low,high_level-high_diversity,high_level-low_diversity,high_level-low_diversity,6.5,Renewable-energy transition,0,0,0,NA,0,1
282693195180,2,verbal,1,NA,4,0,0.5294117647058824,3,8,12,60,not female,0,4,5,1,1,1,1,0,313,0,0,0,0,0,25593,0,0,0,NA,NA,NA,NA,NA,NA,NA,NA,NA,NA,NA,NA,NA,NA,NA,TRUE,0.8024091276248697,0.648980731843828,0.8024686443222965,0.04146937710682776,0.005724459586193,0.04101933196295355,high,low,high,low,low,low,high_level-low_diversity,low_level-low_diversity,high_level-low_diversity,4.5,Renewable-energy transition,1,1,0,NA,1,0
282727054548,2,monetary,NA,1,7,1,0.47058823529411764,3,8,12,54,female,0,7,7,0,0,2,3,1,45,0,0,0,0,0,5403,0,0,0,NA,NA,NA,NA,NA,NA,NA,NA,NA,NA,NA,NA,NA,NA,NA,TRUE,0.7690701874953499,NA,0.799649853780606,0.07554166592423636,NA,NA,high,NA,high,low,NA,NA,high_level-low_diversity,NA,NA,6.5,Renewable-energy transition,0,0,0,NA,0,1
282756805128,2,control,0,0,5,1,0.5882352941176471,3,8,13,60,female,0,5,5,0,0,2,2,0,28,0,0,0,0,0,1945,0,0,0,NA,NA,NA,NA,NA,NA,NA,NA,NA,NA,NA,NA,NA,NA,NA,TRUE,0.6476826936623393,0.6992538224077952,0.6966165863475283,0.10012906000626498,0.06862303282452806,0.01715482388502562,low,high,low,high,high,low,low_level-high_diversity,high_level-high_diversity,low_level-low_diversity,3,Renewable-energy transition,0,0,0,NA,0,0
282825414432,2,monetary,NA,1,4,0,0.6470588235294118,3,1,13,55,female,0,4,5,1,1,1,2,1,167,2,1,2,0,1,8917,114,0.012784568801166312,0.01568134292313538,NA,NA,NA,NA,NA,NA,NA,NA,NA,NA,2,1,0.668271133133525,0.668271133133525,0.668271133133525,TRUE,0.6309372839384886,0.642944173256451,0.7290606981226927,0.14075607595696543,NA,0.0063745028499364,low,low,high,high,NA,low,low_level-high_diversity,NA,high_level-low_diversity,4,Renewable-energy transition,1,1,2,NA,0,1
282839092380,2,verbal,1,NA,7,1,0.8235294117647058,5,8,21,65,not female,0,7,7,0,0,3,3,0,6,0,0,0,0,0,63,0,0,0,NA,NA,NA,NA,NA,NA,NA,NA,NA,NA,NA,NA,NA,NA,NA,TRUE,0.6752377263719841,0.716003717833404,0.7423666626695953,0.08740736244082475,NA,0.03168431645970535,high,high,high,high,NA,low,high_level-high_diversity,NA,high_level-low_diversity,7,Renewable-energy transition,0,0,0,NA,1,0
282877258212,2,verbal,1,NA,7,0,0.47058823529411764,2,1,13,48,female,0,7,7,0,0,2,2,0,209,0,0,0,0,0,5418,0,0,0,NA,NA,NA,NA,NA,NA,NA,NA,NA,NA,NA,NA,NA,NA,NA,TRUE,0.5844867020990971,0.7173245545525665,0.7745119643406185,0.18355830603669823,0.05576178241439116,0.01169986497070785,low,high,high,high,high,low,low_level-high_diversity,high_level-high_diversity,high_level-low_diversity,4.5,Renewable-energy transition,0,0,0,NA,1,0
282882728844,2,verbal,1,NA,7,0,0.058823529411764705,2,0,16,57,female,0,7,7,0,0,1,2,1,626,0,0,0,0,0,12728,0,0,0,NA,NA,NA,NA,NA,NA,NA,NA,NA,NA,NA,NA,NA,NA,NA,TRUE,0.46281363589467134,0.7088654838398807,0.6877637582274585,0.13731699512319637,0.06386241275103952,0.07080136981934503,low,high,low,high,high,high,low_level-high_diversity,high_level-high_diversity,low_level-high_diversity,7,Renewable-energy transition,0,0,0,NA,1,0
282911935644,2,control,0,0,2,0,0.6470588235294118,3,1,10,53,female,0,2,3,1,1,1,1,0,104,0,0,0,0,0,4432,0,0,0,NA,NA,NA,NA,NA,NA,NA,NA,NA,NA,NA,NA,NA,NA,NA,TRUE,0.7486607977060263,0.6860374293294654,0.7513218272851088,0.06401687969536486,0.06629831646677596,0.05753314123760955,high,high,high,low,high,high,high_level-low_diversity,high_level-high_diversity,high_level-high_diversity,1,Renewable-energy transition,1,1,0,NA,0,0
283098805128,2,monetary,NA,1,4,0,0.7058823529411765,3,1,15,55,not female,0,4,1,-3,3,1,1,0,103,0,0,0,0,0,1910,0,0,0,NA,NA,NA,NA,NA,NA,NA,NA,NA,NA,NA,NA,NA,NA,NA,TRUE,0.6889290612462079,0.6569005490889606,0.6996319364532406,0.06533995380145113,0.06930366622792807,0.07839380479972044,high,low,low,low,high,high,high_level-low_diversity,low_level-high_diversity,low_level-high_diversity,3,Renewable-energy transition,3,-3,0,NA,0,1
283103661528,2,monetary,NA,1,7,1,0.5882352941176471,3,1,13,63,not female,0,7,3,-4,4,2,3,1,161,0,0,0,0,0,8989,0,0,0,NA,NA,NA,NA,NA,NA,NA,NA,NA,NA,NA,NA,NA,NA,NA,TRUE,0.630827941446284,NA,0.7384498553775156,0.09735479518243698,NA,0.02555710522976175,low,NA,high,high,NA,low,low_level-high_diversity,NA,high_level-low_diversity,6,Renewable-energy transition,4,-4,0,NA,0,1
283129720560,2,monetary,NA,1,5,0,0.4117647058823529,3,4,13,33,not female,0,5,4,-1,1,3,3,0,116,0,0,0,0,0,5085,0,0,0,NA,NA,NA,NA,NA,NA,NA,NA,NA,NA,NA,NA,NA,NA,NA,TRUE,0.6016505875942445,0.720702769525798,0.7283710695180926,0.15446721634829064,0.06925276554409077,0.00696569994030705,low,high,high,high,high,low,low_level-high_diversity,high_level-high_diversity,high_level-low_diversity,5,Renewable-energy transition,1,-1,0,NA,0,1
283218440832,2,monetary,NA,1,6,1,0.8823529411764706,5,0,13,66,not female,0,6,5,-1,1,2,2,0,291,0,0,0,0,0,8417,0,0,0,NA,NA,NA,NA,NA,NA,NA,NA,NA,NA,NA,NA,NA,NA,NA,TRUE,0.704952819586173,0.6736511974989706,0.6803211974049743,0.14306262220671237,0.13406304046013692,0.14483772752157262,high,high,low,high,high,high,high_level-high_diversity,high_level-high_diversity,low_level-high_diversity,5.5,Renewable-energy transition,1,-1,0,NA,0,1
283537454328,2,monetary,NA,1,6,1,0.8235294117647058,3,6,13,60,female,0,6,6,0,0,2,2,0,8,0,0,0,0,0,725,0,0,0,NA,NA,NA,NA,NA,NA,NA,NA,NA,NA,NA,NA,NA,NA,NA,TRUE,0.5542335058761237,0.7067928220123453,0.6902685613146097,0.15234516403580578,0.05624084924299336,0.07306165490557519,low,high,low,high,high,high,low_level-high_diversity,high_level-high_diversity,low_level-high_diversity,NA,Renewable-energy transition,0,0,0,NA,0,1
283567484664,2,verbal,1,NA,4,1,0.7647058823529411,4,7,10,75,not female,0,4,3,-1,1,2,2,0,22,0,0,0,0,0,633,0,0,0,NA,NA,NA,NA,NA,NA,NA,NA,NA,NA,NA,NA,NA,NA,NA,TRUE,0.7479277799543853,0.7857826352223752,0.770852469998273,0.09994113237488114,0.02456170606537756,0.04326369733060997,high,high,high,high,low,low,high_level-high_diversity,high_level-low_diversity,high_level-low_diversity,5,Renewable-energy transition,1,-1,0,NA,1,0
283830482664,2,verbal,1,NA,6,1,0.5294117647058824,3,6,13,44,female,0,6,7,1,1,3,3,0,21,0,0,0,0,0,875,0,0,0,NA,NA,NA,NA,NA,NA,NA,NA,NA,NA,NA,NA,NA,NA,NA,TRUE,0.6717342070182009,0.6593154701573639,0.6922504212828875,0.03323895769298576,0.01458786196308612,0.05174646380603371,high,low,low,low,low,low,high_level-low_diversity,low_level-low_diversity,low_level-low_diversity,5,Renewable-energy transition,1,1,0,NA,1,0
284701278960,2,control,0,0,5,1,0.6470588235294118,3,5,13,22,female,0,5,5,0,0,2,2,0,0,0,0,0,0,0,0,0,NA,NA,NA,NA,NA,NA,NA,NA,NA,NA,NA,NA,NA,NA,NA,NA,NA,TRUE,0.647235348368731,0.64613732751421,0.64613732751421,0.07587570628754718,NA,NA,low,low,low,low,NA,NA,low_level-low_diversity,NA,NA,NA,Renewable-energy transition,0,0,0,NA,0,0
284818927644,2,monetary,NA,1,4,0,0.5882352941176471,3,2,13,50,not female,0,4,5,1,1,2,2,0,57,0,0,0,0,0,2073,0,0,0,NA,NA,NA,NA,NA,NA,NA,NA,NA,NA,NA,NA,NA,NA,NA,TRUE,0.6220751399247905,0.816532413128382,0.6922996623321267,0.13300405712911645,0.00343730727530169,0.04315922548096867,low,high,low,high,low,low,low_level-high_diversity,high_level-low_diversity,low_level-low_diversity,5,Renewable-energy transition,1,1,0,NA,0,1
284916813516,2,verbal,1,NA,5,0,0.8235294117647058,3,0,13,43,female,0,5,5,0,0,1,2,1,8,0,0,0,0,0,981,0,0,0,NA,NA,NA,NA,NA,NA,NA,NA,NA,NA,NA,NA,NA,NA,NA,TRUE,0.3811177273393167,NA,0.6987278278840195,0.04161127285933018,NA,0.00212741929122684,low,NA,low,low,NA,low,low_level-low_diversity,NA,low_level-low_diversity,2.5,Renewable-energy transition,0,0,0,NA,1,0
284926453128,2,monetary,NA,1,4,0,0.23529411764705882,3,2,10,35,female,0,4,4,0,0,2,2,0,32,0,0,0,0,0,3235,0,0,0,NA,NA,NA,NA,NA,NA,NA,NA,NA,NA,NA,NA,NA,NA,NA,TRUE,0.6693450736292775,NA,0.7996498537806062,0.01182960608789087,NA,NA,high,NA,high,low,NA,NA,high_level-low_diversity,NA,NA,NA,Renewable-energy transition,0,0,0,NA,0,1
285019478496,2,verbal,1,NA,4,0,0.4117647058823529,2,1,9,59,not female,0,4,7,3,3,1,1,0,43,0,0,0,0,0,3129,0,0,0,NA,NA,NA,NA,NA,NA,NA,NA,NA,NA,NA,NA,NA,NA,NA,TRUE,0.6303658802224406,0.6205785751683881,0.6201859922227346,0.03205768810519888,NA,0.00562066354642061,low,low,low,low,NA,low,low_level-low_diversity,NA,low_level-low_diversity,4,Renewable-energy transition,3,3,0,NA,1,0
285118863012,2,monetary,NA,1,2,0,0.5294117647058824,3,3,10,23,not female,0,2,5,3,3,2,2,0,75,0,0,0,0,0,598,0,0,0,NA,NA,NA,NA,NA,NA,NA,NA,NA,NA,NA,NA,NA,NA,NA,TRUE,0.6157717272088413,NA,0.7330015351804368,0.1521882714187122,NA,0.09576275916524844,low,NA,high,high,NA,high,low_level-high_diversity,NA,high_level-high_diversity,4,Renewable-energy transition,3,3,0,NA,0,1
285151150548,2,monetary,NA,1,6,NA,0.5882352941176471,4,3,17,49,not female,1,6,4,-2,2,2,2,0,58,4,1,3,1,2,4638,134,0.028891763691246228,0.07707364524182478,NA,NA,NA,NA,NA,NA,NA,NA,NA,NA,3,1,0.668271133133525,0.668271133133525,0.668271133133525,TRUE,0.7903602105141503,0.6901295900537445,0.7984052002492393,0.08068737597352668,0.05835498275534576,0.1279870802007167,high,high,high,low,high,high,high_level-low_diversity,high_level-high_diversity,high_level-high_diversity,6.5,Renewable-energy transition,2,-2,4,NA,0,1
285234732612,2,verbal,1,NA,4,0,0.5882352941176471,3,8,10,68,female,0,4,4,0,0,1,2,1,37,0,0,0,0,0,2079,0,0,0,NA,NA,NA,NA,NA,NA,NA,NA,NA,NA,NA,NA,NA,NA,NA,TRUE,0.6866607173224044,NA,0.7842442485064478,0.09150656326032933,NA,0.02371276325617042,high,NA,high,high,NA,low,high_level-high_diversity,NA,high_level-low_diversity,5,Renewable-energy transition,0,0,0,NA,1,0
285322560948,2,control,0,0,7,0,0.11764705882352941,1,0,16,41,female,0,7,7,0,0,1,1,0,24,0,0,0,0,0,1411,0,0,0,NA,NA,NA,NA,NA,NA,NA,NA,NA,NA,NA,NA,NA,NA,NA,TRUE,0.661476979027776,NA,NA,0.06537972702413979,NA,NA,low,NA,NA,low,NA,NA,low_level-low_diversity,NA,NA,3,Renewable-energy transition,0,0,0,NA,0,0
285326048664,2,control,0,0,5,0,0.4117647058823529,2,1,17,50,not female,0,5,5,0,0,3,3,0,1,0,0,0,0,0,106,0,0,0,NA,NA,NA,NA,NA,NA,NA,NA,NA,NA,NA,NA,NA,NA,NA,TRUE,0.623401173116144,0.598909713642671,0.598909713642671,0.05311003179066528,NA,NA,low,low,low,low,NA,NA,low_level-low_diversity,NA,NA,4,Renewable-energy transition,0,0,0,NA,0,0
285369343128,2,verbal,1,NA,7,0,0.7058823529411765,3,1,12,58,female,0,7,4,-3,3,2,3,1,50,0,0,0,0,0,1964,0,0,0,NA,NA,NA,NA,NA,NA,NA,NA,NA,NA,NA,NA,NA,NA,NA,TRUE,0.697097219317539,NA,0.6964467750042866,0.0136558501638074,NA,3.121232093866402e-4,high,NA,low,low,NA,low,high_level-low_diversity,NA,low_level-low_diversity,7,Renewable-energy transition,3,-3,0,NA,1,0
285399848844,2,monetary,NA,1,6,1,0.6470588235294118,4,5,10,45,not female,0,6,7,1,1,3,3,0,899,0,0,0,0,0,25963,0,0,0,NA,NA,NA,NA,NA,NA,NA,NA,NA,NA,NA,NA,NA,NA,NA,TRUE,0.6733766538518273,0.6926082315686416,0.7180793683693583,0.0194861150075601,0.05820128425360756,0.02705804960788356,high,high,high,low,high,low,high_level-low_diversity,high_level-high_diversity,high_level-low_diversity,5,Renewable-energy transition,1,1,0,NA,0,1
285428582316,2,verbal,1,NA,6,1,0.8235294117647058,4,6,17,60,female,1,6,6,0,0,3,3,0,91,1,1,0,1,1,8630,103,0.011935110081112399,0.013684185155270723,NA,NA,NA,NA,NA,NA,NA,NA,NA,NA,NA,NA,NA,NA,NA,TRUE,0.7051003384671827,0.7081434752128906,0.6712352254807505,0.09962496202852796,0.07912999233569182,0.08531561129437114,high,high,low,high,high,high,high_level-high_diversity,high_level-high_diversity,low_level-high_diversity,4,Renewable-energy transition,0,0,1,NA,1,0
285510524148,2,monetary,NA,1,7,1,0.5882352941176471,4,5,15,46,female,1,7,7,0,0,2,3,1,428,4,1,2,2,2,7364,60,0.008147745790331342,0.010525956557542834,NA,NA,NA,NA,NA,NA,NA,NA,NA,NA,2,1,0.668271133133525,0.668271133133525,0.668271133133525,TRUE,0.7448870512279838,NA,0.7740729539383691,0.0688120222909662,NA,0.00347585861880014,high,NA,high,low,NA,low,high_level-low_diversity,NA,high_level-low_diversity,6.5,Renewable-energy transition,0,0,4,NA,0,1
285592191696,2,monetary,NA,1,5,1,0.7058823529411765,3,3,15,49,female,1,5,5,0,0,2,2,0,42,2,1,0,2,2,2539,120,0.04726270185112249,0.05134496521357162,NA,NA,NA,NA,NA,NA,NA,NA,NA,NA,NA,NA,NA,NA,NA,TRUE,0.6666014932424488,0.7346966226268578,0.7213530216476935,0.02274467412787299,0.06878853728676435,0.04940148760298771,high,high,high,low,high,low,high_level-low_diversity,high_level-high_diversity,high_level-low_diversity,NA,Renewable-energy transition,0,0,2,NA,0,1
285635829528,2,control,0,0,4,0,0.17647058823529413,2,1,15,34,female,0,4,4,0,0,1,2,1,166,0,0,0,0,0,4512,0,0,0,NA,NA,NA,NA,NA,NA,NA,NA,NA,NA,NA,NA,NA,NA,NA,TRUE,0.7145741212627529,0.6919094707911161,0.707215443858607,0.0974051729801407,0.05937535750848064,0.08213498467594905,high,high,low,high,high,high,high_level-high_diversity,high_level-high_diversity,low_level-high_diversity,5.5,Renewable-energy transition,0,0,0,NA,0,0
285771606948,2,monetary,NA,1,3,0,0.7647058823529411,4,8,14,69,female,1,3,2,-1,1,3,3,0,450,2,1,0,2,2,13173,16,0.001214605632733622,0.0034638266431391237,1,1,0.696441085914132,0.696441085914132,0.696441085914132,1,1,0.696441085914132,0.696441085914132,0.696441085914132,1,1,0.696441085914132,0.696441085914132,0.696441085914132,TRUE,0.6916323681596661,0.6888417998547404,0.7103231142148874,0.10453428429050655,0.0671337127657605,0.06577285216829631,high,high,high,high,high,high,high_level-high_diversity,high_level-high_diversity,high_level-high_diversity,5.5,Renewable-energy transition,1,-1,2,0.696441085914132,0,1
285820032780,2,monetary,NA,1,7,1,0.5294117647058824,5,8,10,54,female,0,7,7,0,0,3,4,1,34,0,0,0,0,0,2225,0,0,0,NA,NA,NA,NA,NA,NA,NA,NA,NA,NA,NA,NA,NA,NA,NA,TRUE,0.6742300758975855,0.648355875595028,0.6927376203570779,0.0830852960436405,NA,0.05797444791480664,high,low,low,low,NA,high,high_level-low_diversity,NA,low_level-high_diversity,7,Renewable-energy transition,0,0,0,NA,0,1
285867230832,2,verbal,1,NA,5,1,0.6470588235294118,4,8,12,66,female,0,5,6,1,1,2,3,1,219,0,0,0,0,0,10469,0,0,0,NA,NA,NA,NA,NA,NA,NA,NA,NA,NA,NA,NA,NA,NA,NA,TRUE,0.6180955419827161,NA,0.740244039329432,0.1619900945947845,NA,0.02910843481352692,low,NA,high,high,NA,low,low_level-high_diversity,NA,high_level-low_diversity,5.5,Renewable-energy transition,1,1,0,NA,1,0
285874411464,2,verbal,1,NA,4,1,0.6470588235294118,4,8,16,72,not female,0,4,4,0,0,2,2,0,283,0,0,0,0,0,21034,0,0,0,NA,NA,NA,NA,NA,NA,NA,NA,NA,NA,NA,NA,NA,NA,NA,TRUE,0.721373284775437,0.6976754289887138,0.7727859253524381,0.13424104752625715,0.07964093237138715,0.04679663920415699,high,high,high,high,high,low,high_level-high_diversity,high_level-high_diversity,high_level-low_diversity,7,Renewable-energy transition,0,0,0,NA,1,0
287413070832,2,verbal,1,NA,7,NA,0.7647058823529411,3,1,18,52,female,0,7,6,-1,1,2,2,0,8,0,0,0,0,0,842,0,0,0,NA,NA,NA,NA,NA,NA,NA,NA,NA,NA,NA,NA,NA,NA,NA,TRUE,0.6682139907148213,0.661535946715665,0.661535946715665,6.177374736250225e-4,NA,NA,high,low,low,low,NA,NA,high_level-low_diversity,NA,NA,NA,Renewable-energy transition,1,-1,0,NA,1,0
287490568032,2,verbal,1,NA,3,1,0.7647058823529411,3,2,15,35,not female,0,3,3,0,0,2,3,1,88,0,0,0,0,0,3372,0,0,0,NA,NA,NA,NA,NA,NA,NA,NA,NA,NA,NA,NA,NA,NA,NA,TRUE,0.6671188798809944,0.676251457866637,0.6846273162151052,0.04617804139640871,NA,0.03602756970329499,high,high,low,low,NA,low,high_level-low_diversity,NA,low_level-low_diversity,NA,Renewable-energy transition,0,0,0,NA,1,0
287788307760,2,verbal,1,NA,4,1,0.8823529411764706,4,3,12,40,not female,0,4,1,-3,3,3,3,0,77,0,0,0,0,0,2600,0,0,0,NA,NA,NA,NA,NA,NA,NA,NA,NA,NA,NA,NA,NA,NA,NA,TRUE,0.6648169870664676,0.6525243226283459,0.6578950646599423,0.02774254874119429,0.01355289142847358,0.02347270848357539,high,low,low,low,low,low,high_level-low_diversity,low_level-low_diversity,low_level-low_diversity,6,Renewable-energy transition,3,-3,0,NA,1,0
287869498560,2,control,0,0,5,0,0.29411764705882354,3,3,10,20,not female,0,5,6,1,1,4,3,-1,80,0,0,0,0,0,1832,0,0,0,NA,NA,NA,NA,NA,NA,NA,NA,NA,NA,NA,NA,NA,NA,NA,TRUE,0.4453501519557224,NA,NA,0.1251473370611907,NA,NA,low,NA,NA,high,NA,NA,low_level-high_diversity,NA,NA,5.5,Renewable-energy transition,1,1,0,NA,0,0
287975928960,2,control,0,0,4,0,0.8235294117647058,3,6,12,62,female,1,4,4,0,0,1,3,2,307,2,1,1,1,2,9627,78,0.008102212527267061,0.008706922909211708,NA,NA,NA,NA,NA,NA,NA,NA,NA,NA,1,1,0.668271133133525,0.668271133133525,0.668271133133525,TRUE,0.7593379125454683,NA,0.7797901690965114,0.06672989861374161,NA,0.01781288810968081,high,NA,high,low,NA,low,high_level-low_diversity,NA,high_level-low_diversity,NA,Renewable-energy transition,0,0,2,NA,0,0
288042623064,2,control,0,0,5,1,0.058823529411764705,3,0,18,26,female,0,5,5,0,0,2,2,0,43,0,0,0,0,0,4369,0,0,0,NA,NA,NA,NA,NA,NA,NA,NA,NA,NA,NA,NA,NA,NA,NA,TRUE,0.397655773652686,NA,0.6921276831059421,0.07969471234280272,NA,NA,low,NA,low,low,NA,NA,low_level-low_diversity,NA,NA,4.5,Renewable-energy transition,0,0,0,NA,0,0
288088104960,2,monetary,NA,1,7,1,0.8823529411764706,5,8,21,45,not female,1,7,7,0,0,3,3,0,62,2,1,0,2,1,5736,33,0.005753138075313808,0.025619021287318692,NA,NA,NA,NA,NA,NA,NA,NA,NA,NA,NA,NA,NA,NA,NA,TRUE,0.6773165485290447,0.6788463812636873,0.6787221866026371,0.05906470132710608,0.0603316607594668,0.06015944195670502,high,high,low,low,high,high,high_level-low_diversity,high_level-high_diversity,low_level-high_diversity,5.5,Renewable-energy transition,0,0,2,NA,0,1
288140845464,2,verbal,1,NA,5,0,0.17647058823529413,2,1,10,37,female,0,5,6,1,1,2,2,0,16,0,0,0,0,0,1948,0,0,0,NA,NA,NA,NA,NA,NA,NA,NA,NA,NA,NA,NA,NA,NA,NA,TRUE,0.6532472975648626,0.803253940730544,0.6427318770287551,0.08735518180670479,NA,0.08113566358531477,low,high,low,high,NA,high,low_level-high_diversity,NA,low_level-high_diversity,NA,Renewable-energy transition,1,1,0,NA,1,0
288142415928,2,control,0,0,5,0,0.7647058823529411,5,8,18,45,not female,0,5,4,-1,1,3,2,-1,392,0,0,0,0,0,11289,0,0,0,NA,NA,NA,NA,NA,NA,NA,NA,NA,NA,NA,NA,NA,NA,NA,TRUE,0.7271761114685602,0.7453662829883207,0.7369790922811112,0.06937902104211444,0.06982156487747436,0.06449580632380326,high,high,high,low,high,high,high_level-low_diversity,high_level-high_diversity,high_level-high_diversity,7,Renewable-energy transition,1,-1,0,NA,0,0
288148845528,2,control,0,0,7,1,0.47058823529411764,2,1,14,46,not female,0,7,6,-1,1,2,2,0,446,0,0,0,0,0,17570,0,0,0,NA,NA,NA,NA,NA,NA,NA,NA,NA,NA,NA,NA,NA,NA,NA,TRUE,0.699170015286498,0.6876107170570935,0.7082496332337489,0.0668684566516026,0.0700145610853717,0.06304759630372656,high,high,low,low,high,high,high_level-low_diversity,high_level-high_diversity,low_level-high_diversity,4,Renewable-energy transition,1,-1,0,NA,0,0
288163964664,2,verbal,1,NA,7,0,0.7058823529411765,4,8,20,61,not female,0,7,7,0,0,1,3,2,159,0,0,0,0,0,13110,0,0,0,NA,NA,NA,NA,NA,NA,NA,NA,NA,NA,NA,NA,NA,NA,NA,TRUE,0.6796757824284364,0.6569019133209141,0.6941184744440715,0.08105522410816068,0.02846015164902294,0.0622853001960158,high,low,low,low,low,high,high_level-low_diversity,low_level-low_diversity,low_level-high_diversity,7,Renewable-energy transition,0,0,0,NA,1,0
288183869748,2,verbal,1,NA,5,0,0.47058823529411764,3,3,19,39,female,0,5,5,0,0,1,2,1,16,0,0,0,0,0,709,0,0,0,NA,NA,NA,NA,NA,NA,NA,NA,NA,NA,NA,NA,NA,NA,NA,TRUE,0.6665175800525601,0.6805709156256685,0.6528603336822885,0.0584508190434258,0.027947757234317,0.0456872057379247,high,high,low,low,low,low,high_level-low_diversity,high_level-low_diversity,low_level-low_diversity,5,Renewable-energy transition,0,0,0,NA,1,0
288199733760,2,verbal,1,NA,4,0,0.5882352941176471,2,0,10,64,female,0,4,3,-1,1,1,2,1,150,0,0,0,0,0,2483,0,0,0,NA,NA,NA,NA,NA,NA,NA,NA,NA,NA,NA,NA,NA,NA,NA,TRUE,0.5164657715688605,0.7025408893365541,0.7300444290037725,0.15530067548854196,0.06192582520074298,0.05200392548900327,low,high,high,high,high,low,low_level-high_diversity,high_level-high_diversity,high_level-low_diversity,7,Renewable-energy transition,1,-1,0,NA,1,0
288220123116,2,monetary,NA,1,6,1,0.5294117647058824,2,8,14,66,not female,0,6,6,0,0,2,2,0,60,0,0,0,0,0,2589,0,0,0,NA,NA,NA,NA,NA,NA,NA,NA,NA,NA,NA,NA,NA,NA,NA,TRUE,0.6529733689048846,0.6307540371889956,0.652969014289391,0.0467806761210534,0.02560171062996881,0.04678662176161172,low,low,low,low,low,low,low_level-low_diversity,low_level-low_diversity,low_level-low_diversity,6,Renewable-energy transition,0,0,0,NA,0,1
288271144044,2,monetary,NA,1,7,1,0.35294117647058826,2,1,17,23,female,1,7,7,0,0,1,2,1,16,3,1,0,3,3,2139,354,0.16549789621318373,0.23611347968544433,NA,NA,NA,NA,NA,NA,NA,NA,NA,NA,NA,NA,NA,NA,NA,TRUE,0.6472448610168389,0.6945512465948634,0.6777673152259442,0.17807096925170007,0.10772992290960304,0.10651974484530058,low,high,low,high,high,high,low_level-high_diversity,high_level-high_diversity,low_level-high_diversity,5.5,Renewable-energy transition,0,0,3,NA,0,1
288318753864,2,verbal,1,NA,7,0,0.47058823529411764,2,4,13,27,female,1,7,5,-2,2,1,2,1,73,7,1,3,4,5,7063,167,0.023644343763273398,0.10713829390347507,NA,NA,NA,NA,NA,NA,NA,NA,NA,NA,3,2,0.668271133133525,0.668271133133525,0.668271133133525,TRUE,0.7101726165325829,0.6565987541608612,0.7280367558477087,0.02800099087378088,0.02034323240700989,0.00711798383793856,high,low,high,low,low,low,high_level-low_diversity,low_level-low_diversity,high_level-low_diversity,5,Renewable-energy transition,2,-2,7,NA,1,0
288351171360,2,monetary,NA,1,4,0,0.7058823529411765,3,3,10,39,not female,0,4,1,-3,3,1,2,1,163,1,1,1,0,1,7915,12,0.0015161086544535692,0.006202430539400561,NA,NA,NA,NA,NA,NA,NA,NA,NA,NA,1,1,0.668271133133525,0.668271133133525,0.668271133133525,TRUE,0.5504209491870841,0.6127030037087552,0.6127030037087552,0.14077985582292638,0.02343322791598627,0.02343322791598627,low,low,low,high,low,low,low_level-high_diversity,low_level-low_diversity,low_level-low_diversity,3.5,Renewable-energy transition,3,-3,1,NA,0,1
288511369632,2,monetary,NA,1,6,1,0.6470588235294118,4,5,14,44,not female,0,6,6,0,0,4,3,-1,3,0,0,0,0,0,522,0,0,0,NA,NA,NA,NA,NA,NA,NA,NA,NA,NA,NA,NA,NA,NA,NA,TRUE,0.6682711331335252,NA,NA,NA,NA,NA,high,NA,NA,NA,NA,NA,NA,NA,NA,6,Renewable-energy transition,0,0,0,NA,0,1
288531952560,2,verbal,1,NA,7,1,0.5294117647058824,3,8,11,61,female,0,7,6,-1,1,2,3,1,56,0,0,0,0,0,2968,0,0,0,NA,NA,NA,NA,NA,NA,NA,NA,NA,NA,NA,NA,NA,NA,NA,TRUE,0.7537955129207601,0.79062802330461035,0.7581028595134865,0.04966420596522915,1.6347992748760715e-4,0.04633206865911249,high,high,high,low,low,low,high_level-low_diversity,high_level-low_diversity,high_level-low_diversity,2,Renewable-energy transition,1,-1,0,NA,1,0
288547003296,2,control,0,0,4,0,0.23529411764705882,1,0,13,52,female,0,4,4,0,0,1,1,0,5,0,0,0,0,0,11592,0,0,0,NA,NA,NA,NA,NA,NA,NA,NA,NA,NA,NA,NA,NA,NA,NA,FALSE,NA,NA,NA,NA,NA,NA,NA,NA,NA,NA,NA,NA,NA,NA,NA,2.5,Renewable-energy transition,0,0,0,NA,0,0
288547276212,2,verbal,1,NA,1,0,0.7058823529411765,5,8,19,35,not female,1,1,4,3,3,1,3,2,69,6,1,2,4,4,3326,102,0.030667468430547205,0.07579615450495655,NA,NA,NA,NA,NA,NA,NA,NA,NA,NA,2,1,0.6682711331335249,0.668271133133525,0.668271133133525,TRUE,0.4319886192154624,0.300595884727057,0.3044403047209366,0.1996291811705639,0.05224402742663444,0.06439186002917245,low,low,low,high,low,high,low_level-high_diversity,low_level-low_diversity,low_level-high_diversity,3.5,Renewable-energy transition,3,3,6,NA,1,0
288633942432,2,verbal,1,NA,7,NA,0.7647058823529411,3,6,24,30,female,1,7,7,0,0,2,2,0,160,14,1,2,12,7,7640,615,0.08049738219895287,0.1038660082379648,2,1,0.8340707366118351,0.834070736611835,0.834070736611835,NA,NA,NA,NA,NA,4,2,0.7134102921956827,0.75117093487268,0.7381824674649482,TRUE,0.5732122103251733,0.7047754130090758,0.7470912737767678,0.16899900942176255,0.0978791334518714,0.07348863079467609,low,high,high,high,high,high,low_level-high_diversity,high_level-high_diversity,high_level-high_diversity,6,Renewable-energy transition,0,0,14,0.8340707366118351,1,0
289391882832,2,monetary,NA,1,5,0,0.5882352941176471,3,6,16,52,not female,1,5,7,2,2,1,3,2,45,3,1,1,2,3,3545,780,0.22002820874471085,0.10780611806563893,NA,NA,NA,NA,NA,NA,NA,NA,NA,NA,NA,NA,NA,NA,NA,TRUE,0.5774248573528371,0.696947622161204,0.7287738604542449,0.14705818307539167,0.09207543450061235,0.0529345507202929,low,high,high,high,high,low,low_level-high_diversity,high_level-high_diversity,high_level-low_diversity,5.5,Renewable-energy transition,2,2,3,NA,0,1
289399062780,2,control,0,0,5,1,0.5294117647058824,3,3,14,54,not female,0,5,5,0,0,1,1,0,15,0,0,0,0,0,543,0,0,0,NA,NA,NA,NA,NA,NA,NA,NA,NA,NA,NA,NA,NA,NA,NA,TRUE,0.7518527383324539,0.7538883402415543,0.7541407931606882,0.05094190725361855,0.04960099598765806,0.04957998757704807,high,high,high,low,low,low,high_level-low_diversity,high_level-low_diversity,high_level-low_diversity,NA,Renewable-energy transition,0,0,0,NA,0,0
289533399012,2,control,0,0,7,0,0.7647058823529411,4,2,13,73,not female,0,7,7,0,0,2,2,0,45,0,0,0,0,0,3952,0,0,0,NA,NA,NA,NA,NA,NA,NA,NA,NA,NA,NA,NA,NA,NA,NA,TRUE,0.7112306622146498,0.7109203360799699,0.7125082503932294,0.04416240131805601,0.02919298959386133,0.03298183492268616,high,high,high,low,low,low,high_level-low_diversity,high_level-low_diversity,high_level-low_diversity,5,Renewable-energy transition,0,0,0,NA,0,0
289551044160,2,verbal,1,NA,2,0,0.7647058823529411,4,8,11,62,not female,0,2,1,-1,1,2,1,-1,27,0,0,0,0,0,1414,0,0,0,NA,NA,NA,NA,NA,NA,NA,NA,NA,NA,NA,NA,NA,NA,NA,TRUE,0.6393536486206729,0.6233392234828181,0.6374671678140786,0.04947195611855762,0.00448311133383216,0.04582900272264901,low,low,low,low,low,low,low_level-low_diversity,low_level-low_diversity,low_level-low_diversity,4.5,Renewable-energy transition,1,-1,0,NA,1,0
289561649580,2,verbal,1,NA,1,0,0.4117647058823529,3,0,8,32,not female,0,1,1,0,0,1,1,0,319,0,0,0,0,0,8536,0,0,0,NA,NA,NA,NA,NA,NA,NA,NA,NA,NA,NA,NA,NA,NA,NA,TRUE,0.4579979190555913,0.6684880932567722,0.68474399627542,0.13403729258176986,0.0341914816413187,0.06831605207014117,low,low,low,high,low,high,low_level-high_diversity,low_level-low_diversity,low_level-high_diversity,2.5,Renewable-energy transition,0,0,0,NA,1,0
289642978548,2,monetary,NA,1,2,0,0.6470588235294118,4,4,12,53,not female,1,2,3,1,1,2,3,1,397,5,1,3,2,2,13287,70,0.005268307368104162,0.012551378359121828,NA,NA,NA,NA,NA,NA,NA,NA,NA,NA,3,1,0.668271133133525,0.668271133133525,0.6682711331335249,TRUE,0.395331829728188,0.6609760692929801,0.7697097821456338,0.08105797599708471,0.09506075624174572,0.0768345604843964,low,low,high,low,high,high,low_level-low_diversity,low_level-high_diversity,high_level-high_diversity,6,Renewable-energy transition,1,1,5,NA,0,1
289656043632,2,monetary,NA,1,5,NA,0.5882352941176471,3,6,13,52,not female,0,5,5,0,0,2,3,1,23,0,0,0,0,0,632,0,0,0,NA,NA,NA,NA,NA,NA,NA,NA,NA,NA,NA,NA,NA,NA,NA,TRUE,0.7071566754845758,0.6420913424427601,0.7465096060192296,0.11856666973734882,0.07768171956332258,0.08298602565418682,high,low,high,high,high,high,high_level-high_diversity,low_level-high_diversity,high_level-high_diversity,6,Renewable-energy transition,0,0,0,NA,0,1
289870474212,2,verbal,1,NA,7,0,0.8823529411764706,3,8,15,51,not female,0,7,5,-2,2,2,3,1,66,2,1,2,0,1,1784,56,0.03139013452914798,0.031294812002967125,NA,NA,NA,NA,NA,NA,NA,NA,NA,NA,2,1,0.799649853780606,0.799649853780606,0.799649853780606,TRUE,0.8036398886238446,NA,0.8036398886238446,0.0063298937058564,NA,0.0063298937058564,high,NA,high,low,NA,low,high_level-low_diversity,NA,high_level-low_diversity,6.5,Renewable-energy transition,2,-2,2,NA,1,0
289944143064,2,control,0,0,5,0,0.6470588235294118,4,8,15,68,not female,0,5,4,-1,1,2,2,0,405,0,0,0,0,0,15533,0,0,0,NA,NA,NA,NA,NA,NA,NA,NA,NA,NA,NA,NA,NA,NA,NA,TRUE,0.5410983798028237,0.7061625043626032,0.6706557788023046,0.17765406318629975,0.06289150925210832,0.1923731637881805,low,high,low,high,high,high,low_level-high_diversity,high_level-high_diversity,low_level-high_diversity,6,Renewable-energy transition,1,-1,0,NA,0,0
290011993128,2,monetary,NA,1,7,1,0.5882352941176471,5,8,15,44,not female,0,7,7,0,0,3,3,0,110,0,0,0,0,0,3388,0,0,0,NA,NA,NA,NA,NA,NA,NA,NA,NA,NA,NA,NA,NA,NA,NA,TRUE,0.6777571170805617,0.6481648000659147,0.6862568545677733,0.06128370939062914,0.08017506017037546,0.07485755516796175,high,low,low,low,high,high,high_level-low_diversity,low_level-high_diversity,low_level-high_diversity,5.5,Renewable-energy transition,0,0,0,NA,0,1
290292160896,2,verbal,1,NA,6,0,0.6470588235294118,2,2,15,43,female,0,6,6,0,0,1,1,0,28,0,0,0,0,0,2330,0,0,0,NA,NA,NA,NA,NA,NA,NA,NA,NA,NA,NA,NA,NA,NA,NA,FALSE,NA,NA,NA,NA,NA,NA,NA,NA,NA,NA,NA,NA,NA,NA,NA,NA,Renewable-energy transition,0,0,0,NA,1,0
290634638328,2,verbal,1,NA,3,1,0.4117647058823529,3,3,18,67,female,0,3,2,-1,1,1,1,0,392,0,0,0,0,0,8574,0,0,0,NA,NA,NA,NA,NA,NA,NA,NA,NA,NA,NA,NA,NA,NA,NA,TRUE,0.7158978907163627,0.816946216297037,0.7283959930114252,0.04186753373254957,NA,0.00331576308988402,high,high,high,low,NA,low,high_level-low_diversity,NA,high_level-low_diversity,5.5,Renewable-energy transition,1,-1,0,NA,1,0
290638059012,2,monetary,NA,1,7,1,0.8235294117647058,4,8,12,61,not female,0,7,5,-2,2,3,3,0,80,0,0,0,0,0,3891,0,0,0,NA,NA,NA,NA,NA,NA,NA,NA,NA,NA,NA,NA,NA,NA,NA,TRUE,0.7055121329326415,0.7010406240694925,0.7109401582558948,0.05154523972255842,0.0839751902179774,0.04113283488004243,high,high,high,low,high,low,high_level-low_diversity,high_level-high_diversity,high_level-low_diversity,6,Renewable-energy transition,2,-2,0,NA,0,1
290681287128,2,verbal,1,NA,6,1,0.5294117647058824,4,8,12,38,not female,0,6,4,-2,2,2,2,0,747,0,0,0,0,0,37079,0,0,0,NA,NA,NA,NA,NA,NA,NA,NA,NA,NA,NA,NA,NA,NA,NA,TRUE,0.4327229584430912,0.7576547039185967,0.7541266594994487,0.12313694310987924,0.02168766361944869,0.04369081751122559,low,high,high,high,low,low,low_level-high_diversity,high_level-low_diversity,high_level-low_diversity,6,Renewable-energy transition,2,-2,0,NA,1,0
291584235528,2,monetary,NA,1,5,0,0.7058823529411765,1,0,17,42,not female,0,5,4,-1,1,2,2,0,1,0,0,0,0,0,439,0,0,0,NA,NA,NA,NA,NA,NA,NA,NA,NA,NA,NA,NA,NA,NA,NA,FALSE,NA,NA,NA,NA,NA,NA,NA,NA,NA,NA,NA,NA,NA,NA,NA,6,Renewable-energy transition,1,-1,0,NA,0,1
291601202148,2,control,0,0,4,0,0.47058823529411764,3,2,10,58,not female,0,4,4,0,0,1,2,1,85,0,0,0,0,0,2707,0,0,0,NA,NA,NA,NA,NA,NA,NA,NA,NA,NA,NA,NA,NA,NA,NA,TRUE,0.6430623842125184,0.6482373264099844,0.648259606063806,0.0368028837438662,0.00181077950590904,0.00257902350741728,low,low,low,low,low,low,low_level-low_diversity,low_level-low_diversity,low_level-low_diversity,4.5,Renewable-energy transition,0,0,0,NA,0,0
291758381244,2,monetary,NA,1,5,0,0.7058823529411765,5,2,20,61,not female,1,5,6,1,1,2,3,1,462,5,1,4,1,2,25266,366,0.014485870339586796,0.010779101959220756,NA,NA,NA,NA,NA,NA,NA,NA,NA,NA,NA,NA,NA,NA,NA,TRUE,0.6518828402486725,0.6861301656505182,0.6826094210249462,0.1406198590500093,0.07733300274440624,0.11059109176663907,low,high,low,high,high,high,low_level-high_diversity,high_level-high_diversity,low_level-high_diversity,5.5,Renewable-energy transition,1,1,5,NA,0,1
291787726212,2,verbal,1,NA,4,0,0.5882352941176471,3,1,13,42,not female,0,4,4,0,0,1,1,0,36,0,0,0,0,0,2219,0,0,0,NA,NA,NA,NA,NA,NA,NA,NA,NA,NA,NA,NA,NA,NA,NA,TRUE,0.6612284733585179,0.663110409385127,0.6574761223237763,0.07160856807178641,0.07102080358891515,0.06459531340313404,low,low,low,low,high,high,low_level-low_diversity,low_level-high_diversity,low_level-high_diversity,4,Renewable-energy transition,0,0,0,NA,1,0
291933006444,2,monetary,NA,1,6,1,0.5294117647058824,4,5,12,39,not female,0,6,5,-1,1,2,3,1,115,0,0,0,0,0,7667,0,0,0,NA,NA,NA,NA,NA,NA,NA,NA,NA,NA,NA,NA,NA,NA,NA,TRUE,0.7721634992285905,0.6829099760623119,0.8652559349784733,0.125649940663401,0.06634420249623069,0.11124567616836434,high,high,high,high,high,high,high_level-high_diversity,high_level-high_diversity,high_level-high_diversity,6,Renewable-energy transition,1,-1,0,NA,0,1
291945183012,2,control,0,0,7,1,0.5294117647058824,3,1,12,41,not female,0,7,7,0,0,1,2,1,1004,0,0,0,0,0,33022,0,0,0,NA,NA,NA,NA,NA,NA,NA,NA,NA,NA,NA,NA,NA,NA,NA,TRUE,0.5256388392126227,0.7339408902799386,0.7927691253599276,0.18420414421815764,0.091393254909963,0.03528538338534813,low,high,high,high,high,low,low_level-high_diversity,high_level-high_diversity,high_level-low_diversity,5,Renewable-energy transition,0,0,0,NA,0,0
292037520960,2,verbal,1,NA,6,1,0.5882352941176471,5,3,15,31,not female,0,6,6,0,0,2,2,0,90,0,0,0,0,0,1762,0,0,0,NA,NA,NA,NA,NA,NA,NA,NA,NA,NA,NA,NA,NA,NA,NA,TRUE,0.7611756669212175,0.6369599837841224,0.8245982752363088,0.1340966185867857,0.02360919155284791,0.1420451332023981,high,low,high,high,low,high,high_level-high_diversity,low_level-low_diversity,high_level-high_diversity,6,Renewable-energy transition,0,0,0,NA,1,0
292134583980,2,monetary,NA,1,7,1,0.7058823529411765,4,7,12,59,female,0,7,7,0,0,2,1,-1,80,0,0,0,0,0,2548,0,0,0,NA,NA,NA,NA,NA,NA,NA,NA,NA,NA,NA,NA,NA,NA,NA,TRUE,0.5420800947871586,NA,0.692127683105942,0.1194406673724348,NA,NA,low,NA,low,high,NA,NA,low_level-high_diversity,NA,NA,6.5,Renewable-energy transition,0,0,0,NA,0,1
292146350148,2,monetary,NA,1,5,1,0.7058823529411765,4,8,12,59,not female,1,5,6,1,1,2,3,1,172,7,1,3,4,5,9388,389,0.04143587558585428,0.05688070878768552,NA,NA,NA,NA,NA,NA,NA,NA,NA,NA,3,2,0.7902656594486716,0.7558569468982457,0.7749500711364102,TRUE,0.6631742650543675,0.652143875420344,0.6571954162853636,0.02458559179220692,0.01235789562293616,0.02944070260182894,high,low,low,low,low,low,high_level-low_diversity,low_level-low_diversity,low_level-low_diversity,6,Renewable-energy transition,1,1,7,NA,0,1
292249837296,2,control,0,0,6,0,0.5294117647058824,4,6,10,42,female,0,6,6,0,0,3,3,0,41,0,0,0,0,0,3097,0,0,0,NA,NA,NA,NA,NA,NA,NA,NA,NA,NA,NA,NA,NA,NA,NA,TRUE,0.7408881332140086,0.7687236397063941,0.7618259685180162,0.10465385026975256,0.03963175723029358,0.06407607526067775,high,high,high,high,low,high,high_level-high_diversity,high_level-low_diversity,high_level-high_diversity,5.5,Renewable-energy transition,0,0,0,NA,0,0
292294294560,2,control,0,0,6,1,0.7647058823529411,4,1,13,65,female,0,6,7,1,1,3,2,-1,146,1,1,1,0,1,4621,40,0.008656135035706556,0.010135195275187723,NA,NA,NA,NA,NA,NA,NA,NA,NA,NA,1,1,0.668271133133525,0.668271133133525,0.668271133133525,TRUE,0.7104062374912605,0.6513426593646156,0.90021562277115,0.22308492748863956,0.05915939969207169,0.0842460676151373,high,low,high,high,high,high,high_level-high_diversity,low_level-high_diversity,high_level-high_diversity,6.5,Renewable-energy transition,1,1,1,NA,0,0
292295663928,2,control,0,0,6,0,0.7647058823529411,4,8,15,63,female,0,6,5,-1,1,2,2,0,342,0,0,0,0,0,16329,0,0,0,NA,NA,NA,NA,NA,NA,NA,NA,NA,NA,NA,NA,NA,NA,NA,TRUE,0.4317415632509957,NA,0.6390577416702581,0.07816561488430569,NA,0.08029605605517402,low,NA,low,low,NA,high,low_level-low_diversity,NA,low_level-high_diversity,5,Renewable-energy transition,1,-1,0,NA,0,0
292380889644,2,monetary,NA,1,4,0,0.6470588235294118,2,5,15,50,female,0,4,5,1,1,1,3,2,31,0,0,0,0,0,500,0,0,0,NA,NA,NA,NA,NA,NA,NA,NA,NA,NA,NA,NA,NA,NA,NA,TRUE,0.6971627835196863,0.64280305900301,0.7144180342798423,0.04220533861961788,NA,0.04526447117881947,high,low,high,low,NA,low,high_level-low_diversity,NA,high_level-low_diversity,6.5,Renewable-energy transition,1,1,0,NA,0,1
292439852496,2,verbal,1,NA,5,1,0.7058823529411765,4,8,17,43,not female,0,5,5,0,0,2,3,1,297,0,0,0,0,0,7983,0,0,0,NA,NA,NA,NA,NA,NA,NA,NA,NA,NA,NA,NA,NA,NA,NA,TRUE,0.632869467090018,0.725847669262189,0.725847669262189,0.11619328559326338,0.0736305677648504,0.0736305677648504,low,high,high,high,high,high,low_level-high_diversity,high_level-high_diversity,high_level-high_diversity,5.5,Renewable-energy transition,0,0,0,NA,1,0
292458797244,2,control,0,0,2,1,0.7058823529411765,5,6,12,57,not female,0,2,2,0,0,3,2,-1,22,0,0,0,0,0,943,0,0,0,NA,NA,NA,NA,NA,NA,NA,NA,NA,NA,NA,NA,NA,NA,NA,TRUE,0.75170243124515,0.6713403478416764,0.75170243124515,0.07114724771144244,0.05693512224254021,0.07114724771144244,high,low,high,low,high,high,high_level-low_diversity,low_level-high_diversity,high_level-high_diversity,5.5,Renewable-energy transition,0,0,0,NA,0,0
292518036432,2,control,0,0,7,1,0.7058823529411765,4,2,16,24,not female,0,7,7,0,0,3,2,-1,184,0,0,0,0,0,6171,0,0,0,NA,NA,NA,NA,NA,NA,NA,NA,NA,NA,NA,NA,NA,NA,NA,TRUE,0.4128717469258229,0.6672832212353305,0.6813800330359201,0.10044202835023182,0.02257143285177051,0.06340022056380569,low,low,low,high,low,high,low_level-high_diversity,low_level-low_diversity,low_level-high_diversity,6,Renewable-energy transition,0,0,0,NA,0,0
292623712380,2,monetary,NA,1,4,1,0.9411764705882353,4,4,10,50,not female,0,4,5,1,1,3,2,-1,373,0,0,0,0,0,19515,0,0,0,NA,NA,NA,NA,NA,NA,NA,NA,NA,NA,NA,NA,NA,NA,NA,TRUE,0.648887550189781,0.6934864561579199,0.752312583072925,0.17961745390382347,0.03319528735201063,0.04652180655343245,low,high,high,high,low,low,low_level-high_diversity,high_level-low_diversity,high_level-low_diversity,5,Renewable-energy transition,1,1,0,NA,0,1
292646490264,2,control,0,0,4,1,0.4117647058823529,3,4,14,50,not female,0,4,4,0,0,2,2,0,341,10,1,10,0,1,20887,160,0.007660267151816919,0.028093994898399664,NA,NA,NA,NA,NA,NA,NA,NA,NA,NA,10,1,0.6682711331335252,0.668271133133525,0.6682711331335253,TRUE,0.580533995480352,0.7049698579530687,0.7058991034349146,0.14825733906925054,0.01571389139523463,0.02005569046264883,low,high,low,high,low,low,low_level-high_diversity,high_level-low_diversity,low_level-low_diversity,5.5,Renewable-energy transition,0,0,10,NA,0,0
292696421580,2,verbal,1,NA,4,1,0.7058823529411765,3,3,16,36,not female,0,4,3,-1,1,3,3,0,104,0,0,0,0,0,3575,0,0,0,NA,NA,NA,NA,NA,NA,NA,NA,NA,NA,NA,NA,NA,NA,NA,TRUE,0.6552898680427242,0.5803801422542542,0.5928871585710807,0.10678340175024158,0.05837907304757693,0.08372854043782851,low,low,low,high,high,high,low_level-high_diversity,low_level-high_diversity,low_level-high_diversity,4.5,Renewable-energy transition,1,-1,0,NA,1,0
292748060844,2,verbal,1,NA,3,0,0.5294117647058824,2,6,15,65,not female,1,3,3,0,0,1,2,1,277,4,1,3,1,2,8819,266,0.03016214990361719,0.014530385275372426,NA,NA,NA,NA,NA,NA,NA,NA,NA,NA,3,1,0.6682711331335249,0.668271133133525,0.668271133133525,TRUE,0.6691794007617693,0.6593471476061387,0.687643424987627,0.04376682250370633,0.02135190988141287,0.06495816172250285,high,low,low,low,low,high,high_level-low_diversity,low_level-low_diversity,low_level-high_diversity,5,Renewable-energy transition,0,0,4,NA,1,0
294136104096,2,control,0,0,5,0,0.7647058823529411,4,6,13,60,not female,0,5,7,2,2,2,2,0,134,0,0,0,0,0,6337,0,0,0,NA,NA,NA,NA,NA,NA,NA,NA,NA,NA,NA,NA,NA,NA,NA,TRUE,0.512610735172434,0.7706131508644803,0.6878588348598583,0.156137168458893,0.09443852728121271,0.08270548951383237,low,high,low,high,high,high,low_level-high_diversity,high_level-high_diversity,low_level-high_diversity,6,Renewable-energy transition,2,2,0,NA,0,0
294293766780,2,control,0,0,4,0,0.11764705882352941,1,3,12,32,not female,0,4,4,0,0,1,2,1,104,0,0,0,0,0,4564,0,0,0,NA,NA,NA,NA,NA,NA,NA,NA,NA,NA,NA,NA,NA,NA,NA,TRUE,0.43669913641967795,0.6276816286515192,0.6572490176629853,0.08526254632933214,0.08261774935067649,0.0956410883776122,low,low,low,low,high,high,low_level-low_diversity,low_level-high_diversity,low_level-high_diversity,6,Renewable-energy transition,0,0,0,NA,0,0
294298961760,2,monetary,NA,1,4,0,0.29411764705882354,1,3,12,28,female,0,4,4,0,0,2,3,1,3,0,0,0,0,0,47,0,0,0,NA,NA,NA,NA,NA,NA,NA,NA,NA,NA,NA,NA,NA,NA,NA,FALSE,NA,NA,NA,NA,NA,NA,NA,NA,NA,NA,NA,NA,NA,NA,NA,NA,Renewable-energy transition,0,0,0,NA,0,1
294637136832,2,monetary,NA,1,7,1,0.47058823529411764,4,6,13,61,not female,1,7,7,0,0,2,3,1,435,21,1,13,8,8,17988,1070,0.05948410051145208,0.06494023901262286,1,1,0.834070736611835,0.834070736611835,0.834070736611835,NA,NA,NA,NA,NA,13,2,0.6959655359269153,0.6810249487857027,0.686108525536214,TRUE,0.7585286600999699,NA,0.7804464718774266,0.04661262820181514,NA,NA,high,NA,high,low,NA,NA,high_level-low_diversity,NA,NA,6,Renewable-energy transition,0,0,21,0.834070736611835,0,1
294844178160,2,verbal,1,NA,7,1,0.5882352941176471,3,1,12,52,female,0,7,7,0,0,2,3,1,88,0,0,0,0,0,4619,0,0,0,NA,NA,NA,NA,NA,NA,NA,NA,NA,NA,NA,NA,NA,NA,NA,TRUE,0.7596755503732546,0.6579511769604123,0.6710128973115975,0.13995263948627604,0.03002778593358112,0.03065118871781601,high,low,low,high,low,low,high_level-high_diversity,low_level-low_diversity,low_level-low_diversity,5.5,Renewable-energy transition,0,0,0,NA,1,0
294981665580,2,verbal,1,NA,7,0,0.35294117647058826,1,0,13,37,not female,0,7,7,0,0,1,1,0,165,0,0,0,0,0,2921,0,0,0,NA,NA,NA,NA,NA,NA,NA,NA,NA,NA,NA,NA,NA,NA,NA,TRUE,0.7472723020235809,0.816946216297037,0.7807106437308861,0.05249191434460296,NA,0.00309393250830632,high,high,high,low,NA,low,high_level-low_diversity,NA,high_level-low_diversity,7,Renewable-energy transition,0,0,0,NA,1,0
294983786664,2,monetary,NA,1,7,NA,0.6470588235294118,3,7,26,36,female,1,7,5,-2,2,2,2,0,221,2,1,0,2,1,62229,429,0.006893891915344935,0.010949088236196676,2,1,0.375092718623257,0.375092718623257,0.37509271862325705,NA,NA,NA,NA,NA,2,1,0.375092718623257,0.375092718623257,0.37509271862325705,TRUE,0.41468660360254134,0.6954060958386454,0.7079770441517992,0.11020338703208436,0.08176455216473684,0.07106302432133195,low,high,low,high,high,high,low_level-high_diversity,high_level-high_diversity,low_level-high_diversity,7,Renewable-energy transition,2,-2,2,0.375092718623257,0,1
294992336664,2,verbal,1,NA,4,1,0.11764705882352941,2,1,14,33,not female,0,4,5,1,1,3,3,0,103,0,0,0,0,0,6161,0,0,0,NA,NA,NA,NA,NA,NA,NA,NA,NA,NA,NA,NA,NA,NA,NA,TRUE,0.5936910880580548,0.6257930994479126,0.6255426124689278,0.15858342817527266,0.05015094324307974,0.07701048156899369,low,low,low,high,low,high,low_level-high_diversity,low_level-low_diversity,low_level-high_diversity,4,Renewable-energy transition,1,1,0,NA,1,0
295039534032,2,monetary,NA,1,4,0,0.7058823529411765,4,8,10,65,not female,0,4,5,1,1,1,1,0,230,0,0,0,0,0,9908,0,0,0,NA,NA,NA,NA,NA,NA,NA,NA,NA,NA,NA,NA,NA,NA,NA,TRUE,0.669712459083475,0.7195393321896637,0.6530055372321711,0.04013991972033723,0.179648976549011,0.16252688089152145,high,high,low,low,high,high,high_level-low_diversity,high_level-high_diversity,low_level-high_diversity,6,Renewable-energy transition,1,1,0,NA,0,1
295075850328,2,verbal,1,NA,7,0,0.5882352941176471,5,8,12,37,female,0,7,7,0,0,1,3,2,14,0,0,0,0,0,340,0,0,0,NA,NA,NA,NA,NA,NA,NA,NA,NA,NA,NA,NA,NA,NA,NA,TRUE,0.7167669061707113,0.7639111857084873,0.6983991698753748,0.09524655307783564,0.09000815026904928,0.10386417171338434,high,high,low,high,high,high,high_level-high_diversity,high_level-high_diversity,low_level-high_diversity,7,Renewable-energy transition,0,0,0,NA,1,0
295087686948,2,monetary,NA,1,6,0,0.7058823529411765,4,8,12,57,not female,0,6,7,1,1,2,2,0,4,0,0,0,0,0,145,0,0,0,NA,NA,NA,NA,NA,NA,NA,NA,NA,NA,NA,NA,NA,NA,NA,TRUE,0.5841122075821981,0.6753844146398359,0.6375680639696036,0.1551382799912042,0.07260620000330426,0.09661907257653918,low,high,low,high,high,high,low_level-high_diversity,high_level-high_diversity,low_level-high_diversity,4,Renewable-energy transition,1,1,0,NA,0,1
295147262664,2,control,0,0,6,0,0.47058823529411764,4,5,22,31,female,0,6,6,0,0,1,1,0,199,0,0,0,0,0,4191,0,0,0,NA,NA,NA,NA,NA,NA,NA,NA,NA,NA,NA,NA,NA,NA,NA,TRUE,0.7256031168428546,0.7829405159965743,0.8114935517712184,0.1656502798221277,0.03014045669881098,0.07728681595959455,high,high,high,high,low,high,high_level-high_diversity,high_level-low_diversity,high_level-high_diversity,5,Renewable-energy transition,0,0,0,NA,0,0
295148694960,2,monetary,NA,1,4,1,0.29411764705882354,4,4,15,27,female,0,4,4,0,0,2,2,0,124,0,0,0,0,0,8314,0,0,0,NA,NA,NA,NA,NA,NA,NA,NA,NA,NA,NA,NA,NA,NA,NA,TRUE,0.4124564080765704,0.81538396763029,0.780685992719991,0.10491883313785104,NA,0.00286107029492716,low,high,high,high,NA,low,low_level-high_diversity,NA,high_level-low_diversity,4,Renewable-energy transition,0,0,0,NA,0,1
295182353916,2,verbal,1,NA,4,0,0.17647058823529413,1,1,10,37,female,0,4,2,-2,2,1,1,0,249,0,0,0,0,0,52770,0,0,0,NA,NA,NA,NA,NA,NA,NA,NA,NA,NA,NA,NA,NA,NA,NA,TRUE,0.6515439235918675,0.6950876781916906,0.7662485715525502,0.07433440328535465,0.04515638179009101,0.02512390282906989,low,high,high,low,low,low,low_level-low_diversity,high_level-low_diversity,high_level-low_diversity,4.5,Renewable-energy transition,2,-2,0,NA,1,0
295280848548,2,control,0,0,7,1,0.8235294117647058,5,8,13,58,not female,0,7,6,-1,1,2,2,0,324,0,0,0,0,0,28757,0,0,0,NA,NA,NA,NA,NA,NA,NA,NA,NA,NA,NA,NA,NA,NA,NA,TRUE,0.6637544619311515,0.672957037011035,0.6764851951749936,0.0888960754191497,0.06137259014612179,0.06849287424380018,high,high,low,high,high,high,high_level-high_diversity,high_level-high_diversity,low_level-high_diversity,7,Renewable-energy transition,1,-1,0,NA,0,0
295290420444,2,verbal,1,NA,5,0,0.7058823529411765,4,5,14,59,female,1,5,5,0,0,2,3,1,208,4,1,2,2,3,18890,162,0.008575966119640021,0.025174042389377385,2,2,0.6965225080791404,0.696314329126728,0.6963731303306789,2,2,0.6965225080791404,0.696314329126728,0.6963731303306789,4,3,0.7245324044425014,0.747982091453667,0.7422765394740183,TRUE,0.6360936441211951,0.6543551396898173,0.7802536173707117,0.0999700526661824,0.09124836243053024,0.0602591571517224,low,low,high,high,high,high,low_level-high_diversity,low_level-high_diversity,high_level-high_diversity,6,Renewable-energy transition,0,0,4,0.6965225080791404,1,0
295334470044,2,control,0,0,2,1,0.8235294117647058,5,6,13,55,not female,0,2,3,1,1,2,3,1,630,0,0,0,0,0,28733,0,0,0,NA,NA,NA,NA,NA,NA,NA,NA,NA,NA,NA,NA,NA,NA,NA,TRUE,0.6038621175472786,0.6993893306594632,0.7411070003714998,0.1848623982314283,0.07689330964120063,0.08714824556017442,low,high,high,high,high,high,low_level-high_diversity,high_level-high_diversity,high_level-high_diversity,4.5,Renewable-energy transition,1,1,0,NA,0,0
295412860548,2,monetary,NA,1,7,1,0.23529411764705882,4,4,10,58,female,0,7,7,0,0,3,3,0,6,0,0,0,0,0,110,0,0,0,NA,NA,NA,NA,NA,NA,NA,NA,NA,NA,NA,NA,NA,NA,NA,TRUE,0.7298714399846676,0.7411297429933722,0.6338771318791969,0.0822679848136262,0.08730028926004796,0.05617540049599254,high,high,low,low,high,high,high_level-low_diversity,high_level-high_diversity,low_level-high_diversity,1.5,Renewable-energy transition,0,0,0,NA,0,1
295443772560,2,verbal,1,NA,7,0,0.5882352941176471,2,1,17,54,female,0,7,7,0,0,1,3,2,2,0,0,0,0,0,4,0,0,0,NA,NA,NA,NA,NA,NA,NA,NA,NA,NA,NA,NA,NA,NA,NA,TRUE,0.6687290096638567,0.6264653247683236,0.6284728261126706,0.02569710613477385,0.0290170485701608,0.03089142365488947,high,low,low,low,low,low,high_level-low_diversity,low_level-low_diversity,low_level-low_diversity,5.5,Renewable-energy transition,0,0,0,NA,1,0
295444598148,2,verbal,1,NA,4,1,0.47058823529411764,2,7,10,62,not female,0,4,5,1,1,2,2,0,189,0,0,0,0,0,12220,0,0,0,NA,NA,NA,NA,NA,NA,NA,NA,NA,NA,NA,NA,NA,NA,NA,TRUE,0.8272989085582989,0.7717581887489522,0.7877047857327953,0.05663896135463722,0.06221181531280441,0.05705262005220366,high,high,high,low,high,high,high_level-low_diversity,high_level-high_diversity,high_level-high_diversity,NA,Renewable-energy transition,1,1,0,NA,1,0
296236531296,2,control,0,0,6,1,0.6470588235294118,4,2,12,66,not female,0,6,6,0,0,2,2,0,141,0,0,0,0,0,6724,0,0,0,NA,NA,NA,NA,NA,NA,NA,NA,NA,NA,NA,NA,NA,NA,NA,TRUE,0.5409884196931867,0.705769170970334,0.7284446468816792,0.1744064597437586,NA,0.00237418855724075,low,high,high,high,NA,low,low_level-high_diversity,NA,high_level-low_diversity,6,Renewable-energy transition,0,0,0,NA,0,0
296270392716,2,control,0,0,7,NA,0.5294117647058824,2,1,17,68,not female,0,7,6,-1,1,1,2,1,219,0,0,0,0,0,10410,0,0,0,NA,NA,NA,NA,NA,NA,NA,NA,NA,NA,NA,NA,NA,NA,NA,TRUE,0.5143466880535149,NA,0.7284326243566441,0.1607283854073649,NA,0.00532777261165642,low,NA,high,high,NA,low,low_level-high_diversity,NA,high_level-low_diversity,6,Renewable-energy transition,1,-1,0,NA,0,0
296302130316,2,verbal,1,NA,7,NA,0.4117647058823529,3,4,16,59,not female,0,7,7,0,0,2,2,0,153,0,0,0,0,0,11997,0,0,0,NA,NA,NA,NA,NA,NA,NA,NA,NA,NA,NA,NA,NA,NA,NA,TRUE,0.5503675162227382,0.7384422036566822,0.7035955441881339,0.14838008620680976,0.0609614154997781,0.027318314383287,low,high,low,high,high,low,low_level-high_diversity,high_level-high_diversity,low_level-low_diversity,5.5,Renewable-energy transition,0,0,0,NA,1,0
296314442316,2,verbal,1,NA,6,0,0.7058823529411765,4,4,13,55,not female,1,6,6,0,0,1,2,1,167,9,1,1,8,6,12064,466,0.03862732095490716,0.071898882235692893,2,1,0.834070736611835,0.834070736611835,0.8340707366118348,NA,NA,NA,NA,NA,3,2,0.7129094879161468,0.778804202119065,0.7608599416959038,TRUE,0.7734679798784302,0.6692616605018008,0.7781049991102973,0.03407234240370551,0.08286929296473905,0.02036593245369516,high,low,high,low,high,low,high_level-low_diversity,low_level-high_diversity,high_level-low_diversity,6,Renewable-energy transition,0,0,9,0.834070736611835,1,0
296701859916,2,control,0,0,1,0,0.6470588235294118,4,7,13,40,not female,0,1,4,3,3,2,2,0,55,0,0,0,0,0,1952,0,0,0,NA,NA,NA,NA,NA,NA,NA,NA,NA,NA,NA,NA,NA,NA,NA,TRUE,0.6518926482797106,0.64856341527645045,0.6493059555586029,0.01763278994094794,0.00851227567414947,0.01481263481312453,low,low,low,low,low,low,low_level-low_diversity,low_level-low_diversity,low_level-low_diversity,1.5,Renewable-energy transition,3,3,0,NA,0,0
296710409916,2,verbal,1,NA,4,0,0.7647058823529411,4,8,13,45,not female,0,4,4,0,0,3,2,-1,463,0,0,0,0,0,14930,0,0,0,NA,NA,NA,NA,NA,NA,NA,NA,NA,NA,NA,NA,NA,NA,NA,TRUE,0.5196068292812805,0.6295717003676568,0.6287115246624321,0.12071693550402549,0.0285882805834483,0.03147755190011372,low,low,low,high,low,low,low_level-high_diversity,low_level-low_diversity,low_level-low_diversity,5.5,Renewable-energy transition,0,0,0,NA,1,0
297042555528,2,monetary,NA,1,7,0,0.35294117647058826,2,4,13,45,not female,1,7,4,-3,3,1,2,1,182,4,1,3,1,4,4315,62,0.01436848203939745,0.02419811592244775,NA,NA,NA,NA,NA,NA,NA,NA,NA,NA,1,1,0.668271133133525,0.668271133133525,0.668271133133525,TRUE,0.6667880806748027,0.666335627788022,0.7110397652600247,0.11554556340858904,NA,0.01615419019252688,high,low,high,high,NA,low,high_level-high_diversity,NA,high_level-low_diversity,5.5,Renewable-energy transition,3,-3,4,NA,0,1
297211164948,2,control,0,0,7,1,0.9411764705882353,3,3,14,57,female,0,7,6,-1,1,2,2,0,51,1,1,1,0,1,736,21,0.028532608695652172,0.0280991504996032,NA,NA,NA,NA,NA,NA,NA,NA,NA,NA,1,1,0.668271133133525,0.668271133133525,0.6682711331335252,TRUE,0.6164641089635684,0.6677113222180493,0.6618574968305867,0.10523821771449816,0.08511120958200134,0.08680740625465397,low,low,low,high,high,high,low_level-high_diversity,low_level-high_diversity,low_level-high_diversity,7,Renewable-energy transition,1,-1,1,NA,0,0
297309799116,2,control,0,0,7,1,0.5294117647058824,4,0,18,59,female,0,7,5,-2,2,2,2,0,283,0,0,0,0,0,15609,0,0,0,NA,NA,NA,NA,NA,NA,NA,NA,NA,NA,NA,NA,NA,NA,NA,TRUE,0.6061867476617512,0.6346304696019559,0.6633331527595209,0.12008085614547626,0.02951529675622085,0.03653434214132207,low,low,low,high,low,low,low_level-high_diversity,low_level-low_diversity,low_level-low_diversity,5.5,Renewable-energy transition,2,-2,0,NA,0,0
297437978664,2,verbal,1,NA,5,0,0.7647058823529411,4,8,20,64,not female,0,5,4,-1,1,2,2,0,118,0,0,0,0,0,3193,0,0,0,NA,NA,NA,NA,NA,NA,NA,NA,NA,NA,NA,NA,NA,NA,NA,TRUE,0.7391048551045453,0.7752838800638773,0.7424489846669483,0.08320220170278524,0.06146879710437258,0.08166368534142707,high,high,high,low,high,high,high_level-low_diversity,high_level-high_diversity,high_level-high_diversity,5.5,Renewable-energy transition,1,-1,0,NA,1,0
297484560432,2,control,0,0,7,0,0.8823529411764706,3,6,19,33,female,1,7,7,0,0,1,2,1,352,1,1,0,1,1,35143,54,0.0015365791195970748,0.004128944561205333,1,1,0.728693231358026,0.728693231358026,0.728693231358026,1,1,0.728693231358026,0.728693231358026,0.728693231358026,1,1,0.728693231358026,0.728693231358026,0.728693231358026,TRUE,0.4443076718018434,0.6633973520735018,0.7848570823958633,0.1585696513644123,0.00947234755820391,0.09259134619095656,low,low,high,high,low,high,low_level-high_diversity,low_level-low_diversity,high_level-high_diversity,4.5,Renewable-energy transition,0,0,1,0.728693231358026,0,0
298232920044,2,verbal,1,NA,7,1,0.8235294117647058,5,5,13,64,not female,0,7,6,-1,1,3,3,0,84,0,0,0,0,0,12055,0,0,0,NA,NA,NA,NA,NA,NA,NA,NA,NA,NA,NA,NA,NA,NA,NA,TRUE,0.7399256087473217,0.7493796971552763,0.7436812488065974,0.08460383477536455,0.0779221362306467,0.08456384770809844,high,high,high,low,high,high,high_level-low_diversity,high_level-high_diversity,high_level-high_diversity,6,Renewable-energy transition,1,-1,0,NA,1,0
298249883928,2,monetary,NA,1,7,1,0.7647058823529411,4,7,18,48,female,1,7,7,0,0,3,2,-1,848,10,1,3,7,7,22920,704,0.030715532286212915,0.019206371492646448,2,2,0.5974891888239497,0.6171097672433581,0.6123590022435823,2,2,0.5974891888239497,0.6171097672433581,0.6123590022435823,5,3,0.6333930736186619,0.6478065867774583,0.6438847702639111,TRUE,0.7121578669596859,0.737074318918468,0.7577050406012452,0.10539167470274265,0.09090884080131316,0.0662147461584699,high,high,high,high,high,high,high_level-high_diversity,high_level-high_diversity,high_level-high_diversity,6.5,Renewable-energy transition,0,0,10,0.5974891888239497,0,1
298252892160,2,monetary,NA,1,4,0,0.5882352941176471,3,3,16,50,female,0,4,3,-1,1,2,3,1,68,1,1,1,0,1,1458,53,0.03635116598079561,0.023038085885103088,NA,NA,NA,NA,NA,NA,NA,NA,NA,NA,1,1,0.668271133133525,0.668271133133525,0.668271133133525,TRUE,0.6628659688903206,0.6194835558207847,0.6381841827495817,0.03134423270256911,0.06694332206770141,0.02746908844504128,low,low,low,low,high,low,low_level-low_diversity,low_level-high_diversity,low_level-low_diversity,6.5,Renewable-energy transition,1,-1,1,NA,0,1
298301049864,2,verbal,1,NA,4,NA,0.29411764705882354,1,0,14,56,not female,0,4,4,0,0,1,2,1,39,0,0,0,0,0,2685,0,0,0,NA,NA,NA,NA,NA,NA,NA,NA,NA,NA,NA,NA,NA,NA,NA,TRUE,0.7479825810329633,0.7496640849196984,0.7496702514344851,0.07271777452051235,0.07099458951556054,0.07099238093058328,high,high,high,low,high,high,high_level-low_diversity,high_level-high_diversity,high_level-high_diversity,4,Renewable-energy transition,0,0,0,NA,1,0
298394417916,2,control,0,0,6,1,0.8823529411764706,5,6,18,49,not female,0,6,6,0,0,4,3,-1,83,0,0,0,0,0,3409,0,0,0,NA,NA,NA,NA,NA,NA,NA,NA,NA,NA,NA,NA,NA,NA,NA,TRUE,0.6426546837969501,0.6583684230644982,0.6360676889000055,0.04041641495162634,0.0426765405298384,0.03112114883088395,low,low,low,low,low,low,low_level-low_diversity,low_level-low_diversity,low_level-low_diversity,6,Renewable-energy transition,0,0,0,NA,0,0
298490993244,2,control,0,0,1,0,0.35294117647058826,4,2,9,56,not female,0,1,1,0,0,1,1,0,4,0,0,0,0,0,69,0,0,0,NA,NA,NA,NA,NA,NA,NA,NA,NA,NA,NA,NA,NA,NA,NA,TRUE,0.6540611699590241,0.6328365331856095,0.7307126767593437,0.1448587094495955,0.04961113840440317,0.0170500115000645,low,low,high,high,low,low,low_level-high_diversity,low_level-low_diversity,high_level-low_diversity,5.5,Renewable-energy transition,0,0,0,NA,0,0
298502623980,2,verbal,1,NA,4,1,0.5294117647058824,3,2,18,50,female,0,4,3,-1,1,2,2,0,174,0,0,0,0,0,8433,0,0,0,NA,NA,NA,NA,NA,NA,NA,NA,NA,NA,NA,NA,NA,NA,NA,TRUE,0.4178256792144086,0.659523051974176,0.6822645782359759,0.05290101403284652,0.0494736224258506,0.05804488270047057,low,low,low,low,low,high,low_level-low_diversity,low_level-low_diversity,low_level-high_diversity,4.5,Renewable-energy transition,1,-1,0,NA,1,0
298562882328,2,monetary,NA,1,6,0,0.17647058823529413,1,2,12,37,female,0,6,4,-2,2,2,2,0,28,0,0,0,0,0,363,0,0,0,NA,NA,NA,NA,NA,NA,NA,NA,NA,NA,NA,NA,NA,NA,NA,TRUE,0.6582790717223616,0.6293559562184029,0.6445977880218182,0.05326937131056185,0.06006706250065745,0.08154840307718943,low,low,low,low,high,high,low_level-low_diversity,low_level-high_diversity,low_level-high_diversity,4.5,Renewable-energy transition,2,-2,0,NA,0,1
298584706032,2,verbal,1,NA,4,0,0.5882352941176471,2,0,10,49,female,1,4,4,0,0,1,3,2,157,6,1,4,2,2,7196,154,0.021400778210116732,0.04043534587032727,NA,NA,NA,NA,NA,NA,NA,NA,NA,NA,4,1,0.668271133133525,0.668271133133525,0.668271133133525,TRUE,0.5479247129625817,0.7416222342401492,0.7865567586861922,0.20249955209353157,0.0633839814651071,0.03979369168773124,low,high,high,high,high,low,low_level-high_diversity,high_level-high_diversity,high_level-low_diversity,7,Renewable-energy transition,0,0,6,NA,1,0
298592227296,2,control,0,0,3,1,0.5882352941176471,3,4,12,26,female,0,3,5,2,2,2,2,0,53,0,0,0,0,0,4777,0,0,0,NA,NA,NA,NA,NA,NA,NA,NA,NA,NA,NA,NA,NA,NA,NA,TRUE,0.6632069088880695,0.6799074217657727,0.707659630745553,0.14448317040061498,0.08074884392439362,0.10168902910063785,high,high,low,high,high,high,high_level-high_diversity,high_level-high_diversity,low_level-high_diversity,6,Renewable-energy transition,2,2,0,NA,0,0
298631968380,2,verbal,1,NA,7,0,0.29411764705882354,1,0,9,28,female,0,7,2,-5,5,1,1,0,55,1,1,1,0,1,2340,20,0.008547008547008548,0.021084869193559893,NA,NA,NA,NA,NA,NA,NA,NA,NA,NA,1,1,0.668271133133525,0.668271133133525,0.668271133133525,TRUE,0.5103092678740384,0.6647568808621106,0.7588565129907658,0.14585667454655446,0.02383566219356712,0.04623454433937859,low,low,high,high,low,low,low_level-high_diversity,low_level-low_diversity,high_level-low_diversity,5.5,Renewable-energy transition,5,-5,1,NA,1,0
298778755464,2,control,0,0,7,1,0.7647058823529411,3,5,12,27,female,0,7,7,0,0,3,2,-1,220,0,0,0,0,0,12104,0,0,0,NA,NA,NA,NA,NA,NA,NA,NA,NA,NA,NA,NA,NA,NA,NA,TRUE,0.4345722104376804,0.6608122592393698,0.6551043891751605,0.1254527430940671,0.08796129698095968,0.0828610811102879,low,low,low,high,high,high,low_level-high_diversity,low_level-high_diversity,low_level-high_diversity,5,Renewable-energy transition,0,0,0,NA,0,0
298792914948,2,verbal,1,NA,1,1,0.7058823529411765,4,8,12,57,not female,0,1,1,0,0,1,1,0,261,0,0,0,0,0,5761,0,0,0,NA,NA,NA,NA,NA,NA,NA,NA,NA,NA,NA,NA,NA,NA,NA,TRUE,0.6483112901960042,0.6399121793297446,0.7301305474726728,0.14522696203479918,0.09194727894858942,0.03719301921853287,low,low,high,high,high,low,low_level-high_diversity,low_level-high_diversity,high_level-low_diversity,6,Renewable-energy transition,0,0,0,NA,1,0
298802216664,2,control,0,0,7,1,0.35294117647058826,3,0,16,57,not female,1,7,7,0,0,2,3,1,193,1,1,0,1,1,20630,48,0.00232670867668444,0.008214231733617568,NA,NA,NA,NA,NA,NA,NA,NA,NA,NA,NA,NA,NA,NA,NA,TRUE,0.6592714629475275,NA,NA,0.04406986832089556,NA,NA,low,NA,NA,low,NA,NA,low_level-low_diversity,NA,NA,7,Renewable-energy transition,0,0,1,NA,0,0
298885935528,2,monetary,NA,1,6,1,0.8823529411764706,4,1,16,56,not female,0,6,4,-2,2,2,2,0,58,0,0,0,0,0,2021,0,0,0,NA,NA,NA,NA,NA,NA,NA,NA,NA,NA,NA,NA,NA,NA,NA,TRUE,0.660085401906325,0.6793495753359955,0.718148401737499,0.10239304556544816,0.05060144272114694,0.0672462984138197,low,high,high,high,low,high,low_level-high_diversity,high_level-low_diversity,high_level-high_diversity,5.5,Renewable-energy transition,2,-2,0,NA,0,1
298909332432,2,control,0,0,4,0,0.4117647058823529,1,7,15,45,not female,0,4,4,0,0,1,1,0,108,0,0,0,0,0,4579,0,0,0,NA,NA,NA,NA,NA,NA,NA,NA,NA,NA,NA,NA,NA,NA,NA,TRUE,0.681703762187843,NA,0.578455258625987,0.05024481123228008,NA,NA,high,NA,low,low,NA,NA,high_level-low_diversity,NA,NA,NA,Renewable-energy transition,0,0,0,NA,0,0
299005499412,2,control,0,0,1,NA,0.7647058823529411,5,8,13,53,not female,0,1,1,0,0,2,2,0,97,0,0,0,0,0,8630,0,0,0,NA,NA,NA,NA,NA,NA,NA,NA,NA,NA,NA,NA,NA,NA,NA,TRUE,0.5296690112226179,0.7089142033169186,0.7180470688857562,0.190627500679427,0.14065428149094628,0.12970072766458232,low,high,high,high,high,high,low_level-high_diversity,high_level-high_diversity,high_level-high_diversity,5,Renewable-energy transition,0,0,0,NA,0,0
299006529516,2,monetary,NA,1,4,0,0.17647058823529413,2,0,14,26,female,0,4,4,0,0,1,2,1,8,0,0,0,0,0,215,0,0,0,NA,NA,NA,NA,NA,NA,NA,NA,NA,NA,NA,NA,NA,NA,NA,TRUE,0.7752649775330063,NA,0.8117994609864877,0.06265790528450149,NA,0.00478221839592548,high,NA,high,low,NA,low,high_level-low_diversity,NA,high_level-low_diversity,5,Renewable-energy transition,0,0,0,NA,0,1
299096813412,2,monetary,NA,1,6,0,0.5294117647058824,3,1,13,64,female,0,6,6,0,0,1,2,1,369,0,0,0,0,0,8668,0,0,0,NA,NA,NA,NA,NA,NA,NA,NA,NA,NA,NA,NA,NA,NA,NA,TRUE,0.6711794338463181,0.6519241473343385,0.6721151774386681,0.05922935713678404,0.03469846128538347,0.0496525426953608,high,low,low,low,low,low,high_level-low_diversity,low_level-low_diversity,low_level-low_diversity,4,Renewable-energy transition,0,0,0,NA,0,1
299118362148,2,monetary,NA,1,7,1,0.7647058823529411,4,6,21,27,not female,0,7,7,0,0,2,2,0,254,0,0,0,0,0,4978,0,0,0,NA,NA,NA,NA,NA,NA,NA,NA,NA,NA,NA,NA,NA,NA,NA,TRUE,0.5703480594069379,0.780636705082906,0.7467176307289214,0.18514091729993556,0.06760706567050731,0.1324525436490349,low,high,high,high,high,high,low_level-high_diversity,high_level-high_diversity,high_level-high_diversity,6,Renewable-energy transition,0,0,0,NA,0,1
299135390328,2,verbal,1,NA,7,0,0.7058823529411765,4,8,20,68,female,0,7,5,-2,2,1,1,0,47,0,0,0,0,0,4050,0,0,0,NA,NA,NA,NA,NA,NA,NA,NA,NA,NA,NA,NA,NA,NA,NA,TRUE,0.5661867079338745,0.7872513118181094,0.7801384985634507,0.17180242970787934,0.02415047266812511,0.03474418556467249,low,high,high,high,low,low,low_level-high_diversity,high_level-low_diversity,high_level-low_diversity,4,Renewable-energy transition,2,-2,0,NA,1,0
299342574612,2,verbal,1,NA,6,1,0.35294117647058826,3,4,15,57,female,0,6,5,-1,1,3,3,0,15,0,0,0,0,0,2838,0,0,0,NA,NA,NA,NA,NA,NA,NA,NA,NA,NA,NA,NA,NA,NA,NA,TRUE,0.4521722193162177,NA,NA,0.1290612117459355,NA,NA,low,NA,NA,high,NA,NA,low_level-high_diversity,NA,NA,5,Renewable-energy transition,1,-1,0,NA,1,0
299395791864,2,monetary,NA,1,6,0,0.6470588235294118,3,8,12,37,not female,0,6,6,0,0,1,1,0,16,0,0,0,0,0,3516,0,0,0,NA,NA,NA,NA,NA,NA,NA,NA,NA,NA,NA,NA,NA,NA,NA,TRUE,0.383891864824135,NA,NA,0.02229063477841027,NA,NA,low,NA,NA,low,NA,NA,low_level-low_diversity,NA,NA,NA,Renewable-energy transition,0,0,0,NA,0,1
299424448044,2,monetary,NA,1,1,0,0.47058823529411764,4,6,13,57,female,0,1,2,1,1,2,3,1,5,0,0,0,0,0,204,0,0,0,NA,NA,NA,NA,NA,NA,NA,NA,NA,NA,NA,NA,NA,NA,NA,TRUE,0.6856138118422104,0.6929405408916658,0.690636196864454,0.07931831969140767,0.08693977286684329,0.07848043290944079,high,high,low,low,high,high,high_level-low_diversity,high_level-high_diversity,low_level-high_diversity,NA,Renewable-energy transition,1,1,0,NA,0,1
299438609580,2,verbal,1,NA,6,1,0.5294117647058824,5,5,12,46,not female,0,6,5,-1,1,3,4,1,347,0,0,0,0,0,8498,0,0,0,NA,NA,NA,NA,NA,NA,NA,NA,NA,NA,NA,NA,NA,NA,NA,TRUE,0.5030901029700983,0.7638608036670509,0.7635582467185618,0.15479673235252833,0.06605745035310583,0.05054059380332283,low,high,high,high,high,low,low_level-high_diversity,high_level-high_diversity,high_level-low_diversity,4,Renewable-energy transition,1,-1,0,NA,1,0
299536967412,2,monetary,NA,1,7,1,0.23529411764705882,4,7,13,25,female,0,7,7,0,0,2,3,1,1,0,0,0,0,0,789,0,0,0,NA,NA,NA,NA,NA,NA,NA,NA,NA,NA,NA,NA,NA,NA,NA,TRUE,NA,NA,NA,NA,NA,NA,NA,NA,NA,NA,NA,NA,NA,NA,NA,NA,Renewable-energy transition,0,0,0,NA,0,1
299545516728,2,monetary,NA,1,2,0,0.6470588235294118,4,6,15,42,not female,0,2,5,3,3,2,3,1,230,0,0,0,0,0,3537,0,0,0,NA,NA,NA,NA,NA,NA,NA,NA,NA,NA,NA,NA,NA,NA,NA,TRUE,0.620199892345984,0.609340999307784,0.6864613100082573,0.11635508023950508,NA,0.06998697358818458,low,low,low,high,NA,high,low_level-high_diversity,NA,low_level-high_diversity,6,Renewable-energy transition,3,3,0,NA,0,1
299558447064,2,monetary,NA,1,7,1,0.8823529411764706,4,7,17,23,not female,0,7,7,0,0,2,2,0,21,0,0,0,0,0,1516,0,0,0,NA,NA,NA,NA,NA,NA,NA,NA,NA,NA,NA,NA,NA,NA,NA,TRUE,0.5481094108868456,0.721373224187537,0.7423321856586274,0.1860213778120679,0.04448242250491516,0.05824363073962729,low,high,high,high,low,high,low_level-high_diversity,high_level-low_diversity,high_level-high_diversity,4.5,Renewable-energy transition,0,0,0,NA,0,1
301010033916,2,control,0,0,6,0,0.6470588235294118,3,4,14,54,female,0,6,5,-1,1,2,2,0,2,0,0,0,0,0,1406,0,0,0,NA,NA,NA,NA,NA,NA,NA,NA,NA,NA,NA,NA,NA,NA,NA,TRUE,0.6716282034302727,0.578455258625987,0.6096647508330718,0.04362538743804085,NA,0.05025995775554244,high,low,low,low,NA,low,high_level-low_diversity,NA,low_level-low_diversity,7,Renewable-energy transition,1,-1,0,NA,0,0
301031710560,2,control,0,0,7,0,0.8235294117647058,4,7,20,47,not female,0,7,5,-2,2,3,3,0,10,0,0,0,0,0,130,0,0,0,NA,NA,NA,NA,NA,NA,NA,NA,NA,NA,NA,NA,NA,NA,NA,TRUE,0.494426449997137,0.5956596205909613,0.6873990152239515,0.1416050526664953,0.10746624243751211,0.11940338519706002,low,low,low,high,high,high,low_level-high_diversity,low_level-high_diversity,low_level-high_diversity,5.5,Renewable-energy transition,2,-2,0,NA,0,0
301139171748,2,control,0,0,6,1,0.7647058823529411,5,8,18,52,not female,0,6,7,1,1,3,4,1,116,0,0,0,0,0,8638,0,0,0,NA,NA,NA,NA,NA,NA,NA,NA,NA,NA,NA,NA,NA,NA,NA,TRUE,0.6610501538896842,0.6846233327364851,0.6527722641976643,0.06401471106746003,0.05940240996787414,0.05101971594084927,low,high,low,low,high,low,low_level-low_diversity,high_level-high_diversity,low_level-low_diversity,6.5,Renewable-energy transition,1,1,0,NA,0,0
301235681412,2,monetary,NA,1,6,0,0.8235294117647058,3,5,19,37,not female,0,6,7,1,1,2,3,1,11,0,0,0,0,0,430,0,0,0,NA,NA,NA,NA,NA,NA,NA,NA,NA,NA,NA,NA,NA,NA,NA,TRUE,0.7423322868811316,0.816946216297037,0.7708522175873445,0.13201610565379837,NA,0.08031348180716441,high,high,high,high,NA,high,high_level-high_diversity,NA,high_level-high_diversity,5.5,Renewable-energy transition,1,1,0,NA,0,1
301489654032,2,control,0,0,7,1,0.29411764705882354,2,6,14,42,not female,0,7,4,-3,3,2,2,0,43,0,0,0,0,0,1529,0,0,0,NA,NA,NA,NA,NA,NA,NA,NA,NA,NA,NA,NA,NA,NA,NA,TRUE,0.5968652095615705,0.6355578234112659,0.851887359884632,0.1512656444259233,0.0425380669255974,0.13564115188233777,low,low,high,high,low,high,low_level-high_diversity,low_level-low_diversity,high_level-high_diversity,5.5,Renewable-energy transition,3,-3,0,NA,0,0
301673513916,2,verbal,1,NA,5,1,0.7647058823529411,5,8,18,74,not female,0,5,6,1,1,3,3,0,524,0,0,0,0,0,17667,0,0,0,NA,NA,NA,NA,NA,NA,NA,NA,NA,NA,NA,NA,NA,NA,NA,TRUE,0.6308789842325213,0.7228851583122773,0.7929175142855942,0.16609852818784976,0.02387072998827318,0.02804950222954892,low,high,high,high,low,low,low_level-high_diversity,high_level-low_diversity,high_level-low_diversity,6,Renewable-energy transition,1,1,0,NA,1,0
301738556160,2,monetary,NA,1,4,0,0.4117647058823529,3,4,14,58,female,0,4,4,0,0,2,3,1,26,0,0,0,0,0,6586,0,0,0,NA,NA,NA,NA,NA,NA,NA,NA,NA,NA,NA,NA,NA,NA,NA,TRUE,0.4682647271516835,0.6288292084397977,0.6376111783955144,0.10506756202444334,0.05395545020730517,0.05583963133801153,low,low,low,high,high,high,low_level-high_diversity,low_level-high_diversity,low_level-high_diversity,NA,Renewable-energy transition,0,0,0,NA,0,1
301754976948,2,verbal,1,NA,7,1,0.7647058823529411,5,8,15,52,female,0,7,7,0,0,3,3,0,27,0,0,0,0,0,15787,0,0,0,NA,NA,NA,NA,NA,NA,NA,NA,NA,NA,NA,NA,NA,NA,NA,TRUE,0.4411301512780977,0.6127274566528798,0.8009887714296978,0.11077756969356284,0.0321054045220076,0.04445179148394224,low,low,high,high,low,low,low_level-high_diversity,low_level-low_diversity,high_level-low_diversity,6.5,Renewable-energy transition,0,0,0,NA,1,0
301780282212,2,control,0,0,6,0,0.5882352941176471,2,2,12,21,female,0,6,6,0,0,1,1,0,146,0,0,0,0,0,5071,0,0,0,NA,NA,NA,NA,NA,NA,NA,NA,NA,NA,NA,NA,NA,NA,NA,TRUE,0.6521742783647737,0.816946216297037,0.6453032256715464,0.12925738607520146,NA,0.10683679787442651,low,high,low,high,NA,high,low_level-high_diversity,NA,low_level-high_diversity,4.5,Renewable-energy transition,0,0,0,NA,0,0
301856139864,2,monetary,NA,1,7,1,0.7647058823529411,5,8,25,52,female,0,7,6,-1,1,4,4,0,426,0,0,0,0,0,7640,0,0,0,NA,NA,NA,NA,NA,NA,NA,NA,NA,NA,NA,NA,NA,NA,NA,TRUE,0.6767357062173346,0.6764489000753513,0.7058325650591213,0.06098110575555455,0.0901465959050182,0.08823913417180804,high,high,low,low,high,high,high_level-low_diversity,high_level-high_diversity,low_level-high_diversity,7,Renewable-energy transition,1,-1,0,NA,0,1
301903336548,2,monetary,NA,1,4,1,0.5294117647058824,3,2,13,45,not female,0,4,3,-1,1,2,3,1,26,0,0,0,0,0,2217,0,0,0,NA,NA,NA,NA,NA,NA,NA,NA,NA,NA,NA,NA,NA,NA,NA,TRUE,0.7143501283611465,0.7731306267410728,0.7732922459207249,0.05879013486522632,0.01468341951593486,0.02110434825631592,high,high,high,low,low,low,high_level-low_diversity,high_level-low_diversity,high_level-low_diversity,6.5,Renewable-energy transition,1,-1,0,NA,0,1
301953198096,2,monetary,NA,1,5,0,0.29411764705882354,3,8,15,54,female,1,5,6,1,1,1,3,2,255,12,1,8,4,3,12294,1118,0.09093866926956239,0.06468627809224188,NA,NA,NA,NA,NA,NA,NA,NA,NA,NA,8,1,0.668271133133525,0.668271133133525,0.668271133133525,TRUE,0.6253127166519622,0.7072794262700116,0.776470685464412,0.1373659778763576,0.08770654027394033,0.07807726409684801,low,high,high,high,high,high,low_level-high_diversity,high_level-high_diversity,high_level-high_diversity,5,Renewable-energy transition,1,1,12,NA,0,1
301986919980,2,verbal,1,NA,7,1,0.5294117647058824,5,8,13,72,female,1,7,7,0,0,2,2,0,64,3,1,2,1,2,5734,146,0.025462155563306593,0.046648316535427975,NA,NA,NA,NA,NA,NA,NA,NA,NA,NA,2,1,0.668271133133525,0.668271133133525,0.6682711331335249,TRUE,0.7676187590451433,0.8008677716233332,0.7684731289393917,0.03844306252947629,0.01944104040704875,0.03748291436227887,high,high,high,low,low,low,high_level-low_diversity,high_level-low_diversity,high_level-low_diversity,7,Renewable-energy transition,0,0,3,NA,1,0
302066194896,2,control,0,0,7,0,0.5882352941176471,3,8,13,62,not female,0,7,7,0,0,2,2,0,762,0,0,0,0,0,24574,0,0,0,NA,NA,NA,NA,NA,NA,NA,NA,NA,NA,NA,NA,NA,NA,NA,TRUE,0.7074637649275887,0.7394031079352434,0.740672958007139,0.10501327817299072,0.08828324790892222,0.0962929163947084,high,high,high,high,high,high,high_level-high_diversity,high_level-high_diversity,high_level-high_diversity,4.5,Renewable-energy transition,0,0,0,NA,0,0
302212158444,2,control,0,0,6,NA,0.4117647058823529,3,6,12,61,female,0,6,7,1,1,2,2,0,335,0,0,0,0,0,8320,0,0,0,NA,NA,NA,NA,NA,NA,NA,NA,NA,NA,NA,NA,NA,NA,NA,TRUE,0.5358335575831059,0.648355875595028,0.7422043832411154,0.18376883483114437,NA,0.03105253975913863,low,low,high,high,NA,low,low_level-high_diversity,NA,high_level-low_diversity,4.5,Renewable-energy transition,1,1,0,NA,0,0
302248684728,2,monetary,NA,1,7,1,0.5294117647058824,5,8,12,67,female,0,7,7,0,0,3,3,0,103,0,0,0,0,0,3557,0,0,0,NA,NA,NA,NA,NA,NA,NA,NA,NA,NA,NA,NA,NA,NA,NA,TRUE,0.7932273109534635,0.578455258625987,0.8829700097604933,0.1138027243194484,NA,0.06699297904067494,high,low,high,high,NA,high,high_level-high_diversity,NA,high_level-high_diversity,NA,Renewable-energy transition,0,0,0,NA,0,1
302321670264,2,control,0,0,5,0,0.47058823529411764,2,2,15,27,not female,0,5,5,0,0,1,1,0,15,0,0,0,0,0,1218,0,0,0,NA,NA,NA,NA,NA,NA,NA,NA,NA,NA,NA,NA,NA,NA,NA,TRUE,0.676643985401412,0.5877683403396637,0.6327267409194438,0.08312645319740944,0.09430799059741556,0.07633414557112408,high,low,low,low,high,high,high_level-low_diversity,low_level-high_diversity,low_level-high_diversity,3.5,Renewable-energy transition,0,0,0,NA,0,0
303085973232,2,verbal,1,NA,1,1,0.5882352941176471,4,2,12,55,female,0,1,1,0,0,2,2,0,71,0,0,0,0,0,8402,0,0,0,NA,NA,NA,NA,NA,NA,NA,NA,NA,NA,NA,NA,NA,NA,NA,TRUE,0.4251967632373261,0.5813205996502538,0.7174594531746441,0.07098880607428139,0.05848271725754651,0.10419145005015631,low,low,high,low,high,high,low_level-low_diversity,low_level-high_diversity,high_level-high_diversity,5.5,Renewable-energy transition,0,0,0,NA,1,0
303213195180,2,control,0,0,4,NA,0.5294117647058824,4,6,16,60,not female,0,4,4,0,0,2,1,-1,6,0,0,0,0,0,9554,0,0,0,NA,NA,NA,NA,NA,NA,NA,NA,NA,NA,NA,NA,NA,NA,NA,TRUE,0.6653632214171832,0.6532560533277324,0.6336803329924354,0.11110013684179264,0.07343896467362607,0.06005141128147803,high,low,low,high,high,high,high_level-high_diversity,low_level-high_diversity,low_level-high_diversity,5.5,Renewable-energy transition,0,0,0,NA,0,0
303348214044,2,control,0,0,5,1,0.8823529411764706,5,2,18,45,not female,0,5,5,0,0,2,2,0,170,0,0,0,0,0,7297,0,0,0,NA,NA,NA,NA,NA,NA,NA,NA,NA,NA,NA,NA,NA,NA,NA,TRUE,0.7403471143055832,0.6441857279238691,0.786747670123076,0.10122760539636376,0.04226918813958043,0.07109536878819679,high,low,high,high,low,high,high_level-high_diversity,low_level-low_diversity,high_level-high_diversity,6,Renewable-energy transition,0,0,0,NA,0,0
303418463580,2,control,0,0,6,1,0.8235294117647058,4,2,12,37,not female,0,6,7,1,1,3,3,0,128,0,0,0,0,0,2163,0,0,0,NA,NA,NA,NA,NA,NA,NA,NA,NA,NA,NA,NA,NA,NA,NA,TRUE,0.554815517439692,0.6863375569133526,0.7236284578336303,0.1589005958214179,0.03029782891560859,0.05457666203455605,low,high,high,high,low,high,low_level-high_diversity,high_level-low_diversity,high_level-high_diversity,5.5,Renewable-energy transition,1,1,0,NA,0,0
303428110716,2,verbal,1,NA,4,0,0.35294117647058826,3,8,12,60,female,1,4,4,0,0,1,2,1,95,2,1,1,1,2,5426,91,0.016771102100995208,0.022733784169474944,NA,NA,NA,NA,NA,NA,NA,NA,NA,NA,1,1,0.668271133133525,0.668271133133525,0.668271133133525,TRUE,0.6583521005307066,0.6667554922450789,0.6635052597550474,0.06912332222249537,0.05144734080154081,0.06318220551874865,low,low,low,low,low,high,low_level-low_diversity,low_level-low_diversity,low_level-high_diversity,5.5,Renewable-energy transition,0,0,2,NA,1,0
303481936728,2,control,0,0,5,1,0.8235294117647058,3,8,16,64,not female,0,5,5,0,0,2,2,0,18,0,0,0,0,0,1522,0,0,0,NA,NA,NA,NA,NA,NA,NA,NA,NA,NA,NA,NA,NA,NA,NA,TRUE,0.6458046490040091,0.6071857606855925,0.6400867134545465,0.1152192075890642,0.09351938796759891,0.108571565919907,low,low,low,high,high,high,low_level-high_diversity,low_level-high_diversity,low_level-high_diversity,4.5,Renewable-energy transition,0,0,0,NA,0,0
303550888032,2,verbal,1,NA,6,1,0.6470588235294118,1,4,16,37,female,0,6,6,0,0,2,2,0,7,0,0,0,0,0,452,0,0,0,NA,NA,NA,NA,NA,NA,NA,NA,NA,NA,NA,NA,NA,NA,NA,TRUE,0.6550835337445275,0.6207756986718623,0.6207756986718623,0.02828712476923789,0.01039426615058447,0.01039426615058447,low,low,low,low,low,low,low_level-low_diversity,low_level-low_diversity,low_level-low_diversity,6.5,Renewable-energy transition,0,0,0,NA,1,0
303624554832,2,verbal,1,NA,5,1,0.6470588235294118,4,8,18,62,not female,1,5,5,0,0,2,2,0,99,1,1,0,1,1,6637,17,0.002561398222088293,0.009571315462281803,1,1,0.813681794497258,0.813681794497258,0.8136817944972579,1,1,0.813681794497258,0.813681794497258,0.8136817944972579,1,1,0.813681794497258,0.813681794497258,0.8136817944972579,TRUE,0.7263008370442371,0.6537646309876117,0.7417415279436814,0.0775057733512525,0.05096050515981655,0.0727552537330708,high,low,high,low,low,high,high_level-low_diversity,low_level-low_diversity,high_level-high_diversity,7,Renewable-energy transition,0,0,1,0.813681794497258,1,0
303682488948,2,control,0,0,6,1,0.7647058823529411,4,8,19,45,not female,0,6,6,0,0,2,3,1,505,0,0,0,0,0,19147,0,0,0,NA,NA,NA,NA,NA,NA,NA,NA,NA,NA,NA,NA,NA,NA,NA,TRUE,0.7389331956897299,0.801102237000549,0.7659727356819162,0.10084827441814226,0.05370913743212668,0.05611607195344116,high,high,high,high,low,high,high_level-high_diversity,high_level-low_diversity,high_level-high_diversity,5,Renewable-energy transition,0,0,0,NA,0,0
303772706496,2,monetary,NA,1,5,0,0.47058823529411764,3,3,20,35,female,0,5,6,1,1,1,1,0,2,0,0,0,0,0,137,0,0,0,NA,NA,NA,NA,NA,NA,NA,NA,NA,NA,NA,NA,NA,NA,NA,TRUE,0.4813621533848699,0.6188366568819601,0.6168585951116256,0.13936853305393868,0.02036914643636865,0.02360351625723788,low,low,low,high,low,low,low_level-high_diversity,low_level-low_diversity,low_level-low_diversity,6,Renewable-energy transition,1,1,0,NA,0,1
303798632832,2,control,0,0,7,1,0.8823529411764706,4,8,16,57,not female,0,7,6,-1,1,3,3,0,246,0,0,0,0,0,8594,0,0,0,NA,NA,NA,NA,NA,NA,NA,NA,NA,NA,NA,NA,NA,NA,NA,TRUE,0.6600333322799509,0.6164811942571453,0.6275345915836398,0.02569009147704622,0.0348147178764673,0.01564578404699088,low,low,low,low,low,low,low_level-low_diversity,low_level-low_diversity,low_level-low_diversity,5.5,Renewable-energy transition,1,-1,0,NA,0,0
304013473128,2,verbal,1,NA,6,0,0.47058823529411764,1,0,12,47,female,0,6,6,0,0,1,2,1,1,0,0,0,0,0,119,0,0,0,NA,NA,NA,NA,NA,NA,NA,NA,NA,NA,NA,NA,NA,NA,NA,TRUE,0.7266315152088902,NA,0.561517992738059,0.17277540424676843,NA,NA,high,NA,low,high,NA,NA,high_level-high_diversity,NA,NA,4,Renewable-energy transition,0,0,0,NA,1,0
304147883232,2,verbal,1,NA,7,1,0.8235294117647058,3,6,24,34,female,1,7,6,-1,1,2,3,1,9,2,1,0,2,2,272,170,0.625,0.36331340397272277,NA,NA,NA,NA,NA,NA,NA,NA,NA,NA,NA,NA,NA,NA,NA,TRUE,0.6919783162144285,NA,0.6968329661710795,0.06157445497433628,NA,0.07905716935308578,high,NA,low,low,NA,high,high_level-low_diversity,NA,low_level-high_diversity,5,Renewable-energy transition,1,-1,2,NA,1,0
304167717864,2,control,0,0,7,1,0.7647058823529411,4,8,12,67,female,0,7,6,-1,1,2,2,0,211,0,0,0,0,0,9896,0,0,0,NA,NA,NA,NA,NA,NA,NA,NA,NA,NA,NA,NA,NA,NA,NA,TRUE,0.5860955206639764,0.6524297010010359,0.6676732977354839,0.12358666834248752,0.01782225099906795,0.02890161811051176,low,low,low,high,low,low,low_level-high_diversity,low_level-low_diversity,low_level-low_diversity,4.5,Renewable-energy transition,1,-1,0,NA,0,0
304277772780,2,verbal,1,NA,1,0,0.6470588235294118,4,8,19,48,female,0,1,4,3,3,2,2,0,202,0,0,0,0,0,10503,0,0,0,NA,NA,NA,NA,NA,NA,NA,NA,NA,NA,NA,NA,NA,NA,NA,TRUE,0.5894721047267454,0.6058200498644423,0.6170222457304216,0.1022542237936538,0.05815173978818055,0.03556413486887171,low,low,low,high,high,low,low_level-high_diversity,low_level-high_diversity,low_level-low_diversity,5.5,Renewable-energy transition,3,3,0,NA,1,0
304323598044,2,control,0,0,6,1,0.4117647058823529,4,8,11,54,not female,0,6,5,-1,1,2,2,0,73,0,0,0,0,0,1668,0,0,0,NA,NA,NA,NA,NA,NA,NA,NA,NA,NA,NA,NA,NA,NA,NA,TRUE,0.5312735131522318,0.6484614378296434,0.7278728099829416,0.1644201979591127,0.00284289896869167,0.07259500519716296,low,low,high,high,low,high,low_level-high_diversity,low_level-low_diversity,high_level-high_diversity,5,Renewable-energy transition,1,-1,0,NA,0,0
305308765296,2,control,0,0,5,0,0.5294117647058824,3,5,17,58,female,0,5,5,0,0,2,2,0,176,0,0,0,0,0,8348,0,0,0,NA,NA,NA,NA,NA,NA,NA,NA,NA,NA,NA,NA,NA,NA,NA,TRUE,0.7011061058272122,0.5787256672022696,0.7342709507349782,0.11796413160697725,0.00433919410924927,0.16056774138620084,high,low,high,high,low,high,high_level-high_diversity,low_level-low_diversity,high_level-high_diversity,5.5,Renewable-energy transition,0,0,0,NA,0,0
305396318664,2,control,0,0,4,1,0.23529411764705882,4,8,13,28,not female,0,4,4,0,0,2,1,-1,99,0,0,0,0,0,6167,0,0,0,NA,NA,NA,NA,NA,NA,NA,NA,NA,NA,NA,NA,NA,NA,NA,TRUE,0.3910313953013337,NA,0.6964410859141321,0.06674580547468546,NA,NA,low,NA,low,low,NA,NA,low_level-low_diversity,NA,NA,6,Renewable-energy transition,0,0,0,NA,0,0
305448165180,2,verbal,1,NA,6,1,0.11764705882352941,5,2,13,31,female,0,6,6,0,0,3,3,0,23,0,0,0,0,0,388,0,0,0,NA,NA,NA,NA,NA,NA,NA,NA,NA,NA,NA,NA,NA,NA,NA,TRUE,0.598794826215186,0.6039908299956102,0.6048708476812847,0.04522014567819242,0.02692350938752851,0.0290303988127056,low,low,low,low,low,low,low_level-low_diversity,low_level-low_diversity,low_level-low_diversity,7,Renewable-energy transition,0,0,0,NA,1,0
305461641348,2,verbal,1,NA,7,1,0.7647058823529411,5,8,12,52,not female,0,7,7,0,0,4,3,-1,136,0,0,0,0,0,8983,0,0,0,NA,NA,NA,NA,NA,NA,NA,NA,NA,NA,NA,NA,NA,NA,NA,TRUE,0.677612887440246,0.6529501489358608,0.6736014892927139,0.05698098314387095,0.04987245211298822,0.04455018994093197,high,low,low,low,low,low,high_level-low_diversity,low_level-low_diversity,low_level-low_diversity,7,Renewable-energy transition,0,0,0,NA,1,0
305506373580,2,monetary,NA,1,6,1,0.47058823529411764,3,2,14,52,female,0,6,5,-1,1,1,2,1,221,0,0,0,0,0,7546,0,0,0,NA,NA,NA,NA,NA,NA,NA,NA,NA,NA,NA,NA,NA,NA,NA,FALSE,NA,NA,NA,NA,NA,NA,NA,NA,NA,NA,NA,NA,NA,NA,NA,NA,Renewable-energy transition,1,-1,0,NA,0,1
305541394380,2,control,0,0,4,1,0.7647058823529411,3,6,18,55,not female,0,4,6,2,2,3,3,0,1,0,0,0,0,0,215,0,0,0,NA,NA,NA,NA,NA,NA,NA,NA,NA,NA,NA,NA,NA,NA,NA,TRUE,NA,NA,NA,NA,NA,NA,NA,NA,NA,NA,NA,NA,NA,NA,NA,NA,Renewable-energy transition,2,2,0,NA,0,0
305573133348,2,monetary,NA,1,5,0,0.8235294117647058,5,8,15,63,female,1,5,5,0,0,2,2,0,165,3,1,2,1,2,8782,39,0.004440901844682305,0.017718875963796392,NA,NA,NA,NA,NA,NA,NA,NA,NA,NA,NA,NA,NA,NA,NA,TRUE,0.70656113132676035,0.6619547259079777,0.7210803382810594,0.09303216470108489,0.07957778542196897,0.06014654601140371,high,low,high,high,high,high,high_level-high_diversity,low_level-high_diversity,high_level-high_diversity,4.5,Renewable-energy transition,0,0,3,NA,0,1
305611706160,2,verbal,1,NA,5,1,0.6470588235294118,5,7,12,36,not female,0,5,5,0,0,3,3,0,30,0,0,0,0,0,2169,0,0,0,NA,NA,NA,NA,NA,NA,NA,NA,NA,NA,NA,NA,NA,NA,NA,TRUE,0.6668211611171063,0.6540481984221057,0.6634585208597858,0.0502915008238744,0.02086939690589743,0.04531677585121603,high,low,low,low,low,low,high_level-low_diversity,low_level-low_diversity,low_level-low_diversity,4.5,Renewable-energy transition,0,0,0,NA,1,0
305637566832,2,monetary,NA,1,4,0,0.47058823529411764,3,2,9,43,not female,0,4,4,0,0,1,1,0,43,0,0,0,0,0,2848,0,0,0,NA,NA,NA,NA,NA,NA,NA,NA,NA,NA,NA,NA,NA,NA,NA,TRUE,0.4407950030411059,NA,0.8096322874950441,0.15625492313600664,NA,0.01401369297748319,low,NA,high,high,NA,low,low_level-high_diversity,NA,high_level-low_diversity,4,Renewable-energy transition,0,0,0,NA,0,1
305740711980,2,monetary,NA,1,5,1,0.47058823529411764,3,6,13,58,female,0,5,4,-1,1,2,3,1,16,0,0,0,0,0,3819,0,0,0,NA,NA,NA,NA,NA,NA,NA,NA,NA,NA,NA,NA,NA,NA,NA,TRUE,0.6787926219275492,NA,0.6942329138322837,0.01684664175917018,NA,0.0021560871308361,high,NA,low,low,NA,low,high_level-low_diversity,NA,low_level-low_diversity,5.5,Renewable-energy transition,1,-1,0,NA,0,1
305884555812,2,verbal,1,NA,1,0,0.4117647058823529,3,6,9,42,not female,0,1,5,4,4,2,2,0,135,0,0,0,0,0,4942,0,0,0,NA,NA,NA,NA,NA,NA,NA,NA,NA,NA,NA,NA,NA,NA,NA,TRUE,0.620433980769789,0.6507383827523635,0.6527899892675963,0.09842520608799717,0.0184682077481316,0.0225708902354869,low,low,low,high,low,low,low_level-high_diversity,low_level-low_diversity,low_level-low_diversity,4.5,Renewable-energy transition,4,4,0,NA,1,0
305892698148,2,monetary,NA,1,7,0,0.6470588235294118,4,6,13,47,not female,0,7,4,-3,3,1,2,1,1,0,0,0,0,0,168,0,0,0,NA,NA,NA,NA,NA,NA,NA,NA,NA,NA,NA,NA,NA,NA,NA,TRUE,NA,NA,NA,NA,NA,NA,NA,NA,NA,NA,NA,NA,NA,NA,NA,7,Renewable-energy transition,3,-3,0,NA,0,1
305925391980,2,monetary,NA,1,4,1,0.11764705882352941,5,5,17,49,not female,0,4,5,1,1,3,3,0,5,0,0,0,0,0,1154,0,0,0,NA,NA,NA,NA,NA,NA,NA,NA,NA,NA,NA,NA,NA,NA,NA,TRUE,0.722715050722288,0.787979994491179,NA,0.11031788982179112,NA,NA,high,high,NA,high,NA,NA,high_level-high_diversity,NA,NA,4.5,Renewable-energy transition,1,1,0,NA,0,1
306075936960,2,control,0,0,7,1,0.47058823529411764,5,6,7,33,not female,0,7,7,0,0,4,4,0,10,0,0,0,0,0,329,0,0,0,NA,NA,NA,NA,NA,NA,NA,NA,NA,NA,NA,NA,NA,NA,NA,TRUE,0.6652446693785666,NA,NA,0.04723358947807749,NA,NA,high,NA,NA,low,NA,NA,high_level-low_diversity,NA,NA,7,Renewable-energy transition,0,0,0,NA,0,0
306099062316,2,control,0,0,2,0,0.6470588235294118,2,7,12,37,not female,0,2,2,0,0,1,1,0,94,0,0,0,0,0,3681,0,0,0,NA,NA,NA,NA,NA,NA,NA,NA,NA,NA,NA,NA,NA,NA,NA,TRUE,0.7141363048623828,NA,0.7155344867710444,0.0196383828489845,NA,0.0172360371145142,high,NA,high,low,NA,low,high_level-low_diversity,NA,high_level-low_diversity,6.5,Renewable-energy transition,0,0,0,NA,0,0
306151934148,2,control,0,0,5,1,0.6470588235294118,3,8,14,41,female,0,5,6,1,1,2,2,0,81,0,0,0,0,0,4298,0,0,0,NA,NA,NA,NA,NA,NA,NA,NA,NA,NA,NA,NA,NA,NA,NA,TRUE,0.582644877345643,0.606247746072761,0.6954189273059443,0.15519519086895775,0.03213240960127962,0.02030312082848533,low,low,low,high,low,low,low_level-high_diversity,low_level-low_diversity,low_level-low_diversity,5.5,Renewable-energy transition,1,1,0,NA,0,0
306232235748,2,control,0,0,7,1,0.7058823529411765,3,5,14,54,not female,0,7,6,-1,1,3,3,0,503,0,0,0,0,0,11407,0,0,0,NA,NA,NA,NA,NA,NA,NA,NA,NA,NA,NA,NA,NA,NA,NA,TRUE,0.6411590083436247,0.696049090937502,0.7361892138195784,0.15870049775044845,0.02589858486383716,0.02484880719389235,low,high,high,high,low,low,low_level-high_diversity,high_level-low_diversity,high_level-low_diversity,4,Renewable-energy transition,1,-1,0,NA,0,0
306250908948,2,control,0,0,4,1,0.7058823529411765,4,2,12,58,not female,0,4,3,-1,1,2,3,1,32,0,0,0,0,0,1435,0,0,0,NA,NA,NA,NA,NA,NA,NA,NA,NA,NA,NA,NA,NA,NA,NA,TRUE,0.6488552397751278,0.660241316140307,0.6659299659981397,0.09143911869999236,0.05691038018559343,0.06218947111996285,low,low,low,high,high,high,low_level-high_diversity,low_level-high_diversity,low_level-high_diversity,NA,Renewable-energy transition,1,-1,0,NA,0,0
306295094664,2,verbal,1,NA,6,0,0.6470588235294118,3,1,11,69,female,0,6,6,0,0,1,1,0,6,0,0,0,0,0,281,0,0,0,NA,NA,NA,NA,NA,NA,NA,NA,NA,NA,NA,NA,NA,NA,NA,TRUE,0.7076030522214026,NA,0.780446471877427,0.05352636255150411,NA,NA,high,NA,high,low,NA,NA,high_level-low_diversity,NA,NA,6.5,Renewable-energy transition,0,0,0,NA,1,0
306376282044,2,monetary,NA,1,6,1,0.7058823529411765,2,4,18,62,female,1,6,6,0,0,2,2,0,530,41,1,12,29,17,13737,3429,0.249617820484822,0.12862181130625303,5,3,0.7022791558635274,0.7362591837838048,0.7216817709656531,4,2,0.7004981885561179,0.7118062955767972,0.7090736084807675,17,4,0.6872347145814819,0.6882676186189014,0.6863929888291759,TRUE,0.7182717910576227,0.7965368149786833,0.7924806712507002,0.12570773386904824,0.04660793703250405,0.05419415358833329,high,high,high,high,low,high,high_level-high_diversity,high_level-low_diversity,high_level-high_diversity,7,Renewable-energy transition,0,0,41,0.7022791558635274,0,1
306384353244,2,monetary,NA,1,5,0,0.8823529411764706,5,8,15,46,not female,1,5,7,2,2,2,2,0,430,8,1,5,3,4,13351,205,0.015354655082016328,0.022852604809017036,NA,NA,NA,NA,NA,NA,NA,NA,NA,NA,5,1,0.668271133133525,0.668271133133525,0.668271133133525,TRUE,0.4133669405276584,0.6827993542801709,0.8299890584900445,0.0941148726853633,0.04855354467151322,0.11784291048447816,low,high,high,high,low,high,low_level-high_diversity,high_level-low_diversity,high_level-high_diversity,7,Renewable-energy transition,2,2,8,NA,0,1
307958441760,2,control,0,0,3,1,0.8823529411764706,4,5,13,48,not female,0,3,5,2,2,4,3,-1,104,0,0,0,0,0,6589,0,0,0,NA,NA,NA,NA,NA,NA,NA,NA,NA,NA,NA,NA,NA,NA,NA,TRUE,0.662530448555627,0.6749130038355328,0.6747040109553383,0.11920077413456248,0.07772861896658104,0.077395632159748,low,high,low,high,high,high,low_level-high_diversity,high_level-high_diversity,low_level-high_diversity,6,Renewable-energy transition,2,2,0,NA,0,0
308006390160,2,verbal,1,NA,7,1,0.8823529411764706,5,8,13,53,not female,0,7,7,0,0,2,3,1,45,0,0,0,0,0,4786,0,0,0,NA,NA,NA,NA,NA,NA,NA,NA,NA,NA,NA,NA,NA,NA,NA,TRUE,0.6676919262683969,0.6762257623660027,0.6718165610289987,0.05569137970901874,0.04389977187321856,0.05070465262721328,high,high,low,low,low,low,high_level-low_diversity,high_level-low_diversity,low_level-low_diversity,7,Renewable-energy transition,0,0,0,NA,1,0
308012962032,2,control,0,0,4,0,0.35294117647058826,3,3,16,23,female,0,4,6,2,2,1,1,0,64,0,0,0,0,0,2366,0,0,0,NA,NA,NA,NA,NA,NA,NA,NA,NA,NA,NA,NA,NA,NA,NA,TRUE,0.715723114006055,0.7224654788972552,0.714340107678169,0.07892971736336421,0.06744949392835085,0.07673296447406003,high,high,high,low,high,high,high_level-low_diversity,high_level-high_diversity,high_level-high_diversity,NA,Renewable-energy transition,2,2,0,NA,0,0
308193194664,2,control,0,0,7,0,0.11764705882352941,3,4,15,57,female,0,7,7,0,0,2,2,0,104,0,0,0,0,0,3492,0,0,0,NA,NA,NA,NA,NA,NA,NA,NA,NA,NA,NA,NA,NA,NA,NA,TRUE,0.671276583345148,NA,0.7276590282694657,0.09633373470890234,NA,0.01050597507173644,high,NA,high,high,NA,low,high_level-high_diversity,NA,high_level-low_diversity,NA,Renewable-energy transition,0,0,0,NA,0,0
308342445516,2,verbal,1,NA,7,1,0.5294117647058824,3,8,13,59,not female,0,7,7,0,0,2,3,1,79,0,0,0,0,0,4962,0,0,0,NA,NA,NA,NA,NA,NA,NA,NA,NA,NA,NA,NA,NA,NA,NA,TRUE,0.7908264145480155,0.659873376350631,0.8191510069488989,0.14619739631627962,NA,0.10125280791372972,high,low,high,high,NA,high,high_level-high_diversity,NA,high_level-high_diversity,6,Renewable-energy transition,0,0,0,NA,1,0
308492647812,2,monetary,NA,1,7,1,0.8823529411764706,3,8,18,56,not female,1,7,5,-2,2,2,2,0,259,12,1,6,6,4,10539,219,0.020779960148021633,0.0487595251086415,2,1,0.834070736611835,0.834070736611835,0.834070736611835,NA,NA,NA,NA,NA,2,1,0.834070736611835,0.834070736611835,0.834070736611835,TRUE,0.6404017111622219,0.6657443507497937,0.6938571040284353,0.13034507499596729,0.0302272432554324,0.06590847924592894,low,low,low,high,low,high,low_level-high_diversity,low_level-low_diversity,low_level-high_diversity,6,Renewable-energy transition,2,-2,12,0.834070736611835,0,1
308495727864,2,monetary,NA,1,7,1,0.7647058823529411,4,8,12,47,not female,1,7,6,-1,1,3,3,0,235,2,1,1,1,2,13866,36,0.0025962786672436176,0.008017019700967442,NA,NA,NA,NA,NA,NA,NA,NA,NA,NA,1,1,0.668271133133525,0.668271133133525,0.668271133133525,TRUE,0.7298219242006253,0.8135899870192009,0.7887067189304005,0.09906097273841707,0.02709495294668811,0.06003333881004284,high,high,high,high,low,high,high_level-high_diversity,high_level-low_diversity,high_level-high_diversity,6,Renewable-energy transition,1,-1,2,NA,0,1
308510639748,2,monetary,NA,1,3,1,0.7647058823529411,4,5,14,52,not female,0,3,4,1,1,2,2,0,7,0,0,0,0,0,170,0,0,0,NA,NA,NA,NA,NA,NA,NA,NA,NA,NA,NA,NA,NA,NA,NA,TRUE,0.614114548755147,0.6129193181262794,0.6128797389752767,0.03571105266794902,0.03316809615097963,0.0332027655398585,low,low,low,low,low,low,low_level-low_diversity,low_level-low_diversity,low_level-low_diversity,4.5,Renewable-energy transition,1,1,0,NA,0,1
308641552560,2,verbal,1,NA,4,1,0.6470588235294118,4,8,13,44,female,0,4,4,0,0,2,2,0,158,0,0,0,0,0,4906,0,0,0,NA,NA,NA,NA,NA,NA,NA,NA,NA,NA,NA,NA,NA,NA,NA,TRUE,0.6391395481267482,0.6119544708664679,0.7760570300760434,0.15892433938196526,0.02465558431471651,0.02730901700695555,low,low,high,high,low,low,low_level-high_diversity,low_level-low_diversity,high_level-low_diversity,6.5,Renewable-energy transition,0,0,0,NA,1,0
308671922160,2,verbal,1,NA,6,0,0.5294117647058824,3,1,10,58,female,1,6,6,0,0,2,2,0,78,7,1,0,7,1,2998,118,0.03935957304869913,0.08541700441391911,NA,NA,NA,NA,NA,NA,NA,NA,NA,NA,NA,NA,NA,NA,NA,TRUE,0.6551543752000537,0.7081064998223415,0.698666956933864,0.06559193907046394,0.08442403567695744,0.05863537381504238,low,high,low,low,high,high,low_level-low_diversity,high_level-high_diversity,low_level-high_diversity,5.5,Renewable-energy transition,0,0,7,NA,1,0
308683550160,2,control,0,0,7,1,0.7058823529411765,3,8,19,31,not female,0,7,7,0,0,2,2,0,99,0,0,0,0,0,1874,0,0,0,NA,NA,NA,NA,NA,NA,NA,NA,NA,NA,NA,NA,NA,NA,NA,TRUE,0.6443340056528503,0.7347905824129503,0.6893757672091627,0.13393116495781474,0.0484127068729639,0.08682881811601298,low,high,low,high,low,high,low_level-high_diversity,high_level-low_diversity,low_level-high_diversity,5,Renewable-energy transition,0,0,0,NA,0,0
308733895296,2,control,0,0,5,0,0.8235294117647058,4,0,17,38,not female,0,5,5,0,0,1,1,0,302,0,0,0,0,0,11909,0,0,0,NA,NA,NA,NA,NA,NA,NA,NA,NA,NA,NA,NA,NA,NA,NA,TRUE,0.6204791856012462,0.6827099667245986,0.7138097762487304,0.1430636788619103,0.05535187026331314,0.04900330397125973,low,high,high,high,high,low,low_level-high_diversity,high_level-high_diversity,high_level-low_diversity,4.5,Renewable-energy transition,0,0,0,NA,0,0
308766251916,2,verbal,1,NA,6,0,0.7058823529411765,4,3,13,44,female,0,6,6,0,0,2,2,0,280,0,0,0,0,0,7511,0,0,0,NA,NA,NA,NA,NA,NA,NA,NA,NA,NA,NA,NA,NA,NA,NA,TRUE,0.6910467667724676,0.659873376350631,0.6945633490474853,0.04244434833523516,NA,0.03717964523970941,high,low,low,low,NA,low,high_level-low_diversity,NA,low_level-low_diversity,4.5,Renewable-energy transition,0,0,0,NA,1,0
308779242444,2,control,0,0,7,1,0.4117647058823529,4,7,10,51,female,0,7,7,0,0,3,3,0,372,0,0,0,0,0,23647,0,0,0,NA,NA,NA,NA,NA,NA,NA,NA,NA,NA,NA,NA,NA,NA,NA,TRUE,0.6716540118323675,0.6731173081399451,0.6564891039605417,0.09369997304410373,0.07464650009308753,0.08223860877164706,high,high,low,high,high,high,high_level-high_diversity,high_level-high_diversity,low_level-high_diversity,6.5,Renewable-energy transition,0,0,0,NA,0,0
308787997644,2,monetary,NA,1,6,0,0.11764705882352941,2,4,17,24,not female,0,6,2,-4,4,2,3,1,136,0,0,0,0,0,2795,0,0,0,NA,NA,NA,NA,NA,NA,NA,NA,NA,NA,NA,NA,NA,NA,NA,TRUE,0.41571078157254754,0.829764441028495,0.829764441028495,0.09393696475610652,0.06126711614226761,0.06126711614226761,low,high,high,high,high,high,low_level-high_diversity,high_level-high_diversity,high_level-high_diversity,5.5,Renewable-energy transition,4,-4,0,NA,0,1
309001268160,2,verbal,1,NA,6,1,0.6470588235294118,5,8,13,68,female,0,6,4,-2,2,2,3,1,231,0,0,0,0,0,16805,0,0,0,NA,NA,NA,NA,NA,NA,NA,NA,NA,NA,NA,NA,NA,NA,NA,TRUE,0.7321588574554257,0.6481188190507392,0.7452716287833374,0.08335784644622776,0.01292622623525249,0.06534811596864722,high,low,high,low,low,high,high_level-low_diversity,low_level-low_diversity,high_level-high_diversity,7,Renewable-energy transition,2,-2,0,NA,1,0
309010917348,2,verbal,1,NA,4,0,0.17647058823529413,3,6,15,59,female,0,4,6,2,2,1,1,0,2,0,0,0,0,0,23,0,0,0,NA,NA,NA,NA,NA,NA,NA,NA,NA,NA,NA,NA,NA,NA,NA,TRUE,0.7238525457877184,0.6550452909513,0.7282118722704003,0.01658178253785932,NA,0.00593459340043197,high,low,high,low,NA,low,high_level-low_diversity,NA,high_level-low_diversity,6,Renewable-energy transition,2,2,0,NA,1,0
309078973980,2,control,0,0,3,0,0.8235294117647058,3,3,13,67,female,0,3,3,0,0,1,2,1,9,0,0,0,0,0,5370,0,0,0,NA,NA,NA,NA,NA,NA,NA,NA,NA,NA,NA,NA,NA,NA,NA,TRUE,0.6222398724694563,0.6299253726586963,0.6331809336549521,0.09384173189886692,0.04959813762961947,0.05045315572559204,low,low,low,high,low,low,low_level-high_diversity,low_level-low_diversity,low_level-low_diversity,5.5,Renewable-energy transition,0,0,0,NA,0,0
309102981696,2,monetary,NA,1,7,1,0.8235294117647058,4,0,12,56,not female,0,7,7,0,0,2,2,0,126,0,0,0,0,0,5307,0,0,0,NA,NA,NA,NA,NA,NA,NA,NA,NA,NA,NA,NA,NA,NA,NA,TRUE,0.4757638199309332,0.611446091308819,0.6320840635521865,0.1481891186498905,0.05950914524148965,0.06767663269249814,low,low,low,high,high,high,low_level-high_diversity,low_level-high_diversity,low_level-high_diversity,5.5,Renewable-energy transition,0,0,0,NA,0,1
309120765696,2,verbal,1,NA,7,1,0.7058823529411765,2,8,17,49,female,1,7,4,-3,3,1,2,1,31,4,1,2,2,2,924,259,0.2803030303030303,0.16356423040430312,NA,NA,NA,NA,NA,NA,NA,NA,NA,NA,2,1,0.668271133133525,0.668271133133525,0.6682711331335252,TRUE,0.5235387347043696,0.6483420051779888,0.6481929680605141,0.12423672368145766,0.00142231169269997,0.00375545428059912,low,low,low,high,low,low,low_level-high_diversity,low_level-low_diversity,low_level-low_diversity,5,Renewable-energy transition,3,-3,4,NA,1,0
310429124316,2,monetary,NA,1,7,0,0.6470588235294118,3,6,14,56,not female,0,7,7,0,0,3,2,-1,168,0,0,0,0,0,8652,0,0,0,NA,NA,NA,NA,NA,NA,NA,NA,NA,NA,NA,NA,NA,NA,NA,TRUE,0.8199203837794261,0.8235421080767691,0.6654913862845174,0.0525001941187341,0.04709555899950941,0.09736265784289592,high,high,low,low,low,high,high_level-low_diversity,high_level-low_diversity,low_level-high_diversity,NA,Renewable-energy transition,0,0,0,NA,0,1
310464070560,2,verbal,1,NA,7,1,0.35294117647058826,5,2,22,55,not female,1,7,7,0,0,2,3,1,263,2,1,1,1,2,12531,904,0.07214109009656053,0.01804146731951228,1,1,0.631571851824195,0.631571851824195,0.6315718518241951,NA,NA,NA,NA,NA,2,2,0.6407466721515275,0.64992149247886,0.6482384276089175,TRUE,0.4663755621174688,0.661074877978351,0.7917719637078571,0.12949200620007795,0.02956292463204394,0.05065653143767561,low,low,high,high,low,low,low_level-high_diversity,low_level-low_diversity,high_level-low_diversity,5.5,Renewable-energy transition,0,0,2,0.631571851824195,1,0
310472966664,2,verbal,1,NA,4,1,0.8235294117647058,5,8,17,41,female,1,4,6,2,2,3,3,0,325,3,1,1,2,2,8979,108,0.012028065486134313,0.01177075971563477,NA,NA,NA,NA,NA,NA,NA,NA,NA,NA,1,1,0.668271133133525,0.668271133133525,0.668271133133525,TRUE,0.6803678718199545,0.6725175323085932,0.6871369314837106,0.05414144209725287,0.02987533798678329,0.03993279520043013,high,high,low,low,low,low,high_level-low_diversity,high_level-low_diversity,low_level-low_diversity,6,Renewable-energy transition,2,2,3,NA,1,0
310513113360,2,control,0,0,7,1,0.7058823529411765,4,7,17,47,not female,0,7,7,0,0,2,3,1,529,0,0,0,0,0,10995,0,0,0,NA,NA,NA,NA,NA,NA,NA,NA,NA,NA,NA,NA,NA,NA,NA,TRUE,0.7771904369488268,NA,0.813681794497258,0.07567504465916049,NA,NA,high,NA,high,low,NA,NA,high_level-low_diversity,NA,NA,6.5,Renewable-energy transition,0,0,0,NA,0,0
310542183360,2,verbal,1,NA,7,0,0.5882352941176471,3,1,19,42,not female,0,7,7,0,0,1,1,0,52,0,0,0,0,0,5127,0,0,0,NA,NA,NA,NA,NA,NA,NA,NA,NA,NA,NA,NA,NA,NA,NA,TRUE,0.7007629229350767,0.578455258625987,0.7751722727114749,0.09792892580245452,NA,0.08804904756837192,high,low,high,high,NA,high,high_level-high_diversity,NA,high_level-high_diversity,4.5,Renewable-energy transition,0,0,0,NA,1,0
310634528148,2,monetary,NA,1,5,0,0.8823529411764706,4,7,23,39,not female,1,5,6,1,1,2,3,1,165,3,1,1,2,3,2973,64,0.021527077026572486,0.02359750704636919,NA,NA,NA,NA,NA,NA,NA,NA,NA,NA,1,1,0.668271133133525,0.668271133133525,0.668271133133525,TRUE,0.4441888761029824,0.6428045999520119,0.6800658409071637,0.10851383108582836,0.06970118111065984,0.09737278218628892,low,low,low,high,high,high,low_level-high_diversity,low_level-high_diversity,low_level-high_diversity,6,Renewable-energy transition,1,1,3,NA,0,1
310788697644,2,control,0,0,4,0,0.8235294117647058,1,8,18,32,female,0,4,6,2,2,2,2,0,36,0,0,0,0,0,4045,0,0,0,NA,NA,NA,NA,NA,NA,NA,NA,NA,NA,NA,NA,NA,NA,NA,TRUE,0.6491060033508317,0.6475494416084931,0.6475494416084931,0.01142069292297112,0.01042934011326334,0.01042934011326334,low,low,low,low,low,low,low_level-low_diversity,low_level-low_diversity,low_level-low_diversity,5,Renewable-energy transition,2,2,0,NA,0,0
310816058328,2,control,0,0,5,1,0.7058823529411765,4,8,13,45,not female,0,5,7,2,2,3,3,0,12,0,0,0,0,0,112,0,0,0,NA,NA,NA,NA,NA,NA,NA,NA,NA,NA,NA,NA,NA,NA,NA,TRUE,0.6634692046915458,NA,0.6601197783065084,0.02677255613299696,NA,0.03448806232325478,high,NA,low,low,NA,low,high_level-low_diversity,NA,low_level-low_diversity,NA,Renewable-energy transition,2,2,0,NA,0,0
310832068716,2,control,0,0,6,0,0.47058823529411764,2,1,22,29,female,0,6,7,1,1,2,2,0,12,0,0,0,0,0,164,0,0,0,NA,NA,NA,NA,NA,NA,NA,NA,NA,NA,NA,NA,NA,NA,NA,TRUE,0.670753322187586,NA,0.799649853780606,0.0178870221061699,NA,NA,high,NA,high,low,NA,NA,high_level-low_diversity,NA,NA,6.5,Renewable-energy transition,1,1,0,NA,0,0
310852586664,2,control,0,0,6,1,0.7647058823529411,4,5,18,41,not female,0,6,5,-1,1,3,3,0,87,0,0,0,0,0,2345,0,0,0,NA,NA,NA,NA,NA,NA,NA,NA,NA,NA,NA,NA,NA,NA,NA,TRUE,0.6615099906073564,0.6298035107169178,0.605057253272645,0.03786429253573697,0.07482547776602767,0.08355212761232204,low,low,low,low,high,high,low_level-low_diversity,low_level-high_diversity,low_level-high_diversity,6.5,Renewable-energy transition,1,-1,0,NA,0,0
310867357644,2,monetary,NA,1,6,1,0.6470588235294118,4,3,15,48,female,0,6,6,0,0,2,2,0,28,0,0,0,0,0,1801,0,0,0,NA,NA,NA,NA,NA,NA,NA,NA,NA,NA,NA,NA,NA,NA,NA,TRUE,0.6066564246412526,0.705769170970334,0.6029921137837826,0.05121501669041961,NA,0.0503961049590414,low,high,low,low,NA,low,low_level-low_diversity,NA,low_level-low_diversity,5.5,Renewable-energy transition,0,0,0,NA,0,1
310940135244,2,control,0,0,5,1,0.8235294117647058,3,7,17,50,not female,0,5,1,-4,4,3,2,-1,53,0,0,0,0,0,1188,0,0,0,NA,NA,NA,NA,NA,NA,NA,NA,NA,NA,NA,NA,NA,NA,NA,TRUE,0.6533976166877741,0.6278040575444018,0.6756629596447787,0.11823133873932248,0.06380030338598049,0.08946516871309493,low,low,low,high,high,high,low_level-high_diversity,low_level-high_diversity,low_level-high_diversity,NA,Renewable-energy transition,4,-4,0,NA,0,0
310956209928,2,control,0,0,5,1,0.7058823529411765,2,4,13,55,not female,0,5,5,0,0,2,2,0,77,0,0,0,0,0,4044,0,0,0,NA,NA,NA,NA,NA,NA,NA,NA,NA,NA,NA,NA,NA,NA,NA,TRUE,0.6575591221851992,0.6619152268617919,0.6539330044768752,0.06559091576055917,0.06640176958417057,0.0714340927074717,low,low,low,low,high,high,low_level-low_diversity,low_level-high_diversity,low_level-high_diversity,5.5,Renewable-energy transition,0,0,0,NA,0,0
311108676948,2,monetary,NA,1,5,0,0.7647058823529411,4,1,24,64,not female,0,5,6,1,1,2,3,1,15,0,0,0,0,0,648,0,0,0,NA,NA,NA,NA,NA,NA,NA,NA,NA,NA,NA,NA,NA,NA,NA,TRUE,0.6584631147831688,0.6403592071830551,0.6512829069125124,0.05696172335729174,0.06947829579140315,0.05550100763322807,low,low,low,low,high,high,low_level-low_diversity,low_level-high_diversity,low_level-high_diversity,5,Renewable-energy transition,1,1,0,NA,0,1
311914424844,2,control,0,0,5,0,0.5882352941176471,3,1,26,65,female,0,5,6,1,1,1,1,0,187,0,0,0,0,0,11533,0,0,0,NA,NA,NA,NA,NA,NA,NA,NA,NA,NA,NA,NA,NA,NA,NA,TRUE,0.4613947619331766,0.6649295328976569,0.6910873758434855,0.1118820717312338,0.04722236499961091,0.01143291971090616,low,low,low,high,low,low,low_level-high_diversity,low_level-low_diversity,low_level-low_diversity,5,Renewable-energy transition,1,1,0,NA,0,0
312021610380,2,verbal,1,NA,7,1,0.4117647058823529,5,4,15,43,female,0,7,6,-1,1,2,2,0,6,0,0,0,0,0,72,0,0,0,NA,NA,NA,NA,NA,NA,NA,NA,NA,NA,NA,NA,NA,NA,NA,TRUE,0.6256641216002767,0.6106937921084069,0.5958205531273433,0.0536592307671861,0.05271090403589049,0.0123895259820719,low,low,low,low,low,low,low_level-low_diversity,low_level-low_diversity,low_level-low_diversity,7,Renewable-energy transition,1,-1,0,NA,1,0
312036589980,2,monetary,NA,1,7,1,0.7647058823529411,4,6,17,52,not female,1,7,7,0,0,1,3,2,93,5,1,3,2,2,3812,483,0.12670514165792235,0.08528442224108833,NA,NA,NA,NA,NA,NA,NA,NA,NA,NA,3,1,0.668271133133525,0.668271133133525,0.6682711331335249,TRUE,0.6884594984316412,0.6594315308637902,0.7310860742529037,0.06789517282780656,0.10157774288181864,0.03168732648035544,high,low,high,low,high,low,high_level-low_diversity,low_level-high_diversity,high_level-low_diversity,5,Renewable-energy transition,0,0,5,NA,0,1
312063130548,2,monetary,NA,1,5,1,0.29411764705882354,2,0,15,51,not female,0,5,4,-1,1,1,2,1,28,0,0,0,0,0,986,0,0,0,NA,NA,NA,NA,NA,NA,NA,NA,NA,NA,NA,NA,NA,NA,NA,TRUE,0.5380868908743153,0.6865235517857438,0.631155533024,0.14952139891192284,0.07778282249202388,0.03171328499258577,low,high,low,high,high,low,low_level-high_diversity,high_level-high_diversity,low_level-low_diversity,4,Renewable-energy transition,1,-1,0,NA,0,1
312227975232,2,control,0,0,7,0,0.7647058823529411,4,8,13,57,female,0,7,6,-1,1,1,1,0,814,0,0,0,0,0,27561,0,0,0,NA,NA,NA,NA,NA,NA,NA,NA,NA,NA,NA,NA,NA,NA,NA,TRUE,0.5123694989193648,0.7492544822434986,0.7497736392857965,0.15598189441436458,0.07812311875254851,0.08380546372110322,low,high,high,high,high,high,low_level-high_diversity,high_level-high_diversity,high_level-high_diversity,4,Renewable-energy transition,1,-1,0,NA,0,0
312294663864,2,verbal,1,NA,7,NA,0.35294117647058826,3,3,15,21,female,1,7,7,0,0,2,2,0,164,2,1,0,2,2,2851,17,0.005962820063135742,0.012042580482833474,NA,NA,NA,NA,NA,NA,NA,NA,NA,NA,NA,NA,NA,NA,NA,TRUE,0.6741741102356255,0.676251457866637,0.6918511093591485,0.05806697022991272,NA,0.00207712639527587,high,high,low,low,NA,low,high_level-low_diversity,NA,low_level-low_diversity,4,Renewable-energy transition,0,0,2,NA,1,0
312381322560,2,monetary,NA,1,5,1,0.7058823529411765,4,8,18,42,female,1,5,5,0,0,2,3,1,39,1,1,0,1,1,4628,113,0.02441659464131374,0.033997059110140546,NA,NA,NA,NA,NA,NA,NA,NA,NA,NA,NA,NA,NA,NA,NA,TRUE,0.6655799405166033,0.6881175952105542,0.66418915890908925,0.06504314779406069,0.08482635230748,0.06534064220962349,high,high,low,low,high,high,high_level-low_diversity,high_level-high_diversity,low_level-high_diversity,5.5,Renewable-energy transition,0,0,1,NA,0,1
312419011644,2,monetary,NA,1,5,1,0.8235294117647058,5,1,13,54,not female,0,5,5,0,0,1,2,1,1,0,0,0,0,0,1,0,0,0,NA,NA,NA,NA,NA,NA,NA,NA,NA,NA,NA,NA,NA,NA,NA,TRUE,0.786071381668469,0.7992157336190471,0.7992157336190471,0.07174863103406175,0.00777761702897375,0.00777761702897375,high,high,high,low,low,low,high_level-low_diversity,high_level-low_diversity,high_level-low_diversity,6.5,Renewable-energy transition,0,0,0,NA,0,1
312501437748,2,verbal,1,NA,7,0,0.47058823529411764,2,4,16,46,female,0,7,6,-1,1,1,2,1,36,0,0,0,0,0,1047,0,0,0,NA,NA,NA,NA,NA,NA,NA,NA,NA,NA,NA,NA,NA,NA,NA,TRUE,0.4307953564122885,0.7232465526340018,0.6208523589591068,0.073451132826731,NA,0.06468886550442156,low,high,low,low,NA,high,low_level-low_diversity,NA,low_level-high_diversity,7,Renewable-energy transition,1,-1,0,NA,1,0
312646511412,2,monetary,NA,1,5,1,0.5294117647058824,2,3,12,61,female,1,5,5,0,0,2,3,1,247,5,1,1,4,4,25316,224,0.008848159266866804,0.025123801464066467,NA,NA,NA,NA,NA,NA,NA,NA,NA,NA,1,1,0.668271133133525,0.668271133133525,0.668271133133525,TRUE,0.5145463016904412,0.6491666452314737,0.7102931360407027,0.14188050079279865,0.06967546385201472,0.05500109226018165,low,low,low,high,high,high,low_level-high_diversity,low_level-high_diversity,low_level-high_diversity,6,Renewable-energy transition,0,0,5,NA,0,1
312735843180,2,monetary,NA,1,7,1,0.7647058823529411,5,8,20,43,not female,0,7,7,0,0,2,3,1,582,0,0,0,0,0,13625,0,0,0,NA,NA,NA,NA,NA,NA,NA,NA,NA,NA,NA,NA,NA,NA,NA,TRUE,0.6213868494325602,0.7241546894900917,0.77342571167121,0.16942155484616925,0.06358537173964511,0.0170818761177068,low,high,high,high,high,low,low_level-high_diversity,high_level-high_diversity,high_level-low_diversity,7,Renewable-energy transition,0,0,0,NA,0,1
312744733128,2,monetary,NA,1,5,0,0.058823529411764705,2,0,12,60,female,1,5,5,0,0,1,2,1,88,1,1,0,1,1,29724,56,0.0018839994617144396,0.012458917081240006,1,1,0.676251457866637,0.676251457866637,0.676251457866637,1,1,0.676251457866637,0.676251457866637,0.676251457866637,1,1,0.676251457866637,0.676251457866637,0.676251457866637,TRUE,0.4085355245719259,0.578455258625987,0.578455258625987,0.0164273741628091,NA,NA,low,low,low,low,NA,NA,low_level-low_diversity,NA,NA,4,Renewable-energy transition,0,0,1,0.676251457866637,0,1
312797949012,2,monetary,NA,1,7,1,0.8235294117647058,5,8,13,71,not female,0,7,7,0,0,3,3,0,110,0,0,0,0,0,2099,0,0,0,NA,NA,NA,NA,NA,NA,NA,NA,NA,NA,NA,NA,NA,NA,NA,TRUE,0.6492381446559533,0.7394984021387552,0.6700791874403118,0.13299838661778465,0.08656965624162635,0.11518236183956591,low,high,low,high,high,high,low_level-high_diversity,high_level-high_diversity,low_level-high_diversity,4,Renewable-energy transition,0,0,0,NA,0,1
312901643412,2,verbal,1,NA,4,0,0.29411764705882354,1,0,12,40,female,0,4,5,1,1,1,2,1,106,0,0,0,0,0,4578,0,0,0,NA,NA,NA,NA,NA,NA,NA,NA,NA,NA,NA,NA,NA,NA,NA,TRUE,0.6973623964213138,NA,0.7286932313580259,0.10114056502259076,NA,NA,high,NA,high,high,NA,NA,high_level-high_diversity,NA,NA,4.5,Renewable-energy transition,1,1,0,NA,1,0
312926952780,2,verbal,1,NA,3,1,0.5294117647058824,3,0,12,67,female,0,3,3,0,0,2,2,0,38,0,0,0,0,0,4036,0,0,0,NA,NA,NA,NA,NA,NA,NA,NA,NA,NA,NA,NA,NA,NA,NA,TRUE,0.5236742668842114,0.6371085615631625,0.6293570619882219,0.1260503867072164,0.03830721093417932,0.08246258354740132,low,low,low,high,low,high,low_level-high_diversity,low_level-low_diversity,low_level-high_diversity,5.5,Renewable-energy transition,0,0,0,NA,1,0
313161427296,2,control,0,0,6,0,0.47058823529411764,2,1,16,38,female,0,6,6,0,0,1,1,0,47,0,0,0,0,0,1308,0,0,0,NA,NA,NA,NA,NA,NA,NA,NA,NA,NA,NA,NA,NA,NA,NA,TRUE,0.6212008000103707,0.626938789780294,0.7846085540892116,0.1795245559044336,NA,0.04869864656478639,low,low,high,high,NA,low,low_level-high_diversity,NA,high_level-low_diversity,NA,Renewable-energy transition,0,0,0,NA,0,0
314759321748,2,verbal,1,NA,7,0,0.5294117647058824,2,4,12,47,not female,0,7,7,0,0,1,2,1,197,0,0,0,0,0,19364,0,0,0,NA,NA,NA,NA,NA,NA,NA,NA,NA,NA,NA,NA,NA,NA,NA,TRUE,0.42299429383021775,0.6027240402478945,0.7585861599576602,0.06962820803405602,0.03292197459372135,0.06526787619591366,low,low,high,low,low,high,low_level-low_diversity,low_level-low_diversity,high_level-high_diversity,4,Renewable-energy transition,0,0,0,NA,1,0
315062397360,2,monetary,NA,1,5,1,0.7058823529411765,4,5,16,30,not female,0,5,5,0,0,3,3,0,188,0,0,0,0,0,13348,0,0,0,NA,NA,NA,NA,NA,NA,NA,NA,NA,NA,NA,NA,NA,NA,NA,TRUE,0.5956273906853577,0.6872992913597608,0.6826563946023099,0.13977383864980536,0.04518606584282859,0.04188258178298209,low,high,low,high,low,low,low_level-high_diversity,high_level-low_diversity,low_level-low_diversity,6,Renewable-energy transition,0,0,0,NA,0,1
315110072160,2,monetary,NA,1,7,NA,0.5294117647058824,5,6,10,41,not female,0,7,7,0,0,2,3,1,50,0,0,0,0,0,4611,0,0,0,NA,NA,NA,NA,NA,NA,NA,NA,NA,NA,NA,NA,NA,NA,NA,TRUE,0.7267480501512825,0.7237079727627475,0.7237079727627475,0.0704596264323068,0.0746149153449152,0.0746149153449152,high,high,high,low,high,high,high_level-low_diversity,high_level-high_diversity,high_level-high_diversity,7,Renewable-energy transition,0,0,0,NA,0,1
315115068780,2,verbal,1,NA,6,0,0.058823529411764705,1,1,12,20,female,0,6,5,-1,1,2,2,0,31,0,0,0,0,0,3440,0,0,0,NA,NA,NA,NA,NA,NA,NA,NA,NA,NA,NA,NA,NA,NA,NA,TRUE,0.7046604806215303,NA,0.539714186068574,0.08189679396903375,NA,NA,high,NA,low,low,NA,NA,high_level-low_diversity,NA,NA,5.5,Renewable-energy transition,1,-1,0,NA,1,0
315212672160,2,monetary,NA,1,7,1,0.7058823529411765,5,8,15,62,not female,1,7,7,0,0,2,3,1,179,38,1,8,30,7,7645,2246,0.29378678875081754,0.28906384241835403,NA,NA,NA,NA,NA,NA,NA,NA,NA,NA,8,1,0.668271133133525,0.668271133133525,0.6682711331335252,TRUE,0.7400870792532119,NA,0.7443928874446676,0.04869242037078417,NA,0.0434090769024368,high,NA,high,low,NA,low,high_level-low_diversity,NA,high_level-low_diversity,6.5,Renewable-energy transition,0,0,38,NA,0,1
315253513116,2,verbal,1,NA,6,1,0.5294117647058824,4,8,12,36,not female,0,6,7,1,1,2,2,0,114,0,0,0,0,0,3279,0,0,0,NA,NA,NA,NA,NA,NA,NA,NA,NA,NA,NA,NA,NA,NA,NA,TRUE,0.6186613580534149,0.601361310698497,0.601361310698497,0.10395595753575149,NA,NA,low,low,low,high,NA,NA,low_level-high_diversity,NA,NA,5,Renewable-energy transition,1,1,0,NA,1,0
315359806716,2,verbal,1,NA,6,0,0.7647058823529411,4,0,11,55,not female,0,6,6,0,0,2,2,0,7,0,0,0,0,0,385,0,0,0,NA,NA,NA,NA,NA,NA,NA,NA,NA,NA,NA,NA,NA,NA,NA,TRUE,0.668271133133525,NA,NA,NA,NA,NA,high,NA,NA,NA,NA,NA,NA,NA,NA,NA,Renewable-energy transition,0,0,0,NA,1,0
315374991516,2,verbal,1,NA,7,1,0.8823529411764706,3,8,21,48,not female,0,7,7,0,0,2,3,1,203,0,0,0,0,0,6228,0,0,0,NA,NA,NA,NA,NA,NA,NA,NA,NA,NA,NA,NA,NA,NA,NA,TRUE,0.559222576556293,0.7617786823315639,0.745796698709366,0.16349155645113186,0.07442195224536642,0.08705741811706275,low,high,high,high,high,high,low_level-high_diversity,high_level-high_diversity,high_level-high_diversity,5,Renewable-energy transition,0,0,0,NA,1,0
315384293916,2,verbal,1,NA,4,0,0.4117647058823529,3,8,12,55,not female,0,4,2,-2,2,2,2,0,9,0,0,0,0,0,84,0,0,0,NA,NA,NA,NA,NA,NA,NA,NA,NA,NA,NA,NA,NA,NA,NA,FALSE,NA,NA,NA,NA,NA,NA,NA,NA,NA,NA,NA,NA,NA,NA,NA,NA,Renewable-energy transition,2,-2,0,NA,1,0
315385929360,2,verbal,1,NA,6,0,0.5294117647058824,4,6,12,36,not female,0,6,6,0,0,3,2,-1,428,0,0,0,0,0,16236,0,0,0,NA,NA,NA,NA,NA,NA,NA,NA,NA,NA,NA,NA,NA,NA,NA,TRUE,0.7203918072076304,0.788339150487927,0.7332390876919987,0.06056348738465075,NA,0.0483850558728034,high,high,high,low,NA,low,high_level-low_diversity,NA,high_level-low_diversity,6,Renewable-energy transition,0,0,0,NA,1,0
315405361116,2,control,0,0,6,0,0.5882352941176471,5,8,12,41,not female,0,6,4,-2,2,3,2,-1,310,0,0,0,0,0,12369,0,0,0,NA,NA,NA,NA,NA,NA,NA,NA,NA,NA,NA,NA,NA,NA,NA,TRUE,0.7027602569204977,0.6943202437815351,0.7120179283149564,0.06329460795768223,0.07854751355188322,0.04574293562738019,high,high,high,low,high,low,high_level-low_diversity,high_level-high_diversity,high_level-low_diversity,5,Renewable-energy transition,2,-2,0,NA,0,0
315509187528,2,control,0,0,6,1,0.35294117647058826,3,7,13,22,female,0,6,7,1,1,1,2,1,5,0,0,0,0,0,1842,0,0,0,NA,NA,NA,NA,NA,NA,NA,NA,NA,NA,NA,NA,NA,NA,NA,FALSE,NA,NA,NA,NA,NA,NA,NA,NA,NA,NA,NA,NA,NA,NA,NA,5.5,Renewable-energy transition,1,1,0,NA,0,0
315597082896,2,verbal,1,NA,5,NA,0.4117647058823529,2,3,36,52,not female,0,5,5,0,0,1,1,0,454,0,0,0,0,0,22981,0,0,0,NA,NA,NA,NA,NA,NA,NA,NA,NA,NA,NA,NA,NA,NA,NA,TRUE,0.48115132364416424,0.6675573327329352,0.6712424969601815,0.1266261677551238,0.07954077470987658,0.06128124270995667,low,low,low,high,high,high,low_level-high_diversity,low_level-high_diversity,low_level-high_diversity,3.5,Renewable-energy transition,0,0,0,NA,1,0
315641477232,2,control,0,0,1,0,0.5882352941176471,5,3,8,67,not female,0,1,6,5,5,2,2,0,245,0,0,0,0,0,8333,0,0,0,NA,NA,NA,NA,NA,NA,NA,NA,NA,NA,NA,NA,NA,NA,NA,TRUE,0.6641926100951288,0.5972866342857429,0.7969178834478013,0.14648525167395424,0.03184840176410895,0.05656373515219504,high,low,high,high,low,high,high_level-high_diversity,low_level-low_diversity,high_level-high_diversity,4.5,Renewable-energy transition,5,5,0,NA,0,0
315792773928,2,monetary,NA,1,6,1,0.5294117647058824,3,1,13,45,not female,0,6,5,-1,1,4,4,0,111,0,0,0,0,0,3940,0,0,0,NA,NA,NA,NA,NA,NA,NA,NA,NA,NA,NA,NA,NA,NA,NA,TRUE,0.6552351137109405,0.6538552623069758,0.6987160387731441,0.10954996980179472,0.04236093921801196,0.0707255289552713,low,low,low,high,low,high,low_level-high_diversity,low_level-low_diversity,low_level-high_diversity,4.5,Renewable-energy transition,1,-1,0,NA,0,1
315817469748,2,monetary,NA,1,4,0,0.47058823529411764,2,1,9,66,not female,0,4,4,0,0,1,1,0,5,0,0,0,0,0,93,0,0,0,NA,NA,NA,NA,NA,NA,NA,NA,NA,NA,NA,NA,NA,NA,NA,TRUE,0.7809671368467158,0.7879799944911788,0.696433771726972,0.02434790454622704,NA,NA,high,high,low,low,NA,NA,high_level-low_diversity,NA,NA,NA,Renewable-energy transition,0,0,0,NA,0,1
315832038948,2,monetary,NA,1,6,1,0.7647058823529411,4,8,16,66,not female,0,6,6,0,0,3,2,-1,249,0,0,0,0,0,9475,0,0,0,NA,NA,NA,NA,NA,NA,NA,NA,NA,NA,NA,NA,NA,NA,NA,TRUE,0.6674736654044537,0.6489147279142367,0.7301327421418807,0.15148379943720017,0.00681378413124661,0.09084974353294724,high,low,high,high,low,high,high_level-high_diversity,low_level-low_diversity,high_level-high_diversity,3.5,Renewable-energy transition,0,0,0,NA,0,1
315937648548,2,control,0,0,1,0,0.6470588235294118,2,3,12,24,female,0,1,1,0,0,1,2,1,963,0,0,0,0,0,27590,0,0,0,NA,NA,NA,NA,NA,NA,NA,NA,NA,NA,NA,NA,NA,NA,NA,TRUE,0.5637120044951216,0.6724649643550329,0.6863498198484037,0.13897064594436098,0.0844092949126696,0.05077701759326422,low,high,low,high,high,low,low_level-high_diversity,high_level-high_diversity,low_level-low_diversity,4,Renewable-energy transition,0,0,0,NA,0,0
316718361360,2,control,0,0,4,1,0.7647058823529411,4,8,11,72,not female,0,4,1,-3,3,3,3,0,86,0,0,0,0,0,6212,0,0,0,NA,NA,NA,NA,NA,NA,NA,NA,NA,NA,NA,NA,NA,NA,NA,TRUE,0.5767649771733017,0.6483558755950282,0.6001215036606349,0.074542489584141,NA,0.00630354843124897,low,low,low,low,NA,low,low_level-low_diversity,NA,low_level-low_diversity,6.5,Renewable-energy transition,3,-3,0,NA,0,0
316813984560,2,monetary,NA,1,7,0,0.47058823529411764,2,3,13,69,not female,1,7,5,-2,2,2,2,0,186,2,1,1,1,2,23693,764,0.03224581099902925,0.017495308236343814,NA,NA,NA,NA,NA,NA,NA,NA,NA,NA,1,1,0.6682711331335249,0.668271133133525,0.668271133133525,TRUE,0.4129372558369905,0.563306473660655,0.6304588925518414,0.0857058917994255,0.05155650619588652,0.11544029123151556,low,low,low,low,low,high,low_level-low_diversity,low_level-low_diversity,low_level-high_diversity,NA,Renewable-energy transition,2,-2,2,NA,0,1
316867954212,2,monetary,NA,1,2,1,0.7058823529411765,4,8,15,45,female,1,2,4,2,2,2,3,1,289,10,1,5,5,4,26593,1298,0.04880983717519648,0.041952366624951457,NA,NA,NA,NA,NA,NA,NA,NA,NA,NA,5,1,0.668271133133525,0.668271133133525,0.6682711331335249,TRUE,0.4739784118784315,0.7005997884862748,0.6867896389186451,0.14839169645777534,0.11751529713720037,0.1233527226297602,low,high,low,high,high,high,low_level-high_diversity,high_level-high_diversity,low_level-high_diversity,6,Renewable-energy transition,2,2,10,NA,0,1
316893197916,2,verbal,1,NA,5,1,0.7647058823529411,4,8,23,59,not female,0,5,7,2,2,3,3,0,85,0,0,0,0,0,6978,0,0,0,NA,NA,NA,NA,NA,NA,NA,NA,NA,NA,NA,NA,NA,NA,NA,TRUE,0.6404014149746813,0.7902343061086018,0.7522803809380663,0.17357222207099812,0.06535805478356421,0.05564235265799832,low,high,high,high,high,high,low_level-high_diversity,high_level-high_diversity,high_level-high_diversity,5,Renewable-energy transition,2,2,0,NA,1,0
316902020148,2,verbal,1,NA,3,1,0.6470588235294118,4,8,20,64,female,0,3,4,1,1,2,2,0,168,1,1,1,0,1,7113,42,0.005904681568958245,0.008238176637892038,NA,NA,NA,NA,NA,NA,NA,NA,NA,NA,1,1,0.668271133133525,0.668271133133525,0.668271133133525,TRUE,0.526301856784179,0.69471357319896,0.7113691241807217,0.1300443482979633,NA,0.04128042994612881,low,high,high,high,NA,low,low_level-high_diversity,NA,high_level-low_diversity,6,Renewable-energy transition,1,1,1,NA,1,0
316926303516,2,verbal,1,NA,6,1,0.7647058823529411,4,6,13,53,not female,0,6,5,-1,1,3,3,0,10,0,0,0,0,0,1149,0,0,0,NA,NA,NA,NA,NA,NA,NA,NA,NA,NA,NA,NA,NA,NA,NA,TRUE,0.7072161186230392,0.6542867762176838,0.7078939585603565,0.03517929367345428,0.02048250871505577,0.03510363193658927,high,low,low,low,low,low,high_level-low_diversity,low_level-low_diversity,low_level-low_diversity,4.5,Renewable-energy transition,1,-1,0,NA,1,0
316958656032,2,control,0,0,5,1,0.8823529411764706,4,1,12,62,female,1,5,6,1,1,2,2,0,342,1,1,0,1,1,13970,13,9.305654974946314e-4,0.0027024256499071364,NA,NA,NA,NA,NA,NA,NA,NA,NA,NA,NA,NA,NA,NA,NA,TRUE,0.6513174248939508,0.7901631513612616,0.6743479794430287,0.07332557588129546,0.08567775985368427,0.07836395152125487,low,high,low,low,high,high,low_level-low_diversity,high_level-high_diversity,low_level-high_diversity,6.5,Renewable-energy transition,1,1,1,NA,0,0
316965700548,2,monetary,NA,1,4,1,0.35294117647058826,2,8,17,51,female,0,4,4,0,0,2,2,0,288,0,0,0,0,0,16429,0,0,0,NA,NA,NA,NA,NA,NA,NA,NA,NA,NA,NA,NA,NA,NA,NA,TRUE,0.5904659553100832,0.6478408222040162,0.6265572737726324,0.1092025831315336,0.016890816495093,0.07101815424957772,low,low,low,high,low,high,low_level-high_diversity,low_level-low_diversity,low_level-high_diversity,4.5,Renewable-energy transition,0,0,0,NA,0,1
317025893916,2,monetary,NA,1,5,1,0.7058823529411765,5,1,16,55,not female,0,5,2,-3,3,2,1,-1,33,0,0,0,0,0,2957,0,0,0,NA,NA,NA,NA,NA,NA,NA,NA,NA,NA,NA,NA,NA,NA,NA,TRUE,0.4261205478402136,0.6800327372183823,0.7672381878602341,0.07851199697406448,0.00683595561113799,0.06146194987877178,low,high,high,low,low,high,low_level-low_diversity,high_level-low_diversity,high_level-high_diversity,6,Renewable-energy transition,3,-3,0,NA,0,1
317039093064,2,control,0,0,7,1,0.8235294117647058,4,8,15,51,not female,0,7,7,0,0,2,2,0,5,0,0,0,0,0,210,0,0,0,NA,NA,NA,NA,NA,NA,NA,NA,NA,NA,NA,NA,NA,NA,NA,TRUE,0.8085648434209216,0.814922539913086,0.814922539913086,0.034881997375583,0.0183596575385808,0.0183596575385808,high,high,high,low,low,low,high_level-low_diversity,high_level-low_diversity,high_level-low_diversity,5,Renewable-energy transition,0,0,0,NA,0,0
317224457748,2,control,0,0,6,0,0.35294117647058826,2,1,10,28,female,0,6,4,-2,2,1,1,0,5,0,0,0,0,0,149,0,0,0,NA,NA,NA,NA,NA,NA,NA,NA,NA,NA,NA,NA,NA,NA,NA,TRUE,0.7871585580457151,0.7906381159767725,0.7906381159767725,0.0288910983394383,NA,NA,high,high,high,low,NA,NA,high_level-low_diversity,NA,NA,NA,Renewable-energy transition,2,-2,0,NA,0,0
317230338096,2,control,0,0,6,1,0.5882352941176471,4,6,17,53,not female,0,6,6,0,0,2,3,1,254,0,0,0,0,0,6259,0,0,0,NA,NA,NA,NA,NA,NA,NA,NA,NA,NA,NA,NA,NA,NA,NA,TRUE,0.7086670555729188,0.5981727067852078,0.7264999267355682,0.04700695461167118,0.06087888543559593,0.04331723802456121,high,low,high,low,high,low,high_level-low_diversity,low_level-high_diversity,high_level-low_diversity,7,Renewable-energy transition,0,0,0,NA,0,0
317245731516,2,verbal,1,NA,7,1,0.4117647058823529,4,5,18,53,not female,0,7,7,0,0,2,3,1,52,0,0,0,0,0,4018,0,0,0,NA,NA,NA,NA,NA,NA,NA,NA,NA,NA,NA,NA,NA,NA,NA,TRUE,0.6949784950217923,0.6958447852645363,0.6955904953371087,0.03433110094070676,0.03325886405918593,0.03353607846464968,high,high,low,low,low,low,high_level-low_diversity,high_level-low_diversity,low_level-low_diversity,7,Renewable-energy transition,0,0,0,NA,1,0
317287793412,2,verbal,1,NA,4,NA,0.35294117647058826,4,8,12,58,female,0,4,4,0,0,1,2,1,110,0,0,0,0,0,5693,0,0,0,NA,NA,NA,NA,NA,NA,NA,NA,NA,NA,NA,NA,NA,NA,NA,TRUE,0.45302868976306415,NA,0.6992269865724398,0.13308321661858535,NA,0.01672627071000554,low,NA,low,high,NA,low,low_level-high_diversity,NA,low_level-low_diversity,6,Renewable-energy transition,0,0,0,NA,1,0
317304006264,2,monetary,NA,1,4,0,0.6470588235294118,3,3,10,40,not female,0,4,5,1,1,2,2,0,267,0,0,0,0,0,4928,0,0,0,NA,NA,NA,NA,NA,NA,NA,NA,NA,NA,NA,NA,NA,NA,NA,TRUE,0.6927837865355513,0.7662354456590309,0.7630618572128481,0.05162316514075987,0.04959423994423499,0.05796416428367587,high,high,high,low,low,high,high_level-low_diversity,high_level-low_diversity,high_level-high_diversity,5,Renewable-energy transition,1,1,0,NA,0,1
317304142380,2,control,0,0,3,NA,0.7647058823529411,4,7,13,42,not female,0,3,2,-1,1,2,1,-1,76,0,0,0,0,0,3249,0,0,0,NA,NA,NA,NA,NA,NA,NA,NA,NA,NA,NA,NA,NA,NA,NA,TRUE,0.6658036636972651,0.6676989028396847,0.6646580747417034,0.0326646526387935,0.05779822275577833,0.0547636752057911,high,low,low,low,high,high,high_level-low_diversity,low_level-high_diversity,low_level-high_diversity,4.5,Renewable-energy transition,1,-1,0,NA,0,0
317450653812,2,verbal,1,NA,6,1,0.7647058823529411,4,2,14,28,not female,0,6,6,0,0,2,3,1,74,0,0,0,0,0,2577,0,0,0,NA,NA,NA,NA,NA,NA,NA,NA,NA,NA,NA,NA,NA,NA,NA,TRUE,0.7091842272203317,0.7500162579853321,0.7494155662653599,0.07586330061085614,0.05469857646355365,0.05430489230112146,high,high,high,low,high,high,high_level-low_diversity,high_level-high_diversity,high_level-high_diversity,6,Renewable-energy transition,0,0,0,NA,1,0
317769196032,2,monetary,NA,1,6,0,0.5882352941176471,3,1,17,51,female,0,6,6,0,0,2,2,0,436,0,0,0,0,0,12087,0,0,0,NA,NA,NA,NA,NA,NA,NA,NA,NA,NA,NA,NA,NA,NA,NA,TRUE,0.6934180158162909,0.70728197042321606,0.8868331360570013,0.22508438515132012,0.06940303435910479,0.09597198695133428,high,high,high,high,high,high,high_level-high_diversity,high_level-high_diversity,high_level-high_diversity,4,Renewable-energy transition,0,0,0,NA,0,1
317796073128,2,verbal,1,NA,6,0,0.8235294117647058,5,8,16,62,not female,0,6,7,1,1,2,2,0,335,0,0,0,0,0,21877,0,0,0,NA,NA,NA,NA,NA,NA,NA,NA,NA,NA,NA,NA,NA,NA,NA,TRUE,0.6163149041416109,0.7273095785041018,0.7295234050813698,0.1630364984889451,0.0875818571786417,0.06896794028491943,low,high,high,high,high,high,low_level-high_diversity,high_level-high_diversity,high_level-high_diversity,4.5,Renewable-energy transition,1,1,0,NA,1,0
317988002160,2,monetary,NA,1,4,NA,0.8823529411764706,5,8,19,44,not female,0,4,4,0,0,2,2,0,400,0,0,0,0,0,14678,0,0,0,NA,NA,NA,NA,NA,NA,NA,NA,NA,NA,NA,NA,NA,NA,NA,TRUE,0.5667896377994408,0.6633441196170465,0.7081872652628644,0.17742383072452514,0.03100864705599236,0.1055272311896505,low,low,low,high,low,high,low_level-high_diversity,low_level-low_diversity,low_level-high_diversity,5.5,Renewable-energy transition,0,0,0,NA,0,1
318880282212,2,monetary,NA,1,7,1,0.7647058823529411,3,6,20,54,female,1,7,7,0,0,2,3,1,311,5,1,1,4,3,9639,543,0.05633364456893869,0.023524564663461915,NA,NA,NA,NA,NA,NA,NA,NA,NA,NA,1,1,0.668271133133525,0.668271133133525,0.668271133133525,TRUE,0.713651114461644,0.7882096158018222,0.7202708528329518,0.06103465726869298,0.06042450509163585,0.0537948395185218,high,high,high,low,high,low,high_level-low_diversity,high_level-high_diversity,high_level-low_diversity,4.5,Renewable-energy transition,0,0,5,NA,0,1
318882059928,2,control,0,0,7,0,0.5294117647058824,2,1,14,52,female,0,7,4,-3,3,2,2,0,11,0,0,0,0,0,445,0,0,0,NA,NA,NA,NA,NA,NA,NA,NA,NA,NA,NA,NA,NA,NA,NA,TRUE,0.6748211957328253,0.6466778885385848,0.7143294499475584,0.04394382062045262,0.00349865016859083,0.12103095322095832,high,low,high,low,low,high,high_level-low_diversity,low_level-low_diversity,high_level-high_diversity,NA,Renewable-energy transition,3,-3,0,NA,0,0
318887057916,2,control,0,0,4,1,0.4117647058823529,3,5,12,52,not female,0,4,2,-2,2,2,2,0,28,0,0,0,0,0,2331,0,0,0,NA,NA,NA,NA,NA,NA,NA,NA,NA,NA,NA,NA,NA,NA,NA,TRUE,0.6549807535499059,0.6554385052693601,0.6238141176632018,0.06427537031507395,0.07744969882937885,0.0554721349051869,low,low,low,low,high,high,low_level-low_diversity,low_level-high_diversity,low_level-high_diversity,5,Renewable-energy transition,2,-2,0,NA,0,0
318951623412,2,control,0,0,3,1,0.8823529411764706,5,5,14,58,not female,0,3,5,2,2,3,3,0,71,0,0,0,0,0,6273,0,0,0,NA,NA,NA,NA,NA,NA,NA,NA,NA,NA,NA,NA,NA,NA,NA,TRUE,0.7023965701008921,0.6830404433325373,0.6917037621097559,0.07499591708259325,0.07313098325240286,0.06766720538761561,high,high,low,low,high,high,high_level-low_diversity,high_level-high_diversity,low_level-high_diversity,6.5,Renewable-energy transition,2,2,0,NA,0,0
319007373516,2,verbal,1,NA,7,0,0.23529411764705882,3,3,12,21,not female,1,7,6,-1,1,1,1,0,630,5,1,1,4,4,39779,333,0.008371251162673773,0.009332848362925073,NA,NA,NA,NA,NA,NA,NA,NA,NA,NA,1,1,0.668271133133525,0.668271133133525,0.668271133133525,TRUE,0.41515502997569026,0.6909862291267987,0.6666682824214791,0.10138875204727715,0.05843197628794314,0.07020568212502044,low,high,low,high,high,high,low_level-high_diversity,high_level-high_diversity,low_level-high_diversity,4.5,Renewable-energy transition,1,-1,5,NA,1,0
319158263232,2,monetary,NA,1,4,0,0.6470588235294118,4,8,11,51,female,0,4,6,2,2,2,2,0,186,0,0,0,0,0,6191,0,0,0,NA,NA,NA,NA,NA,NA,NA,NA,NA,NA,NA,NA,NA,NA,NA,TRUE,0.7025535117956612,0.6294765958463752,0.7098157497822056,0.03281707076138403,0.03511462718634182,0.0277115665845207,high,low,low,low,low,low,high_level-low_diversity,low_level-low_diversity,low_level-low_diversity,5.5,Renewable-energy transition,2,2,0,NA,0,1
319216674780,2,control,0,0,6,1,0.8235294117647058,4,8,20,53,not female,0,6,6,0,0,3,3,0,219,5,1,5,0,1,3095,42,0.0135702746365105,0.022158383277102674,NA,NA,NA,NA,NA,NA,NA,NA,NA,NA,5,1,0.668271133133525,0.668271133133525,0.668271133133525,TRUE,0.5748231912824944,0.6798658066158819,0.6842506961983209,0.13436994488434653,0.04105488548117286,0.04614992511745267,low,high,low,high,low,low,low_level-high_diversity,high_level-low_diversity,low_level-low_diversity,6.5,Renewable-energy transition,0,0,5,NA,0,0
319309766496,2,monetary,NA,1,1,0,0.35294117647058826,2,4,13,41,not female,0,1,5,4,4,1,2,1,135,0,0,0,0,0,716,0,0,0,NA,NA,NA,NA,NA,NA,NA,NA,NA,NA,NA,NA,NA,NA,NA,TRUE,0.6987512970456459,0.6998058331791939,0.6988009032636386,0.06275937164158925,0.06182379403642189,0.06264948006535911,high,high,low,low,high,high,high_level-low_diversity,high_level-high_diversity,low_level-high_diversity,4.5,Renewable-energy transition,4,4,0,NA,0,1
319388018148,2,verbal,1,NA,7,1,0.4117647058823529,3,8,14,57,not female,0,7,6,-1,1,2,2,0,130,1,1,1,0,1,9088,42,0.0046214788732394365,0.009910082559411334,NA,NA,NA,NA,NA,NA,NA,NA,NA,NA,1,1,0.668271133133525,0.668271133133525,0.668271133133525,TRUE,0.6889948333223431,0.6835207533216786,0.691996644192038,0.01031186538177728,0.05696625554511099,0.00710756955906826,high,high,low,low,high,low,high_level-low_diversity,high_level-high_diversity,low_level-low_diversity,NA,Renewable-energy transition,1,-1,1,NA,1,0
319397800716,2,verbal,1,NA,5,NA,0.4117647058823529,3,4,18,24,female,0,5,4,-1,1,2,3,1,93,0,0,0,0,0,4334,0,0,0,NA,NA,NA,NA,NA,NA,NA,NA,NA,NA,NA,NA,NA,NA,NA,TRUE,0.6884661659154658,NA,0.7943163675056168,0.12356523720470942,NA,0.00860086611734436,high,NA,high,high,NA,low,high_level-high_diversity,NA,high_level-low_diversity,NA,Renewable-energy transition,1,-1,0,NA,1,0
319406073696,2,monetary,NA,1,4,0,0.47058823529411764,2,0,17,51,female,0,4,7,3,3,1,1,0,342,0,0,0,0,0,9835,0,0,0,NA,NA,NA,NA,NA,NA,NA,NA,NA,NA,NA,NA,NA,NA,NA,TRUE,0.7539719066502785,0.6261119377641398,0.7769499286029574,0.05678854807473105,0.04198501035239031,0.02327842069629585,high,low,high,low,low,low,high_level-low_diversity,low_level-low_diversity,high_level-low_diversity,6,Renewable-energy transition,3,3,0,NA,0,1
319484393064,2,monetary,NA,1,4,0,0.8235294117647058,3,8,7,61,not female,0,4,2,-2,2,1,2,1,11,0,0,0,0,0,622,0,0,0,NA,NA,NA,NA,NA,NA,NA,NA,NA,NA,NA,NA,NA,NA,NA,TRUE,0.6336149518311837,0.6575897364970511,0.6577912657884638,0.09482307265474912,0.05105572007557839,0.05486150834601435,low,low,low,high,low,high,low_level-high_diversity,low_level-low_diversity,low_level-high_diversity,4.5,Renewable-energy transition,2,-2,0,NA,0,1
319508809812,2,monetary,NA,1,2,0,0.5294117647058824,1,1,20,48,female,0,2,2,0,0,2,2,0,166,0,0,0,0,0,2981,0,0,0,NA,NA,NA,NA,NA,NA,NA,NA,NA,NA,NA,NA,NA,NA,NA,TRUE,0.4536542819159413,0.6109602771178025,0.6543600746182722,0.10816251957542754,0.02534233482422113,0.05550615456069707,low,low,low,high,low,high,low_level-high_diversity,low_level-low_diversity,low_level-high_diversity,4.5,Renewable-energy transition,0,0,0,NA,0,1
319637540664,2,verbal,1,NA,2,1,0.8823529411764706,5,7,18,26,not female,0,2,1,-1,1,1,2,1,10,0,0,0,0,0,837,0,0,0,NA,NA,NA,NA,NA,NA,NA,NA,NA,NA,NA,NA,NA,NA,NA,TRUE,0.4190009620095742,0.7013449260789147,0.6982550951834621,0.10902456404014324,0.09025760568704348,0.09043272720951852,low,high,low,high,high,high,low_level-high_diversity,high_level-high_diversity,low_level-high_diversity,5.5,Renewable-energy transition,1,-1,0,NA,1,0
319681659348,2,verbal,1,NA,4,1,0.8235294117647058,3,5,12,58,not female,0,4,4,0,0,2,2,0,596,0,0,0,0,0,24207,0,0,0,NA,NA,NA,NA,NA,NA,NA,NA,NA,NA,NA,NA,NA,NA,NA,TRUE,0.586335886069918,0.6549170991130661,0.7159185386737685,0.15457502343292254,0.03933319484771184,0.03731951264020097,low,low,high,high,low,low,low_level-high_diversity,low_level-low_diversity,high_level-low_diversity,6,Renewable-energy transition,0,0,0,NA,1,0
319817226096,2,control,0,0,4,1,0.7058823529411765,4,6,12,56,not female,0,4,7,3,3,2,2,0,135,0,0,0,0,0,13473,0,0,0,NA,NA,NA,NA,NA,NA,NA,NA,NA,NA,NA,NA,NA,NA,NA,TRUE,0.5851969587222534,0.75694684681845,0.7489850374840269,0.17075915921115564,NA,0.04065427591047654,low,high,high,high,NA,low,low_level-high_diversity,NA,high_level-low_diversity,2,Renewable-energy transition,3,3,0,NA,0,0
319894520148,2,control,0,0,6,0,0.35294117647058826,2,1,23,35,female,0,6,5,-1,1,1,1,0,66,0,0,0,0,0,2409,0,0,0,NA,NA,NA,NA,NA,NA,NA,NA,NA,NA,NA,NA,NA,NA,NA,FALSE,NA,NA,NA,NA,NA,NA,NA,NA,NA,NA,NA,NA,NA,NA,NA,5.5,Renewable-energy transition,1,-1,0,NA,0,0
319948896096,2,verbal,1,NA,4,NA,0.8823529411764706,2,3,17,28,female,1,4,6,2,2,2,2,0,90,3,1,1,2,3,1753,26,0.014831717056474614,0.03242943519076387,NA,NA,NA,NA,NA,NA,NA,NA,NA,NA,1,1,0.668271133133525,0.668271133133525,0.668271133133525,TRUE,0.6627426218422258,NA,0.813681794497258,0.04927550125034021,NA,NA,low,NA,high,low,NA,NA,low_level-low_diversity,NA,NA,6,Renewable-energy transition,2,2,3,NA,1,0
319984871760,2,control,0,0,6,1,0.47058823529411764,2,8,15,52,female,0,6,6,0,0,2,3,1,50,0,0,0,0,0,4103,0,0,0,NA,NA,NA,NA,NA,NA,NA,NA,NA,NA,NA,NA,NA,NA,NA,TRUE,0.728693231358026,NA,0.728693231358026,NA,NA,NA,high,NA,high,NA,NA,NA,NA,NA,NA,4,Renewable-energy transition,0,0,0,NA,0,0
320020714044,2,control,0,0,6,1,0.7647058823529411,4,5,10,68,female,0,6,7,1,1,2,2,0,92,0,0,0,0,0,4435,0,0,0,NA,NA,NA,NA,NA,NA,NA,NA,NA,NA,NA,NA,NA,NA,NA,TRUE,0.46415751462691146,0.6822811586155711,0.7266301104495326,0.12195694853149154,0.03941072268782847,0.03324104647333784,low,high,high,high,low,low,low_level-high_diversity,high_level-low_diversity,high_level-low_diversity,6.5,Renewable-energy transition,1,1,0,NA,0,0
320071743180,2,monetary,NA,1,6,1,0.7647058823529411,5,8,25,44,female,1,6,7,1,1,3,3,0,32,3,1,0,3,3,3351,106,0.031632348552670844,0.08164682767831032,NA,NA,NA,NA,NA,NA,NA,NA,NA,NA,NA,NA,NA,NA,NA,TRUE,0.6926427702585763,0.777632539743174,0.777632539743174,0.0931238366212284,0.054912898768596743,0.054912898768596743,high,high,high,high,high,high,high_level-high_diversity,high_level-high_diversity,high_level-high_diversity,7,Renewable-energy transition,1,1,3,NA,0,1
320098008096,2,monetary,NA,1,7,0,0.35294117647058826,3,1,25,42,female,0,7,7,0,0,1,2,1,13,0,0,0,0,0,4766,0,0,0,NA,NA,NA,NA,NA,NA,NA,NA,NA,NA,NA,NA,NA,NA,NA,TRUE,0.7271241831391155,0.7357643133410906,0.7648135367542351,0.09852696839969716,0.05861684732841493,0.04877942009889265,high,high,high,high,high,low,high_level-high_diversity,high_level-high_diversity,high_level-low_diversity,6,Renewable-energy transition,0,0,0,NA,0,1
321496653348,2,verbal,1,NA,7,1,0.7058823529411765,4,6,17,57,female,1,7,7,0,0,2,3,1,253,4,1,1,3,2,13334,628,0.047097645117744114,0.02423244747058021,NA,NA,NA,NA,NA,NA,NA,NA,NA,NA,NA,NA,NA,NA,NA,TRUE,0.45953295391541793,0.7219366935073891,0.7042024671536437,0.13743589687673635,0.10407733304731842,0.12153086069685852,low,high,low,high,high,high,low_level-high_diversity,high_level-high_diversity,low_level-high_diversity,5.5,Renewable-energy transition,0,0,4,NA,1,0
321515327232,2,verbal,1,NA,6,0,0.6470588235294118,3,3,16,58,female,0,6,6,0,0,2,3,1,16,1,1,1,0,1,1215,36,0.02962962962962963,0.06639001553670587,NA,NA,NA,NA,NA,NA,NA,NA,NA,NA,1,1,0.668271133133525,0.668271133133525,0.668271133133525,TRUE,0.6497228581147279,0.6411101733837368,0.6401383268599492,0.08811791910952065,0.04233382199747315,0.04327322678839192,low,low,low,high,low,low,low_level-high_diversity,low_level-low_diversity,low_level-low_diversity,5.5,Renewable-energy transition,0,0,1,NA,1,0
321593645232,2,control,0,0,4,1,0.5294117647058824,3,3,12,39,not female,0,4,4,0,0,3,3,0,146,0,0,0,0,0,9405,0,0,0,NA,NA,NA,NA,NA,NA,NA,NA,NA,NA,NA,NA,NA,NA,NA,TRUE,0.5515975953265804,NA,0.7078314927289214,0.1558293624360473,NA,0.03797233284708302,low,NA,low,high,NA,low,low_level-high_diversity,NA,low_level-low_diversity,4.5,Renewable-energy transition,0,0,0,NA,0,0
321781061232,2,control,0,0,7,0,0.5294117647058824,2,5,15,54,female,0,7,7,0,0,2,2,0,8,0,0,0,0,0,65,0,0,0,NA,NA,NA,NA,NA,NA,NA,NA,NA,NA,NA,NA,NA,NA,NA,TRUE,0.6961308067712976,0.6700518075416239,0.6701034331269629,0.07876784107676318,0.04980224121280499,0.04976716553151247,high,low,low,low,low,low,high_level-low_diversity,low_level-low_diversity,low_level-low_diversity,6,Renewable-energy transition,0,0,0,NA,0,0
321941185632,2,verbal,1,NA,4,1,0.35294117647058826,3,4,12,64,female,0,4,6,2,2,1,2,1,43,0,0,0,0,0,3963,0,0,0,NA,NA,NA,NA,NA,NA,NA,NA,NA,NA,NA,NA,NA,NA,NA,TRUE,0.651009540098158,0.6137039007741387,0.6170875355779356,0.08556636146189199,0.03751200170402392,0.04022532535193821,low,low,low,low,low,low,low_level-low_diversity,low_level-low_diversity,low_level-low_diversity,5.5,Renewable-energy transition,2,2,0,NA,1,0
322066149012,2,control,0,0,7,0,0.5882352941176471,3,1,14,45,not female,0,7,7,0,0,1,2,1,49,0,0,0,0,0,3390,0,0,0,NA,NA,NA,NA,NA,NA,NA,NA,NA,NA,NA,NA,NA,NA,NA,TRUE,0.4827295477255649,NA,0.7934584108019148,0.13744018298320906,NA,0.09937911090168024,low,NA,high,high,NA,high,low_level-high_diversity,NA,high_level-high_diversity,7,Renewable-energy transition,0,0,0,NA,0,0
322114509180,2,control,0,0,4,0,0.7647058823529411,4,8,16,36,not female,0,4,4,0,0,2,2,0,136,0,0,0,0,0,6046,0,0,0,NA,NA,NA,NA,NA,NA,NA,NA,NA,NA,NA,NA,NA,NA,NA,TRUE,0.41078706885070027,0.8021138322172614,0.41205309446659344,0.11509902823286092,0.12212431685404922,0.16380632869330575,low,high,low,high,high,high,low_level-high_diversity,high_level-high_diversity,low_level-high_diversity,6,Renewable-energy transition,0,0,0,NA,0,0
322203904560,2,verbal,1,NA,7,1,0.7647058823529411,5,8,13,46,female,1,7,7,0,0,2,3,1,620,3,1,1,2,3,11117,84,0.007555995322479086,0.006488712985788869,NA,NA,NA,NA,NA,NA,NA,NA,NA,NA,1,1,0.668271133133525,0.668271133133525,0.668271133133525,TRUE,0.6488452233280285,0.6534938940268954,0.7354991736321929,0.15091682157539782,0.02285699053523784,0.06676040677740637,low,low,high,high,low,high,low_level-high_diversity,low_level-low_diversity,high_level-high_diversity,7,Renewable-energy transition,0,0,3,NA,1,0
322259859864,2,monetary,NA,1,7,1,0.6470588235294118,4,0,10,58,female,1,7,7,0,0,2,2,0,66,2,1,0,2,1,5147,383,0.07441227899747425,0.04503477218410706,NA,NA,NA,NA,NA,NA,NA,NA,NA,NA,NA,NA,NA,NA,NA,TRUE,0.6683229607588843,0.6661650359091884,0.6686244479160658,0.07724916966856485,0.07115119793557337,0.07727646439581314,high,low,low,low,high,high,high_level-low_diversity,low_level-high_diversity,low_level-high_diversity,5.5,Renewable-energy transition,0,0,2,NA,0,1
322300761012,2,monetary,NA,1,5,1,0.6470588235294118,5,8,20,63,female,1,5,5,0,0,3,3,0,408,8,1,6,2,3,9348,317,0.033910997004706886,0.022676434156245668,NA,NA,NA,NA,NA,NA,NA,NA,NA,NA,NA,NA,NA,NA,NA,TRUE,0.6937133401005707,0.6459947442687012,0.6932807970643644,0.0224343076534895,0.0074911235067758,0.01366188178845679,high,low,low,low,low,low,high_level-low_diversity,low_level-low_diversity,low_level-low_diversity,5.5,Renewable-energy transition,0,0,8,NA,0,1
322309516212,2,verbal,1,NA,1,1,0.5882352941176471,3,3,12,58,female,0,1,1,0,0,2,2,0,268,0,0,0,0,0,6769,0,0,0,NA,NA,NA,NA,NA,NA,NA,NA,NA,NA,NA,NA,NA,NA,NA,TRUE,0.6663117669539566,0.637032029018589,0.6878462820745268,0.1354106510066153,0.0997006219656882,0.12008730838682768,high,low,low,high,high,high,high_level-high_diversity,low_level-high_diversity,low_level-high_diversity,6.5,Renewable-energy transition,0,0,0,NA,1,0
322325936316,2,verbal,1,NA,7,1,0.8235294117647058,4,8,15,35,not female,0,7,7,0,0,2,2,0,24,0,0,0,0,0,2985,0,0,0,NA,NA,NA,NA,NA,NA,NA,NA,NA,NA,NA,NA,NA,NA,NA,TRUE,0.6136535704795808,NA,NA,0.11414732705167058,NA,NA,low,NA,NA,high,NA,NA,low_level-high_diversity,NA,NA,6,Renewable-energy transition,0,0,0,NA,1,0
322356578148,2,verbal,1,NA,5,0,0.29411764705882354,3,8,18,59,female,0,5,6,1,1,1,2,1,551,0,0,0,0,0,13144,0,0,0,NA,NA,NA,NA,NA,NA,NA,NA,NA,NA,NA,NA,NA,NA,NA,TRUE,0.6702760296647035,0.648355875595028,0.7313770298027731,0.01869548523628597,NA,0.07637388353360504,high,low,high,low,NA,high,high_level-low_diversity,NA,high_level-high_diversity,5.5,Renewable-energy transition,1,1,0,NA,1,0
322359929748,2,monetary,NA,1,4,0,0.29411764705882354,2,3,13,34,not female,0,4,4,0,0,1,1,0,187,0,0,0,0,0,23077,0,0,0,NA,NA,NA,NA,NA,NA,NA,NA,NA,NA,NA,NA,NA,NA,NA,TRUE,0.5530838357614233,NA,0.7676747578194543,0.20057284551027285,NA,0.03217808838384175,low,NA,high,high,NA,low,low_level-high_diversity,NA,high_level-low_diversity,5.5,Renewable-energy transition,0,0,0,NA,0,1
322388382096,2,monetary,NA,1,7,1,0.9411764705882353,5,8,12,42,not female,1,7,7,0,0,3,4,1,265,4,1,1,3,4,8885,62,0.006978052898142938,0.015013832871555655,1,1,0.8340707366118348,0.834070736611835,0.834070736611835,NA,NA,NA,NA,NA,2,2,0.7436345892600296,0.75117093487268,0.7489920468105075,TRUE,0.5815876071860994,0.6576060744803,0.6978276783636035,0.17677277410670045,0.07035565155724072,0.04359898777584379,low,low,low,high,high,low,low_level-high_diversity,low_level-high_diversity,low_level-low_diversity,6.5,Renewable-energy transition,0,0,4,0.8340707366118348,0,1
322434896832,2,monetary,NA,1,6,0,0.6470588235294118,2,6,15,46,not female,1,6,7,1,1,1,3,2,73,4,1,2,2,2,6014,118,0.01962088460259395,0.0630635199145665,NA,NA,NA,NA,NA,NA,NA,NA,NA,NA,2,1,0.668271133133525,0.668271133133525,0.668271133133525,TRUE,0.6862230018672654,0.7033969984729784,0.7282899617343959,0.10400413091698908,0.01881515181640219,0.01604806382485529,high,high,high,high,low,low,high_level-high_diversity,high_level-low_diversity,high_level-low_diversity,5.5,Renewable-energy transition,1,1,4,NA,0,1
322599736044,2,verbal,1,NA,4,NA,0.5294117647058824,3,4,16,33,female,0,4,5,1,1,2,3,1,42,0,0,0,0,0,3937,0,0,0,NA,NA,NA,NA,NA,NA,NA,NA,NA,NA,NA,NA,NA,NA,NA,TRUE,0.7484417241311506,0.7600014461605166,0.7530665851794752,0.0775663733325553,0.05523424385645309,0.06639864901835897,high,high,high,low,high,high,high_level-low_diversity,high_level-high_diversity,high_level-high_diversity,6,Renewable-energy transition,1,1,0,NA,1,0
322693443360,2,verbal,1,NA,4,0,0.47058823529411764,1,8,14,37,not female,1,4,4,0,0,1,1,0,205,2,1,1,1,2,12128,16,0.0013192612137203166,0.007421479543967794,NA,NA,NA,NA,NA,NA,NA,NA,NA,NA,1,1,0.668271133133525,0.668271133133525,0.668271133133525,TRUE,0.5471218960452363,0.6801725916388671,0.6861083008041401,0.16683658164175838,0.06955029669608623,0.07255216319420336,low,high,low,high,high,high,low_level-high_diversity,high_level-high_diversity,low_level-high_diversity,4.5,Renewable-energy transition,0,0,2,NA,1,0
322694606844,2,control,0,0,7,1,0.6470588235294118,5,8,20,28,not female,0,7,7,0,0,3,3,0,1066,0,0,0,0,0,29538,0,0,0,NA,NA,NA,NA,NA,NA,NA,NA,NA,NA,NA,NA,NA,NA,NA,TRUE,0.48995583953642663,0.7416545602718339,0.7266893926561675,0.17317508467423912,0.0670512922796945,0.03499217723681903,low,high,high,high,high,low,low_level-high_diversity,high_level-high_diversity,high_level-low_diversity,6,Renewable-energy transition,0,0,0,NA,0,0
322707128148,2,control,0,0,3,0,0.6470588235294118,3,0,15,49,female,0,3,4,1,1,1,1,0,35,0,0,0,0,0,3518,0,0,0,NA,NA,NA,NA,NA,NA,NA,NA,NA,NA,NA,NA,NA,NA,NA,TRUE,0.6768476130520346,0.7028177304988367,0.6981475914875532,0.04071688396699684,0.04631967557977963,0.05123329703154182,high,high,low,low,low,low,high_level-low_diversity,high_level-low_diversity,low_level-low_diversity,NA,Renewable-energy transition,1,1,0,NA,0,0
322722171360,2,verbal,1,NA,6,0,0,3,6,9,56,not female,0,6,4,-2,2,2,2,0,7,0,0,0,0,0,709,0,0,0,NA,NA,NA,NA,NA,NA,NA,NA,NA,NA,NA,NA,NA,NA,NA,FALSE,NA,NA,NA,NA,NA,NA,NA,NA,NA,NA,NA,NA,NA,NA,NA,7,Renewable-energy transition,2,-2,0,NA,1,0
322808223348,2,monetary,NA,1,6,1,0.8235294117647058,3,2,13,38,not female,0,6,6,0,0,2,2,0,354,0,0,0,0,0,10821,0,0,0,NA,NA,NA,NA,NA,NA,NA,NA,NA,NA,NA,NA,NA,NA,NA,TRUE,0.5841278717828021,0.6720475930695122,0.687391756808014,0.18251783903495075,0.12847351837685447,0.1385946348676922,low,high,low,high,high,high,low_level-high_diversity,high_level-high_diversity,low_level-high_diversity,6,Renewable-energy transition,0,0,0,NA,0,1
322846727760,2,verbal,1,NA,6,0,0.5882352941176471,2,8,18,24,female,1,6,7,1,1,1,3,2,120,7,1,5,2,3,2405,324,0.13471933471933473,0.07115974612943592,NA,NA,NA,NA,NA,NA,NA,NA,NA,NA,5,1,0.668271133133525,0.668271133133525,0.668271133133525,TRUE,0.6804419098892475,0.6590751421657549,0.7215453273627106,0.04939746964089592,0.06135657905515544,0.06269546920398002,high,low,high,low,high,high,high_level-low_diversity,low_level-high_diversity,high_level-high_diversity,6.5,Renewable-energy transition,1,1,7,NA,1,0
323585037360,2,monetary,NA,1,5,0,0.6470588235294118,4,0,30,64,not female,0,5,4,-1,1,2,2,0,215,0,0,0,0,0,6057,0,0,0,NA,NA,NA,NA,NA,NA,NA,NA,NA,NA,NA,NA,NA,NA,NA,TRUE,0.4161904392463124,NA,0.794918401788978,0.05785679226983164,NA,0.04333870016081585,low,NA,high,low,NA,low,low_level-low_diversity,NA,high_level-low_diversity,5,Renewable-energy transition,1,-1,0,NA,0,1
323640445464,2,control,0,0,6,1,0.7647058823529411,5,5,17,55,not female,0,6,6,0,0,3,3,0,456,0,0,0,0,0,45785,0,0,0,NA,NA,NA,NA,NA,NA,NA,NA,NA,NA,NA,NA,NA,NA,NA,TRUE,0.4340996409649407,0.64361146586255,0.6440061740706319,0.10119113885727309,0.01622952694722774,0.01674062735537469,low,low,low,high,low,low,low_level-high_diversity,low_level-low_diversity,low_level-low_diversity,5.5,Renewable-energy transition,0,0,0,NA,0,0
323660345760,2,control,0,0,6,0,0.47058823529411764,3,1,12,59,not female,0,6,5,-1,1,2,2,0,70,0,0,0,0,0,1873,0,0,0,NA,NA,NA,NA,NA,NA,NA,NA,NA,NA,NA,NA,NA,NA,NA,TRUE,0.5293476766506594,0.6894112729695547,0.7707941820454001,0.1688328761833683,0.05155516637161558,0.0240424005199092,low,high,high,high,low,low,low_level-high_diversity,high_level-low_diversity,high_level-low_diversity,6,Renewable-energy transition,1,-1,0,NA,0,0
323689213296,2,verbal,1,NA,7,0,0.47058823529411764,3,6,15,65,female,0,7,7,0,0,2,2,0,83,0,0,0,0,0,2695,0,0,0,NA,NA,NA,NA,NA,NA,NA,NA,NA,NA,NA,NA,NA,NA,NA,TRUE,0.6126888945091574,NA,0.7490426056307998,0.11575563196395446,NA,0.0362679892871396,low,NA,high,high,NA,low,low_level-high_diversity,NA,high_level-low_diversity,6,Renewable-energy transition,0,0,0,NA,1,0
323733401748,2,verbal,1,NA,7,0,0.17647058823529413,1,3,13,41,not female,1,7,7,0,0,1,1,0,1015,4,1,3,1,2,22600,200,0.008849557522123894,0.006509573593551866,NA,NA,NA,NA,NA,NA,NA,NA,NA,NA,3,1,0.6682711331335249,0.668271133133525,0.668271133133525,TRUE,0.5152221720220463,0.6778160081724871,0.7709641240750069,0.1899515612070129,0.05133865060356804,0.0464879713498918,low,high,high,high,low,low,low_level-high_diversity,high_level-low_diversity,high_level-low_diversity,4,Renewable-energy transition,0,0,4,NA,1,0
323790307128,2,control,0,0,6,1,0.8823529411764706,3,5,22,50,female,0,6,5,-1,1,3,3,0,175,0,0,0,0,0,7084,0,0,0,NA,NA,NA,NA,NA,NA,NA,NA,NA,NA,NA,NA,NA,NA,NA,TRUE,0.7293150101787574,0.8048434413782929,0.7454156463572739,0.06753224573139385,0.03945021967995137,0.03114801586898545,high,high,high,low,low,low,high_level-low_diversity,high_level-low_diversity,high_level-low_diversity,7,Renewable-energy transition,1,-1,0,NA,0,0
323886476160,2,monetary,NA,1,4,0,0.7647058823529411,4,8,13,45,not female,0,4,3,-1,1,3,2,-1,12,0,0,0,0,0,441,0,0,0,NA,NA,NA,NA,NA,NA,NA,NA,NA,NA,NA,NA,NA,NA,NA,TRUE,0.692540230094031,0.6642880010207777,0.6622588591728288,0.07761646474301993,0.08270455220326177,0.08147658421625764,high,low,low,low,high,high,high_level-low_diversity,low_level-high_diversity,low_level-high_diversity,NA,Renewable-energy transition,1,-1,0,NA,0,1
323920475064,2,control,0,0,7,1,0.9411764705882353,3,7,14,55,female,1,7,7,0,0,2,2,0,283,2,1,1,1,2,25827,16,6.195067177759708e-4,0.005260728826201597,NA,NA,NA,NA,NA,NA,NA,NA,NA,NA,1,1,0.668271133133525,0.668271133133525,0.668271133133525,TRUE,0.4527885695187471,0.6297069853697984,0.8662608185475265,0.14702943630656343,0.07637540175563515,0.12196612056940868,low,low,high,high,high,high,low_level-high_diversity,low_level-high_diversity,high_level-high_diversity,5.5,Renewable-energy transition,0,0,2,NA,0,0
323935043580,2,verbal,1,NA,4,0,0.4117647058823529,3,1,14,55,female,1,4,4,0,0,2,2,0,3,1,1,0,1,1,91,11,0.12087912087912088,0.3286878573958176,NA,NA,NA,NA,NA,NA,NA,NA,NA,NA,NA,NA,NA,NA,NA,TRUE,0.5889032527914905,0.5785323551989471,0.5921724359950797,0.09485755673402688,0.08825382791075768,0.09249991530203142,low,low,low,high,high,high,low_level-high_diversity,low_level-high_diversity,low_level-high_diversity,4.5,Renewable-energy transition,0,0,1,NA,1,0
324016918380,2,control,0,0,6,1,0.29411764705882354,4,5,10,48,not female,0,6,5,-1,1,1,3,2,35,0,0,0,0,0,1117,0,0,0,NA,NA,NA,NA,NA,NA,NA,NA,NA,NA,NA,NA,NA,NA,NA,TRUE,0.7453973895547107,0.683819733869346,0.7108748076131639,0.08238960497740173,NA,0.02020490935636626,high,high,high,low,NA,low,high_level-low_diversity,NA,high_level-low_diversity,5,Renewable-energy transition,1,-1,0,NA,0,0
324023277528,2,control,0,0,4,0,0.5294117647058824,2,7,14,54,not female,0,4,5,1,1,1,1,0,200,0,0,0,0,0,4465,0,0,0,NA,NA,NA,NA,NA,NA,NA,NA,NA,NA,NA,NA,NA,NA,NA,TRUE,0.625699611994843,0.6832151644151346,0.7227321606896911,0.16501639094685783,0.07533880772473546,0.05438262919819195,low,high,high,high,high,high,low_level-high_diversity,high_level-high_diversity,high_level-high_diversity,NA,Renewable-energy transition,1,1,0,NA,0,0
324062475516,2,verbal,1,NA,6,1,0.8823529411764706,3,6,12,64,not female,0,6,6,0,0,2,3,1,3,0,0,0,0,0,1040,0,0,0,NA,NA,NA,NA,NA,NA,NA,NA,NA,NA,NA,NA,NA,NA,NA,TRUE,0.6821065857907296,0.7365641875324821,0.711821107332056,0.07368014962608167,0.07153802241016595,0.07721414485434129,high,high,high,low,high,high,high_level-low_diversity,high_level-high_diversity,high_level-high_diversity,4.5,Renewable-energy transition,0,0,0,NA,1,0
324099064044,2,control,0,0,5,0,0.35294117647058826,2,1,12,68,female,0,5,5,0,0,1,2,1,41,0,0,0,0,0,2551,0,0,0,NA,NA,NA,NA,NA,NA,NA,NA,NA,NA,NA,NA,NA,NA,NA,TRUE,0.4115682060173021,0.6380265103638875,0.6371236014386433,0.09257657441016429,0.05195777763077452,0.04903016952756371,low,low,low,high,low,low,low_level-high_diversity,low_level-low_diversity,low_level-low_diversity,7,Renewable-energy transition,0,0,0,NA,0,0
324228274380,2,monetary,NA,1,5,1,0.9411764705882353,5,5,21,46,not female,0,5,7,2,2,3,3,0,137,0,0,0,0,0,4416,0,0,0,NA,NA,NA,NA,NA,NA,NA,NA,NA,NA,NA,NA,NA,NA,NA,TRUE,0.6501633138302232,0.6040260764371292,0.6547377879858178,0.08702107892249769,0.05667378460017305,0.08491136844141485,low,low,low,low,high,high,low_level-low_diversity,low_level-high_diversity,low_level-high_diversity,5.5,Renewable-energy transition,2,2,0,NA,0,1
324382650444,2,monetary,NA,1,5,1,0.8235294117647058,3,7,18,41,female,0,5,6,1,1,2,3,1,226,0,0,0,0,0,5219,0,0,0,NA,NA,NA,NA,NA,NA,NA,NA,NA,NA,NA,NA,NA,NA,NA,TRUE,0.5950935873176839,0.7332996462632755,0.7295122185341104,0.1447786531771697,0.10856569271651564,0.07300798208222767,low,high,high,high,high,high,low_level-high_diversity,high_level-high_diversity,high_level-high_diversity,5.5,Renewable-energy transition,1,1,0,NA,0,1
324383265360,2,verbal,1,NA,7,1,0.9411764705882353,4,8,15,66,not female,0,7,6,-1,1,2,2,0,349,0,0,0,0,0,11236,0,0,0,NA,NA,NA,NA,NA,NA,NA,NA,NA,NA,NA,NA,NA,NA,NA,TRUE,0.6755325268059874,0.7777556494567474,0.7561608286779332,0.02955192457683273,0.06725291569160123,0.05579051389721842,high,high,high,low,high,high,high_level-low_diversity,high_level-high_diversity,high_level-high_diversity,5,Renewable-energy transition,1,-1,0,NA,1,0
324482381064,2,verbal,1,NA,7,0,0.7058823529411765,2,8,13,67,not female,1,7,4,-3,3,1,1,0,157,4,1,1,3,2,9242,136,0.014715429560701147,0.030566267898627257,NA,NA,NA,NA,NA,NA,NA,NA,NA,NA,1,1,0.668271133133525,0.668271133133525,0.668271133133525,TRUE,0.6000588376539756,0.6441113803566385,0.6456479812903352,0.12444056676873216,0.01936980998369573,0.02585034610416123,low,low,low,high,low,low,low_level-high_diversity,low_level-low_diversity,low_level-low_diversity,7,Renewable-energy transition,3,-3,4,NA,1,0
324510290316,2,verbal,1,NA,4,0,0.4117647058823529,4,8,15,65,female,1,4,6,2,2,1,3,2,474,2,1,0,2,1,30560,778,0.025458115183246074,0.0080280461517349,NA,NA,NA,NA,NA,NA,NA,NA,NA,NA,NA,NA,NA,NA,NA,TRUE,0.8575480779150438,0.6487337661384727,0.8598450000952151,0.1211524733745382,0.06478122882343637,0.11965871769295,high,low,high,high,high,high,high_level-high_diversity,low_level-high_diversity,high_level-high_diversity,7,Renewable-energy transition,2,2,2,NA,1,0
324632247516,2,control,0,0,4,0,0.6470588235294118,3,3,9,41,not female,0,4,3,-1,1,2,2,0,157,0,0,0,0,0,7868,0,0,0,NA,NA,NA,NA,NA,NA,NA,NA,NA,NA,NA,NA,NA,NA,NA,TRUE,0.6585257709494781,0.6731571992084961,0.6730258589655898,0.03633178797252004,0.02232642174086882,0.0226390844281085,low,high,low,low,low,low,low_level-low_diversity,high_level-low_diversity,low_level-low_diversity,7,Renewable-energy transition,1,-1,0,NA,0,0
324806187348,2,control,0,0,7,0,0.8235294117647058,4,8,10,48,not female,0,7,7,0,0,3,3,0,206,0,0,0,0,0,8046,0,0,0,NA,NA,NA,NA,NA,NA,NA,NA,NA,NA,NA,NA,NA,NA,NA,TRUE,0.5176759902180319,0.6924466071892843,0.6802309444591826,0.13569080210347334,0.07240181829141433,0.07175306110175673,low,high,low,high,high,high,low_level-high_diversity,high_level-high_diversity,low_level-high_diversity,NA,Renewable-energy transition,0,0,0,NA,0,0
325705305348,2,verbal,1,NA,6,1,0.6470588235294118,5,2,18,65,not female,0,6,6,0,0,2,2,0,121,0,0,0,0,0,5586,0,0,0,NA,NA,NA,NA,NA,NA,NA,NA,NA,NA,NA,NA,NA,NA,NA,TRUE,0.6831715370339835,0.6765151913186174,0.6932990117521084,0.01506014274127163,0.01793657200182365,0.00929883129570745,high,high,low,low,low,low,high_level-low_diversity,high_level-low_diversity,low_level-low_diversity,6,Renewable-energy transition,0,0,0,NA,1,0
325758995928,2,monetary,NA,1,6,0,0.11764705882352941,3,4,10,20,not female,0,6,6,0,0,4,3,-1,80,0,0,0,0,0,1935,0,0,0,NA,NA,NA,NA,NA,NA,NA,NA,NA,NA,NA,NA,NA,NA,NA,TRUE,0.45022381732419986,NA,0.7996498537806059,0.12831016270728834,NA,NA,low,NA,high,high,NA,NA,low_level-high_diversity,NA,NA,5.5,Renewable-energy transition,0,0,0,NA,0,1
325791216432,2,control,0,0,2,1,0.7058823529411765,2,2,12,50,female,0,2,4,2,2,2,2,0,97,1,1,1,0,1,7867,34,0.00432185076903521,0.011571234352126793,NA,NA,NA,NA,NA,NA,NA,NA,NA,NA,1,1,0.668271133133525,0.668271133133525,0.668271133133525,TRUE,0.40063721051454143,0.6410944953854747,0.6635708425404002,0.07194531856102253,0.0535728237156712,0.04984425059308895,low,low,low,low,low,low,low_level-low_diversity,low_level-low_diversity,low_level-low_diversity,4,Renewable-energy transition,2,2,1,NA,0,0
325973500380,2,verbal,1,NA,3,0,0.8235294117647058,3,1,10,57,not female,0,3,5,2,2,1,3,2,416,0,0,0,0,0,33975,0,0,0,NA,NA,NA,NA,NA,NA,NA,NA,NA,NA,NA,NA,NA,NA,NA,TRUE,0.39924833848038194,0.6525974478343928,0.7863440465999347,0.06645385672037173,0.03997658136901119,0.05793054126143026,low,low,high,low,low,high,low_level-low_diversity,low_level-low_diversity,high_level-high_diversity,4.5,Renewable-energy transition,2,2,0,NA,1,0
325998600444,2,verbal,1,NA,4,1,0.5294117647058824,3,5,16,32,not female,0,4,4,0,0,3,3,0,104,2,1,2,0,1,4047,33,0.00815418828762046,0.022112726682759588,NA,NA,NA,NA,NA,NA,NA,NA,NA,NA,2,1,0.668271133133525,0.668271133133525,0.668271133133525,TRUE,0.5779404809376812,0.6534910093031885,0.6783106188870444,0.17130431727982462,0.04575819684850459,0.06631001458739581,low,low,low,high,low,high,low_level-high_diversity,low_level-low_diversity,low_level-high_diversity,4,Renewable-energy transition,0,0,2,NA,1,0
326052635760,2,control,0,0,7,0,0,2,0,15,27,not female,0,7,6,-1,1,1,1,0,28,0,0,0,0,0,1756,0,0,0,NA,NA,NA,NA,NA,NA,NA,NA,NA,NA,NA,NA,NA,NA,NA,TRUE,0.6635613092797703,NA,NA,0.03685968325057899,NA,NA,high,NA,NA,low,NA,NA,high_level-low_diversity,NA,NA,NA,Renewable-energy transition,1,-1,0,NA,0,0
326105443980,2,control,0,0,5,0,0.8823529411764706,3,8,12,51,female,0,5,5,0,0,2,2,0,134,0,0,0,0,0,2695,0,0,0,NA,NA,NA,NA,NA,NA,NA,NA,NA,NA,NA,NA,NA,NA,NA,TRUE,0.6641498613527097,0.6081756015344398,0.6819561267674683,0.04803281764888262,0.04672954158638671,0.10184247374199798,high,low,low,low,low,high,high_level-low_diversity,low_level-low_diversity,low_level-high_diversity,5.5,Renewable-energy transition,0,0,0,NA,0,0
326118436560,2,verbal,1,NA,1,1,0.8823529411764706,3,6,14,47,not female,1,1,1,0,0,3,3,0,1124,7,1,6,1,2,37739,188,0.00498158403773285,0.0074886085072633805,1,1,0.751024587438982,0.751024587438982,0.751024587438982,1,1,0.751024587438982,0.751024587438982,0.751024587438982,7,2,0.6832371833802565,0.6800930551771618,0.6814009739219817,TRUE,0.4223627524749193,0.6562051681446973,0.6495507362098799,0.1086770217446388,0.08183886930179027,0.126753482905678,low,low,low,high,high,high,low_level-high_diversity,low_level-high_diversity,low_level-high_diversity,5,Renewable-energy transition,0,0,7,0.751024587438982,1,0
326166322716,2,monetary,NA,1,7,1,0.7647058823529411,4,8,16,65,not female,0,7,7,0,0,2,2,0,6,0,0,0,0,0,1223,0,0,0,NA,NA,NA,NA,NA,NA,NA,NA,NA,NA,NA,NA,NA,NA,NA,TRUE,0.9260125374492968,NA,0.932303283086416,0.04026643285299117,NA,NA,high,NA,high,low,NA,NA,high_level-low_diversity,NA,NA,5.5,Renewable-energy transition,0,0,0,NA,0,1
326278086264,2,monetary,NA,1,4,NA,0.6470588235294118,3,3,11,58,female,0,4,4,0,0,2,2,0,42,1,1,1,0,1,3236,102,0.0315203955500618,0.03227471625364432,NA,NA,NA,NA,NA,NA,NA,NA,NA,NA,1,1,0.668271133133525,0.668271133133525,0.668271133133525,TRUE,0.657855087788598,0.709032705055765,0.6414456742914483,0.04219893569383968,0.01346289557064233,0.06345346618813862,low,high,low,low,low,high,low_level-low_diversity,high_level-low_diversity,low_level-high_diversity,NA,Renewable-energy transition,0,0,1,NA,0,1
326295594612,2,control,0,0,4,1,0.7058823529411765,1,1,12,53,female,1,4,4,0,0,2,2,0,48,1,1,0,1,1,2645,72,0.02722117202268431,0.034711501101950634,NA,NA,NA,NA,NA,NA,NA,NA,NA,NA,NA,NA,NA,NA,NA,TRUE,0.6799349128377372,0.6516370872323637,0.6767363070675811,0.07629460359589542,0.06198563302659098,0.07478793654098695,high,low,low,low,high,high,high_level-low_diversity,low_level-high_diversity,low_level-high_diversity,3.5,Renewable-energy transition,0,0,1,NA,0,0
326440400832,2,control,0,0,4,0,0.5294117647058824,3,2,30,36,female,0,4,4,0,0,2,2,0,229,0,0,0,0,0,13645,0,0,0,NA,NA,NA,NA,NA,NA,NA,NA,NA,NA,NA,NA,NA,NA,NA,TRUE,0.6348575769832618,0.6451372857845662,0.7687554423540263,0.11938526977048693,0.06265235825951199,0.03401142922012661,low,low,high,high,high,low,low_level-high_diversity,low_level-high_diversity,high_level-low_diversity,5,Renewable-energy transition,0,0,0,NA,0,0
326445730560,2,monetary,NA,1,4,0,0.6470588235294118,3,1,10,62,female,0,4,4,0,0,1,2,1,10,0,0,0,0,0,1254,0,0,0,NA,NA,NA,NA,NA,NA,NA,NA,NA,NA,NA,NA,NA,NA,NA,TRUE,0.6882568972730405,0.7050784991083222,0.7015356446914193,0.05643706525879814,0.0622151439517061,0.0638374154232591,high,high,low,low,high,high,high_level-low_diversity,high_level-high_diversity,low_level-high_diversity,6,Renewable-energy transition,0,0,0,NA,0,1
326513041632,2,monetary,NA,1,7,1,0.8235294117647058,4,8,10,60,not female,1,7,7,0,0,2,2,0,225,1,1,0,1,1,7785,32,0.0041104688503532435,0.006484486972970104,NA,NA,NA,NA,NA,NA,NA,NA,NA,NA,NA,NA,NA,NA,NA,TRUE,0.6693640189763078,0.7226661016142751,0.6724239305694948,0.0697414374143725,0.05464119261435144,0.06603682292801456,high,high,low,low,high,high,high_level-low_diversity,high_level-high_diversity,low_level-high_diversity,7,Renewable-energy transition,0,0,1,NA,0,1
326513858328,2,control,0,0,6,0,0.5294117647058824,3,0,15,55,female,0,6,3,-3,3,2,2,0,31,0,0,0,0,0,1272,0,0,0,NA,NA,NA,NA,NA,NA,NA,NA,NA,NA,NA,NA,NA,NA,NA,TRUE,0.7076661560560544,0.7932477336535181,0.7573848204226371,0.07951826058085756,0.05787302721142444,0.10191738535124462,high,high,high,low,high,high,high_level-low_diversity,high_level-high_diversity,high_level-high_diversity,5.5,Renewable-energy transition,3,-3,0,NA,0,0
326591356896,2,control,0,0,6,1,0.7647058823529411,4,6,18,37,female,0,6,7,1,1,3,3,0,125,0,0,0,0,0,2206,0,0,0,NA,NA,NA,NA,NA,NA,NA,NA,NA,NA,NA,NA,NA,NA,NA,TRUE,0.8088662903251318,0.5945959752931411,0.7638595984225722,0.08664560901169169,NA,0.09098781268901908,high,low,high,low,NA,high,high_level-low_diversity,NA,high_level-high_diversity,5,Renewable-energy transition,1,1,0,NA,0,0
326616460380,2,verbal,1,NA,7,0,0.5882352941176471,4,2,18,31,female,0,7,7,0,0,3,3,0,6,0,0,0,0,0,745,0,0,0,NA,NA,NA,NA,NA,NA,NA,NA,NA,NA,NA,NA,NA,NA,NA,FALSE,NA,NA,NA,NA,NA,NA,NA,NA,NA,NA,NA,NA,NA,NA,NA,6.5,Renewable-energy transition,0,0,0,NA,1,0
326668168044,2,monetary,NA,1,5,0,0.5882352941176471,4,4,13,71,not female,0,5,5,0,0,2,3,1,160,1,1,1,0,1,6217,135,0.021714653369792506,0.01177491695312164,NA,NA,NA,NA,NA,NA,NA,NA,NA,NA,1,1,0.668271133133525,0.668271133133525,0.668271133133525,TRUE,0.5315923463808516,0.6508332739082223,0.716873389322834,0.1553084078396905,0.02177258799937064,0.05147103673679914,low,low,high,high,low,low,low_level-high_diversity,low_level-low_diversity,high_level-low_diversity,5.5,Renewable-energy transition,0,0,1,NA,0,1
326671658496,2,monetary,NA,1,5,1,0.47058823529411764,4,8,11,48,not female,0,5,6,1,1,1,2,1,35,0,0,0,0,0,1860,0,0,0,NA,NA,NA,NA,NA,NA,NA,NA,NA,NA,NA,NA,NA,NA,NA,TRUE,0.7839488285109862,NA,0.7849650188100176,0.04356740856269456,NA,0.04019880965624368,high,NA,high,low,NA,low,high_level-low_diversity,NA,high_level-low_diversity,4,Renewable-energy transition,1,1,0,NA,0,1
326687595012,2,control,0,0,5,0,0.6470588235294118,3,3,14,65,female,0,5,4,-1,1,1,2,1,31,0,0,0,0,0,6109,0,0,0,NA,NA,NA,NA,NA,NA,NA,NA,NA,NA,NA,NA,NA,NA,NA,TRUE,0.44976093106810255,0.6755505328349889,0.613326670731182,0.0962879399318363,0.05116782529134255,0.09911645177248175,low,high,low,high,low,high,low_level-high_diversity,high_level-low_diversity,low_level-high_diversity,6,Renewable-energy transition,1,-1,0,NA,0,0
326810305980,2,control,0,0,5,0,0.47058823529411764,1,1,12,44,female,0,5,4,-1,1,1,2,1,16,0,0,0,0,0,738,0,0,0,NA,NA,NA,NA,NA,NA,NA,NA,NA,NA,NA,NA,NA,NA,NA,TRUE,0.7470763981293799,NA,0.7764117739500728,0.05045341965270462,NA,0.01791047282007691,high,NA,high,low,NA,low,high_level-low_diversity,NA,high_level-low_diversity,3,Renewable-energy transition,1,-1,0,NA,0,0
326813589864,2,control,0,0,6,1,0.7647058823529411,3,7,15,52,female,0,6,7,1,1,2,2,0,131,0,0,0,0,0,4863,0,0,0,NA,NA,NA,NA,NA,NA,NA,NA,NA,NA,NA,NA,NA,NA,NA,TRUE,0.7193027093741534,0.6711076574799948,0.7252503650601095,0.0787480412147015,0.06708836454111163,0.06951022824959918,high,low,high,low,high,high,high_level-low_diversity,low_level-high_diversity,high_level-high_diversity,6,Renewable-energy transition,1,1,0,NA,0,0
326914750044,2,verbal,1,NA,4,NA,0.7647058823529411,4,0,15,52,not female,0,4,4,0,0,2,2,0,328,0,0,0,0,0,24450,0,0,0,NA,NA,NA,NA,NA,NA,NA,NA,NA,NA,NA,NA,NA,NA,NA,TRUE,0.472298336197742,0.786114911245495,0.7191690861757944,0.14717338679189032,0.05559921373299076,0.05436283814101509,low,high,high,high,high,high,low_level-high_diversity,high_level-high_diversity,high_level-high_diversity,6,Renewable-energy transition,0,0,0,NA,1,0
328337065116,2,control,0,0,6,1,0.7647058823529411,3,5,20,55,female,0,6,5,-1,1,2,2,0,248,0,0,0,0,0,6911,0,0,0,NA,NA,NA,NA,NA,NA,NA,NA,NA,NA,NA,NA,NA,NA,NA,TRUE,0.6661631617858522,0.632826328316715,0.632826328316715,0.03120077919762191,0.05968196811283349,0.05968196811283349,high,low,low,low,high,high,high_level-low_diversity,low_level-high_diversity,low_level-high_diversity,5,Renewable-energy transition,1,-1,0,NA,0,0
328362096096,2,verbal,1,NA,7,1,0.17647058823529413,3,3,10,39,female,0,7,7,0,0,2,2,0,4,0,0,0,0,0,46,0,0,0,NA,NA,NA,NA,NA,NA,NA,NA,NA,NA,NA,NA,NA,NA,NA,TRUE,0.6574966629313654,0.6054308369239401,0.6291026946158333,0.02877733471182834,NA,0.03992524033759043,low,low,low,low,NA,low,low_level-low_diversity,NA,low_level-low_diversity,3,Renewable-energy transition,0,0,0,NA,1,0
328386378096,2,monetary,NA,1,4,1,0.6470588235294118,3,3,15,35,not female,0,4,4,0,0,2,3,1,49,0,0,0,0,0,1703,0,0,0,NA,NA,NA,NA,NA,NA,NA,NA,NA,NA,NA,NA,NA,NA,NA,TRUE,0.6871966543409079,NA,0.539714186068574,0.06886901817710626,NA,NA,high,NA,low,low,NA,NA,high_level-low_diversity,NA,NA,NA,Renewable-energy transition,0,0,0,NA,0,1
328405054716,2,control,0,0,7,1,0.47058823529411764,3,8,14,44,not female,0,7,6,-1,1,2,2,0,190,0,0,0,0,0,5025,0,0,0,NA,NA,NA,NA,NA,NA,NA,NA,NA,NA,NA,NA,NA,NA,NA,TRUE,0.6723377309729751,NA,NA,0.02564572267062844,NA,NA,high,NA,NA,low,NA,NA,high_level-low_diversity,NA,NA,7,Renewable-energy transition,1,-1,0,NA,0,0
328411619064,2,monetary,NA,1,5,1,0.7058823529411765,3,8,15,48,not female,0,5,6,1,1,2,2,0,259,0,0,0,0,0,17029,0,0,0,NA,NA,NA,NA,NA,NA,NA,NA,NA,NA,NA,NA,NA,NA,NA,TRUE,0.6906821623459313,0.7679059530212983,0.7606806514683222,0.16520858531404542,0.02603071160905849,0.08502636410766275,high,high,high,high,low,high,high_level-high_diversity,high_level-low_diversity,high_level-high_diversity,7,Renewable-energy transition,1,1,0,NA,0,1
328670034264,2,verbal,1,NA,5,1,0.5294117647058824,3,7,15,29,female,1,5,5,0,0,1,3,2,42,10,1,8,2,2,4159,693,0.16662659293099302,0.20569746817844436,NA,NA,NA,NA,NA,NA,NA,NA,NA,NA,8,1,0.668271133133525,0.668271133133525,0.668271133133525,TRUE,0.7732143964372016,0.7841873758204262,0.7807531298665124,0.04891392074588593,0.03402721714957492,0.03728322142344881,high,high,high,low,low,low,high_level-low_diversity,high_level-low_diversity,high_level-low_diversity,5.5,Renewable-energy transition,0,0,10,NA,1,0
329088025296,2,monetary,NA,1,4,0,0,3,1,10,31,female,0,4,4,0,0,1,3,2,83,0,0,0,0,0,3406,0,0,0,NA,NA,NA,NA,NA,NA,NA,NA,NA,NA,NA,NA,NA,NA,NA,TRUE,0.6445693048049776,0.6980336282723604,0.6782942455801754,0.08739366098008489,0.10219393106890136,0.0950286780576068,low,high,low,high,high,high,low_level-high_diversity,high_level-high_diversity,low_level-high_diversity,4.5,Renewable-energy transition,0,0,0,NA,0,1
329266000728,2,verbal,1,NA,7,1,0.6470588235294118,5,1,21,37,female,0,7,7,0,0,2,2,0,21,0,0,0,0,0,2740,0,0,0,NA,NA,NA,NA,NA,NA,NA,NA,NA,NA,NA,NA,NA,NA,NA,TRUE,0.7071792245902047,0.648355875595028,0.7322831231454352,0.08424799572747096,NA,0.05100115786535155,high,low,high,low,NA,low,high_level-low_diversity,NA,high_level-low_diversity,6,Renewable-energy transition,0,0,0,NA,1,0
329277080844,2,monetary,NA,1,7,0,0.7647058823529411,3,4,12,56,female,1,7,7,0,0,2,3,1,128,4,1,0,4,3,8672,380,0.04381918819188192,0.039060833066902126,NA,NA,NA,NA,NA,NA,NA,NA,NA,NA,NA,NA,NA,NA,NA,TRUE,0.7545922937870868,0.7293924261906777,0.7775531671939545,0.04973436567745559,0.07864932355463533,0.02026842820933754,high,high,high,low,high,low,high_level-low_diversity,high_level-high_diversity,high_level-low_diversity,3.5,Renewable-energy transition,0,0,4,NA,0,1
329325577812,2,verbal,1,NA,7,1,0.7058823529411765,5,8,16,35,not female,0,7,7,0,0,3,3,0,108,0,0,0,0,0,4964,0,0,0,NA,NA,NA,NA,NA,NA,NA,NA,NA,NA,NA,NA,NA,NA,NA,TRUE,0.7298097439902314,NA,0.7794610347122272,0.12236971683089612,NA,0.00726098797540395,high,NA,high,high,NA,low,high_level-high_diversity,NA,high_level-low_diversity,7,Renewable-energy transition,0,0,0,NA,1,0
329333853528,2,control,0,0,7,0,0.7058823529411765,5,8,20,51,female,0,7,7,0,0,2,2,0,75,0,0,0,0,0,4181,0,0,0,NA,NA,NA,NA,NA,NA,NA,NA,NA,NA,NA,NA,NA,NA,NA,TRUE,0.714085881876538,0.6577224392968525,0.7303073191141727,0.13240950230229057,0.05532432262091536,0.13096895060906333,high,low,high,high,high,high,high_level-high_diversity,low_level-high_diversity,high_level-high_diversity,6,Renewable-energy transition,0,0,0,NA,0,0
329344181928,2,monetary,NA,1,6,1,0.8823529411764706,4,7,32,41,not female,0,6,7,1,1,3,3,0,35,0,0,0,0,0,1024,0,0,0,NA,NA,NA,NA,NA,NA,NA,NA,NA,NA,NA,NA,NA,NA,NA,TRUE,0.6937258717875612,0.6501058416799348,0.7190526572024825,0.06336332092238162,0.02156861158492084,0.07818831263899338,high,low,high,low,low,high,high_level-low_diversity,low_level-low_diversity,high_level-high_diversity,5.5,Renewable-energy transition,1,1,0,NA,0,1
329345483580,2,verbal,1,NA,7,1,0.17647058823529413,2,0,3,47,female,0,7,7,0,0,2,3,1,0,0,0,0,0,0,0,0,NA,NA,NA,NA,NA,NA,NA,NA,NA,NA,NA,NA,NA,NA,NA,NA,NA,FALSE,NA,NA,NA,NA,NA,NA,NA,NA,NA,NA,NA,NA,NA,NA,NA,NA,Renewable-energy transition,0,0,0,NA,1,0
329356699812,2,verbal,1,NA,4,0,0.5294117647058824,2,1,13,58,female,0,4,3,-1,1,2,2,0,44,0,0,0,0,0,3958,0,0,0,NA,NA,NA,NA,NA,NA,NA,NA,NA,NA,NA,NA,NA,NA,NA,TRUE,0.7240135350632954,0.7450392300080294,0.7433301556004436,0.0700860140673558,0.05916473318944856,0.06304074264688082,high,high,high,low,high,high,high_level-low_diversity,high_level-high_diversity,high_level-high_diversity,4,Renewable-energy transition,1,-1,0,NA,1,0
329362716960,2,control,0,0,5,0,0.7058823529411765,3,3,14,68,not female,1,5,4,-1,1,1,2,1,61,2,1,0,2,1,3324,46,0.013838748495788207,0.02578968904077312,2,1,0.728693231358026,0.728693231358026,0.728693231358026,2,1,0.728693231358026,0.728693231358026,0.728693231358026,2,1,0.728693231358026,0.728693231358026,0.728693231358026,TRUE,0.4551642381116257,0.567009747119912,0.7306737167100548,0.1384479331753128,NA,0.0390755985796121,low,low,high,high,NA,low,low_level-high_diversity,NA,high_level-low_diversity,5.5,Renewable-energy transition,1,-1,2,0.728693231358026,0,0
329379682212,2,monetary,NA,1,7,1,0.8823529411764706,5,8,18,56,not female,1,7,7,0,0,4,4,0,16,1,1,0,1,1,1172,75,0.06399317406143344,0.08408280596422829,NA,NA,NA,NA,NA,NA,NA,NA,NA,NA,NA,NA,NA,NA,NA,TRUE,0.689705589101405,0.6674744586587781,0.6659441141531328,0.0982319188344864,0.08586315410775938,0.09828428056369325,high,low,low,high,high,high,high_level-high_diversity,low_level-high_diversity,low_level-high_diversity,7,Renewable-energy transition,0,0,1,NA,0,1
329385221928,2,verbal,1,NA,7,1,0.5882352941176471,5,8,12,61,not female,0,7,7,0,0,2,2,0,1038,0,0,0,0,0,16426,0,0,0,NA,NA,NA,NA,NA,NA,NA,NA,NA,NA,NA,NA,NA,NA,NA,TRUE,0.6931542178038628,0.6762514578666367,0.7031458891276265,0.03852082089341097,NA,0.02621223453878844,high,high,low,low,NA,low,high_level-low_diversity,NA,low_level-low_diversity,7,Renewable-energy transition,0,0,0,NA,1,0
329391793116,2,control,0,0,6,0,0.17647058823529413,1,0,13,26,female,0,6,7,1,1,2,2,0,13,0,0,0,0,0,1925,0,0,0,NA,NA,NA,NA,NA,NA,NA,NA,NA,NA,NA,NA,NA,NA,NA,TRUE,0.637093352935426,0.5601017832224303,0.6855739404677937,0.10041490746222556,0.01940396521012037,0.03540595187606851,low,low,low,high,low,low,low_level-high_diversity,low_level-low_diversity,low_level-low_diversity,6,Renewable-energy transition,1,1,0,NA,0,0
329398291116,2,control,0,0,7,1,0.9411764705882353,4,4,17,24,female,0,7,7,0,0,3,3,0,93,0,0,0,0,0,11092,0,0,0,NA,NA,NA,NA,NA,NA,NA,NA,NA,NA,NA,NA,NA,NA,NA,TRUE,0.40150044865018353,0.7816267063317317,0.7735339000371289,0.08389440857593358,0.0733454897000709,0.08105361314870951,low,high,high,low,high,high,low_level-low_diversity,high_level-high_diversity,high_level-high_diversity,6,Renewable-energy transition,0,0,0,NA,0,0
329421818664,2,verbal,1,NA,7,1,0.8235294117647058,4,1,19,52,not female,0,7,7,0,0,3,3,0,8,0,0,0,0,0,55,0,0,0,NA,NA,NA,NA,NA,NA,NA,NA,NA,NA,NA,NA,NA,NA,NA,TRUE,0.7423804067944275,0.6735420590662213,0.7574313252296255,0.06259510909333742,0.05361708480899797,0.04575401207718995,high,high,high,low,low,low,high_level-low_diversity,high_level-low_diversity,high_level-low_diversity,5.5,Renewable-energy transition,0,0,0,NA,1,0
329454786096,2,verbal,1,NA,7,1,0.8823529411764706,5,8,16,48,not female,0,7,7,0,0,4,3,-1,262,0,0,0,0,0,30471,0,0,0,NA,NA,NA,NA,NA,NA,NA,NA,NA,NA,NA,NA,NA,NA,NA,TRUE,0.504564072037759,0.7143694864993008,0.750934120382287,0.15823574402903814,0.11922856735377792,0.05500657191767283,low,high,high,high,high,high,low_level-high_diversity,high_level-high_diversity,high_level-high_diversity,6.5,Renewable-energy transition,0,0,0,NA,1,0
329485223412,2,control,0,0,5,0,0.6470588235294118,4,5,12,38,not female,0,5,4,-1,1,1,2,1,8,0,0,0,0,0,144,0,0,0,NA,NA,NA,NA,NA,NA,NA,NA,NA,NA,NA,NA,NA,NA,NA,TRUE,0.668271133133525,NA,NA,NA,NA,NA,high,NA,NA,NA,NA,NA,NA,NA,NA,5.5,Renewable-energy transition,1,-1,0,NA,0,0
329589326160,2,control,0,0,3,1,0.5882352941176471,4,7,12,54,female,0,3,5,2,2,3,3,0,66,0,0,0,0,0,6953,0,0,0,NA,NA,NA,NA,NA,NA,NA,NA,NA,NA,NA,NA,NA,NA,NA,TRUE,0.6689386169992646,0.6529537541322586,0.6970718691152861,0.0614041881600005,0.09675557738164488,0.03967022349447923,high,low,low,low,high,low,high_level-low_diversity,low_level-high_diversity,low_level-low_diversity,5,Renewable-energy transition,2,2,0,NA,0,0
329601780432,2,verbal,1,NA,6,1,0.5882352941176471,3,3,12,58,not female,0,6,6,0,0,2,1,-1,123,0,0,0,0,0,18249,0,0,0,NA,NA,NA,NA,NA,NA,NA,NA,NA,NA,NA,NA,NA,NA,NA,TRUE,0.6569309171410093,NA,NA,0.05318847083384918,NA,NA,low,NA,NA,low,NA,NA,low_level-low_diversity,NA,NA,7,Renewable-energy transition,0,0,0,NA,1,0
329682079980,2,verbal,1,NA,6,0,0.17647058823529413,2,2,10,32,not female,0,6,6,0,0,2,2,0,11,0,0,0,0,0,1725,0,0,0,NA,NA,NA,NA,NA,NA,NA,NA,NA,NA,NA,NA,NA,NA,NA,FALSE,NA,NA,NA,NA,NA,NA,NA,NA,NA,NA,NA,NA,NA,NA,NA,5.5,Renewable-energy transition,0,0,0,NA,1,0
330394807980,2,monetary,NA,1,7,1,0.8823529411764706,5,8,16,54,not female,0,7,6,-1,1,4,3,-1,0,0,0,0,0,0,0,0,NA,NA,NA,NA,NA,NA,NA,NA,NA,NA,NA,NA,NA,NA,NA,NA,NA,TRUE,0.811283407592074,0.8123054497206245,0.8111440083430876,0.03176134851324048,0.02851617918841915,0.03061654314067518,high,high,high,low,low,low,high_level-low_diversity,high_level-low_diversity,high_level-low_diversity,NA,Renewable-energy transition,1,-1,0,NA,0,1
330411837528,2,verbal,1,NA,1,0,0.7058823529411765,5,0,12,55,not female,0,1,2,1,1,2,3,1,315,0,0,0,0,0,20187,0,0,0,NA,NA,NA,NA,NA,NA,NA,NA,NA,NA,NA,NA,NA,NA,NA,TRUE,0.6409820050193324,NA,0.78072705875249,0.16512084466823135,NA,0.00299650767992224,low,NA,high,high,NA,low,low_level-high_diversity,NA,high_level-low_diversity,5.5,Renewable-energy transition,1,1,0,NA,1,0
330501237696,2,monetary,NA,1,7,1,0.5294117647058824,3,6,10,64,not female,0,7,6,-1,1,2,3,1,7,0,0,0,0,0,250,0,0,0,NA,NA,NA,NA,NA,NA,NA,NA,NA,NA,NA,NA,NA,NA,NA,TRUE,0.6328961103291101,0.6164671544506838,0.6275749250108711,0.04762853899589261,0.04192832376449997,0.04891988196669714,low,low,low,low,low,low,low_level-low_diversity,low_level-low_diversity,low_level-low_diversity,NA,Renewable-energy transition,1,-1,0,NA,0,1
330505338960,2,control,0,0,4,0,0.7058823529411765,3,5,18,61,not female,0,4,4,0,0,1,2,1,32,0,0,0,0,0,2450,0,0,0,NA,NA,NA,NA,NA,NA,NA,NA,NA,NA,NA,NA,NA,NA,NA,TRUE,0.5513563495839937,NA,0.692950433812193,0.15390544408595178,NA,0.00144215892328666,low,NA,low,high,NA,low,low_level-high_diversity,NA,low_level-low_diversity,6.5,Renewable-energy transition,0,0,0,NA,0,0
330538103244,2,control,0,0,4,0,0.4117647058823529,3,4,13,52,not female,0,4,4,0,0,2,1,-1,92,0,0,0,0,0,2318,0,0,0,NA,NA,NA,NA,NA,NA,NA,NA,NA,NA,NA,NA,NA,NA,NA,TRUE,0.6421391317846553,0.6488190589932396,0.6539202630507241,0.07431213232131866,0.01614683294428365,0.03160638228776332,low,low,low,low,low,low,low_level-low_diversity,low_level-low_diversity,low_level-low_diversity,5,Renewable-energy transition,0,0,0,NA,0,0
330632295516,2,control,0,0,4,0,0.7647058823529411,4,7,9,61,female,0,4,6,2,2,2,3,1,177,4,1,4,0,2,20857,145,0.006952102411660354,0.022328379090937083,NA,NA,NA,NA,NA,NA,NA,NA,NA,NA,3,1,0.692127683105942,0.692127683105942,0.6921276831059421,TRUE,0.5207415306394879,0.5981278198973752,0.7674234209874586,0.1701534754338779,0.04466745734087525,0.05371820732192747,low,low,high,high,low,low,low_level-high_diversity,low_level-low_diversity,high_level-low_diversity,6,Renewable-energy transition,2,2,4,NA,0,0
330682908780,2,monetary,NA,1,4,0,0.7647058823529411,4,8,15,60,not female,0,4,4,0,0,1,2,1,423,0,0,0,0,0,26371,0,0,0,NA,NA,NA,NA,NA,NA,NA,NA,NA,NA,NA,NA,NA,NA,NA,TRUE,0.5136608975968179,0.7039054576228722,0.7286572214723172,0.1694106071569574,0.04732393542318613,0.07967660433389948,low,high,high,high,low,high,low_level-high_diversity,high_level-low_diversity,high_level-high_diversity,4.5,Renewable-energy transition,0,0,0,NA,0,1
330730649244,2,verbal,1,NA,5,1,0.8823529411764706,4,7,12,65,not female,0,5,6,1,1,3,3,0,273,0,0,0,0,0,17974,0,0,0,NA,NA,NA,NA,NA,NA,NA,NA,NA,NA,NA,NA,NA,NA,NA,TRUE,0.5136848602165549,0.6405854774358004,0.658380198334082,0.13014080658859398,0.05361168347748332,0.06248726070651116,low,low,low,high,low,high,low_level-high_diversity,low_level-low_diversity,low_level-high_diversity,4.5,Renewable-energy transition,1,1,0,NA,1,0
330737286096,2,control,0,0,7,1,0.8235294117647058,5,8,25,54,not female,0,7,6,-1,1,2,2,0,173,0,0,0,0,0,8527,0,0,0,NA,NA,NA,NA,NA,NA,NA,NA,NA,NA,NA,NA,NA,NA,NA,TRUE,0.7886359272135363,0.7808158710835031,0.7961817491078723,0.08476554929062087,0.06214018793598359,0.07785217297273651,high,high,high,low,high,high,high_level-low_diversity,high_level-high_diversity,high_level-high_diversity,5,Renewable-energy transition,1,-1,0,NA,0,0
330822715644,2,monetary,NA,1,7,1,0.8235294117647058,4,4,20,37,not female,1,7,7,0,0,4,3,-1,226,1,1,0,1,1,8169,44,0.0053862161831313505,0.005755640566044864,NA,NA,NA,NA,NA,NA,NA,NA,NA,NA,NA,NA,NA,NA,NA,TRUE,0.6948709493087555,0.6623273457445571,0.6987734684622213,0.06165430704943204,0.06109648441543625,0.05430765432973642,high,low,low,low,high,high,high_level-low_diversity,low_level-high_diversity,low_level-high_diversity,6,Renewable-energy transition,0,0,1,NA,0,1
330983937864,2,control,0,0,7,1,0.4117647058823529,5,5,12,49,not female,0,7,7,0,0,2,2,0,47,0,0,0,0,0,3309,0,0,0,NA,NA,NA,NA,NA,NA,NA,NA,NA,NA,NA,NA,NA,NA,NA,TRUE,0.7413916765083348,0.789159337361048,0.7804010218861719,0.10241942621354562,0.0157890349975273,0.03095681141515303,high,high,high,high,low,low,high_level-high_diversity,high_level-low_diversity,high_level-low_diversity,7,Renewable-energy transition,0,0,0,NA,0,0
330992489232,2,monetary,NA,1,4,1,0.7058823529411765,5,8,12,46,not female,0,4,5,1,1,2,3,1,283,0,0,0,0,0,8514,0,0,0,NA,NA,NA,NA,NA,NA,NA,NA,NA,NA,NA,NA,NA,NA,NA,TRUE,0.5119160885394669,0.5565853930452839,0.7771777574979656,0.16434679486330617,0.00640526317491231,0.03054207597172971,low,low,high,high,low,low,low_level-high_diversity,low_level-low_diversity,high_level-low_diversity,6,Renewable-energy transition,1,1,0,NA,0,1
331066087632,2,monetary,NA,1,7,0,0.8235294117647058,5,8,19,46,not female,1,7,7,0,0,1,3,2,722,5,1,2,3,4,14253,130,0.009120886830842629,0.008550207928341881,2,2,0.6870519106308407,0.733853872609057,0.7153771184026907,2,2,0.6870519106308407,0.733853872609057,0.7153771184026907,4,3,0.6842264839277047,0.701062502871291,0.6967594343834294,TRUE,0.7313873462560649,0.7412674715074302,0.7405522397226477,0.07380597065896224,0.0784536226433635,0.07034967430941805,high,high,high,low,high,high,high_level-low_diversity,high_level-high_diversity,high_level-high_diversity,6.5,Renewable-energy transition,0,0,5,0.6870519106308407,0,1
331199533980,2,control,0,0,7,1,0.8235294117647058,5,7,16,52,not female,0,7,6,-1,1,2,3,1,164,0,0,0,0,0,7436,0,0,0,NA,NA,NA,NA,NA,NA,NA,NA,NA,NA,NA,NA,NA,NA,NA,TRUE,0.7854052033534915,0.7891657410468744,0.7892488037400899,0.03522659414475967,0.02054878142324592,0.02005756116879714,high,high,high,low,low,low,high_level-low_diversity,high_level-low_diversity,high_level-low_diversity,5.5,Renewable-energy transition,1,-1,0,NA,0,0
331290572328,2,verbal,1,NA,4,NA,0.29411764705882354,4,5,18,53,female,0,4,6,2,2,2,2,0,648,0,0,0,0,0,24097,0,0,0,NA,NA,NA,NA,NA,NA,NA,NA,NA,NA,NA,NA,NA,NA,NA,TRUE,0.6656288337788328,NA,NA,0.0391379199263284,NA,NA,high,NA,NA,low,NA,NA,high_level-low_diversity,NA,NA,6,Renewable-energy transition,2,2,0,NA,1,0
331428197232,2,verbal,1,NA,7,NA,0.7647058823529411,4,3,17,66,not female,0,7,7,0,0,2,2,0,83,0,0,0,0,0,5600,0,0,0,NA,NA,NA,NA,NA,NA,NA,NA,NA,NA,NA,NA,NA,NA,NA,TRUE,0.7647347959104541,0.6323231735919301,0.7664450016571157,0.04230788069833433,0.0289364145144957,0.0377100481615196,high,low,high,low,low,low,high_level-low_diversity,low_level-low_diversity,high_level-low_diversity,5.5,Renewable-energy transition,0,0,0,NA,1,0
331497006264,2,monetary,NA,1,4,0,0.5882352941176471,3,6,12,60,female,0,4,2,-2,2,1,2,1,101,0,0,0,0,0,5912,0,0,0,NA,NA,NA,NA,NA,NA,NA,NA,NA,NA,NA,NA,NA,NA,NA,TRUE,0.5956709950270315,0.6131323391820038,0.7517832173624565,0.15721471861552355,0.04738117320351489,0.05855369236193368,low,low,high,high,low,high,low_level-high_diversity,low_level-low_diversity,high_level-high_diversity,6.5,Renewable-energy transition,2,-2,0,NA,0,1
331646387760,2,monetary,NA,1,7,1,0.8235294117647058,4,8,18,59,not female,1,7,5,-2,2,2,3,1,32,4,1,2,2,3,2151,468,0.2175732217573222,0.16133851461799814,NA,NA,NA,NA,NA,NA,NA,NA,NA,NA,2,1,0.668271133133525,0.668271133133525,0.6682711331335252,TRUE,0.6508699553480456,0.6972955999189964,0.6971986651571116,0.11626212831776311,0.01764155327674527,0.01805925771704031,low,high,low,high,low,low,low_level-high_diversity,high_level-low_diversity,low_level-low_diversity,5.5,Renewable-energy transition,2,-2,4,NA,0,1
331683325812,2,verbal,1,NA,2,1,0.35294117647058826,2,3,12,60,not female,0,2,4,2,2,2,3,1,8,0,0,0,0,0,273,0,0,0,NA,NA,NA,NA,NA,NA,NA,NA,NA,NA,NA,NA,NA,NA,NA,TRUE,0.6693062700713869,NA,0.728693231358026,0.04010932288054393,NA,NA,high,NA,high,low,NA,NA,high_level-low_diversity,NA,NA,NA,Renewable-energy transition,2,2,0,NA,1,0
332476016148,2,monetary,NA,1,7,0,0.5882352941176471,2,1,22,28,not female,1,7,7,0,0,1,2,1,62,7,1,3,4,5,37708,634,0.016813408295321946,0.11330776039979244,NA,NA,NA,NA,NA,NA,NA,NA,NA,NA,3,1,0.6682711331335249,0.668271133133525,0.668271133133525,TRUE,0.5721281502589877,0.6846187633926164,0.6854648053056439,0.14065249369253582,0.08980634021495355,0.08658692762772907,low,high,low,high,high,high,low_level-high_diversity,high_level-high_diversity,low_level-high_diversity,4.5,Renewable-energy transition,0,0,7,NA,0,1
332533810728,2,monetary,NA,1,5,1,0.8823529411764706,5,8,9,60,not female,0,5,5,0,0,3,2,-1,135,1,1,1,0,1,4981,14,0.0028106805862276652,0.007673063333073037,NA,NA,NA,NA,NA,NA,NA,NA,NA,NA,1,1,0.668271133133525,0.668271133133525,0.668271133133525,TRUE,0.7552793373699206,0.7751322739399219,0.7711923683018749,0.07414830531565865,0.03852550602055644,0.04052233965154294,high,high,high,low,low,low,high_level-low_diversity,high_level-low_diversity,high_level-low_diversity,7,Renewable-energy transition,0,0,1,NA,0,1
332541130212,2,verbal,1,NA,4,0,0.7647058823529411,4,8,15,48,not female,0,4,4,0,0,2,1,-1,19,0,0,0,0,0,537,0,0,0,NA,NA,NA,NA,NA,NA,NA,NA,NA,NA,NA,NA,NA,NA,NA,TRUE,0.7774178598014629,NA,0.7996498537806059,0.0906908000301899,NA,NA,high,NA,high,high,NA,NA,high_level-high_diversity,NA,NA,4,Renewable-energy transition,0,0,0,NA,1,0
332551598148,2,control,0,0,1,1,0.5882352941176471,5,8,12,36,not female,0,1,1,0,0,2,2,0,163,0,0,0,0,0,17747,0,0,0,NA,NA,NA,NA,NA,NA,NA,NA,NA,NA,NA,NA,NA,NA,NA,TRUE,0.41524919682176886,0.6758053177237612,0.7884939632765077,0.07291811683129712,0.04160381957777398,0.05877891709464807,low,high,high,low,low,high,low_level-low_diversity,high_level-low_diversity,high_level-high_diversity,4,Renewable-energy transition,0,0,0,NA,0,0
332579913696,2,verbal,1,NA,6,0,0.7058823529411765,5,5,13,26,not female,0,6,6,0,0,1,2,1,426,0,0,0,0,0,19914,0,0,0,NA,NA,NA,NA,NA,NA,NA,NA,NA,NA,NA,NA,NA,NA,NA,TRUE,0.702562960219,0.648355875595028,0.7551611208521078,0.06697435607235597,NA,0.07452519592069767,high,low,high,low,NA,high,high_level-low_diversity,NA,high_level-high_diversity,5.5,Renewable-energy transition,0,0,0,NA,1,0
332597764728,2,monetary,NA,1,2,0,0.5294117647058824,4,3,9,38,female,0,2,2,0,0,2,2,0,16,0,0,0,0,0,957,0,0,0,NA,NA,NA,NA,NA,NA,NA,NA,NA,NA,NA,NA,NA,NA,NA,TRUE,0.7317914332622949,0.6862450545897466,0.6862450545897466,0.08623765472455006,0.13174308224962866,0.13174308224962866,high,high,low,low,high,high,high_level-low_diversity,high_level-high_diversity,low_level-high_diversity,5,Renewable-energy transition,0,0,0,NA,0,1
332701188264,2,control,0,0,5,1,0.5882352941176471,4,3,13,23,not female,0,5,4,-1,1,1,3,2,3,0,0,0,0,0,273,0,0,0,NA,NA,NA,NA,NA,NA,NA,NA,NA,NA,NA,NA,NA,NA,NA,TRUE,0.6279870761779157,NA,NA,0.10093369458948837,NA,NA,low,NA,NA,high,NA,NA,low_level-high_diversity,NA,NA,4.5,Renewable-energy transition,1,-1,0,NA,0,0
332724581064,2,verbal,1,NA,6,1,0.7058823529411765,3,2,15,43,female,1,6,6,0,0,2,3,1,146,5,1,1,4,3,5491,142,0.025860498998360956,0.03513716088699883,NA,NA,NA,NA,NA,NA,NA,NA,NA,NA,1,1,0.668271133133525,0.668271133133525,0.668271133133525,TRUE,0.41804820414855826,0.6104871189654282,0.673432771039632,0.05698764698707704,0.12138214283278496,0.13355522851566454,low,low,low,low,high,high,low_level-low_diversity,low_level-high_diversity,low_level-high_diversity,5,Renewable-energy transition,0,0,5,NA,1,0
332734017528,2,verbal,1,NA,4,0,0.6470588235294118,5,8,12,63,not female,0,4,5,1,1,2,3,1,187,0,0,0,0,0,7415,0,0,0,NA,NA,NA,NA,NA,NA,NA,NA,NA,NA,NA,NA,NA,NA,NA,TRUE,0.7550073439202948,0.7613330647805714,0.7602608451417713,0.04762263398675558,0.04457840027733251,0.02608690013431223,high,high,high,low,low,low,high_level-low_diversity,high_level-low_diversity,high_level-low_diversity,6.5,Renewable-energy transition,1,1,0,NA,1,0
332796813516,2,control,0,0,4,NA,0.5882352941176471,3,1,11,51,not female,0,4,4,0,0,2,2,0,200,0,0,0,0,0,54129,0,0,0,NA,NA,NA,NA,NA,NA,NA,NA,NA,NA,NA,NA,NA,NA,NA,TRUE,0.7316281605072342,0.6257831715110224,0.7770254753260039,0.124218823492824,0.05642672326838223,0.02279108800094741,high,low,high,high,high,low,high_level-high_diversity,low_level-high_diversity,high_level-low_diversity,5.5,Renewable-energy transition,0,0,0,NA,0,0
332922253644,2,monetary,NA,1,4,0,0.17647058823529413,3,2,12,44,female,0,4,4,0,0,2,2,0,31,0,0,0,0,0,2589,0,0,0,NA,NA,NA,NA,NA,NA,NA,NA,NA,NA,NA,NA,NA,NA,NA,TRUE,0.48988721371771704,0.6760975103532186,0.603501101128377,0.11887758928053156,0.00419942947470685,0.02867393916442387,low,high,low,high,low,low,low_level-high_diversity,high_level-low_diversity,low_level-low_diversity,4.5,Renewable-energy transition,0,0,0,NA,0,1
332994146148,2,verbal,1,NA,6,1,0.6470588235294118,4,6,13,59,not female,0,6,7,1,1,2,2,0,14,0,0,0,0,0,674,0,0,0,NA,NA,NA,NA,NA,NA,NA,NA,NA,NA,NA,NA,NA,NA,NA,TRUE,0.6398355668215401,0.6448961454643741,0.6515901670214601,0.08864585752152557,0.02325797141534152,0.03843789641142617,low,low,low,high,low,low,low_level-high_diversity,low_level-low_diversity,low_level-low_diversity,5,Renewable-energy transition,1,1,0,NA,1,0
333073148148,2,control,0,0,4,0,0.47058823529411764,2,2,12,27,not female,0,4,4,0,0,1,1,0,5,0,0,0,0,0,571,0,0,0,NA,NA,NA,NA,NA,NA,NA,NA,NA,NA,NA,NA,NA,NA,NA,TRUE,0.5295911169295897,0.8169462162970371,0.705129613646681,0.07527738722979693,NA,0.03812914503318095,low,high,low,low,NA,low,low_level-low_diversity,NA,low_level-low_diversity,2.5,Renewable-energy transition,0,0,0,NA,0,0
333103718160,2,control,0,0,4,0,0.8823529411764706,4,8,16,51,not female,0,4,5,1,1,1,1,0,71,0,0,0,0,0,4350,0,0,0,NA,NA,NA,NA,NA,NA,NA,NA,NA,NA,NA,NA,NA,NA,NA,TRUE,0.6939010811783136,0.7760447001154238,0.7704164587285269,0.1548187476157123,0.04260913784699034,0.06010293252136724,high,high,high,high,low,high,high_level-high_diversity,high_level-low_diversity,high_level-high_diversity,5.5,Renewable-energy transition,1,1,0,NA,0,0
333186824160,2,control,0,0,4,1,0.5882352941176471,4,5,10,44,not female,1,4,4,0,0,2,2,0,341,2,1,0,2,1,11510,28,0.0024326672458731538,0.005369883460547066,NA,NA,NA,NA,NA,NA,NA,NA,NA,NA,NA,NA,NA,NA,NA,TRUE,0.6736132412398822,0.6896866098251175,0.6866237455045469,0.05307606209801198,0.07478793598620369,0.07477833700812477,high,high,low,low,high,high,high_level-low_diversity,high_level-high_diversity,low_level-high_diversity,4.5,Renewable-energy transition,0,0,2,NA,0,0
333303379128,2,monetary,NA,1,4,0,0.35294117647058826,4,8,20,60,female,0,4,4,0,0,2,2,0,248,0,0,0,0,0,13628,0,0,0,NA,NA,NA,NA,NA,NA,NA,NA,NA,NA,NA,NA,NA,NA,NA,TRUE,0.4272953812118561,0.716003717833404,0.7194797803118618,0.07581968096103985,NA,0.00633781971510314,low,high,high,low,NA,low,low_level-low_diversity,NA,high_level-low_diversity,7,Renewable-energy transition,0,0,0,NA,0,1
333367402896,2,control,0,0,5,0,0.35294117647058826,3,4,12,54,female,0,5,4,-1,1,2,1,-1,14,0,0,0,0,0,562,0,0,0,NA,NA,NA,NA,NA,NA,NA,NA,NA,NA,NA,NA,NA,NA,NA,TRUE,0.6797894427943982,0.6684374283400885,0.6800637976802432,0.03503687454243798,0.03056953650254625,0.03232646724569967,high,low,low,low,low,low,high_level-low_diversity,low_level-low_diversity,low_level-low_diversity,5.5,Renewable-energy transition,1,-1,0,NA,0,0
333382381812,2,control,0,0,7,1,0.9411764705882353,5,5,13,40,not female,0,7,7,0,0,2,2,0,66,0,0,0,0,0,4296,0,0,0,NA,NA,NA,NA,NA,NA,NA,NA,NA,NA,NA,NA,NA,NA,NA,TRUE,0.4697788937160266,0.6470936221350931,0.6860686888847484,0.11318322915404706,0.06604914355461515,0.03816949977816975,low,low,low,high,high,low,low_level-high_diversity,low_level-high_diversity,low_level-low_diversity,5.5,Renewable-energy transition,0,0,0,NA,0,0
333419387580,2,verbal,1,NA,5,0,0.6470588235294118,4,1,16,49,not female,1,5,5,0,0,2,3,1,187,3,1,2,1,2,7559,274,0.03624818097631962,0.022803305385724927,1,1,0.834070736611835,0.834070736611835,0.834070736611835,NA,NA,NA,NA,NA,3,2,0.8068408747267111,0.723537667626295,0.7534466192576645,TRUE,0.7703538258680657,0.7958233565494375,0.7955316931548009,0.06301787106280883,0.02280816132019779,0.02332730799085856,high,high,high,low,low,low,high_level-low_diversity,high_level-low_diversity,high_level-low_diversity,4.5,Renewable-energy transition,0,0,3,0.834070736611835,1,0
333509673528,2,verbal,1,NA,5,0,0.7647058823529411,4,6,21,43,not female,0,5,5,0,0,2,2,0,36,0,0,0,0,0,1752,0,0,0,NA,NA,NA,NA,NA,NA,NA,NA,NA,NA,NA,NA,NA,NA,NA,TRUE,0.4579525998697826,0.6448542218671576,0.7370920734998242,0.14728746131299292,0.06132122736814899,0.1423039239185152,low,low,high,high,high,high,low_level-high_diversity,low_level-high_diversity,high_level-high_diversity,4.5,Renewable-energy transition,0,0,0,NA,1,0
333524107980,2,verbal,1,NA,7,0,0.7058823529411765,3,7,13,47,female,0,7,4,-3,3,2,2,0,95,0,0,0,0,0,6624,0,0,0,NA,NA,NA,NA,NA,NA,NA,NA,NA,NA,NA,NA,NA,NA,NA,TRUE,0.6849613681150694,0.7013210486175314,0.6962452662655599,0.12304059938552564,0.0743136153609746,0.08463148238821526,high,high,low,high,high,high,high_level-high_diversity,high_level-high_diversity,low_level-high_diversity,NA,Renewable-energy transition,3,-3,0,NA,1,0
333621101232,2,verbal,1,NA,6,1,0.11764705882352941,4,3,20,65,not female,0,6,6,0,0,3,3,0,403,0,0,0,0,0,14057,0,0,0,NA,NA,NA,NA,NA,NA,NA,NA,NA,NA,NA,NA,NA,NA,NA,TRUE,0.3827716921219517,0.7026209507939236,0.7026209507939236,0.04706913188062713,0.06462206963953897,0.06462206963953897,low,high,low,low,high,high,low_level-low_diversity,high_level-high_diversity,low_level-high_diversity,5,Renewable-energy transition,0,0,0,NA,1,0
333644082264,2,verbal,1,NA,7,1,0.5294117647058824,3,5,10,49,not female,0,7,5,-2,2,2,2,0,34,0,0,0,0,0,2452,0,0,0,NA,NA,NA,NA,NA,NA,NA,NA,NA,NA,NA,NA,NA,NA,NA,TRUE,0.7535413378450424,0.7862527886203863,0.7655801299748811,0.08904026992155714,0.04893947596359056,0.07447680828508906,high,high,high,high,low,high,high_level-high_diversity,high_level-low_diversity,high_level-high_diversity,6,Renewable-energy transition,2,-2,0,NA,1,0
333757626264,2,control,0,0,2,1,0.7058823529411765,4,1,14,43,not female,0,2,1,-1,1,3,2,-1,323,0,0,0,0,0,9920,0,0,0,NA,NA,NA,NA,NA,NA,NA,NA,NA,NA,NA,NA,NA,NA,NA,TRUE,0.5635070281711216,0.6528033734422168,0.6573846901036575,0.12687527649250704,0.0377513763900553,0.03993123171096151,low,low,low,high,low,low,low_level-high_diversity,low_level-low_diversity,low_level-low_diversity,2.5,Renewable-energy transition,1,-1,0,NA,0,0
335424943296,2,verbal,1,NA,3,1,0.8235294117647058,4,8,12,47,female,0,3,4,1,1,2,3,1,18,0,0,0,0,0,990,0,0,0,NA,NA,NA,NA,NA,NA,NA,NA,NA,NA,NA,NA,NA,NA,NA,TRUE,0.6938685853670957,0.6573573441232615,0.6662295193009319,0.10163813469275508,0.06603854610939679,0.0811249649117802,high,low,low,high,high,high,high_level-high_diversity,low_level-high_diversity,low_level-high_diversity,4.5,Renewable-energy transition,1,1,0,NA,1,0
335891226096,2,control,0,0,5,0,0.23529411764705882,3,4,15,34,female,0,5,4,-1,1,2,2,0,59,0,0,0,0,0,619,0,0,0,NA,NA,NA,NA,NA,NA,NA,NA,NA,NA,NA,NA,NA,NA,NA,TRUE,0.5696712326849828,0.6625790952288936,0.6661054824165454,0.1329077938054001,0.04052964744407372,0.05765192848748982,low,low,low,high,low,high,low_level-high_diversity,low_level-low_diversity,low_level-high_diversity,5,Renewable-energy transition,1,-1,0,NA,0,0
335905795296,2,verbal,1,NA,6,NA,0.7058823529411765,3,3,17,50,female,1,6,6,0,0,2,3,1,269,3,1,1,2,2,10697,74,0.006917827428250912,0.011892238824146315,NA,NA,NA,NA,NA,NA,NA,NA,NA,NA,1,1,0.668271133133525,0.668271133133525,0.668271133133525,TRUE,0.5171373612643827,0.6473735029545291,0.7490880085251933,0.16296373314057164,0.08651890753601803,0.06825126511452413,low,low,high,high,high,high,low_level-high_diversity,low_level-high_diversity,high_level-high_diversity,5.5,Renewable-energy transition,0,0,3,NA,1,0
335907029232,2,monetary,NA,1,7,1,0.7058823529411765,3,8,19,31,not female,0,7,6,-1,1,2,2,0,160,0,0,0,0,0,3480,0,0,0,NA,NA,NA,NA,NA,NA,NA,NA,NA,NA,NA,NA,NA,NA,NA,TRUE,0.678610559676916,0.6855721805847093,0.7166827484604568,0.09734986504571554,0.052339598327315,0.0963262809899303,high,high,high,high,low,high,high_level-high_diversity,high_level-low_diversity,high_level-high_diversity,5.5,Renewable-energy transition,1,-1,0,NA,0,1
335939244948,2,monetary,NA,1,7,0,0.5294117647058824,2,1,11,52,female,0,7,7,0,0,1,2,1,67,0,0,0,0,0,5419,0,0,0,NA,NA,NA,NA,NA,NA,NA,NA,NA,NA,NA,NA,NA,NA,NA,TRUE,0.4315224157786765,0.6487531919337627,0.9147737412503604,0.1041003979291842,0.05089312523780876,0.07517274083914317,low,low,high,high,low,high,low_level-high_diversity,low_level-low_diversity,high_level-high_diversity,7,Renewable-energy transition,0,0,0,NA,0,1
335953130148,2,monetary,NA,1,6,1,0,3,4,12,44,female,0,6,7,1,1,1,3,2,34,0,0,0,0,0,2959,0,0,0,NA,NA,NA,NA,NA,NA,NA,NA,NA,NA,NA,NA,NA,NA,NA,TRUE,0.7369805667017706,0.7166086347163331,0.7119813401300009,0.0979363469084548,0.10043105211826914,0.09566708133617814,high,high,high,high,high,high,high_level-high_diversity,high_level-high_diversity,high_level-high_diversity,4.5,Renewable-energy transition,1,1,0,NA,0,1
336028571244,2,verbal,1,NA,6,NA,0.7058823529411765,3,8,13,46,not female,0,6,6,0,0,3,2,-1,211,0,0,0,0,0,5564,0,0,0,NA,NA,NA,NA,NA,NA,NA,NA,NA,NA,NA,NA,NA,NA,NA,TRUE,0.5737839470554561,0.6305982112996542,0.704959475251977,0.15844168372848447,0.04597008310665033,0.04220901891324574,low,low,low,high,low,low,low_level-high_diversity,low_level-low_diversity,low_level-low_diversity,4,Renewable-energy transition,0,0,0,NA,1,0
336050532432,2,monetary,NA,1,7,0,0.5882352941176471,3,7,18,62,female,1,7,7,0,0,1,2,1,466,7,1,1,6,2,41314,153,0.003703345113036743,0.017409309637939914,NA,NA,NA,NA,NA,NA,NA,NA,NA,NA,1,1,0.668271133133525,0.668271133133525,0.668271133133525,TRUE,0.7199365600924281,0.7426658400526981,0.7358215044905543,0.10367805184119666,0.09628031209003458,0.0999244132698414,high,high,high,high,high,high,high_level-high_diversity,high_level-high_diversity,high_level-high_diversity,5.5,Renewable-energy transition,0,0,7,NA,0,1
336066055128,2,control,0,0,7,0,0.9411764705882353,4,5,12,54,female,0,7,7,0,0,2,2,0,135,0,0,0,0,0,14523,0,0,0,NA,NA,NA,NA,NA,NA,NA,NA,NA,NA,NA,NA,NA,NA,NA,TRUE,0.6746602122942051,NA,0.728858942925592,0.117013446318928,NA,0.00292380749870129,high,NA,high,high,NA,low,high_level-high_diversity,NA,high_level-low_diversity,5.5,Renewable-energy transition,0,0,0,NA,0,0
336093073128,2,monetary,NA,1,5,0,0.5294117647058824,2,1,13,56,not female,0,5,4,-1,1,1,1,0,123,0,0,0,0,0,7316,0,0,0,NA,NA,NA,NA,NA,NA,NA,NA,NA,NA,NA,NA,NA,NA,NA,TRUE,0.6847599890021847,0.6740508990716017,0.6708257411985694,0.05783885530510853,0.02946181969876613,0.03562727988309253,high,high,low,low,low,low,high_level-low_diversity,high_level-low_diversity,low_level-low_diversity,4.5,Renewable-energy transition,1,-1,0,NA,0,1
336116947464,2,verbal,1,NA,5,0,0.5294117647058824,4,4,12,20,female,0,5,4,-1,1,3,2,-1,388,0,0,0,0,0,31992,0,0,0,NA,NA,NA,NA,NA,NA,NA,NA,NA,NA,NA,NA,NA,NA,NA,TRUE,0.6081166291999224,0.6513652295033855,0.6960664920839686,0.14058944205820795,0.02739627011501756,0.03747374666573912,low,low,low,high,low,low,low_level-high_diversity,low_level-low_diversity,low_level-low_diversity,5.5,Renewable-energy transition,1,-1,0,NA,1,0
336213594612,2,verbal,1,NA,5,1,0.8823529411764706,4,8,17,51,not female,0,5,4,-1,1,3,3,0,836,0,0,0,0,0,22869,0,0,0,NA,NA,NA,NA,NA,NA,NA,NA,NA,NA,NA,NA,NA,NA,NA,TRUE,0.741732708448705,0.6821345571853425,0.7726086029412853,0.10200046415226124,0.03131167439917883,0.01350524200277681,high,high,high,high,low,low,high_level-high_diversity,high_level-low_diversity,high_level-low_diversity,5,Renewable-energy transition,1,-1,0,NA,1,0
336220230780,2,control,0,0,3,0,0.5294117647058824,2,1,17,47,female,0,3,3,0,0,1,1,0,77,0,0,0,0,0,3284,0,0,0,NA,NA,NA,NA,NA,NA,NA,NA,NA,NA,NA,NA,NA,NA,NA,TRUE,0.6718494949042267,0.6587215558826643,0.7291922211261487,0.15193615621055223,0.06712138887751051,0.12540475121773606,high,low,high,high,high,high,high_level-high_diversity,low_level-high_diversity,high_level-high_diversity,NA,Renewable-energy transition,0,0,0,NA,0,0
336312157644,2,control,0,0,6,1,0.7647058823529411,5,8,18,50,female,0,6,6,0,0,3,3,0,722,0,0,0,0,0,13864,0,0,0,NA,NA,NA,NA,NA,NA,NA,NA,NA,NA,NA,NA,NA,NA,NA,TRUE,0.7108391325534108,0.6914247903960677,0.7189591950565728,0.06582250503425054,0.03627267727553044,0.04549478653786511,high,high,high,low,low,low,high_level-low_diversity,high_level-low_diversity,high_level-low_diversity,5.5,Renewable-energy transition,0,0,0,NA,0,0
336365716212,2,verbal,1,NA,7,1,0.8235294117647058,5,8,13,62,not female,0,7,7,0,0,2,2,0,4,0,0,0,0,0,88,0,0,0,NA,NA,NA,NA,NA,NA,NA,NA,NA,NA,NA,NA,NA,NA,NA,TRUE,0.647628790595164,0.6382620440157438,0.6475897543952049,0.06288946582427643,0.04483486825362041,0.06294248921027666,low,low,low,low,low,high,low_level-low_diversity,low_level-low_diversity,low_level-high_diversity,7,Renewable-energy transition,0,0,0,NA,1,0
336368866716,2,monetary,NA,1,5,1,0.8235294117647058,5,7,12,48,not female,0,5,4,-1,1,2,3,1,3,0,0,0,0,0,17,0,0,0,NA,NA,NA,NA,NA,NA,NA,NA,NA,NA,NA,NA,NA,NA,NA,TRUE,0.6037329447997746,0.6984108905668773,0.7192402617706989,0.1450416232139092,0.04367146700721598,0.03026595387253789,low,high,high,high,low,low,low_level-high_diversity,high_level-low_diversity,high_level-low_diversity,7,Renewable-energy transition,1,-1,0,NA,0,1
336385416780,2,verbal,1,NA,5,1,0.7647058823529411,4,1,17,67,not female,0,5,5,0,0,2,2,0,11,0,0,0,0,0,1199,0,0,0,NA,NA,NA,NA,NA,NA,NA,NA,NA,NA,NA,NA,NA,NA,NA,TRUE,0.6482462666517047,0.6643497294944596,0.6656423275609846,0.0979217182902182,0.05125314012402657,0.05205286899910596,low,low,low,high,low,low,low_level-high_diversity,low_level-low_diversity,low_level-low_diversity,6.5,Renewable-energy transition,0,0,0,NA,1,0
336436920612,2,verbal,1,NA,4,1,0.7058823529411765,4,5,16,58,not female,0,4,6,2,2,2,3,1,205,0,0,0,0,0,7653,0,0,0,NA,NA,NA,NA,NA,NA,NA,NA,NA,NA,NA,NA,NA,NA,NA,TRUE,0.6857316542231344,0.7100694517774881,0.7128634625259085,0.05317801420874501,0.07961466656296141,0.07584687558655435,high,high,high,low,high,high,high_level-low_diversity,high_level-high_diversity,high_level-high_diversity,7,Renewable-energy transition,2,2,0,NA,1,0
336439112148,2,control,0,0,4,1,0.8235294117647058,4,7,19,46,not female,0,4,5,1,1,2,2,0,174,0,0,0,0,0,9891,0,0,0,NA,NA,NA,NA,NA,NA,NA,NA,NA,NA,NA,NA,NA,NA,NA,TRUE,0.4778387577666171,0.6776962600076006,0.7451798214562063,0.15728709696644078,0.08450413920182753,0.03830201337117211,low,high,high,high,high,low,low_level-high_diversity,high_level-high_diversity,high_level-low_diversity,5,Renewable-energy transition,1,1,0,NA,0,0
336468520044,2,control,0,0,7,1,0.9411764705882353,5,6,17,65,not female,0,7,6,-1,1,3,2,-1,170,0,0,0,0,0,5934,0,0,0,NA,NA,NA,NA,NA,NA,NA,NA,NA,NA,NA,NA,NA,NA,NA,TRUE,0.8061111573077364,NA,0.8136382576039393,0.03221976355983529,NA,7.803919816072334e-4,high,NA,high,low,NA,low,high_level-low_diversity,NA,high_level-low_diversity,6,Renewable-energy transition,1,-1,0,NA,0,0
337361281632,2,monetary,NA,1,2,0,0.8235294117647058,4,1,5,49,female,1,2,6,4,4,1,3,2,418,6,1,2,4,3,16182,77,0.004758373501421332,0.01361438569682584,NA,NA,NA,NA,NA,NA,NA,NA,NA,NA,2,1,0.7996498537806062,0.799649853780606,0.7996498537806059,TRUE,0.6890782750789513,0.6764015944440098,0.6941991359931154,0.0407798440294765,0.01610595660633906,0.01486054164814275,high,high,low,low,low,low,high_level-low_diversity,high_level-low_diversity,low_level-low_diversity,4.5,Renewable-energy transition,4,4,6,NA,0,1
337439599632,2,verbal,1,NA,6,1,0.47058823529411764,4,3,12,56,female,0,6,6,0,0,3,3,0,218,0,0,0,0,0,18540,0,0,0,NA,NA,NA,NA,NA,NA,NA,NA,NA,NA,NA,NA,NA,NA,NA,TRUE,0.6316903418008079,0.6572200536662686,0.7200186781690557,0.15618362684960355,0.03518898653314786,0.07867326519427137,low,low,high,high,low,high,low_level-high_diversity,low_level-low_diversity,high_level-high_diversity,6,Renewable-energy transition,0,0,0,NA,1,0
337486379760,2,control,0,0,7,1,0.8823529411764706,5,8,12,62,not female,0,7,7,0,0,3,3,0,7,0,0,0,0,0,479,0,0,0,NA,NA,NA,NA,NA,NA,NA,NA,NA,NA,NA,NA,NA,NA,NA,TRUE,0.6469488703564614,0.6459711619492338,0.6526484555407306,0.10073098538670897,0.12278953176119987,0.1172648180777316,low,low,low,high,high,high,low_level-high_diversity,low_level-high_diversity,low_level-high_diversity,6,Renewable-energy transition,0,0,0,NA,0,0
337490487180,2,verbal,1,NA,5,0,0.6470588235294118,3,7,13,40,female,1,5,4,-1,1,1,2,1,214,1,1,0,1,1,13980,21,0.0015021459227467812,0.004415024715025162,NA,NA,NA,NA,NA,NA,NA,NA,NA,NA,NA,NA,NA,NA,NA,TRUE,0.7511798160529857,0.7207077280026407,0.7704522631981783,0.07798299297851621,0.03778768137293931,0.02879225324239617,high,high,high,low,low,low,high_level-low_diversity,high_level-low_diversity,high_level-low_diversity,NA,Renewable-energy transition,1,-1,1,NA,1,0
337491856548,2,monetary,NA,1,7,0,0.7058823529411765,4,4,17,52,not female,0,7,7,0,0,3,3,0,0,0,0,0,0,0,0,0,NA,NA,NA,NA,NA,NA,NA,NA,NA,NA,NA,NA,NA,NA,NA,NA,NA,TRUE,0.6052928397562413,0.6107103643797782,0.6077172708590698,0.03671838504826043,0.03332717585995984,0.03560076898179086,low,low,low,low,low,low,low_level-low_diversity,low_level-low_diversity,low_level-low_diversity,NA,Renewable-energy transition,0,0,0,NA,0,1
337500337464,2,control,0,0,5,1,0.8823529411764706,5,2,11,67,female,0,5,2,-3,3,3,4,1,261,0,0,0,0,0,6710,0,0,0,NA,NA,NA,NA,NA,NA,NA,NA,NA,NA,NA,NA,NA,NA,NA,TRUE,0.7520824480016252,0.6983438235410879,0.7522534536716402,0.05927795709276107,0.0567942478998176,0.05862165573207389,high,high,high,low,high,high,high_level-low_diversity,high_level-high_diversity,high_level-high_diversity,4.5,Renewable-energy transition,3,-3,0,NA,0,0
337523113296,2,control,0,0,7,1,0.5882352941176471,5,4,10,67,not female,0,7,4,-3,3,2,2,0,53,0,0,0,0,0,2526,0,0,0,NA,NA,NA,NA,NA,NA,NA,NA,NA,NA,NA,NA,NA,NA,NA,TRUE,0.7286932313580262,NA,0.7286932313580262,NA,NA,NA,high,NA,high,NA,NA,NA,NA,NA,NA,7,Renewable-energy transition,3,-3,0,NA,0,0
337563399528,2,monetary,NA,1,4,0,0.47058823529411764,2,5,13,33,female,0,4,7,3,3,2,2,0,23,0,0,0,0,0,1550,0,0,0,NA,NA,NA,NA,NA,NA,NA,NA,NA,NA,NA,NA,NA,NA,NA,TRUE,0.7117037286123091,0.7110843874168387,0.7129077089772426,0.08001534251779614,0.08038976840700657,0.08115956534299683,high,high,high,low,high,high,high_level-low_diversity,high_level-high_diversity,high_level-high_diversity,4,Renewable-energy transition,3,3,0,NA,0,1
337577011128,2,monetary,NA,1,7,1,0.8823529411764706,4,8,12,60,female,0,7,7,0,0,3,3,0,14,0,0,0,0,0,436,0,0,0,NA,NA,NA,NA,NA,NA,NA,NA,NA,NA,NA,NA,NA,NA,NA,TRUE,0.6505728202143491,0.5728917444296953,0.6441925636409341,0.06655339472963012,0.04358157293108045,0.09857424467196242,low,low,low,low,low,high,low_level-low_diversity,low_level-low_diversity,low_level-high_diversity,NA,Renewable-energy transition,0,0,0,NA,0,1
337689875232,2,verbal,1,NA,7,0,0.5882352941176471,2,8,10,44,not female,0,7,7,0,0,1,2,1,446,0,0,0,0,0,10237,0,0,0,NA,NA,NA,NA,NA,NA,NA,NA,NA,NA,NA,NA,NA,NA,NA,TRUE,0.6168394959870744,0.7003083552977254,0.7484253732664397,0.16130077834070655,0.06675550548451156,0.06934146276659874,low,high,high,high,high,high,low_level-high_diversity,high_level-high_diversity,high_level-high_diversity,3.5,Renewable-energy transition,0,0,0,NA,1,0
337823866728,2,monetary,NA,1,4,0,0.47058823529411764,3,8,12,58,not female,0,4,4,0,0,1,1,0,133,0,0,0,0,0,4963,0,0,0,NA,NA,NA,NA,NA,NA,NA,NA,NA,NA,NA,NA,NA,NA,NA,TRUE,0.8073543487362353,NA,0.8145563197085975,0.05306859787588286,NA,0.01169122876377106,high,NA,high,low,NA,low,high_level-low_diversity,NA,high_level-low_diversity,6,Renewable-energy transition,0,0,0,NA,0,1
337924757412,2,monetary,NA,1,5,0,0.4117647058823529,3,5,12,38,female,0,5,7,2,2,1,3,2,335,1,1,1,0,1,33239,15,4.512771142332802e-4,0.0026347174780538877,NA,NA,NA,NA,NA,NA,NA,NA,NA,NA,1,1,0.668271133133525,0.668271133133525,0.668271133133525,TRUE,0.3911645894334839,0.8140944834600109,0.7983572981066004,0.07616557382648667,0.02326938381343294,0.05967092374362512,low,high,high,low,low,high,low_level-low_diversity,high_level-low_diversity,high_level-high_diversity,6,Renewable-energy transition,2,2,1,NA,0,1
338387077116,2,control,0,0,7,0,0.29411764705882354,2,0,10,61,not female,0,7,7,0,0,1,2,1,244,0,0,0,0,0,6311,0,0,0,NA,NA,NA,NA,NA,NA,NA,NA,NA,NA,NA,NA,NA,NA,NA,TRUE,0.5070137481373902,0.6336804155245088,0.6019768101607919,0.147721057538074,0.03596361526373078,0.05146944152874649,low,low,low,high,low,low,low_level-high_diversity,low_level-low_diversity,low_level-low_diversity,NA,Renewable-energy transition,0,0,0,NA,0,0
338424079464,2,monetary,NA,1,5,0,0.7058823529411765,4,4,13,61,female,0,5,3,-2,2,2,2,0,408,0,0,0,0,0,13206,0,0,0,NA,NA,NA,NA,NA,NA,NA,NA,NA,NA,NA,NA,NA,NA,NA,TRUE,0.4187852504705832,0.6783823589632375,0.6699830739417326,0.05549211733306508,0.01097502040319762,0.03279568707830895,low,high,low,low,low,low,low_level-low_diversity,high_level-low_diversity,low_level-low_diversity,6,Renewable-energy transition,2,-2,0,NA,0,1
339334073748,2,verbal,1,NA,7,0,0.47058823529411764,3,4,15,21,female,0,7,7,0,0,1,2,1,0,0,0,0,0,0,0,0,NA,NA,NA,NA,NA,NA,NA,NA,NA,NA,NA,NA,NA,NA,NA,NA,NA,TRUE,0.3860180175452497,NA,0.799649853780606,0.056258143820972883,NA,NA,low,NA,high,low,NA,NA,low_level-low_diversity,NA,NA,5,Renewable-energy transition,0,0,0,NA,1,0
339468139116,2,verbal,1,NA,1,1,0.8235294117647058,5,8,10,38,not female,0,1,1,0,0,2,2,0,416,0,0,0,0,0,12984,0,0,0,NA,NA,NA,NA,NA,NA,NA,NA,NA,NA,NA,NA,NA,NA,NA,TRUE,0.7099006487891458,0.6860405304092043,0.7299911217025424,0.1031044105050778,0.04614647152670942,0.05489233912954623,high,high,high,high,low,high,high_level-high_diversity,high_level-low_diversity,high_level-high_diversity,4,Renewable-energy transition,0,0,0,NA,1,0
339473810844,2,control,0,0,5,0,0.23529411764705882,3,6,13,40,female,0,5,4,-1,1,2,2,0,129,0,0,0,0,0,2886,0,0,0,NA,NA,NA,NA,NA,NA,NA,NA,NA,NA,NA,NA,NA,NA,NA,TRUE,0.6936878172086309,0.69891244089859,0.6997077454596039,0.06352633768791296,0.06991356431255091,0.06920640079070765,high,high,low,low,high,high,high_level-low_diversity,high_level-high_diversity,low_level-high_diversity,6,Renewable-energy transition,1,-1,0,NA,0,0
339512253696,2,verbal,1,NA,5,NA,0.7058823529411765,4,8,12,55,not female,0,5,7,2,2,3,2,-1,118,0,0,0,0,0,6778,0,0,0,NA,NA,NA,NA,NA,NA,NA,NA,NA,NA,NA,NA,NA,NA,NA,TRUE,0.7164117283282532,0.6488375961589505,0.7271072147398902,0.02483030857530445,0.00230568043259721,0.01114641199307023,high,low,high,low,low,low,high_level-low_diversity,low_level-low_diversity,high_level-low_diversity,6.5,Renewable-energy transition,2,2,0,NA,1,0
339552675360,2,verbal,1,NA,4,1,0.8823529411764706,3,5,18,41,not female,0,4,4,0,0,2,2,0,19,0,0,0,0,0,607,0,0,0,NA,NA,NA,NA,NA,NA,NA,NA,NA,NA,NA,NA,NA,NA,NA,TRUE,0.697463707501056,0.6856325589193969,0.697463707501056,0.04964889707460249,0.05494228289425831,0.04964889707460249,high,high,low,low,high,low,high_level-low_diversity,high_level-high_diversity,low_level-low_diversity,5.5,Renewable-energy transition,0,0,0,NA,1,0
339559656264,2,monetary,NA,1,6,0,0.35294117647058826,2,3,14,31,female,0,6,6,0,0,1,2,1,13,0,0,0,0,0,294,0,0,0,NA,NA,NA,NA,NA,NA,NA,NA,NA,NA,NA,NA,NA,NA,NA,TRUE,0.6607600442439449,NA,0.6607600442439449,0.1299311037348023,NA,0.1299311037348023,low,NA,low,high,NA,high,low_level-high_diversity,NA,low_level-high_diversity,NA,Renewable-energy transition,0,0,0,NA,0,1
339572310264,2,monetary,NA,1,5,1,0.8823529411764706,4,1,18,42,female,0,5,4,-1,1,3,3,0,103,2,1,2,0,1,7833,27,0.0034469551895825352,0.01837979382866009,NA,NA,NA,NA,NA,NA,NA,NA,NA,NA,2,1,0.668271133133525,0.668271133133525,0.668271133133525,TRUE,0.5671937135578579,0.6837349429206045,0.678729451757526,0.13727526591105452,0.03159944423331419,0.04587626194948223,low,high,low,high,low,low,low_level-high_diversity,high_level-low_diversity,low_level-low_diversity,5.5,Renewable-energy transition,1,-1,2,NA,0,1
339637903812,2,control,0,0,7,1,0.8235294117647058,5,8,15,64,not female,0,7,7,0,0,2,2,0,117,0,0,0,0,0,7143,0,0,0,NA,NA,NA,NA,NA,NA,NA,NA,NA,NA,NA,NA,NA,NA,NA,TRUE,0.602510179392911,0.6969992624542664,0.6960046433307402,0.1429832581053966,0.07476297961640224,0.0740043185192884,low,high,low,high,high,high,low_level-high_diversity,high_level-high_diversity,low_level-high_diversity,6.5,Renewable-energy transition,0,0,0,NA,0,0
339838728948,2,monetary,NA,1,7,NA,0.5294117647058824,5,6,10,58,female,0,7,7,0,0,1,2,1,81,0,0,0,0,0,2882,0,0,0,NA,NA,NA,NA,NA,NA,NA,NA,NA,NA,NA,NA,NA,NA,NA,TRUE,0.6504989741646705,0.6359950487610436,0.6298840595433444,0.08093556961525901,0.06587001762623866,0.07029066306543139,low,low,low,low,high,high,low_level-low_diversity,low_level-high_diversity,low_level-high_diversity,7,Renewable-energy transition,0,0,0,NA,0,1
339941464380,2,verbal,1,NA,7,0,0.8235294117647058,3,3,14,58,female,0,7,5,-2,2,2,2,0,122,0,0,0,0,0,21515,0,0,0,NA,NA,NA,NA,NA,NA,NA,NA,NA,NA,NA,NA,NA,NA,NA,TRUE,0.427380463340492,0.6501598122189837,0.73406742533027,0.07927854088484106,0.01403677285256554,0.06542595033047637,low,low,high,low,low,high,low_level-low_diversity,low_level-low_diversity,high_level-high_diversity,7,Renewable-energy transition,2,-2,0,NA,1,0
339960888612,2,monetary,NA,1,4,NA,0.5294117647058824,5,8,13,45,not female,0,4,6,2,2,2,2,0,85,0,0,0,0,0,4146,0,0,0,NA,NA,NA,NA,NA,NA,NA,NA,NA,NA,NA,NA,NA,NA,NA,TRUE,0.6219052781940213,0.6418513404987954,0.655073863143837,0.1078401145285397,0.02559891795440216,0.06290304593661229,low,low,low,high,low,high,low_level-high_diversity,low_level-low_diversity,low_level-high_diversity,7,Renewable-energy transition,2,2,0,NA,0,1
340026146316,2,monetary,NA,1,4,0,0.4117647058823529,2,8,14,68,not female,0,4,4,0,0,1,2,1,5,0,0,0,0,0,342,0,0,0,NA,NA,NA,NA,NA,NA,NA,NA,NA,NA,NA,NA,NA,NA,NA,TRUE,0.6447328766969147,0.6250064375896417,0.62902755220107065,0.02766773646929297,0.02328928093919295,0.0256891806886955,low,low,low,low,low,low,low_level-low_diversity,low_level-low_diversity,low_level-low_diversity,5.5,Renewable-energy transition,0,0,0,NA,0,1
340120874160,2,control,0,0,6,1,0.5294117647058824,4,2,12,31,not female,0,6,5,-1,1,3,2,-1,87,0,0,0,0,0,2661,0,0,0,NA,NA,NA,NA,NA,NA,NA,NA,NA,NA,NA,NA,NA,NA,NA,TRUE,0.6933202750616708,0.6869694646135877,0.763335249855152,0.06950626039803877,0.0740941385374908,0.06325418421205022,high,high,high,low,high,high,high_level-low_diversity,high_level-high_diversity,high_level-high_diversity,6.5,Renewable-energy transition,1,-1,0,NA,0,0
340144885980,2,control,0,0,1,0,0.5882352941176471,3,6,13,36,not female,0,1,1,0,0,2,1,-1,196,0,0,0,0,0,64832,0,0,0,NA,NA,NA,NA,NA,NA,NA,NA,NA,NA,NA,NA,NA,NA,NA,TRUE,0.4584511567482716,0.7795159929489385,0.7604063743229221,0.13111070301049693,0.03985200377665712,0.03671153821664955,low,high,high,high,low,low,low_level-high_diversity,high_level-low_diversity,high_level-low_diversity,4,Renewable-energy transition,0,0,0,NA,0,0
340237222560,2,verbal,1,NA,6,1,0.7058823529411765,3,6,13,51,female,0,6,5,-1,1,2,3,1,143,0,0,0,0,0,15168,0,0,0,NA,NA,NA,NA,NA,NA,NA,NA,NA,NA,NA,NA,NA,NA,NA,TRUE,0.7393026245450645,0.6523448121228976,0.7437390370827964,0.07035573526767823,0.07148207590233911,0.06503952697952162,high,low,high,low,high,high,high_level-low_diversity,low_level-high_diversity,high_level-high_diversity,6.5,Renewable-energy transition,1,-1,0,NA,1,0
340243723296,2,verbal,1,NA,4,0,0.7058823529411765,3,0,11,44,not female,0,4,4,0,0,2,3,1,456,0,0,0,0,0,11480,0,0,0,NA,NA,NA,NA,NA,NA,NA,NA,NA,NA,NA,NA,NA,NA,NA,TRUE,0.7020100410361606,0.8303735756098448,0.7948097375333022,0.2004148153431959,0.02568035597287517,0.04974124445661135,high,high,high,high,low,low,high_level-high_diversity,high_level-low_diversity,high_level-low_diversity,4.5,Renewable-energy transition,0,0,0,NA,1,0
340245912780,2,monetary,NA,1,1,1,0.7647058823529411,5,8,13,63,female,1,1,1,0,0,2,2,0,403,6,1,0,6,1,11134,165,0.014819471887910904,0.017055801775379374,6,1,0.8136817944972581,0.813681794497258,0.813681794497258,6,1,0.8136817944972581,0.813681794497258,0.813681794497258,6,1,0.8136817944972581,0.813681794497258,0.813681794497258,TRUE,0.6460400602091921,0.6043107679862706,0.8081976640980929,0.19686962106196604,0.14043428876104128,0.03061378101232575,low,low,high,high,high,low,low_level-high_diversity,low_level-high_diversity,high_level-low_diversity,6.5,Renewable-energy transition,0,0,6,0.8136817944972581,0,1
340342218612,2,verbal,1,NA,5,0,0.11764705882352941,1,2,8,61,female,0,5,4,-1,1,1,1,0,236,0,0,0,0,0,11517,0,0,0,NA,NA,NA,NA,NA,NA,NA,NA,NA,NA,NA,NA,NA,NA,NA,TRUE,0.6761932898137217,NA,0.7329650287882579,0.12466482236872596,NA,0.01718954379200926,high,NA,high,high,NA,low,high_level-high_diversity,NA,high_level-low_diversity,6,Renewable-energy transition,1,-1,0,NA,1,0
340634619720,2,monetary,NA,1,7,1,0.7647058823529411,3,8,14,47,female,0,7,6,-1,1,2,3,1,51,0,0,0,0,0,4860,0,0,0,NA,NA,NA,NA,NA,NA,NA,NA,NA,NA,NA,NA,NA,NA,NA,TRUE,0.6755820592786528,0.6746538761985068,0.6740091375782729,0.07900830873120579,0.08057645069026298,0.07804487061091643,high,high,low,low,high,high,high_level-low_diversity,high_level-high_diversity,low_level-high_diversity,4,Renewable-energy transition,1,-1,0,NA,0,1
340635583476,2,monetary,NA,1,7,1,0.5882352941176471,5,7,16,36,female,1,7,5,-2,2,4,4,0,63,2,1,0,2,2,2350,106,0.0451063829787234,0.03932653532953563,1,1,0.8340707366118351,0.834070736611835,0.834070736611835,NA,NA,NA,NA,NA,1,1,0.8340707366118351,0.834070736611835,0.834070736611835,TRUE,0.6747559745225502,0.6840100754578688,0.6451945284917245,0.07567604192798863,0.0773278686738827,0.0285747130723319,high,high,low,low,high,low,high_level-low_diversity,high_level-high_diversity,low_level-low_diversity,6.5,Renewable-energy transition,2,-2,2,0.8340707366118351,0,1
340636960368,2,verbal,1,NA,7,1,0.6470588235294118,1,8,12,50,not female,0,7,7,0,0,1,1,0,656,0,0,0,0,0,30050,0,0,0,NA,NA,NA,NA,NA,NA,NA,NA,NA,NA,NA,NA,NA,NA,NA,TRUE,0.4491908857937542,0.6198322033436711,0.7016291116483319,0.11871485006699396,0.05724395679822852,0.07099265754054333,low,low,low,high,high,high,low_level-high_diversity,low_level-high_diversity,low_level-high_diversity,7,Renewable-energy transition,0,0,0,NA,1,0
340639446708,2,verbal,1,NA,3,1,0.5882352941176471,5,8,12,32,female,0,3,7,4,4,3,2,-1,10,0,0,0,0,0,695,0,0,0,NA,NA,NA,NA,NA,NA,NA,NA,NA,NA,NA,NA,NA,NA,NA,TRUE,0.6383936416057304,0.6419735631806982,0.6274214943777552,0.07436146578028395,0.03695049630235537,0.05970730456487502,low,low,low,low,low,high,low_level-low_diversity,low_level-low_diversity,low_level-high_diversity,6,Renewable-energy transition,4,4,0,NA,1,0
340640571888,2,monetary,NA,1,4,0,0.35294117647058826,4,2,15,44,female,1,4,5,1,1,2,2,0,387,4,1,2,2,3,10341,102,0.009863649550333623,0.016977294930985997,NA,NA,NA,NA,NA,NA,NA,NA,NA,NA,2,1,0.668271133133525,0.668271133133525,0.6682711331335252,TRUE,0.765513514382997,NA,0.7804464718774271,0.04238344083942613,NA,NA,high,NA,high,low,NA,NA,high_level-low_diversity,NA,NA,5,Renewable-energy transition,1,1,4,NA,0,1
340640814708,2,control,0,0,7,0,0.5882352941176471,3,0,19,45,female,0,7,4,-3,3,1,1,0,187,0,0,0,0,0,6724,0,0,0,NA,NA,NA,NA,NA,NA,NA,NA,NA,NA,NA,NA,NA,NA,NA,TRUE,0.6898154392426282,0.7106431168362699,0.7335871488593796,0.12838535698685608,0.06561412322458085,0.0543594528108705,high,high,high,high,high,high,high_level-high_diversity,high_level-high_diversity,high_level-high_diversity,NA,Renewable-energy transition,3,-3,0,NA,0,0
340640868744,2,verbal,1,NA,7,0,0.5882352941176471,4,4,18,35,female,0,7,7,0,0,1,2,1,2,0,0,0,0,0,8,0,0,0,NA,NA,NA,NA,NA,NA,NA,NA,NA,NA,NA,NA,NA,NA,NA,TRUE,0.7317304836611271,0.7317304836611271,0.705769170970334,0.03821401757684124,0.03821401757684124,NA,high,high,low,low,low,NA,high_level-low_diversity,high_level-low_diversity,NA,4,Renewable-energy transition,0,0,0,NA,1,0
340641067104,2,control,0,0,7,0,0.6470588235294118,2,6,12,35,female,0,7,6,-1,1,1,1,0,170,0,0,0,0,0,15295,0,0,0,NA,NA,NA,NA,NA,NA,NA,NA,NA,NA,NA,NA,NA,NA,NA,TRUE,0.41399802486892257,0.6499969710168051,0.6532024328489463,0.10127692453617314,0.05841232072543351,0.07151019530967295,low,low,low,high,high,high,low_level-high_diversity,low_level-high_diversity,low_level-high_diversity,NA,Renewable-energy transition,1,-1,0,NA,0,0
340641355068,2,verbal,1,NA,6,1,0.9411764705882353,5,8,15,64,not female,0,6,7,1,1,3,3,0,30,0,0,0,0,0,1120,0,0,0,NA,NA,NA,NA,NA,NA,NA,NA,NA,NA,NA,NA,NA,NA,NA,TRUE,0.7709437017965176,0.7736636632188904,0.762942080490602,0.0649434482120372,0.06276675893633828,0.06351680279949339,high,high,high,low,high,high,high_level-low_diversity,high_level-high_diversity,high_level-high_diversity,6,Renewable-energy transition,1,1,0,NA,1,0
340641934416,2,monetary,NA,1,4,0,0.17647058823529413,1,4,12,43,female,0,4,6,2,2,1,2,1,432,1,1,1,0,1,8875,77,0.00867605633802817,0.004874493057237785,NA,NA,NA,NA,NA,NA,NA,NA,NA,NA,1,1,0.668271133133525,0.668271133133525,0.668271133133525,TRUE,0.6876316613408667,NA,0.6921276831059422,0.03235649264754112,NA,NA,high,NA,low,low,NA,NA,high_level-low_diversity,NA,NA,4,Renewable-energy transition,2,2,1,NA,0,1
340642271628,2,verbal,1,NA,7,1,0.5882352941176471,3,6,10,55,not female,0,7,7,0,0,3,3,0,102,0,0,0,0,0,11812,0,0,0,NA,NA,NA,NA,NA,NA,NA,NA,NA,NA,NA,NA,NA,NA,NA,TRUE,0.6828722139288229,0.6804033958389452,0.6811388315018619,0.04865238855434002,0.038168952859341,0.04293988484620165,high,high,low,low,low,low,high_level-low_diversity,high_level-low_diversity,low_level-low_diversity,5.5,Renewable-energy transition,0,0,0,NA,1,0
340642298304,2,monetary,NA,1,7,1,0.7647058823529411,5,7,17,34,not female,1,7,7,0,0,2,2,0,250,8,1,4,4,6,9268,173,0.018666378938282262,0.03310537129496706,1,1,0.834070736611835,0.834070736611835,0.8340707366118351,NA,NA,NA,NA,NA,5,3,0.714084181463058,0.701431053829187,0.7077630411278515,TRUE,0.6372994972276635,0.687360122804116,0.6834633500232635,0.1882939189019618,0.1043686999869487,0.09833467817586176,low,high,low,high,high,high,low_level-high_diversity,high_level-high_diversity,low_level-high_diversity,5.5,Renewable-energy transition,0,0,8,0.834070736611835,0,1
340643476152,2,verbal,1,NA,7,0,0.6470588235294118,3,2,14,52,female,0,7,7,0,0,2,3,1,221,0,0,0,0,0,7015,0,0,0,NA,NA,NA,NA,NA,NA,NA,NA,NA,NA,NA,NA,NA,NA,NA,TRUE,0.66615748635521,0.6555648550586891,0.6699731070349466,0.02941317764830467,0.02272909742409989,0.06070386760797195,high,low,low,low,low,high,high_level-low_diversity,low_level-low_diversity,low_level-high_diversity,5.5,Renewable-energy transition,0,0,0,NA,1,0
340644139632,2,control,0,0,7,0,0.35294117647058826,2,1,15,63,female,0,7,7,0,0,1,2,1,956,0,0,0,0,0,14702,0,0,0,NA,NA,NA,NA,NA,NA,NA,NA,NA,NA,NA,NA,NA,NA,NA,FALSE,NA,NA,NA,NA,NA,NA,NA,NA,NA,NA,NA,NA,NA,NA,NA,NA,Renewable-energy transition,0,0,0,NA,0,0
340644762756,2,monetary,NA,1,7,1,0.47058823529411764,5,8,10,35,not female,0,7,7,0,0,2,3,1,24,0,0,0,0,0,7770,0,0,0,NA,NA,NA,NA,NA,NA,NA,NA,NA,NA,NA,NA,NA,NA,NA,TRUE,0.6810352843719443,0.6900936691765285,0.6756226294614689,0.0387038735058537,0.04597379160905462,0.00575466299770668,high,high,low,low,low,low,high_level-low_diversity,high_level-low_diversity,low_level-low_diversity,7,Renewable-energy transition,0,0,0,NA,0,1
340646687532,2,verbal,1,NA,7,1,0.7647058823529411,4,4,18,63,not female,0,7,6,-1,1,2,2,0,21,0,0,0,0,0,1265,0,0,0,NA,NA,NA,NA,NA,NA,NA,NA,NA,NA,NA,NA,NA,NA,NA,TRUE,0.7765513148909008,0.7051881841821789,0.7024589746853576,0.09067551338354132,0.09657631168197234,0.09016916277745532,high,high,low,high,high,high,high_level-high_diversity,high_level-high_diversity,low_level-high_diversity,5,Renewable-energy transition,1,-1,0,NA,1,0
340646807916,2,control,0,0,7,0,0.6470588235294118,3,8,13,55,female,0,7,4,-3,3,1,1,0,39,0,0,0,0,0,6902,0,0,0,NA,NA,NA,NA,NA,NA,NA,NA,NA,NA,NA,NA,NA,NA,NA,TRUE,0.4177793975366457,NA,0.8029514868904065,0.10300541071252292,NA,0.00595210373507758,low,NA,high,high,NA,low,low_level-high_diversity,NA,high_level-low_diversity,5,Renewable-energy transition,3,-3,0,NA,0,0
