model,topic,pid,wave,generic__Verantwortung,generic__Betroffenheit,generic__Moral,generic__Wirtschaftlichkeit,generic__Konflikt,issue__Finanzierung,issue__Buerokratie,issue__Armutsbekaempfung,issue__Bildungschancen,issue__Umsetzung,stance__pro,stance__ambivalent,stance__contra,issue__Regulierung,issue__Jugendschutz,issue__Gesundheit,issue__Kriminalitaet,issue__Freiheit
gbert,Child support,273726366948,post,0.9019610285758972,0.8661829829216003,0.7633688449859619,0.29453045129776,0.032743263989686966,0.8387464284896851,0.8219613432884216,0.7748084664344788,0.6852819919586182,0.20727752149105072,0.8499345779418945,0.11147424578666687,0.038591139018535614,,,,,
gbert,Child support,273908992896,post,0.7881913781166077,0.9609209895133972,0.7079275846481323,0.8172587752342224,0.9211257100105286,0.8337887525558472,0.39996740221977234,0.8613349795341492,0.8224855065345764,0.8417813181877136,0.28035247325897217,0.680439829826355,0.03920770436525345,,,,,
gbert,Child support,273971922264,pre,0.7573730945587158,0.9222841858863831,0.8258311152458191,0.5006265640258789,0.02129960060119629,0.3005377948284149,0.09721013158559799,0.8829779028892517,0.7630037665367126,0.03582620620727539,0.5705143213272095,0.4145123064517975,0.014973366633057594,,,,,
gbert,Child support,273971922264,post,0.6808164119720459,0.7456055879592896,0.3174245059490204,0.6860846281051636,0.5909659266471863,0.8311317563056946,0.25513821840286255,0.6931955218315125,0.4410799741744995,0.15222296118736267,0.7669044733047485,0.2075512856245041,0.025544263422489166,,,,,
gbert,Child support,273984233580,pre,0.8234348297119141,0.9022489190101624,0.6552679538726807,0.6958818435668945,0.6940776109695435,0.6399334073066711,0.729301393032074,0.4454634487628937,0.3858717978000641,0.196054607629776,0.060816023498773575,0.6846657395362854,0.2545182704925537,,,,,
gbert,Child support,273984233580,post,0.8545446991920471,0.824925422668457,0.7132807970046997,0.5606147050857544,0.84367835521698,0.7501031160354614,0.6406392455101013,0.7543210983276367,0.4493055045604706,0.34422174096107483,0.3757074773311615,0.4634641408920288,0.16082829236984253,,,,,
gbert,Child support,274024999980,pre,0.7529059648513794,0.7980433702468872,0.6364136934280396,0.7296229600906372,0.807121217250824,0.8233807682991028,0.2703428268432617,0.8967324495315552,0.8135074377059937,0.11737379431724548,0.5437358021736145,0.4382815659046173,0.01798262447118759,,,,,
gbert,Child support,274024999980,post,0.5294542908668518,0.8004190325737,0.46861228346824646,0.8750684261322021,0.8241840600967407,0.45858216285705566,0.8441510796546936,0.9754824042320251,0.6648075580596924,0.8156531453132629,0.5646288990974426,0.4211767315864563,0.014194400049746037,,,,,
gbert,Child support,274131498096,post,0.7688238024711609,0.8990514278411865,0.7297384142875671,0.7668598890304565,0.7980356216430664,0.31213685870170593,0.41724875569343567,0.9909945130348206,0.8039696216583252,0.602191686630249,0.5490763783454895,0.44056326150894165,0.010360395535826683,,,,,
gbert,Child support,274350928032,pre,0.5000526309013367,0.7253637313842773,0.8483041524887085,0.7868786454200745,0.5562195777893066,0.6366376876831055,0.7484914064407349,0.5435003042221069,0.49408429861068726,0.4872318506240845,0.39997410774230957,0.5550850033760071,0.04494086280465126,,,,,
gbert,Child support,274350928032,post,0.7954156994819641,0.8075286149978638,0.7521967887878418,0.8838984966278076,0.1115201860666275,0.6683846712112427,0.8007825613021851,0.8285338282585144,0.832834780216217,0.009692867286503315,0.31331637501716614,0.6488569378852844,0.037826668471097946,,,,,
gbert,Child support,274397163696,pre,0.7968236804008484,0.9119125008583069,0.6976491212844849,0.795209527015686,0.8342483639717102,0.7481980919837952,0.5301875472068787,0.4065912663936615,0.4350931942462921,0.767447292804718,0.11517133563756943,0.6513752937316895,0.2334534376859665,,,,,
gbert,Child support,274502024316,pre,0.6905542612075806,0.9380824565887451,0.7134178280830383,0.4009243845939636,0.7345553040504456,0.27331551909446716,0.4591684937477112,0.9969733357429504,0.8185744285583496,0.5490199327468872,0.6478315591812134,0.34040573239326477,0.011762786656618118,,,,,
gbert,Child support,274502024316,post,0.8365054726600647,0.8797296285629272,0.548790693283081,0.4989781975746155,0.8236073851585388,0.7583401799201965,0.7490813732147217,0.8868483901023865,0.9394071698188782,0.3972778022289276,0.753422737121582,0.23259727656841278,0.013979943469166756,,,,,
gbert,Child support,274518574380,pre,0.8586515188217163,0.9173038005828857,0.7818596959114075,0.7736050486564636,0.8917626142501831,0.5051219463348389,0.4538997709751129,0.9816420674324036,0.9141584634780884,0.6826415061950684,0.32112592458724976,0.6085395216941833,0.07033450901508331,,,,,
gbert,Child support,274518574380,post,0.8381167054176331,0.9084264039993286,0.6484647989273071,0.38462820649147034,0.8995655179023743,0.1519184708595276,0.3777157962322235,0.9193074703216553,0.07249033451080322,0.3544355034828186,0.2553479075431824,0.70339035987854,0.04126175120472908,,,,,
gbert,Child support,274526852832,pre,0.3895573318004608,0.8128365874290466,0.7989001870155334,0.8032094240188599,0.10356277227401733,0.6800031065940857,0.7938048243522644,0.2929333448410034,0.3340526223182678,0.4750933349132538,0.7344942092895508,0.23572108149528503,0.029784709215164185,,,,,
gbert,Child support,274526852832,post,0.3812788128852844,0.5516600608825684,0.6993071436882019,0.7102596759796143,0.6999157071113586,0.6944591403007507,0.6936646103858948,0.5647991299629211,0.3875885307788849,0.47196802496910095,0.690570592880249,0.2917570173740387,0.017672352492809296,,,,,
gbert,Child support,274533484212,pre,0.7406202554702759,0.8584142923355103,0.6240007877349854,0.6180808544158936,0.6138706803321838,0.4540652632713318,0.1757860630750656,0.8999589085578918,0.8696269392967224,0.003739672712981701,0.6015759110450745,0.38344618678092957,0.014977932907640934,,,,,
gbert,Child support,274533484212,post,0.7177562713623047,0.8083548545837402,0.8009788990020752,0.6779090762138367,0.4931233823299408,0.6790750026702881,0.6153135299682617,0.6089310050010681,0.6057892441749573,0.03374389559030533,0.4633846879005432,0.5178449749946594,0.01877036690711975,,,,,
gbert,Child support,274653049464,pre,0.8647921085357666,0.8595058917999268,0.8081128597259521,0.7999390363693237,0.7410997748374939,0.7740077972412109,0.8292795419692993,0.6900443434715271,0.5489262938499451,0.9690215587615967,0.3891545236110687,0.40097153186798096,0.20987391471862793,,,,,
gbert,Child support,274653049464,post,0.8400459289550781,0.8929484486579895,0.7073611617088318,0.7580979466438293,0.859968900680542,0.7061854004859924,0.7540329694747925,0.42190733551979065,0.6330950260162354,0.8635655045509338,0.4496532380580902,0.3546791672706604,0.1956675797700882,,,,,
gbert,Child support,274671650160,pre,0.8985975384712219,0.9085462689399719,0.7266843318939209,0.8581364154815674,0.7204777002334595,0.06630019098520279,0.15501239895820618,0.9982986450195312,0.7806951999664307,0.29202723503112793,0.36633628606796265,0.6215985417366028,0.012065183371305466,,,,,
gbert,Child support,274671650160,post,0.8597562909126282,0.8278354406356812,0.4581751823425293,0.7960007786750793,0.6408392190933228,0.4446678161621094,0.5142050385475159,0.9414587020874023,0.54803067445755,0.0011296903248876333,0.908716082572937,0.07796908169984818,0.013314745388925076,,,,,
gbert,Child support,274758455232,post,0.040675438940525055,0.0010498511837795377,0.12545126676559448,0.002498650224879384,0.006516668479889631,0.4431104063987732,0.05438623204827309,0.4568870961666107,0.3483699560165405,0.0010508984560146928,0.6424622535705566,0.3303864598274231,0.027151264250278473,,,,,
gbert,Child support,274788345348,post,0.5454543232917786,0.2785108685493469,0.4930061995983124,0.150223046541214,0.17247332632541656,0.43731462955474854,0.011383626610040665,0.5496603846549988,0.6188068985939026,0.0021128917578607798,0.44301462173461914,0.5422279834747314,0.014757332392036915,,,,,
gbert,Child support,274880751012,pre,0.6383218169212341,0.8069686889648438,0.4248221218585968,0.5379711985588074,0.587880551815033,0.02404562383890152,0.15699642896652222,0.9910287857055664,0.3006735146045685,0.20728862285614014,0.3465974032878876,0.628612756729126,0.02478981576859951,,,,,
gbert,Child support,274880751012,post,0.787885308265686,0.7988996505737305,0.4029690623283386,0.6212573647499084,0.7777182459831238,0.5464679002761841,0.20304559171199799,0.9882962107658386,0.6241257786750793,0.33897027373313904,0.3735348582267761,0.6137620210647583,0.012703084386885166,,,,,
gbert,Child support,274948399980,pre,0.7989085912704468,0.9211146235466003,0.7543457746505737,0.731110692024231,0.7212013602256775,0.14474299550056458,0.5402585864067078,0.9952806830406189,0.9223885536193848,0.6251896023750305,0.42020925879478455,0.44993698596954346,0.1298537701368332,,,,,
gbert,Child support,274948399980,post,0.9161313772201538,0.8898399472236633,0.6825219392776489,0.7815868258476257,0.565500795841217,0.2984618842601776,0.34847304224967957,0.9736565947532654,0.8968299031257629,0.6534126400947571,0.7072176933288574,0.28446486592292786,0.00831747055053711,,,,,
gbert,Child support,275780146716,post,0.6972364187240601,0.9187120795249939,0.7018833756446838,0.755595326423645,0.9313544034957886,0.9031134247779846,0.7803997993469238,0.41786709427833557,0.560111939907074,0.5391073822975159,0.012898065149784088,0.5057757496833801,0.4813261926174164,,,,,
gbert,Child support,275794438896,pre,0.6635050773620605,0.9416990876197815,0.6568436622619629,0.6890760660171509,0.9397352933883667,0.5766504406929016,0.47219717502593994,0.8110613226890564,0.9136775135993958,0.7779700756072998,0.18158607184886932,0.6108598709106445,0.20755405724048615,,,,,
gbert,Child support,275794438896,post,0.8516473174095154,0.9101121425628662,0.7748952507972717,0.5419433116912842,0.8984317183494568,0.858018159866333,0.4523240327835083,0.9777956008911133,0.9118080735206604,0.7705758213996887,0.3004894256591797,0.6349778175354004,0.06453277915716171,,,,,
gbert,Child support,275865368328,post,0.813019335269928,0.904160737991333,0.8064535856246948,0.7884814739227295,0.9333000183105469,0.837522029876709,0.7602180242538452,0.6209403276443481,0.6672199368476868,0.5973891019821167,0.2054884135723114,0.632011890411377,0.16249969601631165,,,,,
gbert,Child support,275910784560,pre,0.4811825752258301,0.8769056797027588,0.6250763535499573,0.8269009590148926,0.7500163912773132,0.3733126223087311,0.24547737836837769,0.9245966672897339,0.8299731016159058,0.6519065499305725,0.6768003702163696,0.27328720688819885,0.04991234838962555,,,,,
gbert,Child support,275910784560,post,0.359127402305603,0.9241984486579895,0.6891441345214844,0.4952172338962555,0.86906898021698,0.608644425868988,0.21187448501586914,0.9301334023475647,0.8826324939727783,0.10359036177396774,0.49242404103279114,0.48886817693710327,0.01870778203010559,,,,,
gbert,Child support,276109219116,pre,0.6511057019233704,0.8693457245826721,0.6630550622940063,0.6600465774536133,0.7188794612884521,0.6308430433273315,0.3177226781845093,0.9101084470748901,0.9101912975311279,0.23071317374706268,0.48341432213783264,0.48905688524246216,0.027528822422027588,,,,,
gbert,Child support,276109219116,post,0.8984307050704956,0.893481433391571,0.7617426514625549,0.7468547224998474,0.7629935145378113,0.6504669189453125,0.39042553305625916,0.9885656833648682,0.898176908493042,0.012082323431968689,0.6946713328361511,0.29507991671562195,0.010248738341033459,,,,,
gbert,Child support,276126931980,pre,0.3897683918476105,0.8880904316902161,0.4857567846775055,0.008942929096519947,0.8509346842765808,0.36912983655929565,0.003906907979398966,0.1479858011007309,0.08966759592294693,0.01563115231692791,0.43049123883247375,0.28361520171165466,0.28589358925819397,,,,,
gbert,Child support,276126931980,post,0.56813645362854,0.8642100691795349,0.7891398072242737,0.5673078298568726,0.9856137037277222,0.8039858937263489,0.7192227840423584,0.8243105411529541,0.5798749923706055,0.9701077342033386,0.010181638412177563,0.10735312849283218,0.8824651837348938,,,,,
gbert,Child support,276150871980,pre,0.8802638053894043,0.9090911746025085,0.712066650390625,0.7326076626777649,0.8702271580696106,0.42948561906814575,0.596697986125946,0.9956815838813782,0.9502135515213013,0.8689467906951904,0.5651227235794067,0.41279712319374084,0.02208022028207779,,,,,
gbert,Child support,276150871980,post,0.7347525954246521,0.8534764647483826,0.3510570526123047,0.6553151607513428,0.8984348773956299,0.5538800358772278,0.7483635544776917,0.2841914892196655,0.21340680122375488,0.7408875226974487,0.9149013757705688,0.0775856003165245,0.007513017393648624,,,,,
gbert,Child support,276190955064,pre,0.32860544323921204,0.8708321452140808,0.7333880066871643,0.6533566117286682,0.8727267980575562,0.689863383769989,0.09922356903553009,0.9814780354499817,0.7223204970359802,0.37585797905921936,0.5511904358863831,0.41570067405700684,0.03310893848538399,,,,,
gbert,Child support,276190955064,post,0.49364253878593445,0.8141763806343079,0.6120882034301758,0.6194394826889038,0.7494297623634338,0.8268986344337463,0.331656813621521,0.7627878189086914,0.4478464722633362,0.7694860696792603,0.07152339071035385,0.6767252683639526,0.2517513334751129,,,,,
gbert,Child support,276272487864,pre,0.14508096873760223,0.001372945960611105,0.08662425726652145,0.04310127720236778,0.16945287585258484,0.2861942648887634,0.10599014908075333,0.14694680273532867,0.17836585640907288,0.003960528876632452,0.11344819515943527,0.7788368463516235,0.10771496593952179,,,,,
gbert,Child support,276272487864,post,0.3292125463485718,0.03374885767698288,0.2986350357532501,0.476279616355896,0.7229526042938232,0.4357776939868927,0.38030534982681274,0.4531573951244354,0.3882193863391876,0.06302357465028763,0.16577506065368652,0.7855042815208435,0.04872065782546997,,,,,
gbert,Child support,276321326148,pre,0.6749281883239746,0.8076170086860657,0.7282196879386902,0.7615774273872375,0.8879842162132263,0.7424363493919373,0.7979550361633301,0.538737416267395,0.46504518389701843,0.48929664492607117,0.11375154554843903,0.667738139629364,0.21851029992103577,,,,,
gbert,Child support,276321326148,post,0.8736798763275146,0.9592154622077942,0.8261838555335999,0.8763409852981567,0.9288368225097656,0.9001659750938416,0.7000845074653625,0.9802577495574951,0.8370426297187805,0.6245245933532715,0.19110849499702454,0.5748273134231567,0.2340642213821411,,,,,
gbert,Child support,276479328780,pre,0.5141087770462036,0.9543694257736206,0.6034177541732788,0.13781851530075073,0.39244651794433594,0.07110416889190674,0.1491456925868988,0.9944841861724854,0.9749761819839478,0.20104166865348816,0.7369731068611145,0.25176483392715454,0.011262046173214912,,,,,
gbert,Child support,276479328780,post,0.9207460284233093,0.921581506729126,0.7339446544647217,0.6778783798217773,0.3371622562408447,0.01911103166639805,0.06394495069980621,0.991725742816925,0.9407451748847961,0.7420998215675354,0.46416017413139343,0.5211358070373535,0.014703991822898388,,,,,
gbert,Child support,276821393760,pre,0.8378266096115112,0.815843939781189,0.502651035785675,0.7234538197517395,0.8748263716697693,0.7008951902389526,0.38291940093040466,0.988710343837738,0.8918155431747437,0.7062716484069824,0.11906074732542038,0.6793542504310608,0.20158502459526062,,,,,
gbert,Child support,276821393760,post,0.851227879524231,0.90067458152771,0.7629171013832092,0.8085903525352478,0.9112726449966431,0.8010998368263245,0.5515842437744141,0.7154138088226318,0.7568656802177429,0.6315677762031555,0.1727299839258194,0.6843919157981873,0.14287814497947693,,,,,
gbert,Child support,277792883064,pre,0.9083825945854187,0.8927482962608337,0.6581962704658508,0.7567235827445984,0.7865445017814636,0.27803918719291687,0.6710746884346008,0.9533780217170715,0.8410458564758301,0.5109305381774902,0.7546554803848267,0.23774927854537964,0.007595209404826164,,,,,
gbert,Child support,277792883064,post,0.8763402104377747,0.9039696455001831,0.753258228302002,0.6104776859283447,0.7309409379959106,0.4676010310649872,0.44793057441711426,0.997028648853302,0.7794263958930969,0.025840507820248604,0.6621153354644775,0.3170560896396637,0.02082851156592369,,,,,
gbert,Child support,277902182844,pre,0.6883262991905212,0.8752835392951965,0.7121264934539795,0.8088062405586243,0.8145387172698975,0.5687943696975708,0.44201740622520447,0.8991047739982605,0.7715230584144592,0.4121937155723572,0.4638867974281311,0.5074077248573303,0.028705526143312454,,,,,
gbert,Child support,277948352160,pre,0.336770236492157,0.804931640625,0.5434814691543579,0.3518691658973694,0.6823394894599915,0.3767474293708801,0.03801156207919121,0.8882615566253662,0.43216314911842346,0.02943437173962593,0.9239883422851562,0.06693805009126663,0.009073606692254543,,,,,
gbert,Child support,277948352160,post,0.6115731596946716,0.3755621910095215,0.7150099277496338,0.5263797044754028,0.007793276105076075,0.46024200320243835,0.09335850179195404,0.5381515622138977,0.4478903114795685,0.09773391485214233,0.5223613381385803,0.4609068036079407,0.016731837764382362,,,,,
gbert,Child support,277955127180,pre,0.8412273526191711,0.8700287342071533,0.7746701240539551,0.7002041339874268,0.7478721141815186,0.7798680663108826,0.11792945861816406,0.9707058668136597,0.8063672780990601,0.071168452501297,0.5118806958198547,0.471600204706192,0.01651909202337265,,,,,
gbert,Child support,277955127180,post,0.8709297180175781,0.9013888239860535,0.8781090974807739,0.5190836787223816,0.15457968413829803,0.32540345191955566,0.2946825623512268,0.8491289615631104,0.8413577675819397,0.28761714696884155,0.48029831051826477,0.5065621137619019,0.013139543123543262,,,,,
gbert,Child support,277967714148,pre,0.7951644062995911,0.8551812767982483,0.6388989090919495,0.5690314173698425,0.3196288049221039,0.5520955324172974,0.3526758849620819,0.8835939764976501,0.8848394155502319,0.1395016312599182,0.5286190509796143,0.45890024304389954,0.0124807795509696,,,,,
gbert,Child support,277967714148,post,0.8269888758659363,0.9048824310302734,0.6656309962272644,0.8354619145393372,0.5656740069389343,0.3287888765335083,0.3527015149593353,0.9304122924804688,0.9548274278640747,0.43630897998809814,0.7295771241188049,0.25510430335998535,0.015318515710532665,,,,,
gbert,Child support,278016416316,pre,0.7832374572753906,0.8380069732666016,0.8521983027458191,0.8736026287078857,0.8755291104316711,0.8360797762870789,0.5449064373970032,0.7768842577934265,0.8196958899497986,0.5104841589927673,0.2983003556728363,0.552432656288147,0.1492670476436615,,,,,
gbert,Child support,278016416316,post,0.5492562055587769,0.9120466709136963,0.6854305267333984,0.42316874861717224,0.9478526711463928,0.652631938457489,0.4690406322479248,0.6543322801589966,0.43815553188323975,0.6561321020126343,0.050600118935108185,0.4906848967075348,0.45871502161026,,,,,
gbert,Child support,278076262896,pre,0.20608659088611603,0.8311098217964172,0.6620303392410278,0.7347199320793152,0.94566410779953,0.7547391653060913,0.3304159939289093,0.9944422245025635,0.9750947952270508,0.4656316339969635,0.8772522807121277,0.111472487449646,0.011275215074419975,,,,,
gbert,Child support,278076262896,post,0.3210044801235199,0.8848373889923096,0.5827814340591431,0.5715751647949219,0.7288348078727722,0.3659297823905945,0.45943915843963623,0.9929491877555847,0.522406280040741,0.3054981529712677,0.3476281762123108,0.5977259874343872,0.054645899683237076,,,,,
gbert,Child support,278168810148,pre,0.34803181886672974,0.5462989807128906,0.5614543557167053,0.6422027349472046,0.7472881078720093,0.5548991560935974,0.6371501684188843,0.33879196643829346,0.4337214529514313,0.20177192986011505,0.1918417364358902,0.6752235293388367,0.13293471932411194,,,,,
gbert,Child support,278168810148,post,0.31740275025367737,0.28089284896850586,0.6539963483810425,0.20159175992012024,0.5128505229949951,0.6905063986778259,0.11111230403184891,0.609136700630188,0.2789406478404999,0.16972649097442627,0.5575853586196899,0.37553179264068604,0.06688287854194641,,,,,
gbert,Child support,278441178948,pre,0.4398123323917389,0.8740624189376831,0.4553930163383484,0.5131546258926392,0.5982629656791687,0.25237059593200684,0.29083549976348877,0.9885446429252625,0.9409489631652832,0.1925477832555771,0.41053733229637146,0.551982581615448,0.03748001903295517,,,,,
gbert,Child support,278441178948,post,0.15394970774650574,0.9173317551612854,0.12486632168292999,0.5449104905128479,0.384274423122406,0.05299455672502518,0.35546520352363586,0.994531512260437,0.922850489616394,0.2391083538532257,0.3381282091140747,0.6316592693328857,0.030212560668587685,,,,,
gbert,Child support,278572228560,pre,0.3235129117965698,0.8720283508300781,0.8366778492927551,0.7981539368629456,0.9588940143585205,0.38942888379096985,0.5335204005241394,0.5642399787902832,0.8544366955757141,0.8749960064888,0.048221830278635025,0.5034409165382385,0.44833725690841675,,,,,
gbert,Child support,278572228560,post,0.6518727540969849,0.8480034470558167,0.5011329650878906,0.5376831293106079,0.5907743573188782,0.21809035539627075,0.08619097620248795,0.9123014211654663,0.9419273138046265,0.005893586669117212,0.8768703937530518,0.1171111911535263,0.006018465850502253,,,,,
gbert,Child support,278622229644,pre,0.8872549533843994,0.8656805753707886,0.8609042763710022,0.796958327293396,0.8582220077514648,0.7466579675674438,0.5648379921913147,0.9853146076202393,0.740523099899292,0.8880159854888916,0.5212025046348572,0.45871639251708984,0.02008107490837574,,,,,
gbert,Child support,278622229644,post,0.9071907997131348,0.564348042011261,0.7499567866325378,0.5813051462173462,0.7861466407775879,0.6234919428825378,0.34437325596809387,0.5808151364326477,0.5117285251617432,0.0859500840306282,0.8442980051040649,0.14633676409721375,0.00936523824930191,,,,,
gbert,Child support,278633794032,pre,0.7330126762390137,0.9557264447212219,0.8498546481132507,0.38520294427871704,0.936154842376709,0.7678775191307068,0.1497848778963089,0.8574905395507812,0.8891672492027283,0.7697599530220032,0.24730035662651062,0.621460497379303,0.13123922049999237,,,,,
gbert,Child support,278633794032,post,0.6593877077102661,0.9224970936775208,0.7467515468597412,0.4869098961353302,0.9170862436294556,0.785664975643158,0.36238840222358704,0.8168631196022034,0.7888496518135071,0.8206050992012024,0.09766651690006256,0.5665717124938965,0.33576175570487976,,,,,
gbert,Child support,278659579464,post,0.7638660073280334,0.710377037525177,0.6518284678459167,0.7395513653755188,0.9147725105285645,0.800500214099884,0.6618202328681946,0.7597523927688599,0.6235784888267517,0.27237212657928467,0.1985483318567276,0.740902841091156,0.06054878607392311,,,,,
gbert,Child support,278660944728,pre,0.7561467885971069,0.8638511300086975,0.5487253069877625,0.6902583241462708,0.8950484991073608,0.3153854012489319,0.2776801586151123,0.9848962426185608,0.968382716178894,0.46011075377464294,0.37115952372550964,0.6147119402885437,0.01412855926901102,,,,,
gbert,Child support,278660944728,post,0.8174375891685486,0.8743976950645447,0.4155493378639221,0.7350570559501648,0.818516731262207,0.15477867424488068,0.39111974835395813,0.9829694032669067,0.8335016965866089,0.03944050148129463,0.6844723224639893,0.2984386682510376,0.017089009284973145,,,,,
gbert,Child support,278693504496,pre,0.5769665837287903,0.8843629956245422,0.7359737753868103,0.6380037665367126,0.5485931634902954,0.3164283335208893,0.5656835436820984,0.6336526274681091,0.5111545324325562,0.011660574935376644,0.41630691289901733,0.5660973191261292,0.01759575866162777,,,,,
gbert,Child support,278693504496,post,0.6635739803314209,0.8723756670951843,0.5973566770553589,0.5423830151557922,0.6515779495239258,0.6662037968635559,0.38676339387893677,0.674254834651947,0.22477729618549347,0.014042874798178673,0.6475334167480469,0.3358902931213379,0.01657634600996971,,,,,
gbert,Child support,278872026444,pre,0.6004515886306763,0.9316380620002747,0.7691512703895569,0.3077610433101654,0.7703101634979248,0.48264995217323303,0.2010844647884369,0.9933343529701233,0.8433731198310852,0.2120371162891388,0.5571866035461426,0.4301414489746094,0.0126720005646348,,,,,
gbert,Child support,278872026444,post,0.5622976422309875,0.9091544151306152,0.6695995330810547,0.463960736989975,0.8961346745491028,0.1485973298549652,0.22023600339889526,0.9945340752601624,0.9802531599998474,0.5139387249946594,0.7010846734046936,0.2891564667224884,0.009758845902979374,,,,,
gbert,Child support,278911290096,pre,0.4697069823741913,0.9307094216346741,0.6877250671386719,0.6305740475654602,0.9253705739974976,0.5008033514022827,0.4246947765350342,0.2646350562572479,0.6400341987609863,0.8937443494796753,0.013064220547676086,0.8830931186676025,0.10384266078472137,,,,,
gbert,Child support,278911290096,post,0.373186320066452,0.8475794196128845,0.5511338710784912,0.4613696336746216,0.9635431170463562,0.6883041262626648,0.6515004634857178,0.7567817568778992,0.829571008682251,0.7107158899307251,0.08520662039518356,0.6578646898269653,0.2569286823272705,,,,,
gbert,Child support,279013821696,pre,0.2654651701450348,0.9168848991394043,0.10576646775007248,0.9066106677055359,0.7326012253761292,0.6127176284790039,0.4705376625061035,0.8671242594718933,0.4679899513721466,0.3071519136428833,0.5321044921875,0.370140016078949,0.0977555364370346,,,,,
gbert,Child support,279013821696,post,0.49685633182525635,0.8788787126541138,0.8143055438995361,0.4713243544101715,0.6988499164581299,0.15348245203495026,0.08971892297267914,0.9890726804733276,0.8499531745910645,0.6312441229820251,0.25658929347991943,0.6924448013305664,0.05096584931015968,,,,,
gbert,Child support,280442421360,pre,0.6870043873786926,0.8530117273330688,0.6780547499656677,0.6832119822502136,0.8548890948295593,0.13637763261795044,0.4464150369167328,0.9425265192985535,0.9319599866867065,0.4587920606136322,0.4503266513347626,0.5344176292419434,0.015255723148584366,,,,,
gbert,Child support,280442421360,post,0.8936965465545654,0.853766679763794,0.4103856682777405,0.7084656357765198,0.6361125707626343,0.07822249084711075,0.1984397917985916,0.9952892661094666,0.4286755919456482,0.35721084475517273,0.6312374472618103,0.34949496388435364,0.019267594441771507,,,,,
gbert,Child support,280499878728,pre,0.6073612570762634,0.4572424590587616,0.6008935570716858,0.7362063527107239,0.7638066411018372,0.6791895627975464,0.7150536775588989,0.4389173090457916,0.34607863426208496,0.2752169072628021,0.019285211339592934,0.9212053418159485,0.05950944498181343,,,,,
gbert,Child support,280499878728,post,0.693263590335846,0.4603191912174225,0.26461073756217957,0.8846525549888611,0.34784597158432007,0.6819137930870056,0.9109249711036682,0.2768747806549072,0.09002429246902466,0.08247493952512741,0.477697491645813,0.4915871322154999,0.030715450644493103,,,,,
gbert,Child support,280752412212,pre,0.7757975459098816,0.9149243831634521,0.6207444071769714,0.7259488701820374,0.8500050902366638,0.4945301115512848,0.6705542206764221,0.5690309405326843,0.7869037985801697,0.6771635413169861,0.3827202022075653,0.6059979200363159,0.011281905695796013,,,,,
gbert,Child support,280752412212,post,0.5123505592346191,0.8691720962524414,0.60244220495224,0.7704539895057678,0.9011822938919067,0.557725191116333,0.6206934452056885,0.45358893275260925,0.7274678945541382,0.8652251362800598,0.02896396443247795,0.3998052179813385,0.5712308287620544,,,,,
gbert,Child support,281166779412,post,0.5323861241340637,0.8943606615066528,0.49557483196258545,0.6167333722114563,0.8461180329322815,0.9017777442932129,0.6759365200996399,0.10006324201822281,0.36146095395088196,0.6105507612228394,0.04032303765416145,0.6359193921089172,0.3237575888633728,,,,,
gbert,Child support,281236409928,pre,0.8064370155334473,0.9108158946037292,0.6264554858207703,0.6929048299789429,0.9166079163551331,0.7187095880508423,0.6456798315048218,0.9061347842216492,0.9162395000457764,0.7944663166999817,0.3062747120857239,0.5829352736473083,0.11079001426696777,,,,,
gbert,Child support,281236409928,post,0.7326431274414062,0.8398886322975159,0.36616256833076477,0.5908523201942444,0.8325924277305603,0.553831160068512,0.26975852251052856,0.979981541633606,0.8151746392250061,0.433416485786438,0.8412328362464905,0.1527356505393982,0.006031464785337448,,,,,
gbert,Child support,281257755516,post,0.8813596367835999,0.9498196840286255,0.7445489168167114,0.6786239743232727,0.9555577635765076,0.952655017375946,0.09278196841478348,0.8896093964576721,0.7969922423362732,0.8071566224098206,0.03237760066986084,0.5318809151649475,0.43574151396751404,,,,,
gbert,Child support,281279369916,post,0.8250530362129211,0.8754991292953491,0.6339954733848572,0.6668420433998108,0.7365984320640564,0.9447477459907532,0.3472645580768585,0.3931446075439453,0.572409451007843,0.07180369645357132,0.4402957558631897,0.5267431139945984,0.03296105936169624,,,,,
gbert,Child support,281337505812,pre,0.406327486038208,0.806184709072113,0.7709637880325317,0.3979479670524597,0.796908974647522,0.21279917657375336,0.6443513035774231,0.9686306715011597,0.9714320302009583,0.3482189178466797,0.5919014811515808,0.3926040232181549,0.015494473278522491,,,,,
gbert,Child support,281337505812,post,0.5789205431938171,0.7743403911590576,0.4685570001602173,0.34731894731521606,0.6121057868003845,0.37510278820991516,0.508745551109314,0.9547390937805176,0.32611963152885437,0.077416330575943,0.6439538598060608,0.34414300322532654,0.011903146281838417,,,,,
gbert,Child support,281345780160,post,0.8177988529205322,0.8577331304550171,0.7621821761131287,0.6333155035972595,0.511588990688324,0.7019667029380798,0.6936537027359009,0.35505545139312744,0.14440789818763733,0.1489013284444809,0.9101920127868652,0.08307410031557083,0.006733897142112255,,,,,
gbert,Child support,281408440032,post,0.7670509815216064,0.8985496759414673,0.8606311082839966,0.6740329265594482,0.8435590863227844,0.520470380783081,0.38285624980926514,0.8775302767753601,0.9517689943313599,0.3285180330276489,0.4714152216911316,0.4832945764064789,0.045290201902389526,,,,,
gbert,Child support,281426425812,pre,0.7559496760368347,0.9471312165260315,0.8283537030220032,0.749767005443573,0.8554404377937317,0.6737615466117859,0.35375848412513733,0.9531175494194031,0.8576728105545044,0.4941953420639038,0.23737049102783203,0.5882924199104309,0.17433714866638184,,,,,
gbert,Child support,281426425812,post,0.84847092628479,0.8779356479644775,0.18922793865203857,0.6686236262321472,0.12621138989925385,0.09467471390962601,0.024455275386571884,0.9977150559425354,0.005917311646044254,0.4951332211494446,0.5415303111076355,0.4459441304206848,0.012525582686066628,,,,,
gbert,Child support,281433058560,pre,0.2539178729057312,0.8125770092010498,0.7491970658302307,0.48313307762145996,0.9374799728393555,0.8767017126083374,0.15674445033073425,0.9982945919036865,0.6958102583885193,0.10000312328338623,0.47536906599998474,0.5134219527244568,0.011209026910364628,,,,,
gbert,Child support,281433058560,post,0.35408881306648254,0.8137727379798889,0.586841881275177,0.37886738777160645,0.841728150844574,0.049521926790475845,0.43822166323661804,0.9840016961097717,0.8381216526031494,0.024253912270069122,0.4552094638347626,0.5207775235176086,0.024013040587306023,,,,,
gbert,Child support,281464595748,pre,0.5828941464424133,0.8877673745155334,0.7446483373641968,0.7915840744972229,0.7850010991096497,0.6735413074493408,0.7754828333854675,0.5869720578193665,0.30771467089653015,0.5015504360198975,0.5929405689239502,0.375876784324646,0.031182607635855675,,,,,
gbert,Child support,281464595748,post,0.7251102328300476,0.8178426027297974,0.8514710664749146,0.6264339089393616,0.8489115834236145,0.6877732872962952,0.7515888214111328,0.3285479247570038,0.481061190366745,0.4228723645210266,0.5550872087478638,0.37070906162261963,0.07420371472835541,,,,,
gbert,Child support,281526837012,pre,0.814228892326355,0.8128052949905396,0.7226357460021973,0.7850168943405151,0.8196843266487122,0.638194739818573,0.37553322315216064,0.8741953372955322,0.7329891920089722,0.41230857372283936,0.5176535248756409,0.4695732593536377,0.012773199006915092,,,,,
gbert,Child support,281526837012,post,0.6018790602684021,0.7746946215629578,0.6124380826950073,0.7991556525230408,0.7131291031837463,0.26032525300979614,0.19096903502941132,0.35240527987480164,0.41669002175331116,0.17111825942993164,0.5800063610076904,0.40237975120544434,0.017613817006349564,,,,,
gbert,Child support,281546467812,pre,0.5553184747695923,0.6810317635536194,0.5058622360229492,0.7913904190063477,0.8532752394676208,0.15843920409679413,0.5247345566749573,0.9411953687667847,0.2985597550868988,0.4368894696235657,0.20377473533153534,0.7756017446517944,0.020623531192541122,,,,,
gbert,Child support,281546467812,post,0.31666243076324463,0.5501140356063843,0.6523314118385315,0.5158479809761047,0.48959773778915405,0.6652812957763672,0.16117314994335175,0.9832273125648499,0.9579833149909973,0.5348108410835266,0.6147611141204834,0.3694215714931488,0.01581728830933571,,,,,
gbert,Child support,281646404316,pre,0.8886197209358215,0.9182658195495605,0.48799270391464233,0.8556479215621948,0.378108948469162,0.11510509997606277,0.2343139797449112,0.9855414628982544,0.5474691390991211,0.548514723777771,0.5016040802001953,0.4570722281932831,0.0413237139582634,,,,,
gbert,Child support,281646404316,post,0.9025726914405823,0.9332177639007568,0.4503953158855438,0.8726224303245544,0.47791507840156555,0.16895096004009247,0.4276590645313263,0.9910688400268555,0.20510756969451904,0.49092063307762146,0.4650552272796631,0.4958920478820801,0.03905269876122475,,,,,
gbert,Child support,281672870328,pre,0.6937265396118164,0.8806198835372925,0.6350966095924377,0.5923572778701782,0.6661335229873657,0.20331627130508423,0.06427024304866791,0.8008419275283813,0.803496241569519,0.13643015921115875,0.5147919058799744,0.45758122205734253,0.027626974508166313,,,,,
gbert,Child support,281672870328,post,0.9034281969070435,0.9019542336463928,0.7137531042098999,0.6382282376289368,0.6661388278007507,0.3152647912502289,0.29754185676574707,0.9746724963188171,0.8673189282417297,0.21221953630447388,0.7454867959022522,0.24452799558639526,0.00998521689325571,,,,,
gbert,Child support,281709125064,pre,0.4370865225791931,0.9324687719345093,0.5579344630241394,0.6793893575668335,0.3218209147453308,0.30832937359809875,0.12808722257614136,0.8957561254501343,0.7994632124900818,0.13809901475906372,0.7258839011192322,0.25486814975738525,0.01924797147512436,,,,,
gbert,Child support,281709125064,post,0.8712489604949951,0.8987106680870056,0.7688775062561035,0.7170490026473999,0.8389589786529541,0.3961235284805298,0.6645233035087585,0.9270344376564026,0.7787927985191345,0.07852836698293686,0.9025179743766785,0.0826093927025795,0.01487264409661293,,,,,
gbert,Child support,281793327516,pre,0.6654125452041626,0.8352989554405212,0.5729342699050903,0.11165322363376617,0.6654045581817627,0.6711644530296326,0.09731259196996689,0.2824059724807739,0.7675976157188416,0.49089935421943665,0.48983249068260193,0.40077540278434753,0.10939209163188934,,,,,
gbert,Child support,281793327516,post,0.6058447957038879,0.8197499513626099,0.7380772233009338,0.5814303159713745,0.8804277181625366,0.6771923899650574,0.3358778953552246,0.9705202579498291,0.7757319211959839,0.4292970895767212,0.6053546071052551,0.3745410442352295,0.020104292780160904,,,,,
gbert,Child support,282569457528,pre,0.9037712216377258,0.38353949785232544,0.660335898399353,0.5014334321022034,0.9082066416740417,0.5206066966056824,0.6377466917037964,0.7776352763175964,0.8760530352592468,0.21030288934707642,0.05928880348801613,0.8837642073631287,0.05694703757762909,,,,,
gbert,Child support,282569457528,post,0.7431983351707458,0.8914799690246582,0.7093449234962463,0.5549514293670654,0.6404763460159302,0.4634842574596405,0.28366604447364807,0.9801871180534363,0.6706814169883728,0.026709165424108505,0.8609865307807922,0.13032299280166626,0.00869049597531557,,,,,
gbert,Child support,282651334380,pre,0.4977773427963257,0.9449647665023804,0.6559720635414124,0.6765838265419006,0.8871507048606873,0.8992509841918945,0.43362531065940857,0.9436801671981812,0.6641659140586853,0.5945994257926941,0.4984060525894165,0.49098482728004456,0.010609123855829239,,,,,
gbert,Child support,282651334380,post,0.5891638398170471,0.8581631779670715,0.61625075340271,0.8481755256652832,0.9089589715003967,0.5495683550834656,0.5757983922958374,0.44814011454582214,0.6470757722854614,0.5915161967277527,0.13748395442962646,0.8551150560379028,0.007400962524116039,,,,,
gbert,Child support,282693195180,post,0.7057487368583679,0.7995968461036682,0.7286375761032104,0.7825369238853455,0.7133522629737854,0.6104307174682617,0.5807701349258423,0.3481892943382263,0.5142273306846619,0.20567405223846436,0.5762148499488831,0.40015748143196106,0.02362765185534954,,,,,
gbert,Child support,282727054548,pre,0.8491213321685791,0.8995493650436401,0.6815417408943176,0.7445855736732483,0.8724303245544434,0.3887607455253601,0.5148634910583496,0.9788599610328674,0.6948956251144409,0.21805943548679352,0.5621088743209839,0.42122870683670044,0.01666237786412239,,,,,
gbert,Child support,282727054548,post,0.8407683372497559,0.9175870418548584,0.6440241932868958,0.5562708973884583,0.861726701259613,0.515520453453064,0.395083487033844,0.997033417224884,0.7294566035270691,0.577837347984314,0.49130678176879883,0.4893941283226013,0.019299153238534927,,,,,
gbert,Child support,282756805128,pre,0.34844616055488586,0.5073814392089844,0.7614348530769348,0.059057917445898056,0.9440559148788452,0.6357994675636292,0.3455587327480316,0.2302941232919693,0.5955894589424133,0.3831919729709625,0.016336876899003983,0.2375520020723343,0.7461110949516296,,,,,
gbert,Child support,282756805128,post,0.4257538318634033,0.832984447479248,0.635772705078125,0.47643059492111206,0.8907787203788757,0.12604369223117828,0.08238618820905685,0.8238134980201721,0.43319153785705566,0.38657569885253906,0.020589742809534073,0.35054701566696167,0.6288632750511169,,,,,
gbert,Child support,282825414432,pre,0.4113858938217163,0.7549667358398438,0.7520947456359863,0.5153303742408752,0.9061506390571594,0.7761862277984619,0.06709010899066925,0.8284741640090942,0.25736042857170105,0.32789045572280884,0.0723474994301796,0.8356991410255432,0.09195336699485779,,,,,
gbert,Child support,282825414432,post,0.38377946615219116,0.9146010279655457,0.7277573347091675,0.6164941787719727,0.9377434849739075,0.8282468318939209,0.3211580514907837,0.7331236004829407,0.13325123488903046,0.49783673882484436,0.20730595290660858,0.6589571833610535,0.13373684883117676,,,,,
gbert,Child support,282839092380,pre,0.6533920764923096,0.9220666885375977,0.6211439967155457,0.669049084186554,0.8089121580123901,0.2388058453798294,0.27818697690963745,0.8581957817077637,0.9727669954299927,0.5732250213623047,0.566405713558197,0.4009661078453064,0.03262818604707718,,,,,
gbert,Child support,282839092380,post,0.46855804324150085,0.9050694108009338,0.32533353567123413,0.28870150446891785,0.8485049605369568,0.0054800123907625675,0.22341841459274292,0.950232207775116,0.4059872031211853,0.06288430839776993,0.1856347769498825,0.622826337814331,0.19153891503810883,,,,,
gbert,Child support,282882728844,post,0.8979833722114563,0.8017956614494324,0.6426510810852051,0.03339463099837303,0.10307861864566803,0.3302738070487976,0.5826390385627747,0.6898640394210815,0.32527896761894226,0.008575656451284885,0.697712779045105,0.28572335839271545,0.016563866287469864,,,,,
gbert,Child support,282911935644,pre,0.6508493423461914,0.9143257737159729,0.8181153535842896,0.8135152459144592,0.9116904139518738,0.8150038123130798,0.3652443289756775,0.544174075126648,0.18624721467494965,0.6923443675041199,0.1705607920885086,0.4228551685810089,0.4065840244293213,,,,,
gbert,Child support,282911935644,post,0.45640382170677185,0.8912354111671448,0.5657201409339905,0.8215928077697754,0.9426614046096802,0.9579957723617554,0.4521547853946686,0.7026992440223694,0.8988646268844604,0.7270911335945129,0.187700554728508,0.5712145566940308,0.24108494818210602,,,,,
gbert,Child support,282993196896,pre,0.6272168159484863,0.9068297147750854,0.5527235865592957,0.5362633466720581,0.7198589444160461,0.21217000484466553,0.2200082540512085,0.9971461296081543,0.8934552073478699,0.04176859185099602,0.7709960341453552,0.22090810537338257,0.008095869794487953,,,,,
gbert,Child support,282993196896,post,0.6666303873062134,0.8535565137863159,0.42665794491767883,0.6052591800689697,0.573764979839325,0.4519396126270294,0.19550994038581848,0.9813682436943054,0.8320667147636414,0.40245020389556885,0.577545702457428,0.40899568796157837,0.013458574190735817,,,,,
gbert,Child support,283032939348,pre,0.6179245114326477,0.9344498515129089,0.8270718455314636,0.8573327660560608,0.9168965220451355,0.712256908416748,0.2714404761791229,0.15048308670520782,0.3266996145248413,0.7623209953308105,0.25914400815963745,0.46554356813430786,0.2753124535083771,,,,,
gbert,Child support,283032939348,post,0.27203330397605896,0.6391404271125793,0.8061643838882446,0.6213110089302063,0.661765992641449,0.6543045043945312,0.5487573146820068,0.7759616374969482,0.8133073449134827,0.587203860282898,0.20216138660907745,0.46339094638824463,0.3344477117061615,,,,,
gbert,Child support,283098805128,pre,0.783652663230896,0.7670740485191345,0.5699810981750488,0.5375533699989319,0.7981756925582886,0.9140254855155945,0.18024565279483795,0.5400584936141968,0.5873461961746216,0.16970521211624146,0.19476184248924255,0.7055007219314575,0.0997374951839447,,,,,
gbert,Child support,283098805128,post,0.7915940284729004,0.8905876278877258,0.6587595343589783,0.5041450262069702,0.8394213318824768,0.7026089429855347,0.3363150358200073,0.740003764629364,0.7485142946243286,0.6065470576286316,0.16140279173851013,0.4164242446422577,0.4221729636192322,,,,,
gbert,Child support,283103593128,pre,0.06955187022686005,0.0062400405295193195,0.48142221570014954,0.34248870611190796,0.38847631216049194,0.3795693814754486,0.44449079036712646,0.12367048114538193,0.18972967565059662,0.023621536791324615,0.4097335934638977,0.45520278811454773,0.13506358861923218,,,,,
gbert,Child support,283103593128,post,0.8300691246986389,0.7740532159805298,0.738074541091919,0.6721247434616089,0.6609808802604675,0.592011034488678,0.6692283749580383,0.3472382724285126,0.4932621419429779,0.3788827955722809,0.7409393787384033,0.23257355391979218,0.026487017050385475,,,,,
gbert,Child support,283103661528,pre,0.8958618640899658,0.8576365113258362,0.6604597568511963,0.8071249723434448,0.858409583568573,0.7683262825012207,0.5379417538642883,0.7147952318191528,0.6508016586303711,0.4885224997997284,0.17341355979442596,0.6896297335624695,0.13695667684078217,,,,,
gbert,Child support,283103661528,post,0.748254656791687,0.8458521962165833,0.7160130143165588,0.7862728238105774,0.8842824101448059,0.8654696941375732,0.9181616306304932,0.2644059360027313,0.28707852959632874,0.5990829467773438,0.06621695309877396,0.3920705020427704,0.5417125225067139,,,,,
gbert,Child support,283129720560,pre,0.8238481879234314,0.8691745400428772,0.6350736618041992,0.6423317790031433,0.9264461994171143,0.6893242001533508,0.6120737195014954,0.2227526605129242,0.12292585521936417,0.42609286308288574,0.042039018124341965,0.6227413415908813,0.33521971106529236,,,,,
gbert,Child support,283129720560,post,0.6266521215438843,0.8454168438911438,0.5832362174987793,0.8356597423553467,0.7518658638000488,0.972944438457489,0.1612825244665146,0.13087399303913116,0.17607948184013367,0.5964488387107849,0.08474169671535492,0.4372275471687317,0.4780307710170746,,,,,
gbert,Child support,283218440832,pre,0.7730294466018677,0.5885829329490662,0.415422648191452,0.7558424472808838,0.8556622266769409,0.19216659665107727,0.8213046789169312,0.9443488121032715,0.5990473031997681,0.3304300308227539,0.10507535934448242,0.5043778419494629,0.3905467689037323,,,,,
gbert,Child support,283218440832,post,0.25383543968200684,0.2605748772621155,0.5378198027610779,0.005289897788316011,0.6963351964950562,0.38004833459854126,0.467118501663208,0.03383420407772064,0.20324835181236267,0.004639121703803539,0.051896024495363235,0.8221228718757629,0.1259811371564865,,,,,
gbert,Child support,283254009516,pre,0.2956680357456207,0.7285710573196411,0.6363792419433594,0.5161229968070984,0.7998177409172058,0.6397464871406555,0.5059393644332886,0.9513356685638428,0.8295915722846985,0.7541616559028625,0.1309690624475479,0.5902754068374634,0.2787555158138275,,,,,
gbert,Child support,283254009516,post,0.4095260202884674,0.6897589564323425,0.45089787244796753,0.32155680656433105,0.7786324620246887,0.66810142993927,0.18408067524433136,0.8427519202232361,0.48304614424705505,0.3508749008178711,0.2530684471130371,0.6721678376197815,0.0747637152671814,,,,,
gbert,Child support,283567484664,pre,0.24805115163326263,0.3470430076122284,0.5853718519210815,0.25229185819625854,0.4857695400714874,0.6740861535072327,0.6090028285980225,0.5442242622375488,0.21514230966567993,0.16025656461715698,0.03128839656710625,0.7232823371887207,0.24542926251888275,,,,,
gbert,Child support,283567484664,post,0.7297393679618835,0.813662052154541,0.7345907092094421,0.8655983805656433,0.756219744682312,0.8061599135398865,0.7507532238960266,0.8996328115463257,0.44608592987060547,0.49305397272109985,0.1440380960702896,0.7340440154075623,0.12191786617040634,,,,,
gbert,Child support,283830482664,post,0.7943644523620605,0.8547654151916504,0.76271653175354,0.6759103536605835,0.6322206854820251,0.4477703869342804,0.013605060055851936,0.9949889779090881,0.397426038980484,0.11154888570308685,0.44358503818511963,0.5396630167961121,0.016751982271671295,,,,,
gbert,Child support,284818927644,post,0.797677755355835,0.6039997935295105,0.9222718477249146,0.773947536945343,0.00617174943909049,0.674854040145874,0.4849027991294861,0.6384009122848511,0.6466842293739319,0.001998079475015402,0.8573254346847534,0.12402012199163437,0.018654467537999153,,,,,
gbert,Child support,284853542148,pre,0.8451758623123169,0.8883655071258545,0.7050591111183167,0.7811062932014465,0.8953572511672974,0.7457850575447083,0.8302446603775024,0.5046729445457458,0.5688208937644958,0.2729990482330322,0.11840293556451797,0.7668645977973938,0.11473242193460464,,,,,
gbert,Child support,284853542148,post,0.8451758623123169,0.8883655071258545,0.7050591111183167,0.7811062932014465,0.8953572511672974,0.7457850575447083,0.8302446603775024,0.5046729445457458,0.5688208937644958,0.2729990482330322,0.11840293556451797,0.7668645977973938,0.11473242193460464,,,,,
gbert,Child support,284916813516,post,0.8307021260261536,0.7998054027557373,0.7650309205055237,0.8077747821807861,0.41498035192489624,0.3073101043701172,0.20733126997947693,0.9613894820213318,0.8131681680679321,0.0835581049323082,0.7851321697235107,0.20453020930290222,0.010337593965232372,,,,,
gbert,Child support,285019478496,post,0.7988836765289307,0.7661635875701904,0.7806683778762817,0.7638535499572754,0.9230667948722839,0.8403686285018921,0.6750093698501587,0.7029758095741272,0.5732704401016235,0.6103540062904358,0.20296940207481384,0.6196134686470032,0.1774170994758606,,,,,
gbert,Child support,285151150548,pre,0.8425902724266052,0.9064942002296448,0.851934552192688,0.6799766421318054,0.7453203797340393,0.33217331767082214,0.21093331277370453,0.9913204908370972,0.9273387789726257,0.5864120721817017,0.48891738057136536,0.4290478527545929,0.08203480392694473,,,,,
gbert,Child support,285151150548,post,0.8520453572273254,0.9373653531074524,0.6973079442977905,0.7173907160758972,0.9055835604667664,0.2564259469509125,0.41166603565216064,0.9960248470306396,0.913835346698761,0.5737097263336182,0.6190404295921326,0.36250540614128113,0.01845421828329563,,,,,
gbert,Child support,285153476148,pre,0.8747290968894958,0.8666804432868958,0.7253955602645874,0.8568827509880066,0.8686550855636597,0.7883929014205933,0.5078723430633545,0.9941871166229248,0.7687315344810486,0.6853919625282288,0.3881823718547821,0.5608485341072083,0.05096910893917084,,,,,
gbert,Child support,285315995916,pre,0.2915235161781311,0.8687537312507629,0.6424983739852905,0.45539042353630066,0.3364919126033783,0.0908927395939827,0.12939667701721191,0.9529520273208618,0.8908187747001648,0.0070198941975831985,0.7487688660621643,0.23356173932552338,0.017669450491666794,,,,,
gbert,Child support,285315995916,post,0.703132688999176,0.9271178245544434,0.5989309549331665,0.4475853145122528,0.7319629192352295,0.6586320400238037,0.44882237911224365,0.9239110946655273,0.8043684959411621,0.08827552944421768,0.7010847330093384,0.28396663069725037,0.014948651194572449,,,,,
gbert,Child support,285326048664,pre,0.36882248520851135,0.9512803554534912,0.6586808562278748,0.36264553666114807,0.9105887413024902,0.33085766434669495,0.6847975850105286,0.9892253875732422,0.7158480882644653,0.7403199076652527,0.23585832118988037,0.7140921354293823,0.05004950240254402,,,,,
gbert,Child support,285326048664,post,0.17119735479354858,0.591485857963562,0.4623541533946991,0.14374275505542755,0.7920092344284058,0.7088320851325989,0.07163392752408981,0.9740862250328064,0.6932482719421387,0.005238854326307774,0.7890854477882385,0.1978098303079605,0.01310477964580059,,,,,
gbert,Child support,285369343128,pre,0.7563531994819641,0.7743121981620789,0.7228475213050842,0.7800376415252686,0.9292457699775696,0.6451810002326965,0.6595110297203064,0.06067255139350891,0.6416617035865784,0.0036855856887996197,0.011540638282895088,0.49930495023727417,0.48915448784828186,,,,,
gbert,Child support,285369343128,post,0.780617356300354,0.7119710445404053,0.6777263283729553,0.7766693830490112,0.5866180658340454,0.7209076881408691,0.5750530958175659,0.2721922695636749,0.30336663126945496,0.4467957317829132,0.8691085577011108,0.1238374412059784,0.007053961977362633,,,,,
gbert,Child support,285399848844,pre,0.02254786342382431,0.8150259256362915,0.5187023878097534,0.13276971876621246,0.46442291140556335,0.0988321304321289,0.01687692478299141,0.8980523943901062,0.7099274396896362,0.10112373530864716,0.06586269289255142,0.89693284034729,0.03720443323254585,,,,,
gbert,Child support,285399848844,post,0.8125544190406799,0.9207185506820679,0.8059163689613342,0.6723091006278992,0.6194541454315186,0.008810847997665405,0.011869565583765507,0.8769893050193787,0.40218788385391235,0.023842543363571167,0.8530765175819397,0.13851328194141388,0.008410179987549782,,,,,
gbert,Child support,285510524148,pre,0.7816560864448547,0.8563811779022217,0.5340093374252319,0.7338465452194214,0.532088041305542,0.03178980574011803,0.2798535227775574,0.9885463118553162,0.5675584673881531,0.3248765170574188,0.8471778631210327,0.1459091603755951,0.006913021672517061,,,,,
gbert,Child support,285510524148,post,0.8762362599372864,0.9409916400909424,0.8227204084396362,0.8925901055335999,0.871979296207428,0.5716972351074219,0.8054088354110718,0.9861231446266174,0.909773588180542,0.9496585130691528,0.719515323638916,0.26635926961898804,0.014125374145805836,,,,,
gbert,Child support,285556695516,post,0.44236570596694946,0.8483726978302002,0.5956162214279175,0.4419601559638977,0.8869673609733582,0.6347513794898987,0.3423817455768585,0.5995689630508423,0.9486018419265747,0.6765580177307129,0.3097382187843323,0.61695396900177,0.0733078345656395,,,,,
gbert,Child support,285613125516,pre,0.851584255695343,0.9202155470848083,0.6854683756828308,0.7519756555557251,0.901138961315155,0.6042590141296387,0.7011999487876892,0.9065197110176086,0.5157275199890137,0.8355998992919922,0.12458450347185135,0.6195459365844727,0.2558695375919342,,,,,
gbert,Child support,285613125516,post,0.6615778803825378,0.34782522916793823,0.7058854103088379,0.820533275604248,0.8050246834754944,0.6337835788726807,0.8430154919624329,0.475318968296051,0.5293651819229126,0.4116060137748718,0.02854950539767742,0.5196244120597839,0.4518260955810547,,,,,
gbert,Child support,285635829528,post,0.33088406920433044,0.06852521747350693,0.4210776388645172,0.27092882990837097,0.6363618969917297,0.3944757878780365,0.30150389671325684,0.2549579441547394,0.24481715261936188,0.02483128011226654,0.2339693307876587,0.6931212544441223,0.07290947437286377,,,,,
gbert,Child support,285771606948,pre,0.49520358443260193,0.04739632084965706,0.49701979756355286,0.4920405149459839,0.786648690700531,0.51178377866745,0.264631450176239,0.3825379014015198,0.8108657598495483,0.23966984450817108,0.11039385944604874,0.8556447625160217,0.03396136686205864,,,,,
gbert,Child support,285771606948,post,0.266116738319397,0.021145399659872055,0.3868556022644043,0.36936160922050476,0.7608881592750549,0.3679221272468567,0.4649584889411926,0.13311319053173065,0.17639897763729095,0.05911436304450035,0.20499156415462494,0.5407284498214722,0.2542799413204193,,,,,
gbert,Child support,285820032780,post,0.8754059076309204,0.8391176462173462,0.5931333303451538,0.6411160230636597,0.5758205056190491,0.06694986671209335,0.34766703844070435,0.9871915578842163,0.854953408241272,0.011049104854464531,0.7786195278167725,0.21134747564792633,0.010033013299107552,,,,,
gbert,Child support,288042623064,pre,0.5745002031326294,0.058456901460886,0.5263607501983643,0.027658656239509583,0.41808652877807617,0.7169541120529175,0.6839529275894165,0.6833304762840271,0.5261501669883728,0.0019595252815634012,0.1487719863653183,0.7216475605964661,0.12958040833473206,,,,,
gbert,Child support,288088104960,pre,0.6878184080123901,0.8964332342147827,0.7528855204582214,0.6110028624534607,0.7497121095657349,0.5423305630683899,0.3691759407520294,0.2832942008972168,0.6363485455513,0.24250200390815735,0.2594684958457947,0.58511883020401,0.1554126888513565,,,,,
gbert,Child support,288088104960,post,0.805900514125824,0.8815181851387024,0.5293728113174438,0.43174707889556885,0.6778860092163086,0.5622143745422363,0.4331161379814148,0.9306746125221252,0.5048339366912842,0.11543411761522293,0.5045442581176758,0.47548288106918335,0.01997288130223751,,,,,
gbert,Child support,288101380032,pre,0.8133324980735779,0.8173712491989136,0.7567077279090881,0.5945357084274292,0.0634741336107254,0.7990369200706482,0.5692858099937439,0.6657021045684814,0.6741724610328674,0.05480804666876793,0.4843601882457733,0.48051318526268005,0.03512665629386902,,,,,
gbert,Child support,288101380032,post,0.8951156139373779,0.9047436714172363,0.6721596121788025,0.6058854460716248,0.15402019023895264,0.6226893067359924,0.6295754909515381,0.5234397053718567,0.6315196752548218,0.11990866810083389,0.8353549242019653,0.1543877273797989,0.010257294401526451,,,,,
gbert,Child support,288142415928,pre,0.7374038696289062,0.16778111457824707,0.45028069615364075,0.34385642409324646,0.7849195599555969,0.49431750178337097,0.2508075535297394,0.23321892321109772,0.5110119581222534,0.01282734889537096,0.12088474631309509,0.6330950856208801,0.2460201531648636,,,,,
gbert,Child support,288163964664,pre,0.6475499272346497,0.8065419793128967,0.5778713822364807,0.7902092933654785,0.7350848317146301,0.07518861442804337,0.8385934233665466,0.8310829401016235,0.025739870965480804,0.6809481978416443,0.3424190282821655,0.5800947546958923,0.07748621702194214,,,,,
gbert,Child support,288163964664,post,0.3727533519268036,0.02595740370452404,0.3940551280975342,0.16756382584571838,0.6539136171340942,0.2530360519886017,0.1573943942785263,0.18159633874893188,0.10352342575788498,0.03097347915172577,0.10791225731372833,0.7972800135612488,0.09480775147676468,,,,,
gbert,Child support,288199733760,pre,0.8880311250686646,0.9267581701278687,0.8090095520019531,0.6319823861122131,0.7276277542114258,0.6708412766456604,0.43997690081596375,0.9667094349861145,0.9181404709815979,0.554515540599823,0.7316730618476868,0.2573433518409729,0.010983537882566452,,,,,
gbert,Child support,288199733760,post,0.9166200160980225,0.9005780220031738,0.662720799446106,0.7366632223129272,0.7567155957221985,0.5106250047683716,0.556979775428772,0.9649812579154968,0.3027068078517914,0.7306268811225891,0.5904063582420349,0.39258161187171936,0.017012014985084534,,,,,
gbert,Child support,288220123116,pre,0.7830976247787476,0.9347041249275208,0.7379530072212219,0.6630472540855408,0.8828399181365967,0.7712461352348328,0.5913089513778687,0.9923369884490967,0.7085849046707153,0.6048228144645691,0.4432857036590576,0.5252915620803833,0.031422752887010574,,,,,
gbert,Child support,288220123116,post,0.6336281299591064,0.8792051672935486,0.7413790822029114,0.6070741415023804,0.020220190286636353,0.7276819944381714,0.007092926651239395,0.9671264290809631,0.3361876308917999,0.46348118782043457,0.5904729962348938,0.3906427323818207,0.01888427510857582,,,,,
gbert,Child support,288271144044,post,0.34589874744415283,0.16813305020332336,0.4440850615501404,0.1667104810476303,0.8531998991966248,0.4995972812175751,0.40064680576324463,0.615382194519043,0.4003335237503052,0.022920170798897743,0.2133481353521347,0.5134340524673462,0.2732178270816803,,,,,
gbert,Child support,288318753864,pre,0.8459932804107666,0.6439860463142395,0.5996577739715576,0.5152355432510376,0.7936452627182007,0.3900149166584015,0.16189560294151306,0.9988980293273926,0.7635561227798462,0.03929856792092323,0.7061020135879517,0.27912840247154236,0.014769598841667175,,,,,
gbert,Child support,288318753864,post,0.8515374660491943,0.8476746678352356,0.7280176877975464,0.4024330675601959,0.8058661222457886,0.6072794795036316,0.17294473946094513,0.9901565909385681,0.9420351982116699,0.16139192879199982,0.5936861038208008,0.3937292993068695,0.012584633193910122,,,,,
gbert,Child support,288351171360,pre,0.520081102848053,0.851381242275238,0.6624879240989685,0.5189613103866577,0.4871101379394531,0.6029698252677917,0.1580224633216858,0.7867984175682068,0.5943707227706909,0.6750113368034363,0.420523464679718,0.5542217493057251,0.025254854932427406,,,,,
gbert,Child support,288351171360,post,0.625208854675293,0.7748794555664062,0.5570421814918518,0.11067522317171097,0.1956234723329544,0.17181354761123657,0.02716134861111641,0.8297581076622009,0.6426320672035217,0.0009066339698620141,0.6615998148918152,0.31553205847740173,0.02286808378994465,,,,,
gbert,Child support,288509588496,post,0.666305422782898,0.6570583581924438,0.5712282657623291,0.5685910582542419,0.8312000036239624,0.5926507115364075,0.6266418695449829,0.19408567249774933,0.345966637134552,0.33150023221969604,0.18958096206188202,0.6229488253593445,0.1874702274799347,,,,,
gbert,Child support,288511369632,pre,0.7963764071464539,0.8021767735481262,0.6696711182594299,0.8117867708206177,0.8183282613754272,0.6172373294830322,0.5948445200920105,0.7924579977989197,0.5164185762405396,0.20872241258621216,0.4108716547489166,0.5669857859611511,0.022142508998513222,,,,,
gbert,Child support,288511369632,post,0.6891983151435852,0.9079650044441223,0.4936949610710144,0.6946186423301697,0.7518641352653503,0.5895748734474182,0.41920337080955505,0.9896333813667297,0.9506736397743225,0.4080684185028076,0.5996900200843811,0.3925456404685974,0.00776434363797307,,,,,
gbert,Child support,288531952560,post,0.7827953100204468,0.6967760920524597,0.5385370850563049,0.28782737255096436,0.6974480152130127,0.7976386547088623,0.3684594929218292,0.876430094242096,0.8421273231506348,0.003259040182456374,0.8746370673179626,0.11139481514692307,0.01396806538105011,,,,,
gbert,Child support,288547276212,post,0.32747864723205566,0.18708276748657227,0.5645993947982788,0.54867023229599,0.6661437153816223,0.46712127327919006,0.4824446439743042,0.4213199019432068,0.5701766610145569,0.35087546706199646,0.32266661524772644,0.6447275280952454,0.0326058492064476,,,,,
gbert,Child support,289391882832,pre,0.7065805196762085,0.8867587447166443,0.6041687726974487,0.7066627740859985,0.8280497789382935,0.5608083009719849,0.5983728170394897,0.9924073219299316,0.6742945313453674,0.19389033317565918,0.7846565246582031,0.20421624183654785,0.011127269826829433,,,,,
gbert,Child support,289391882832,post,0.6322558522224426,0.8195326328277588,0.5924651622772217,0.3682940602302551,0.8174498677253723,0.24251599609851837,0.04228321462869644,0.9943069815635681,0.7439196705818176,0.5325325131416321,0.36108240485191345,0.6199256777763367,0.01899188943207264,,,,,
gbert,Child support,289551044160,pre,0.3427375555038452,0.6385334134101868,0.6535561680793762,0.714499831199646,0.8434703350067139,0.41887885332107544,0.4774554669857025,0.33297038078308105,0.296131432056427,0.006592585705220699,0.15529754757881165,0.7240446209907532,0.12065786123275757,,,,,
gbert,Child support,289551044160,post,0.4720311462879181,0.09534060209989548,0.5646103620529175,0.5927219390869141,0.8818292021751404,0.404446005821228,0.8253681063652039,0.30415835976600647,0.2988692820072174,0.382353812456131,0.0819489061832428,0.6321707367897034,0.28588032722473145,,,,,
gbert,Child support,289596807180,pre,0.9259274005889893,0.9202407598495483,0.7778936624526978,0.735944390296936,0.9201030731201172,0.839474618434906,0.8776171207427979,0.9381159543991089,0.8850666880607605,0.4360523223876953,0.22727102041244507,0.6009659171104431,0.17176303267478943,,,,,
gbert,Child support,289642978548,post,0.7032104730606079,0.8331929445266724,0.548042356967926,0.6269266605377197,0.7750186920166016,0.008977992460131645,0.1264052391052246,0.9818571209907532,0.9404286742210388,0.5047109127044678,0.47369682788848877,0.5022374987602234,0.024065690115094185,,,,,
gbert,Child support,289656043632,pre,0.7564957141876221,0.8879289627075195,0.5563703179359436,0.4094305634498596,0.8539413213729858,0.8312137126922607,0.36544492840766907,0.7180737257003784,0.6794556975364685,0.0456080436706543,0.11488313227891922,0.6247782707214355,0.26033860445022583,,,,,
gbert,Child support,289656043632,post,0.7907896637916565,0.8354641199111938,0.6606563329696655,0.41285741329193115,0.3586467504501343,0.3799745440483093,0.050588227808475494,0.9875552654266357,0.8665288686752319,0.4267960488796234,0.6364951133728027,0.3527064323425293,0.010798407718539238,,,,,
gbert,Child support,289870339464,pre,0.7262275815010071,0.8649266958236694,0.534763753414154,0.5711808204650879,0.8545113205909729,0.6385729908943176,0.535378098487854,0.9398714303970337,0.8585657477378845,0.7710685729980469,0.20734834671020508,0.6614487171173096,0.13120293617248535,,,,,
gbert,Child support,289870339464,post,0.6072346568107605,0.8793050050735474,0.773790180683136,0.6095761656761169,0.7353578805923462,0.061945632100105286,0.38812750577926636,0.879762589931488,0.8975499868392944,0.04491148144006729,0.8285510540008545,0.16199719905853271,0.009451709687709808,,,,,
gbert,Child support,289944143064,pre,0.7076523303985596,0.8744054436683655,0.6683011054992676,0.806325376033783,0.7368306517601013,0.6776123642921448,0.7600322961807251,0.9424266219139099,0.8245200514793396,0.3287428617477417,0.8406581878662109,0.15180158615112305,0.007540219463407993,,,,,
gbert,Child support,289944143064,post,0.605529248714447,0.4333230257034302,0.7261260747909546,0.774315595626831,0.8814812302589417,0.7168217897415161,0.8570162653923035,0.7375106811523438,0.41629523038864136,0.40225911140441895,0.06198506057262421,0.7361698150634766,0.20184507966041565,,,,,
gbert,Child support,290011993128,pre,0.7162028551101685,0.8048215508460999,0.5075141787528992,0.46527403593063354,0.6265606880187988,0.570557177066803,0.011040925048291683,0.71366286277771,0.7437587976455688,0.3288324177265167,0.3925033509731293,0.5940501093864441,0.01344648189842701,,,,,
gbert,Child support,290011993128,post,0.20167548954486847,0.754621148109436,0.7544004917144775,0.7107071876525879,0.7182676792144775,0.8034085035324097,0.733862042427063,0.9550521373748779,0.8553605675697327,0.30413317680358887,0.7060025930404663,0.2758084535598755,0.0181889571249485,,,,,
gbert,Child support,290634638328,pre,0.6375094056129456,0.7959898710250854,0.43208613991737366,0.8503627181053162,0.8421358466148376,0.8929004669189453,0.3527142107486725,0.9933049082756042,0.7431730628013611,0.22432638704776764,0.3276500105857849,0.6461641192436218,0.02618584595620632,,,,,
gbert,Child support,290634638328,post,0.7815073132514954,0.8992025852203369,0.7496200203895569,0.997426450252533,0.8859162330627441,0.6756266951560974,0.49968960881233215,0.9763093590736389,0.7262855768203735,0.6139171719551086,0.05081251636147499,0.9430106282234192,0.006176826544106007,,,,,
gbert,Child support,290638059012,pre,0.877511739730835,0.9214299917221069,0.8068739771842957,0.7691038846969604,0.9118769764900208,0.8671073317527771,0.894024670124054,0.9181923270225525,0.7273197174072266,0.7093897461891174,0.331025093793869,0.5120990872383118,0.1568758636713028,,,,,
gbert,Child support,290638059012,post,0.877511739730835,0.9214299917221069,0.8068739771842957,0.7691038846969604,0.9118769764900208,0.8671073317527771,0.894024670124054,0.9181923270225525,0.7273197174072266,0.7093897461891174,0.331025093793869,0.5120990872383118,0.1568758636713028,,,,,
gbert,Child support,290681287128,pre,0.6053489446640015,0.7689893841743469,0.7338871359825134,0.6789991855621338,0.8505412936210632,0.4330013692378998,0.2229895293712616,0.9236548542976379,0.8834988474845886,0.49312475323677063,0.23140792548656464,0.5109758377075195,0.25761622190475464,,,,,
gbert,Child support,290681287128,post,0.6894678473472595,0.8006065487861633,0.5946103930473328,0.6951674818992615,0.9275233149528503,0.4070456326007843,0.5782677531242371,0.8677005767822266,0.807790219783783,0.7079899907112122,0.5822184085845947,0.40048789978027344,0.017293687909841537,,,,,
gbert,Child support,291584235528,post,0.46898460388183594,0.5913872718811035,0.4163910448551178,0.46207115054130554,0.5339114665985107,0.3377000093460083,0.2229701429605484,0.8984136581420898,0.537183940410614,0.001062170253135264,0.6815669536590576,0.2854103744029999,0.03302270919084549,,,,,
gbert,Child support,291621786444,post,0.5731208920478821,0.7409904599189758,0.6606919169425964,0.9565425515174866,0.7362760901451111,0.8531452417373657,0.8783329129219055,0.37011152505874634,0.2372821420431137,0.9596272706985474,0.2386922836303711,0.753436803817749,0.007870879024267197,,,,,
gbert,Child support,291758381244,pre,0.8192288279533386,0.8614237308502197,0.6606637239456177,0.637973964214325,0.023146316409111023,0.16746237874031067,0.45573800802230835,0.9551902413368225,0.6372160315513611,0.05040595307946205,0.8653456568717957,0.12546205520629883,0.009192263707518578,,,,,
gbert,Child support,291758381244,post,0.7818170189857483,0.9044962525367737,0.673942506313324,0.6560134291648865,0.6364110708236694,0.12909868359565735,0.05246826633810997,0.9663260579109192,0.7312505841255188,0.25864893198013306,0.6395359635353088,0.3511117994785309,0.00935223326086998,,,,,
gbert,Child support,291933006444,pre,0.7695823907852173,0.8740872740745544,0.6283292174339294,0.737461507320404,0.8159913420677185,0.5341030955314636,0.5326007008552551,0.8155224323272705,0.5644274353981018,0.39674171805381775,0.37335729598999023,0.5541573762893677,0.07248525321483612,,,,,
gbert,Child support,291933006444,post,0.7398580312728882,0.670041024684906,0.7352487444877625,0.7533602714538574,0.2952035963535309,0.4652318060398102,0.2962360680103302,0.9925033450126648,0.7931603193283081,0.050823234021663666,0.8023825883865356,0.1850273758172989,0.0125900749117136,,,,,
gbert,Child support,291945183012,pre,0.886712908744812,0.8764784336090088,0.6736383438110352,0.7840685844421387,0.7981840968132019,0.47638246417045593,0.4428776204586029,0.9874598383903503,0.7867177128791809,0.544977605342865,0.5496381521224976,0.3932003080844879,0.057161539793014526,,,,,
gbert,Child support,292037520960,pre,0.7094786763191223,0.9311317205429077,0.5985511541366577,0.48921090364456177,0.7504220008850098,0.1880677342414856,0.03160880133509636,0.9931795001029968,0.9540061354637146,0.5239853858947754,0.4354519844055176,0.550784170627594,0.013763866387307644,,,,,
gbert,Child support,292037520960,post,0.6034438014030457,0.7622671723365784,0.37112465500831604,0.15996123850345612,0.3468262851238251,0.11042951792478561,0.013625743798911572,0.9769048690795898,0.9180426597595215,0.0009525431669317186,0.8925927877426147,0.0992230772972107,0.00818414706736803,,,,,
gbert,Child support,292134583980,pre,0.18720859289169312,0.9108436107635498,0.7003056406974792,0.042831242084503174,0.22289007902145386,0.19831760227680206,0.03212498128414154,0.9466966390609741,0.8479381203651428,0.2486286759376526,0.8242648839950562,0.1671549379825592,0.00858019758015871,,,,,
gbert,Child support,292134583980,post,0.8099963665008545,0.8638549447059631,0.7730077505111694,0.389260470867157,0.0027213068678975105,0.22105494141578674,0.35482996702194214,0.8544463515281677,0.8761837482452393,0.42562374472618103,0.7475193738937378,0.24651357531547546,0.005967059172689915,,,,,
gbert,Child support,292146350148,pre,0.43300744891166687,0.8420412540435791,0.5482270121574402,0.32642075419425964,0.7324172854423523,0.41642969846725464,0.1248243972659111,0.9693183898925781,0.8082482814788818,0.3713417053222656,0.45569294691085815,0.5183689594268799,0.025938021019101143,,,,,
gbert,Child support,292146350148,post,0.733707845211029,0.9230684041976929,0.7186889052391052,0.3634777367115021,0.8778992891311646,0.31346940994262695,0.1355118602514267,0.9948005676269531,0.9592575430870056,0.40270233154296875,0.7357341051101685,0.2532489597797394,0.011016927659511566,,,,,
gbert,Child support,292249837296,pre,0.8706885576248169,0.9138237833976746,0.811339259147644,0.7551676630973816,0.29890233278274536,0.4978852868080139,0.23190389573574066,0.8699899911880493,0.6859315633773804,0.006489118095487356,0.5687287449836731,0.41356390714645386,0.017707407474517822,,,,,
gbert,Child support,292294294560,pre,0.4947170913219452,0.8489974737167358,0.7068428993225098,0.16165873408317566,0.8759791254997253,0.7848732471466064,0.2326643019914627,0.9013539552688599,0.6079549193382263,0.18379180133342743,0.5277910828590393,0.45970654487609863,0.012502364814281464,,,,,
gbert,Child support,292294294560,post,0.4947769045829773,0.8716848492622375,0.7650342583656311,0.5824028253555298,0.8867508769035339,0.5292212963104248,0.16092658042907715,0.9955918192863464,0.8795515298843384,0.020372819155454636,0.6970961689949036,0.2873898148536682,0.015514054335653782,,,,,
gbert,Child support,292295663928,pre,0.8475265502929688,0.9508676528930664,0.8688585758209229,0.8778107166290283,0.8868005871772766,0.7638174891471863,0.955632209777832,0.826546311378479,0.6946938633918762,0.5738039016723633,0.47093382477760315,0.5112578272819519,0.01780840754508972,,,,,
gbert,Child support,292295663928,post,0.4513501524925232,0.6785237789154053,0.8304898142814636,0.8048587441444397,0.9225538372993469,0.7063478827476501,0.6674758195877075,0.3690871000289917,0.4120546579360962,0.584546685218811,0.027674706652760506,0.4484989643096924,0.5238263010978699,,,,,
gbert,Child support,292337935128,pre,0.808678925037384,0.900638997554779,0.4484245479106903,0.7822094559669495,0.9066816568374634,0.442992627620697,0.6049593687057495,0.9875655174255371,0.5400413870811462,0.5475826263427734,0.2955133318901062,0.6859008073806763,0.018585827201604843,,,,,
gbert,Child support,292337935128,post,0.7835059762001038,0.8119118809700012,0.5411362648010254,0.6622183918952942,0.7357293963432312,0.6180405020713806,0.513760507106781,0.9365016222000122,0.19912119209766388,0.07682998478412628,0.15362723171710968,0.8215289115905762,0.024843866005539894,,,,,
gbert,Child support,292380889644,pre,0.6397109627723694,0.8737601041793823,0.6674990057945251,0.42876997590065,0.07201670110225677,0.24799007177352905,0.1435922086238861,0.9425144195556641,0.9081456065177917,0.3897072374820709,0.6854157447814941,0.30146586894989014,0.01311841607093811,,,,,
gbert,Child support,292380889644,post,0.7526223659515381,0.8639439940452576,0.26606816053390503,0.10843969881534576,0.5197229385375977,0.09561236202716827,0.036163754761219025,0.998556911945343,0.3138103187084198,0.01106426864862442,0.7742221355438232,0.21629638969898224,0.009481449611485004,,,,,
gbert,Child support,292439852496,pre,0.5617507696151733,0.6032735109329224,0.18234574794769287,0.36017972230911255,0.490180104970932,0.42688989639282227,0.0385187491774559,0.38964807987213135,0.5644635558128357,0.017277715727686882,0.09282175451517105,0.6117528080940247,0.2954254150390625,,,,,
gbert,Child support,292439852496,post,0.5534547567367554,0.8398596048355103,0.37622448801994324,0.5155110359191895,0.9620254039764404,0.7899346351623535,0.5141831636428833,0.9235173463821411,0.6549851298332214,0.5605489015579224,0.012514078989624977,0.3101966083049774,0.6772893071174622,,,,,
gbert,Child support,292516663644,pre,0.6371294260025024,0.8310584425926208,0.7198026776313782,0.6867749094963074,0.7791585922241211,0.7570813894271851,0.6039528250694275,0.8077934384346008,0.8409720659255981,0.24871693551540375,0.5272214412689209,0.41758084297180176,0.055197734385728836,,,,,
gbert,Child support,292516663644,post,0.2307462990283966,0.6313549876213074,0.6720759868621826,0.6389702558517456,0.8221423029899597,0.46350961923599243,0.5303947329521179,0.5750691294670105,0.8232284188270569,0.26886945962905884,0.44191819429397583,0.5004342198371887,0.05764761567115784,,,,,
gbert,Child support,292518036432,pre,0.5557799339294434,0.8535466194152832,0.0520244725048542,0.03194333240389824,0.015958091244101524,0.00386859686113894,0.006989829242229462,0.9985174536705017,0.8086192011833191,0.05889333412051201,0.754103422164917,0.23461920022964478,0.01127742137759924,,,,,
gbert,Child support,292518036432,post,0.6509266495704651,0.8424043655395508,0.42624568939208984,0.42651787400245667,0.0015560563188046217,0.031394001096487045,0.1770503669977188,0.9969607591629028,0.30016961693763733,0.21751871705055237,0.5141450762748718,0.4729342460632324,0.012920678593218327,,,,,
gbert,Child support,292549427244,post,0.6250182390213013,0.8961146473884583,0.6540616154670715,0.14615380764007568,0.9283531308174133,0.6422538757324219,0.22373034060001373,0.8252918124198914,0.7737654447555542,0.8104066252708435,0.24984662234783173,0.528644859790802,0.22150854766368866,,,,,
gbert,Child support,292623712380,post,0.8592977523803711,0.8532523512840271,0.7620366215705872,0.6252707242965698,0.743170976638794,0.47907811403274536,0.3847373425960541,0.38268741965293884,0.61772221326828,0.045067138969898224,0.689738392829895,0.29787614941596985,0.012385496869683266,,,,,
gbert,Child support,292646490264,pre,0.12434673309326172,0.9570074677467346,0.755352258682251,0.427123099565506,0.9163689017295837,0.3827878534793854,0.6799735426902771,0.9938610792160034,0.7620143890380859,0.33668452501296997,0.5303522944450378,0.3919779360294342,0.07766973972320557,,,,,
gbert,Child support,292646490264,post,0.645799458026886,0.9205722212791443,0.6838497519493103,0.42299363017082214,0.8805316686630249,0.8579088449478149,0.1956467479467392,0.9459127187728882,0.786323606967926,0.7159962058067322,0.2801781892776489,0.5133638978004456,0.2064579427242279,,,,,
gbert,Child support,292748060844,pre,0.8358981013298035,0.8234075903892517,0.49529266357421875,0.5579290390014648,0.730617344379425,0.13640666007995605,0.09215480834245682,0.9826416373252869,0.4869142472743988,0.4725150763988495,0.3514598309993744,0.6231348514556885,0.025405246764421463,,,,,
gbert,Child support,292748060844,post,0.833850622177124,0.9238612055778503,0.7558402419090271,0.6243376135826111,0.8394007086753845,0.8105950355529785,0.12844346463680267,0.9916577339172363,0.6527047753334045,0.008170044980943203,0.7436700463294983,0.24281901121139526,0.013510947115719318,,,,,
gbert,Child support,294136104096,pre,0.8762486577033997,0.8971458673477173,0.8171560168266296,0.44836387038230896,0.9572660326957703,0.7374892234802246,0.3301067054271698,0.19336560368537903,0.33518892526626587,0.8458912968635559,0.11039067059755325,0.4305260181427002,0.45908328890800476,,,,,
gbert,Child support,294136104096,post,0.498465895652771,0.851036548614502,0.68845534324646,0.7634085416793823,0.8611117005348206,0.41117724776268005,0.05933487042784691,0.9531480669975281,0.9319863319396973,0.3062870502471924,0.45154571533203125,0.5328927040100098,0.015561629086732864,,,,,
gbert,Child support,294548351580,pre,0.8921383619308472,0.8825631737709045,0.7575558423995972,0.8298904299736023,0.8121876120567322,0.8072251677513123,0.18314577639102936,0.8545339703559875,0.8709002137184143,0.4267570376396179,0.6386317610740662,0.3549729287624359,0.0063953762874007225,,,,,
gbert,Child support,294548351580,post,0.7154784798622131,0.9297105669975281,0.7644990086555481,0.8360763788223267,0.8536831736564636,0.6656323671340942,0.471336305141449,0.7539061903953552,0.9017413854598999,0.7937471866607666,0.16281387209892273,0.6470264792442322,0.1901596188545227,,,,,
gbert,Child support,294601017528,pre,0.4740823805332184,0.7938322424888611,0.6276631951332092,0.57701176404953,0.8502694964408875,0.6572467088699341,0.315479576587677,0.965123176574707,0.8566955924034119,0.32217612862586975,0.6308378577232361,0.3581673502922058,0.01099480502307415,,,,,
gbert,Child support,294601017528,post,0.37340930104255676,0.09721177071332932,0.6604108214378357,0.7199706435203552,0.24039460718631744,0.313573956489563,0.5761023759841919,0.6586148142814636,0.61921226978302,0.009393644519150257,0.7903900742530823,0.20014743506908417,0.009462534449994564,,,,,
gbert,Child support,294637136832,pre,0.7515236735343933,0.890355110168457,0.4963224530220032,0.7629441618919373,0.8028457164764404,0.1767689287662506,0.4765093922615051,0.9372156858444214,0.7573153972625732,0.002562965266406536,0.8488901853561401,0.14260601997375488,0.008503803983330727,,,,,
gbert,Child support,294637136832,post,0.8998925685882568,0.9199208617210388,0.6869958639144897,0.7039443254470825,0.915571391582489,0.4072837233543396,0.3370695114135742,0.9950559735298157,0.4102023243904114,0.5901223421096802,0.7037556171417236,0.26020199060440063,0.03604244068264961,,,,,
gbert,Child support,294844178160,pre,0.8659242987632751,0.885770320892334,0.7530823349952698,0.8078773617744446,0.7430607676506042,0.6736592054367065,0.7403702139854431,0.7494468092918396,0.7265720367431641,0.011971489526331425,0.5176547169685364,0.4654192328453064,0.01692608743906021,,,,,
gbert,Child support,294844178160,post,0.5694693922996521,0.8983422517776489,0.7878800630569458,0.8033744096755981,0.9201126098632812,0.5030113458633423,0.6310250163078308,0.5139412879943848,0.5121705532073975,0.3863157331943512,0.24618910253047943,0.5474184155464172,0.20639246702194214,,,,,
gbert,Child support,294981665580,post,0.8751638531684875,0.9386324286460876,0.5299925804138184,0.6192534565925598,0.7377905249595642,0.6681498289108276,0.4513389766216278,0.23623277246952057,0.3906576931476593,0.004204472992569208,0.6752828359603882,0.3107123076915741,0.014004961587488651,,,,,
gbert,Child support,294983786664,pre,0.7644122242927551,0.8203822374343872,0.6035676598548889,0.4063434302806854,0.8901169300079346,0.7337555885314941,0.13613523542881012,0.9232580065727234,0.8473444581031799,0.37861695885658264,0.6500390768051147,0.33496150374412537,0.014999408274888992,,,,,
gbert,Child support,294983786664,post,0.6051275134086609,0.8579350709915161,0.5941178798675537,0.5591152906417847,0.8997520208358765,0.8341497778892517,0.8336650729179382,0.979767918586731,0.7385860085487366,0.21733738481998444,0.4871802031993866,0.4969651699066162,0.0158546045422554,,,,,
gbert,Child support,294992336664,post,0.8128229379653931,0.8821192979812622,0.8023971319198608,0.7536363005638123,0.713803231716156,0.8329823017120361,0.8103547692298889,0.8247860074043274,0.7209428548812866,0.24486181139945984,0.5346607565879822,0.44418036937713623,0.02115885727107525,,,,,
gbert,Child support,295039534032,pre,0.5816426873207092,0.9600361585617065,0.8875716924667358,0.8588319420814514,0.9033594131469727,0.6375439167022705,0.61613929271698,0.8192529082298279,0.7941733598709106,0.4039681553840637,0.23403629660606384,0.6243759393692017,0.1415877342224121,,,,,
gbert,Child support,295039534032,post,0.8187381625175476,0.6461940407752991,0.6685993671417236,0.6688002943992615,0.9106091856956482,0.7687801718711853,0.4937334358692169,0.5341567993164062,0.45431116223335266,0.6900119185447693,0.09049976617097855,0.469009667634964,0.4404905140399933,,,,,
gbert,Child support,295075850328,pre,0.7566025257110596,0.6759195327758789,0.7509504556655884,0.6533835530281067,0.8484891653060913,0.5626265406608582,0.6674338579177856,0.4137130677700043,0.3734199106693268,0.4496990740299225,0.12504546344280243,0.6553025841712952,0.21965192258358002,,,,,
gbert,Child support,295075850328,post,0.6236104965209961,0.8753277659416199,0.6628488898277283,0.8413862586021423,0.062399111688137054,0.1210397332906723,0.04020843654870987,0.7458618879318237,0.3366081416606903,0.10152687132358551,0.6690569519996643,0.316205233335495,0.014737880788743496,,,,,
gbert,Child support,295087686948,pre,0.8178362846374512,0.8897506594657898,0.6411529779434204,0.3362562954425812,0.7501213550567627,0.6232622861862183,0.0945751965045929,0.9963979125022888,0.8529348373413086,0.5059305429458618,0.4396524429321289,0.4919194281101227,0.06842812895774841,,,,,
gbert,Child support,295087686948,post,0.5712534189224243,0.8560428619384766,0.5401859879493713,0.4010704457759857,0.46002906560897827,0.18059886991977692,0.004216677043586969,0.8855658173561096,0.9303904175758362,0.373872846364975,0.4566507339477539,0.5232225060462952,0.020126769319176674,,,,,
gbert,Child support,295124897916,pre,0.7121055126190186,0.9379615783691406,0.8284004330635071,0.687128484249115,0.909410834312439,0.6737438440322876,0.4276913106441498,0.931268572807312,0.8198703527450562,0.6729581952095032,0.10608045011758804,0.4712688624858856,0.42265063524246216,,,,,
gbert,Child support,295124897916,post,0.5409156680107117,0.8464710116386414,0.7440610527992249,0.705388605594635,0.8076944351196289,0.6425068974494934,0.6387299299240112,0.8757126927375793,0.7072428464889526,0.09453847259283066,0.1267596185207367,0.8343827724456787,0.03885757178068161,,,,,
gbert,Child support,295147262664,pre,0.633486270904541,0.8363867998123169,0.6249994039535522,0.7133941650390625,0.8883026838302612,0.8283554315567017,0.3134896159172058,0.9532290101051331,0.5713620781898499,0.8656262755393982,0.12882591784000397,0.7491274476051331,0.12204667180776596,,,,,
gbert,Child support,295147262664,post,0.8580182790756226,0.7203847765922546,0.7330085039138794,0.7527351975440979,0.8070895075798035,0.5800352692604065,0.7369959950447083,0.29307377338409424,0.22399836778640747,0.46424737572669983,0.12534436583518982,0.7102684378623962,0.16438715159893036,,,,,
gbert,Child support,295148694960,pre,0.8957133889198303,0.9319655299186707,0.8321450352668762,0.8361654281616211,0.9237360954284668,0.8640542030334473,0.8595823645591736,0.8488657474517822,0.748055100440979,0.7044996023178101,0.3817640244960785,0.44784003496170044,0.17039592564105988,,,,,
gbert,Child support,295148694960,post,0.41266247630119324,0.713318407535553,0.48763737082481384,0.6235678791999817,0.8086833357810974,0.3364031910896301,0.07082760334014893,0.9790184497833252,0.5940989255905151,0.10039418935775757,0.8644531965255737,0.12837986648082733,0.007166994735598564,,,,,
gbert,Child support,295167711528,pre,0.8511092662811279,0.8421961069107056,0.7165850400924683,0.7263819575309753,0.6671276688575745,0.6796908378601074,0.7588237524032593,0.6931546330451965,0.7022597789764404,0.11572007834911346,0.7847074270248413,0.19966192543506622,0.0156305730342865,,,,,
gbert,Child support,295167711528,post,0.8854060769081116,0.7922148704528809,0.6372258067131042,0.7286812663078308,0.6422487497329712,0.009485104121267796,0.4332813620567322,0.9782308340072632,0.9143930673599243,0.23637329041957855,0.5480200052261353,0.4419002830982208,0.010079709812998772,,,,,
gbert,Child support,295290420444,pre,0.8073506355285645,0.8994517922401428,0.8206115961074829,0.510901927947998,0.9265990257263184,0.805216908454895,0.47495511174201965,0.9424877762794495,0.7287943363189697,0.7263360023498535,0.0414605587720871,0.4596801698207855,0.4988592565059662,,,,,
gbert,Child support,295290420444,post,0.5091719627380371,0.7884901762008667,0.4302058219909668,0.8083095550537109,0.8311227560043335,0.9227937459945679,0.3318706750869751,0.18297171592712402,0.29275158047676086,0.3591751456260681,0.047368332743644714,0.4017532467842102,0.5508784055709839,,,,,
gbert,Child support,295334470044,pre,0.6800268292427063,0.8264690041542053,0.8205716609954834,0.8750158548355103,0.8511834740638733,0.7105687260627747,0.717523992061615,0.3897785544395447,0.44195643067359924,0.9434813261032104,0.15219172835350037,0.3256794512271881,0.5221287608146667,,,,,
gbert,Child support,295334470044,post,0.6800044775009155,0.11581625044345856,0.25026562809944153,0.6161090731620789,0.9378208518028259,0.7419275641441345,0.7832422852516174,0.07031909376382828,0.377260684967041,0.6425389647483826,0.03010844998061657,0.5266228914260864,0.44326862692832947,,,,,
gbert,Child support,295412860548,pre,0.87553471326828,0.9298352599143982,0.8635485768318176,0.8057611584663391,0.8353486061096191,0.85638028383255,0.8576884269714355,0.8851416707038879,0.7045868039131165,0.623823881149292,0.7273528575897217,0.2548995912075043,0.017747530713677406,,,,,
gbert,Child support,295412860548,post,0.7900260090827942,0.7756203413009644,0.3733234107494354,0.7865741848945618,0.8316534161567688,0.7002277374267578,0.6032462120056152,0.6515167355537415,0.7920088171958923,0.5292578339576721,0.1665431410074234,0.4447181224822998,0.3887386918067932,,,,,
gbert,Child support,295443772560,pre,0.765177309513092,0.9044036865234375,0.6485868096351624,0.33019664883613586,0.9128460884094238,0.6336047053337097,0.3509083688259125,0.9975138902664185,0.4767158627510071,0.7693014740943909,0.5576276183128357,0.4275631010532379,0.014809283427894115,,,,,
gbert,Child support,295443772560,post,0.6476309299468994,0.9252077341079712,0.655215859413147,0.3237193822860718,0.8140072226524353,0.12718194723129272,0.017037631943821907,0.9948049783706665,0.7730126976966858,0.00667751906439662,0.8652955293655396,0.12746816873550415,0.007236361037939787,,,,,
gbert,Child support,296236531296,pre,0.7848076224327087,0.7799142599105835,0.6659182906150818,0.7847633361816406,0.9620102047920227,0.842531681060791,0.8269262909889221,0.6703596115112305,0.5273066759109497,0.656828761100769,0.08623059839010239,0.7775683999061584,0.13620099425315857,,,,,
gbert,Child support,296270392716,post,0.502641499042511,0.8632833361625671,0.5125113725662231,0.6033918261528015,0.7035395503044128,0.4894825518131256,0.5809155106544495,0.9449223875999451,0.9849176406860352,0.7113460898399353,0.4243645668029785,0.5353955626487732,0.04023982957005501,,,,,
gbert,Child support,296314442316,pre,0.35645756125450134,0.05914799124002457,0.3801761567592621,0.33136728405952454,0.695748507976532,0.373501181602478,0.3380482792854309,0.30398133397102356,0.24400246143341064,0.03311635181307793,0.18468935787677765,0.7284282445907593,0.08688237518072128,,,,,
gbert,Child support,296314442316,post,0.7215409874916077,0.6335237622261047,0.560309648513794,0.6397358775138855,0.8981803059577942,0.22762656211853027,0.29333385825157166,0.9792811274528503,0.5559640526771545,0.35783571004867554,0.27507978677749634,0.5932045578956604,0.13171562552452087,,,,,
gbert,Child support,296431060896,post,0.679437518119812,0.8420966267585754,0.3658416271209717,0.804554283618927,0.8882043361663818,0.7933671474456787,0.7019036412239075,0.7117258310317993,0.6430107951164246,0.43105337023735046,0.10235709697008133,0.5022725462913513,0.3953703045845032,,,,,
gbert,Child support,296485300044,pre,0.7005320191383362,0.8102414011955261,0.3492802381515503,0.6480676531791687,0.40574556589126587,0.010026567615568638,0.15651395916938782,0.9837775230407715,0.16922082006931305,0.5763275623321533,0.4620010554790497,0.5157232880592346,0.02227567881345749,,,,,
gbert,Child support,296485300044,post,0.34664714336395264,0.40462395548820496,0.4112813174724579,0.018491508439183235,0.029800809919834137,0.03241182863712311,0.003635352710261941,0.7429342269897461,0.5132342576980591,0.2645380198955536,0.31600090861320496,0.6677677035331726,0.01623133197426796,,,,,
gbert,Child support,296604729180,pre,0.8697254657745361,0.9114569425582886,0.6271660327911377,0.7317875623703003,0.8304678201675415,0.6026163101196289,0.11113498359918594,0.9867554306983948,0.8300158381462097,0.5049105882644653,0.6203327178955078,0.36848148703575134,0.011185776442289352,,,,,
gbert,Child support,296604729180,post,0.82844477891922,0.8827565312385559,0.6267099380493164,0.8060401082038879,0.819629430770874,0.2580210864543915,0.38053882122039795,0.4981467127799988,0.002973235445097089,0.2697707414627075,0.8289412260055542,0.16533677279949188,0.005721971392631531,,,,,
gbert,Child support,296701859916,pre,0.8232790231704712,0.8339839577674866,0.6414064168930054,0.7600939869880676,0.8075215816497803,0.44597092270851135,0.5304743051528931,0.3375975489616394,0.8293089866638184,0.4279583692550659,0.38892537355422974,0.5928552746772766,0.018219362944364548,,,,,
gbert,Child support,296701859916,post,0.807966947555542,0.9112673401832581,0.5578445196151733,0.7639524340629578,0.8344086408615112,0.8517255187034607,0.2747635841369629,0.9870446920394897,0.6104956269264221,0.5780402421951294,0.60775226354599,0.38067394495010376,0.011573832482099533,,,,,
gbert,Child support,296710409916,post,0.9207367300987244,0.9152107834815979,0.7870134711265564,0.689555287361145,0.8270537853240967,0.05276660621166229,0.20577870309352875,0.9773941040039062,0.8389371633529663,0.577448844909668,0.40234920382499695,0.5830034017562866,0.0146474065259099,,,,,
gbert,Child support,297042555528,post,0.4969974756240845,0.8298585414886475,0.47296997904777527,0.3387400209903717,0.7748966217041016,0.4139673113822937,0.2781427502632141,0.26585304737091064,0.2561127245426178,0.007925473153591156,0.26646000146865845,0.4902242124080658,0.24331578612327576,,,,,
gbert,Child support,297120463812,pre,0.6000832915306091,0.6505638360977173,0.37140220403671265,0.15375326573848724,0.8655531406402588,0.17777054011821747,0.5519028902053833,0.9978938102722168,0.5964168310165405,0.5753714442253113,0.5067111849784851,0.4419730603694916,0.05131584033370018,,,,,
gbert,Child support,297120463812,post,0.7539215087890625,0.5940781831741333,0.4760683476924896,0.4486125707626343,0.9251940846443176,0.49668192863464355,0.4505801200866699,0.9974109530448914,0.5780172944068909,0.19423061609268188,0.47967296838760376,0.4839240610599518,0.03640297055244446,,,,,
gbert,Child support,297211164948,pre,0.27726125717163086,0.8219836354255676,0.6347850561141968,0.6167938113212585,0.8349818587303162,0.7412331104278564,0.6133406758308411,0.9975121021270752,0.8631672263145447,0.37304678559303284,0.566853940486908,0.4185958802700043,0.014550223015248775,,,,,
gbert,Child support,297211164948,post,0.25315436720848083,0.6527777910232544,0.448424756526947,0.5368726849555969,0.9014477133750916,0.641549825668335,0.6354434490203857,0.9921595454216003,0.8894603252410889,0.10963447391986847,0.46563050150871277,0.48220914602279663,0.0521603524684906,,,,,
gbert,Child support,297276141528,pre,0.31615129113197327,0.8951785564422607,0.6212369203567505,0.49147218465805054,0.059436313807964325,0.02724364772439003,0.08700248599052429,0.9920932054519653,0.9301367998123169,0.5819598436355591,0.5324798226356506,0.45432499051094055,0.013195187784731388,,,,,
gbert,Child support,297276141528,post,0.8835921287536621,0.9031537771224976,0.6705291867256165,0.7435255646705627,0.8517590165138245,0.04475368931889534,0.10344894230365753,0.9753395318984985,0.9707062244415283,0.8206818103790283,0.6482108235359192,0.34275683760643005,0.00903232954442501,,,,,
gbert,Child support,297309799116,pre,0.7613503932952881,0.8813027143478394,0.6236716508865356,0.5821681022644043,0.9582887887954712,0.3435012698173523,0.3985104560852051,0.9887064695358276,0.6091777086257935,0.47428855299949646,0.2338263839483261,0.7076478600502014,0.058525752276182175,,,,,
gbert,Child support,297309799116,post,0.8358120322227478,0.908581018447876,0.6873078346252441,0.8446283340454102,0.8307849168777466,0.07492092251777649,0.49850526452064514,0.9642574191093445,0.44059544801712036,0.40715494751930237,0.4870513379573822,0.48971593379974365,0.02323274500668049,,,,,
gbert,Child support,297437978664,pre,0.40912318229675293,0.8716179132461548,0.652182400226593,0.7631524205207825,0.8513874411582947,0.6697596907615662,0.303648978471756,0.20405055582523346,0.6320851445198059,0.2565271854400635,0.021747173741459846,0.31510159373283386,0.663151204586029,,,,,
gbert,Child support,297437978664,post,0.6376641392707825,0.8748895525932312,0.6407225728034973,0.8202855587005615,0.9366553425788879,0.7104037404060364,0.5216397047042847,0.7406133413314819,0.9076011776924133,0.057695597410202026,0.014652106910943985,0.23707789182662964,0.7482700347900391,,,,,
gbert,Child support,298225945296,pre,0.7510907649993896,0.8608390092849731,0.4722341001033783,0.4350263476371765,0.9063013195991516,0.033221010118722916,0.3133910596370697,0.4733557105064392,0.4372727870941162,0.20549821853637695,0.1070040762424469,0.5414057374000549,0.3515901565551758,,,,,
gbert,Child support,298225945296,post,0.6748026609420776,0.5796027779579163,0.5523176193237305,0.6361777782440186,0.7310574054718018,0.7659811973571777,0.4643745422363281,0.7209448218345642,0.5672339797019958,0.17489850521087646,0.7609902024269104,0.23052653670310974,0.008483248762786388,,,,,
gbert,Child support,298249883928,pre,0.878152072429657,0.8907185196876526,0.7124633193016052,0.8802163004875183,0.9817512631416321,0.5509559512138367,0.6815157532691956,0.7907358407974243,0.8681418299674988,0.6974408030509949,0.42613962292671204,0.5655830502510071,0.00827731192111969,,,,,
gbert,Child support,298249883928,post,0.33760955929756165,0.7854686975479126,0.48262619972229004,0.697504460811615,0.8453487753868103,0.48911190032958984,0.5041884183883667,0.9174344539642334,0.36030593514442444,0.7069451808929443,0.1359628289937973,0.5692276358604431,0.29480957984924316,,,,,
gbert,Child support,298252892160,pre,0.8388204574584961,0.9439305663108826,0.7315678596496582,0.8357140421867371,0.8824144601821899,0.6680602431297302,0.6132838726043701,0.994633674621582,0.5301259756088257,0.6925508379936218,0.36848369240760803,0.5877140164375305,0.04380228742957115,,,,,
gbert,Child support,298252892160,post,0.46636828780174255,0.8758328557014465,0.6685515642166138,0.5520257949829102,0.8872286677360535,0.5579811334609985,0.5290900468826294,0.9529172778129578,0.7728210091590881,0.7366096377372742,0.5918238162994385,0.3928525149822235,0.015323641709983349,,,,,
gbert,Child support,298301049864,post,0.8246637582778931,0.8314871191978455,0.5770477652549744,0.743855357170105,0.24057288467884064,0.32056161761283875,0.5910782217979431,0.8901300430297852,0.8527658581733704,0.26406705379486084,0.7092393636703491,0.2845649719238281,0.0061956443823874,,,,,
gbert,Child support,298381419864,pre,0.7107202410697937,0.7993467450141907,0.4503004252910614,0.7575467228889465,0.7574316263198853,0.5097160339355469,0.36643755435943604,0.9708105325698853,0.8809465169906616,0.6305326819419861,0.4838513731956482,0.49779874086380005,0.01834988221526146,,,,,
gbert,Child support,298381419864,post,0.5856348276138306,0.8404045104980469,0.4604429006576538,0.8725053668022156,0.7922928929328918,0.2839750349521637,0.8277392983436584,0.7419676780700684,0.8519384860992432,0.3188433051109314,0.4705694615840912,0.4723930060863495,0.057037532329559326,,,,,
gbert,Child support,298394417916,pre,0.7749983668327332,0.8210209012031555,0.7474884390830994,0.6817218065261841,0.8291233777999878,0.8834038972854614,0.03530769795179367,0.9641804099082947,0.8571967482566833,0.7117049098014832,0.07670844346284866,0.7666410803794861,0.15665045380592346,,,,,
gbert,Child support,298394417916,post,0.5440458059310913,0.788720428943634,0.5841630101203918,0.4416133165359497,0.3009781837463379,0.3125643730163574,0.004575883504003286,0.7392622232437134,0.4250210225582123,0.06047596037387848,0.7467809915542603,0.2256070226430893,0.027611980214715004,,,,,
gbert,Child support,298519314264,post,0.8478728532791138,0.9316190481185913,0.6760638356208801,0.66310054063797,0.07395941019058228,0.33912551403045654,0.4811486303806305,0.9806134104728699,0.8221230506896973,0.030112825334072113,0.9611141085624695,0.03365152329206467,0.00523437699303031,,,,,
gbert,Child support,298562882328,post,0.8773266077041626,0.7970688939094543,0.7001903653144836,0.6520311236381531,0.1706201732158661,0.7435864806175232,0.4910837411880493,0.5447437167167664,0.6544451117515564,0.016511594876646996,0.48260897397994995,0.4819001257419586,0.035490963608026505,,,,,
gbert,Child support,298592227296,pre,0.7096764445304871,0.8452975153923035,0.4483593702316284,0.7366853356361389,0.14469590783119202,0.03434675186872482,0.20508714020252228,0.9928786754608154,0.27171647548675537,0.3977503478527069,0.5983337759971619,0.3812575042247772,0.02040868066251278,,,,,
gbert,Child support,298592227296,post,0.47692811489105225,0.8481749892234802,0.559212863445282,0.835320234298706,0.23834756016731262,0.1658927947282791,0.2404426485300064,0.9551717042922974,0.03435862436890602,0.5981444120407104,0.41874080896377563,0.5349329113960266,0.04632626846432686,,,,,
gbert,Child support,298631968380,post,0.22155006229877472,0.8324524760246277,0.3270874619483948,0.0034247669391334057,0.5438985228538513,0.3411886394023895,0.010540257208049297,0.9241387248039246,0.9726499319076538,0.014820992946624756,0.6492112278938293,0.3352329432964325,0.0155558530241251,,,,,
gbert,Child support,298778755464,pre,0.868475079536438,0.8006496429443359,0.45185887813568115,0.7885000705718994,0.9110612869262695,0.11800358444452286,0.7072131037712097,0.9929103851318359,0.730449914932251,0.9764918684959412,0.6609757542610168,0.3297286331653595,0.009295611642301083,,,,,
gbert,Child support,298802216664,pre,0.7195054292678833,0.9149378538131714,0.6549803018569946,0.5850474834442139,0.9395725727081299,0.6692997813224792,0.4724743962287903,0.9074010848999023,0.6757615208625793,0.8248839378356934,0.2010953724384308,0.4076220989227295,0.39128249883651733,,,,,
gbert,Child support,298802216664,post,0.8544995188713074,0.9312941431999207,0.7493735551834106,0.5911834836006165,0.809178352355957,0.690926194190979,0.5230270028114319,0.9812537431716919,0.8572278022766113,0.768738329410553,0.14661233127117157,0.46604031324386597,0.38734737038612366,,,,,
gbert,Child support,298885935528,pre,0.3127445578575134,0.8509871363639832,0.6201758980751038,0.5488534569740295,0.4902230501174927,0.013249541632831097,0.006214361172169447,0.7773845791816711,0.4038883149623871,0.14096520841121674,0.5160065293312073,0.4697670638561249,0.014226350001990795,,,,,
gbert,Child support,298885935528,post,0.6918817758560181,0.8402066230773926,0.5085577368736267,0.84518963098526,0.4542151987552643,0.7890706062316895,0.37251371145248413,0.8799907565116882,0.45814019441604614,0.5175666809082031,0.5091109275817871,0.46616214513778687,0.02472691610455513,,,,,
gbert,Child support,299005499412,pre,0.8295935392379761,0.854089081287384,0.6258326172828674,0.7458416223526001,0.8073884844779968,0.6803981065750122,0.4312448501586914,0.5385217070579529,0.28011786937713623,0.7026179432868958,0.27140697836875916,0.5484241247177124,0.18016892671585083,,,,,
gbert,Child support,299005499412,post,0.16950319707393646,0.7605046033859253,0.3438135087490082,0.5521849989891052,0.8432875275611877,0.45377156138420105,0.1809128075838089,0.2965860664844513,0.14192669093608856,0.47935229539871216,0.09300211071968079,0.5318979620933533,0.3750999867916107,,,,,
gbert,Child support,299006529516,post,0.4184483587741852,0.7950139045715332,0.2605883777141571,0.2256951481103897,0.5145574808120728,0.6869670152664185,0.30448731780052185,0.9915558695793152,0.7413814067840576,0.2627437114715576,0.6009306907653809,0.3755734860897064,0.02349592186510563,,,,,
gbert,Child support,299096813412,pre,0.7640734910964966,0.884209156036377,0.6549219489097595,0.8355191946029663,0.8737621903419495,0.7457873225212097,0.18129608035087585,0.9738994836807251,0.9057355523109436,0.3608485758304596,0.33552730083465576,0.6060164570808411,0.05845623090863228,,,,,
gbert,Child support,299096813412,post,0.9035347104072571,0.9419080018997192,0.7059231400489807,0.7300099730491638,0.5213025808334351,0.12426590174436569,0.016693077981472015,0.99334716796875,0.947923481464386,0.5575520992279053,0.7070867419242859,0.28419703245162964,0.008716232143342495,,,,,
gbert,Child support,299118362148,pre,0.4996209442615509,0.8836727738380432,0.6614040732383728,0.7280449867248535,0.9620404839515686,0.7990989685058594,0.3699251413345337,0.9802284836769104,0.8328222036361694,0.4007638990879059,0.09213370084762573,0.8254488706588745,0.08241742104291916,,,,,
gbert,Child support,299118362148,post,0.8916177749633789,0.9386060833930969,0.7830796241760254,0.8476102948188782,0.5660809278488159,0.04629582539200783,0.3290998637676239,0.988845705986023,0.9097705483436584,0.485596626996994,0.7217780351638794,0.26940208673477173,0.00881991721689701,,,,,
gbert,Child support,299135390328,pre,0.506602942943573,0.6835240721702576,0.4794383645057678,0.033652305603027344,0.7348840832710266,0.4100302755832672,0.038677822798490524,0.9894003868103027,0.9292498230934143,0.5429439544677734,0.6084914207458496,0.3759627938270569,0.015545791946351528,,,,,
gbert,Child support,299135390328,post,0.3919031322002411,0.8685415983200073,0.42232027649879456,0.5890772938728333,0.20781074464321136,0.07539410144090652,0.013376012444496155,0.8039200305938721,0.9388272762298584,0.24655582010746002,0.7273628115653992,0.26079314947128296,0.011843978427350521,,,,,
gbert,Child support,299342574612,pre,0.8818289041519165,0.9067869782447815,0.7620884776115417,0.8043552041053772,0.9115672707557678,0.8377349972724915,0.8209375143051147,0.8567565083503723,0.7777796983718872,0.645721435546875,0.40886321663856506,0.4143044650554657,0.17683228850364685,,,,,
gbert,Child support,299342574612,post,0.88726407289505,0.9087775945663452,0.751634955406189,0.8324987292289734,0.9011512994766235,0.8410875797271729,0.8102032542228699,0.9236034750938416,0.7972676157951355,0.6485220193862915,0.39108526706695557,0.429309219121933,0.17960551381111145,,,,,
gbert,Child support,299405505348,post,0.6323651075363159,0.6472145915031433,0.5915928483009338,0.7455301880836487,0.1534111201763153,0.1495194435119629,0.11036738008260727,0.9104601144790649,0.8513868451118469,0.08643581718206406,0.7723854184150696,0.21633873879909515,0.011275858618319035,,,,,
gbert,Child support,299438609580,pre,0.9356841444969177,0.9251303672790527,0.6604733467102051,0.7742303609848022,0.2179599553346634,0.6233075857162476,0.3357941508293152,0.9594224691390991,0.9287692904472351,0.27714675664901733,0.7159904837608337,0.26899802684783936,0.01501148659735918,,,,,
gbert,Child support,299438609580,post,0.7921406030654907,0.9056395888328552,0.709449827671051,0.8044686317443848,0.02699250727891922,0.49419930577278137,0.42489656805992126,0.9519695043563843,0.853969156742096,0.0065645189024508,0.6968392133712769,0.2892002463340759,0.013960601761937141,,,,,
gbert,Child support,299465418960,pre,0.8711932897567749,0.9171551465988159,0.7200309634208679,0.6943920850753784,0.8754017353057861,0.5638003945350647,0.22913537919521332,0.939443826675415,0.7529581189155579,0.597200334072113,0.19501815736293793,0.6560320854187012,0.1489497721195221,,,,,
gbert,Child support,299465418960,post,0.7054489850997925,0.9125439524650574,0.7849535346031189,0.8676705956459045,0.9353520274162292,0.7230411767959595,0.31341177225112915,0.8454338312149048,0.7365140914916992,0.6120116114616394,0.17258621752262115,0.682833194732666,0.14458060264587402,,,,,
gbert,Child support,299545516728,post,0.6257613897323608,0.8403911590576172,0.255569726228714,0.5790871381759644,0.009612362831830978,0.8409523963928223,0.41357213258743286,0.8816540241241455,0.27717408537864685,0.06794516742229462,0.5138477683067322,0.4449493885040283,0.04120289534330368,,,,,
gbert,Child support,299558447064,pre,0.6969711780548096,0.8238800168037415,0.6187720894813538,0.5412319898605347,0.8720464110374451,0.2191808521747589,0.4706353545188904,0.9704409837722778,0.6270412802696228,0.08928237110376358,0.25319212675094604,0.7367535829544067,0.010054226964712143,,,,,
gbert,Child support,299558447064,post,0.7261146903038025,0.6507771015167236,0.7242742776870728,0.7334965467453003,0.6719382405281067,0.7353870272636414,0.3456577956676483,0.9586844444274902,0.735674262046814,0.00546053284779191,0.8314889669418335,0.15718793869018555,0.011323170736432076,,,,,
gbert,Child support,299590045812,pre,0.8057056069374084,0.8672407865524292,0.8060469031333923,0.6956374049186707,0.27507418394088745,0.8453260660171509,0.7921945452690125,0.847731351852417,0.7422146201133728,0.3318231701850891,0.4791621267795563,0.5010772943496704,0.019760601222515106,,,,,
gbert,Child support,299590045812,post,0.34599170088768005,0.019513553008437157,0.1084149107336998,0.011958557181060314,0.3561365604400635,0.2800642251968384,0.01127528678625822,0.17923234403133392,0.09754984080791473,0.0066626002080738544,0.09197178483009338,0.759955883026123,0.14807231724262238,,,,,
gbert,Child support,301010033916,pre,0.731724202632904,0.9154508709907532,0.7024498581886292,0.6684419512748718,0.8136157989501953,0.14795458316802979,0.42892053723335266,0.9723638296127319,0.7404483556747437,0.7939765453338623,0.7256448268890381,0.2657167315483093,0.008638434112071991,,,,,
gbert,Child support,301031710560,pre,0.7261626720428467,0.9094066619873047,0.7792073488235474,0.31521689891815186,0.027214985340833664,0.03941504284739494,0.014278863556683064,0.969690203666687,0.9329208731651306,0.4745067358016968,0.7925782799720764,0.19780239462852478,0.009619315154850483,,,,,
gbert,Child support,301031710560,post,0.8675745129585266,0.9089956879615784,0.7738327980041504,0.4679756462574005,0.16406196355819702,0.0465124174952507,0.22066257894039154,0.9225568175315857,0.905642569065094,0.5315949320793152,0.8190922141075134,0.17526206374168396,0.00564570864662528,,,,,
gbert,Child support,301040330328,post,0.6395090818405151,0.8624293208122253,0.7448244690895081,0.8126091957092285,0.8803929686546326,0.46408891677856445,0.7472866177558899,0.7771797776222229,0.27292346954345703,0.12234490364789963,0.3018645942211151,0.6676186323165894,0.03051673248410225,,,,,
gbert,Child support,301139171748,pre,0.5760250091552734,0.9466937780380249,0.5381544232368469,0.4960417151451111,0.8794922828674316,0.3371565043926239,0.41875916719436646,0.9950061440467834,0.7435574531555176,0.40054988861083984,0.2085338830947876,0.6506910920143127,0.14077500998973846,,,,,
gbert,Child support,301139171748,post,0.5285649299621582,0.8642247915267944,0.5426741242408752,0.10238543152809143,0.8648470640182495,0.7099024057388306,0.8668978214263916,0.9881493449211121,0.7645267844200134,0.14659930765628815,0.5364366769790649,0.4453415274620056,0.018221810460090637,,,,,
gbert,Child support,301235681412,pre,0.8362346887588501,0.8433392643928528,0.5591824054718018,0.5584231615066528,0.8110608458518982,0.3360755741596222,0.4150939881801605,0.7389119267463684,0.4949306845664978,0.014684252440929413,0.833162248134613,0.15900622308254242,0.007831515744328499,,,,,
gbert,Child support,301235681412,post,0.6355199813842773,0.9100275039672852,0.7152858376502991,0.627885103225708,0.07238800078630447,0.4057597517967224,0.06631874293088913,0.7397144436836243,0.4401736557483673,0.028414150699973106,0.9308546185493469,0.06405648589134216,0.005088874604552984,,,,,
gbert,Child support,301489654032,pre,0.2032930850982666,0.7975301742553711,0.7930940389633179,0.7834755778312683,0.49388131499290466,0.5887397527694702,0.7199140787124634,0.49690765142440796,0.5349649786949158,0.1755928248167038,0.729831337928772,0.2535109519958496,0.016657691448926926,,,,,
gbert,Child support,301489654032,post,0.47520071268081665,0.8363311886787415,0.8146265745162964,0.665239155292511,0.777820348739624,0.609963595867157,0.6204020380973816,0.5627925992012024,0.37034884095191956,0.5084768533706665,0.6793964505195618,0.3083858788013458,0.012217724695801735,,,,,
gbert,Child support,301530007296,pre,0.8997611999511719,0.8596382141113281,0.7827897071838379,0.8269833326339722,0.8063610792160034,0.779949426651001,0.7919806838035583,0.8431196808815002,0.7237066626548767,0.23970526456832886,0.8523380756378174,0.13685642182826996,0.010805451311171055,,,,,
gbert,Child support,301530007296,post,0.8724265694618225,0.8838794827461243,0.5310397744178772,0.7284889817237854,0.7578272819519043,0.5505953431129456,0.4851020872592926,0.9823681116104126,0.747546374797821,0.09451797604560852,0.6090562343597412,0.3679821789264679,0.022961575537919998,,,,,
gbert,Child support,301673236896,post,0.8830783367156982,0.8628804683685303,0.7281339168548584,0.7542140483856201,0.7836097478866577,0.7480509281158447,0.5642839074134827,0.9062659740447998,0.6406203508377075,0.40564435720443726,0.5187152624130249,0.45497456192970276,0.026310207322239876,,,,,
gbert,Child support,301703880780,pre,0.549133837223053,0.8953467011451721,0.46579134464263916,0.6123635768890381,0.8080839514732361,0.6995513439178467,0.07600118964910507,0.9743890166282654,0.7383662462234497,0.1712130606174469,0.46220916509628296,0.4991268217563629,0.03866400942206383,,,,,
gbert,Child support,301754976948,pre,0.4229119122028351,0.25418272614479065,0.5888362526893616,0.6265832781791687,0.9129142165184021,0.9520242214202881,0.4155677556991577,0.9968653321266174,0.772553026676178,0.20916429162025452,0.58458411693573,0.40596896409988403,0.009446912445127964,,,,,
gbert,Child support,301754976948,post,0.6113331317901611,0.9074963331222534,0.4243067800998688,0.7911296486854553,0.5710645318031311,0.008258688263595104,0.11083158105611801,0.9957629442214966,0.37654200196266174,0.05269157513976097,0.3832322657108307,0.5962478518486023,0.020519914105534554,,,,,
gbert,Child support,301780282212,pre,0.8193516731262207,0.884915828704834,0.46016937494277954,0.7352113723754883,0.8017869591712952,0.012508350424468517,0.26251018047332764,0.9965928196907043,0.5212264060974121,0.6776610612869263,0.5638082027435303,0.4268557131290436,0.009336045943200588,,,,,
gbert,Child support,301780282212,post,0.8959605693817139,0.9224172234535217,0.7398384213447571,0.5079911947250366,0.8973120450973511,0.43406620621681213,0.2022910863161087,0.9923840761184692,0.893621563911438,0.5480784773826599,0.7017554044723511,0.28757286071777344,0.010671754367649555,,,,,
gbert,Child support,301829874264,pre,0.8886569738388062,0.9256471395492554,0.8288036584854126,0.81803297996521,0.9229569435119629,0.8543519377708435,0.867055356502533,0.8311452865600586,0.7196567058563232,0.7119501829147339,0.37820690870285034,0.4563733637332916,0.16541972756385803,,,,,
gbert,Child support,301829874264,post,0.8886569738388062,0.9256471395492554,0.8288036584854126,0.81803297996521,0.9229569435119629,0.8543519377708435,0.867055356502533,0.8311452865600586,0.7196567058563232,0.7119501829147339,0.37820690870285034,0.4563733637332916,0.16541972756385803,,,,,
gbert,Child support,301856139864,pre,0.8635326027870178,0.8900256156921387,0.7765048742294312,0.8348585963249207,0.43900126218795776,0.7069451808929443,0.4114808440208435,0.9872511029243469,0.7286520600318909,0.4678363502025604,0.4329293370246887,0.5197764039039612,0.0472942553460598,,,,,
gbert,Child support,301856139864,post,0.7187767624855042,0.9201670289039612,0.8190673589706421,0.7137730121612549,0.4751966893672943,0.1652066856622696,0.2752721309661865,0.9986001253128052,0.7209033966064453,0.7308961153030396,0.7209485173225403,0.2698265612125397,0.009224943816661835,,,,,
gbert,Child support,301878235116,pre,0.6766827702522278,0.8849447965621948,0.6507346630096436,0.7076379656791687,0.34407278895378113,0.22864952683448792,0.2139405906200409,0.9665265679359436,0.8460800647735596,0.2658630609512329,0.5186455845832825,0.46661144495010376,0.014742996543645859,,,,,
gbert,Child support,301878235116,post,0.8387466669082642,0.9187739491462708,0.6449427008628845,0.7524306774139404,0.6670189499855042,0.10638739168643951,0.3268008232116699,0.9836183190345764,0.4948066174983978,0.6771467328071594,0.5822402834892273,0.4067925810813904,0.010967127047479153,,,,,
gbert,Child support,301903336548,post,0.7566692233085632,0.8998114466667175,0.6008243560791016,0.2523930072784424,0.5089144706726074,0.5285900831222534,0.02962661162018776,0.9939864277839661,0.8648240566253662,0.004315786994993687,0.9235170483589172,0.06998048722743988,0.006502446252852678,,,,,
gbert,Child support,301953198096,post,0.5924291014671326,0.008234020322561264,0.5571703314781189,0.6177518963813782,0.1681203842163086,0.6409595608711243,0.5841806530952454,0.32229864597320557,0.6656173467636108,0.17141108214855194,0.4876469373703003,0.4449852406978607,0.06736774742603302,,,,,
gbert,Child support,302043826044,post,0.45972615480422974,0.7773693799972534,0.5919791460037231,0.5753411650657654,0.034382712095975876,0.14558641612529755,0.043907783925533295,0.9265938997268677,0.6746333837509155,0.019450245425105095,0.769931972026825,0.21924148499965668,0.010826448909938335,,,,,
gbert,Child support,302066194896,pre,0.571722686290741,0.8678329586982727,0.8104509711265564,0.4695267975330353,0.79256671667099,0.07292249798774719,0.3379075825214386,0.9871084094047546,0.8669531941413879,0.3880344033241272,0.4176311492919922,0.549572765827179,0.03279611095786095,,,,,
gbert,Child support,302066194896,post,0.5329817533493042,0.944982647895813,0.49872466921806335,0.4408808648586273,0.9130141139030457,0.12733370065689087,0.26226338744163513,0.9935155510902405,0.9276052713394165,0.5426028370857239,0.6172576546669006,0.37483716011047363,0.007905169390141964,,,,,
gbert,Child support,302239108044,pre,0.7450400590896606,0.8742534518241882,0.8035032153129578,0.7482520341873169,0.48029381036758423,0.8042600750923157,0.7459586262702942,0.8101860880851746,0.7663429975509644,0.012264316901564598,0.8304721713066101,0.1604233980178833,0.009104382246732712,,,,,
gbert,Child support,302239108044,post,0.6816743612289429,0.8738747239112854,0.8098587393760681,0.6185527443885803,0.03181842342019081,0.07831655442714691,0.32680681347846985,0.8665466904640198,0.8176173567771912,0.3026881217956543,0.6043449640274048,0.3825937807559967,0.01306129340082407,,,,,
gbert,Child support,303085973232,pre,0.7100809216499329,0.6246384978294373,0.6866239905357361,0.5780659914016724,0.8748677968978882,0.6873990297317505,0.7984671592712402,0.9129863381385803,0.6544445157051086,0.3733435273170471,0.11808165162801743,0.7908201217651367,0.09109823405742645,,,,,
gbert,Child support,303085973232,post,0.4180651605129242,0.7700183391571045,0.615289568901062,0.06733465194702148,0.8351211547851562,0.18612036108970642,0.025170069187879562,0.9883366823196411,0.4530391991138458,0.7173764705657959,0.16111575067043304,0.4708811044692993,0.36800310015678406,,,,,
gbert,Child support,303348214044,pre,0.2168658971786499,0.23012056946754456,0.6347101926803589,0.02579025737941265,0.004094935953617096,0.2967069447040558,0.013147675432264805,0.3678778111934662,0.5738402605056763,0.01731046289205551,0.8926897048950195,0.06681353598833084,0.04049675911664963,,,,,
gbert,Child support,303348214044,post,0.5647715330123901,0.8192304372787476,0.7276226878166199,0.7194473743438721,0.9089561700820923,0.8921077251434326,0.48722490668296814,0.9449602961540222,0.8615056872367859,0.584202229976654,0.36849865317344666,0.6096259951591492,0.02187538333237171,,,,,
gbert,Child support,303418463580,pre,0.8269162774085999,0.9092505574226379,0.679026186466217,0.8193212747573853,0.8418508172035217,0.8284214735031128,0.6822106242179871,0.7996782064437866,0.4604748785495758,0.6567829847335815,0.47637197375297546,0.5049837827682495,0.018644195050001144,,,,,
gbert,Child support,303418463580,post,0.7671971321105957,0.8443057537078857,0.8474093675613403,0.6248489022254944,0.06611315160989761,0.797910749912262,0.785459578037262,0.6976901292800903,0.6548133492469788,0.13961978256702423,0.4325760006904602,0.5459304451942444,0.021493494510650635,,,,,
gbert,Child support,303428110716,post,0.7616701126098633,0.8379783630371094,0.762015163898468,0.6661344170570374,0.7775781750679016,0.5587953925132751,0.27612221240997314,0.6575222015380859,0.35125136375427246,0.4347190260887146,0.2981501817703247,0.5429006218910217,0.15894916653633118,,,,,
gbert,Child support,303481936728,pre,0.4376612603664398,0.9062750935554504,0.2565833032131195,0.7059522271156311,0.9054934978485107,0.34231945872306824,0.4698669910430908,0.9942117929458618,0.8318588733673096,0.8239551186561584,0.366313099861145,0.6148226857185364,0.01886427029967308,,,,,
gbert,Child support,303481936728,post,0.8863060474395752,0.9697672724723816,0.8375755548477173,0.8651890754699707,0.9088610410690308,0.6046512722969055,0.7603142857551575,0.9958633780479431,0.9008034467697144,0.6966592073440552,0.3712562918663025,0.6094251275062561,0.019318612292408943,,,,,
gbert,Child support,303624554832,pre,0.9212495684623718,0.9610623717308044,0.6818931698799133,0.7270327210426331,0.8904308676719666,0.563473641872406,0.27066317200660706,0.9801464676856995,0.9599502086639404,0.832789957523346,0.39807116985321045,0.43635231256484985,0.16557645797729492,,,,,
gbert,Child support,303624554832,post,0.786796510219574,0.9432424306869507,0.5205872058868408,0.6932454705238342,0.7898925542831421,0.47796592116355896,0.5112850666046143,0.9804626703262329,0.9241648316383362,0.5167587399482727,0.49036359786987305,0.4530213475227356,0.05661503225564957,,,,,
gbert,Child support,303682488948,pre,0.6000440120697021,0.7017901539802551,0.5116853713989258,0.41483765840530396,0.7738856077194214,0.5322441458702087,0.09346543997526169,0.9953504204750061,0.5322830080986023,0.39443498849868774,0.5381447076797485,0.4485245943069458,0.013330730609595776,,,,,
gbert,Child support,303682488948,post,0.33064940571784973,0.8435894250869751,0.44198548793792725,0.5745954513549805,0.8546452522277832,0.0620669461786747,0.11750349402427673,0.9468463063240051,0.002026374451816082,0.3720625340938568,0.8163782358169556,0.1707594245672226,0.012862312607467175,,,,,
gbert,Child support,303798632832,pre,0.7649463415145874,0.8222357034683228,0.5875844359397888,0.42929908633232117,0.7566350102424622,0.10649245232343674,0.45010906457901,0.9712209701538086,0.6610399484634399,0.07960500568151474,0.4551036059856415,0.5327085256576538,0.012187840417027473,,,,,
gbert,Child support,303798632832,post,0.3784985840320587,0.5388475060462952,0.5277453660964966,0.7837624549865723,0.0020040455274283886,0.3314261734485626,0.037138018757104874,0.478728324174881,0.6377147436141968,0.27523836493492126,0.6229463219642639,0.35599634051322937,0.021057384088635445,,,,,
gbert,Child support,304167717864,pre,0.5232310891151428,0.8975645303726196,0.6498426198959351,0.6020021438598633,0.9087042808532715,0.6813209652900696,0.9077882170677185,0.9702996015548706,0.8896926641464233,0.7693589925765991,0.33582332730293274,0.5890451669692993,0.07513146847486496,,,,,
gbert,Child support,304167717864,post,0.5219146609306335,0.9830440878868103,0.7088293433189392,0.4177924394607544,0.8440920114517212,0.6383870840072632,0.5617973804473877,0.8351331353187561,0.8809382319450378,0.7978945374488831,0.19970157742500305,0.4443398416042328,0.35595861077308655,,,,,
gbert,Child support,304277772780,post,0.7984399795532227,0.8838428258895874,0.6380111575126648,0.3864855468273163,0.9250017404556274,0.528317928314209,0.0060338168404996395,0.9812843799591064,0.5954033732414246,0.31182870268821716,0.6578846573829651,0.3282654881477356,0.013849817216396332,,,,,
gbert,Child support,304323598044,pre,0.21388854086399078,0.772040069103241,0.3218429982662201,0.0553511418402195,0.4087083339691162,0.41572892665863037,0.030367471277713776,0.34192484617233276,0.05682520195841789,0.195979505777359,0.3375347852706909,0.47748515009880066,0.18498003482818604,,,,,
gbert,Child support,304323598044,post,0.6092916131019592,0.8120535612106323,0.7275750637054443,0.3278672695159912,0.594192624092102,0.4101172983646393,0.5094283819198608,0.23136328160762787,0.15675941109657288,0.6544471383094788,0.24343398213386536,0.6244818568229675,0.13208410143852234,,,,,
gbert,Child support,305108492832,pre,0.8600913286209106,0.9662506580352783,0.7253068089485168,0.7737473249435425,0.8664364218711853,0.7471103668212891,0.7362635135650635,0.7339251041412354,0.6189629435539246,0.13083255290985107,0.7406430840492249,0.24028344452381134,0.0190734826028347,,,,,
gbert,Child support,305108492832,post,0.8764208555221558,0.9138068556785583,0.6373082995414734,0.8248369693756104,0.8621987700462341,0.7480883002281189,0.810705304145813,0.9552432298660278,0.7473679184913635,0.8579311966896057,0.1613447517156601,0.5749459266662598,0.26370930671691895,,,,,
gbert,Child support,305161161516,post,0.01901289075613022,0.19666238129138947,0.7188184857368469,0.7691406011581421,0.0021270543802529573,0.5628445148468018,0.8332229852676392,0.3979123830795288,0.2881920039653778,0.4037874639034271,0.7253073453903198,0.24832706153392792,0.026365630328655243,,,,,
gbert,Child support,305308765296,pre,0.41590556502342224,0.8755531907081604,0.7105417251586914,0.5568409562110901,0.8822445273399353,0.8943839073181152,0.05031638965010643,0.9551661014556885,0.5380404591560364,0.6069885492324829,0.6428773999214172,0.3346564769744873,0.022466132417321205,,,,,
gbert,Child support,305308765296,post,0.8328761458396912,0.9383058547973633,0.699738621711731,0.6489783525466919,0.8643693923950195,0.5841613411903381,0.43129000067710876,0.9918831586837769,0.7733976244926453,0.45013228058815,0.3963671028614044,0.5464078187942505,0.05722507834434509,,,,,
gbert,Child support,305448165180,pre,0.8509211540222168,0.8819664120674133,0.12010118365287781,0.7545069456100464,0.010406645014882088,0.4385494291782379,0.21077050268650055,0.8806949853897095,0.016171369701623917,0.6118064522743225,0.30996865034103394,0.6172029972076416,0.07282836735248566,,,,,
gbert,Child support,305448165180,post,0.8271569609642029,0.45555269718170166,0.12333660572767258,0.532647967338562,0.29880282282829285,0.19301865994930267,0.15902532637119293,0.9635236859321594,0.9370684027671814,0.10185874253511429,0.4461538791656494,0.5271582007408142,0.026687974110245705,,,,,
gbert,Child support,305573133348,pre,0.8255911469459534,0.8096663355827332,0.6124144792556763,0.7362844347953796,0.6998651623725891,0.6354479193687439,0.06726845353841782,0.9019619822502136,0.7529710531234741,0.17601554095745087,0.3638288676738739,0.6065893769264221,0.02958170510828495,,,,,
gbert,Child support,305573133348,post,0.7143406271934509,0.8966620564460754,0.6948091983795166,0.8069231510162354,0.8604924082756042,0.6955931782722473,0.4829809367656708,0.9320102334022522,0.8763384222984314,0.8204606771469116,0.10578285157680511,0.7473178505897522,0.14689934253692627,,,,,
gbert,Child support,305611706160,pre,0.775120735168457,0.3030393421649933,0.7319403290748596,0.7319444417953491,0.967708170413971,0.6600670218467712,0.8078119158744812,0.41483575105667114,0.11151845753192902,0.3203107416629791,0.07265689224004745,0.7646018266677856,0.1627412736415863,,,,,
gbert,Child support,305611706160,post,0.606509804725647,0.9180160760879517,0.6281418800354004,0.774092435836792,0.7691542506217957,0.5327447056770325,0.44207024574279785,0.9961103200912476,0.8309119343757629,0.0859125480055809,0.8516432642936707,0.14134357869625092,0.007013135123997927,,,,,
gbert,Child support,305637566832,pre,0.48596563935279846,0.7840722799301147,0.29083576798439026,0.4728737771511078,0.7070096135139465,0.23824089765548706,0.3744906485080719,0.08800101280212402,0.3715667128562927,0.27647653222084045,0.03689514473080635,0.5955761671066284,0.36752864718437195,,,,,
gbert,Child support,305740711980,pre,0.813535749912262,0.7952752113342285,0.7048206925392151,0.5493557453155518,0.5815685391426086,0.5440747737884521,0.16556571424007416,0.9640364646911621,0.6408325433731079,0.6210980415344238,0.30613744258880615,0.6672273278236389,0.026635220274329185,,,,,
gbert,Child support,305740711980,post,0.7555140852928162,0.6954326033592224,0.4032413065433502,0.6848560571670532,0.6730971932411194,0.13635872304439545,0.435247540473938,0.9933830499649048,0.7602614164352417,0.0025291412603110075,0.9191641211509705,0.07396568357944489,0.006870162207633257,,,,,
gbert,Child support,305854117128,pre,0.8162441849708557,0.46905094385147095,0.6511614322662354,0.6234537363052368,0.7883930802345276,0.4628849923610687,0.6790167689323425,0.32383963465690613,0.16880865395069122,0.08084642142057419,0.12878495454788208,0.7211781740188599,0.15003691613674164,,,,,
gbert,Child support,305854117128,post,0.6790259480476379,0.8124050498008728,0.668365478515625,0.770541787147522,0.863646924495697,0.5607741475105286,0.636701226234436,0.3041675388813019,0.7092379927635193,0.30002155900001526,0.12734222412109375,0.60875403881073,0.2639037072658539,,,,,
gbert,Child support,305892698148,pre,0.728632926940918,0.9036926031112671,0.6487624049186707,0.3412061035633087,0.013425037264823914,0.03650650382041931,0.11768575757741928,0.8767580389976501,0.994022786617279,0.5086767077445984,0.8651860356330872,0.12986423075199127,0.004949694033712149,,,,,
gbert,Child support,305892698148,post,0.8176407217979431,0.9188944697380066,0.7054044604301453,0.5803446173667908,0.5038973093032837,0.16650807857513428,0.3065699338912964,0.8232344388961792,0.8899816870689392,0.20075766742229462,0.9035947918891907,0.09085475653409958,0.005550503730773926,,,,,
gbert,Child support,305925391980,pre,0.8682762384414673,0.8562052845954895,0.7303732633590698,0.6897764801979065,0.9407398104667664,0.8045052289962769,0.8046101927757263,0.47947707772254944,0.4202512800693512,0.4874633848667145,0.08749008923768997,0.7980480790138245,0.11446183174848557,,,,,
gbert,Child support,305925391980,post,0.8877756595611572,0.9583156108856201,0.7384318113327026,0.7337737679481506,0.8542919158935547,0.5017709732055664,0.48172691464424133,0.9920997619628906,0.5806461572647095,0.25738927721977234,0.8380594849586487,0.15571901202201843,0.006221467163413763,,,,,
gbert,Child support,305971564032,pre,0.7265921831130981,0.9264463186264038,0.7394364476203918,0.591876208782196,0.8696224093437195,0.661402702331543,0.7161590456962585,0.9825448393821716,0.8965131044387817,0.8487653732299805,0.2442910522222519,0.6817393898963928,0.07396957278251648,,,,,
gbert,Child support,305971564032,post,0.6480814218521118,0.9077454805374146,0.5525104403495789,0.5588558316230774,0.8808192014694214,0.7277857065200806,0.5987677574157715,0.9961843490600586,0.7910280823707581,0.9349713921546936,0.17064759135246277,0.5760976076126099,0.25325480103492737,,,,,
gbert,Child support,306046189116,pre,0.8214195370674133,0.8422496914863586,0.5940728783607483,0.6248025298118591,0.7526335716247559,0.8523367047309875,0.19639863073825836,0.6877440810203552,0.644199788570404,0.36407071352005005,0.28806057572364807,0.6855148077011108,0.026424607262015343,,,,,
gbert,Child support,306046189116,post,0.5536905527114868,0.9169645309448242,0.12901301681995392,0.6083000898361206,0.9123053550720215,0.7687021493911743,0.7665976881980896,0.32857662439346313,0.07781852036714554,0.8744969367980957,0.06527706235647202,0.4366847276687622,0.49803826212882996,,,,,
gbert,Child support,306075936960,pre,0.9010095596313477,0.8952814936637878,0.6119838953018188,0.7968451380729675,0.6671250462532043,0.09668346494436264,0.19239085912704468,0.9890626668930054,0.9257717728614807,0.370073527097702,0.6571436524391174,0.3320029675960541,0.010853452607989311,,,,,
gbert,Child support,306075936960,post,0.7159756422042847,0.7857208847999573,0.4995666444301605,0.7714361548423767,0.1572597473859787,0.21249866485595703,0.5267543196678162,0.977405309677124,0.7573118805885315,0.2632422149181366,0.8097187280654907,0.17609217762947083,0.014189096167683601,,,,,
gbert,Child support,306151934148,pre,0.8612164258956909,0.9136587977409363,0.7909428477287292,0.6825246810913086,0.8784320950508118,0.7520143985748291,0.6384311318397522,0.9846627116203308,0.6343371272087097,0.6954430341720581,0.283803790807724,0.622143566608429,0.09405267238616943,,,,,
gbert,Child support,306151934148,post,0.4353514313697815,0.8910200595855713,0.8111349940299988,0.7625877857208252,0.6554603576660156,0.33172672986984253,0.20486819744110107,0.7680335640907288,0.8438064455986023,0.11642220616340637,0.6075250506401062,0.3798971176147461,0.012577886693179607,,,,,
gbert,Child support,306376282044,pre,0.4073691666126251,0.2889595031738281,0.7336351275444031,0.6409308314323425,0.8966110944747925,0.7764198780059814,0.6151630878448486,0.9704803824424744,0.6863881349563599,0.5041006207466125,0.11824999749660492,0.47591614723205566,0.4058338701725006,,,,,
gbert,Child support,306376282044,post,0.43093428015708923,0.8857700228691101,0.709083616733551,0.47744619846343994,0.9548354744911194,0.8491794466972351,0.6910581588745117,0.7110793590545654,0.7591418027877808,0.9109224081039429,0.05470636487007141,0.564604640007019,0.38068896532058716,,,,,
gbert,Child support,306384353244,post,0.55363529920578,0.5960043668746948,0.2270440310239792,0.4406103491783142,0.5716277956962585,0.304478257894516,0.42128458619117737,0.2906532287597656,0.6652583479881287,0.020839154720306396,0.21813349425792694,0.7440089583396912,0.0378575325012207,,,,,
gbert,Child support,308006390160,pre,0.5506332516670227,0.12090693414211273,0.5617388486862183,0.7349859476089478,0.8137446641921997,0.5086939930915833,0.6514945030212402,0.11370828747749329,0.25171563029289246,0.1576949506998062,0.10384130477905273,0.3683830201625824,0.5277756452560425,,,,,
gbert,Child support,308006390160,post,0.7305954694747925,0.807137131690979,0.704810380935669,0.7969141006469727,0.8483614921569824,0.6945437788963318,0.7786085605621338,0.3637351393699646,0.4308740794658661,0.5184560418128967,0.021672040224075317,0.9128784537315369,0.06544948369264603,,,,,
gbert,Child support,308492647812,pre,0.7390543222427368,0.7398055195808411,0.6122309565544128,0.5613190531730652,0.7221733927726746,0.5874273180961609,0.39658021926879883,0.6571279764175415,0.6512637138366699,0.2128959447145462,0.679074227809906,0.3076876997947693,0.013238045386970043,,,,,
gbert,Child support,308492647812,post,0.4190156161785126,0.789655327796936,0.5830954909324646,0.14185290038585663,0.2547227740287781,0.48506465554237366,0.010031414218246937,0.9830617904663086,0.5812837481498718,0.0032063086982816458,0.8648570775985718,0.1273425668478012,0.007800338324159384,,,,,
gbert,Child support,308495727864,pre,0.8789024353027344,0.8836236596107483,0.7268739938735962,0.7549532055854797,0.8404573798179626,0.40295371413230896,0.8639995455741882,0.8879443407058716,0.19154125452041626,0.8100553750991821,0.23983429372310638,0.7011584043502808,0.059007272124290466,,,,,
gbert,Child support,308495727864,post,0.7234959006309509,0.8636760711669922,0.6151706576347351,0.6687589287757874,0.9163752198219299,0.8077095746994019,0.8224332332611084,0.9400032758712769,0.7992247343063354,0.9293261170387268,0.23591893911361694,0.6354685425758362,0.12861251831054688,,,,,
gbert,Child support,308510639748,pre,0.42137575149536133,0.8563082814216614,0.8377780914306641,0.7006776928901672,0.1402634084224701,0.7046841382980347,0.4540339708328247,0.7658655643463135,0.8165188431739807,0.5653884410858154,0.5315110683441162,0.45663419365882874,0.011854749172925949,,,,,
gbert,Child support,308510639748,post,0.7567642331123352,0.7876336574554443,0.7048221230506897,0.5758121013641357,0.7032735347747803,0.5884135961532593,0.8971545696258545,0.503983736038208,0.5496311783790588,0.2926503121852875,0.46955689787864685,0.5054576992988586,0.024985402822494507,,,,,
gbert,Child support,308613650832,pre,0.667527437210083,0.8229219913482666,0.1304878294467926,0.35806962847709656,0.010943451896309853,0.006317704450339079,0.10429941862821579,0.9276407361030579,0.07953628897666931,0.11533895134925842,0.7057555317878723,0.2690781354904175,0.025166351348161697,,,,,
gbert,Child support,308613650832,post,0.8545090556144714,0.9124641418457031,0.7667868733406067,0.7128200531005859,0.7948426604270935,0.4799841046333313,0.41181352734565735,0.9925296902656555,0.5228182077407837,0.707516074180603,0.3664014935493469,0.6157010793685913,0.017897339537739754,,,,,
gbert,Child support,308641552560,post,0.5172735452651978,0.5265554189682007,0.4781962037086487,0.4284389913082123,0.8496377468109131,0.20558835566043854,0.035481277853250504,0.3775867819786072,0.3922148644924164,0.08678911626338959,0.16478507220745087,0.6020565629005432,0.23315833508968353,,,,,
gbert,Child support,308671922160,pre,0.003515196731314063,0.21710529923439026,0.6078952550888062,0.2628674805164337,0.011307835578918457,0.3907811939716339,0.22498705983161926,0.9724780321121216,0.8738818764686584,0.1609952300786972,0.7478592991828918,0.2285079061985016,0.023632843047380447,,,,,
gbert,Child support,308671922160,post,0.8400147557258606,0.9289600849151611,0.6182035803794861,0.8086055517196655,0.8157205581665039,0.04768584296107292,0.4166664779186249,0.9939446449279785,0.6484439373016357,0.4203495681285858,0.4540627896785736,0.5259609222412109,0.019976314157247543,,,,,
gbert,Child support,308779242444,post,0.6820403933525085,0.9538919925689697,0.8186764717102051,0.6696762442588806,0.8088350892066956,0.46028122305870056,0.4610489010810852,0.9044341444969177,0.8989052772521973,0.16587328910827637,0.7712107300758362,0.1385648548603058,0.09022445976734161,,,,,
gbert,Child support,309001268160,pre,0.8659294247627258,0.9292693734169006,0.5093612670898438,0.86913001537323,0.8761582970619202,0.8126059770584106,0.6985575556755066,0.9964160919189453,0.8274286985397339,0.6211740374565125,0.5086511969566345,0.4124106168746948,0.07893811911344528,,,,,
gbert,Child support,309001268160,post,0.9132403135299683,0.9232840538024902,0.6314727067947388,0.5383707284927368,0.5210252404212952,0.606071412563324,0.16171781718730927,0.860491156578064,0.916551411151886,0.36780038475990295,0.6502964496612549,0.3328843414783478,0.0168191846460104,,,,,
gbert,Child support,309007154664,post,0.14266438782215118,0.07189109921455383,0.4535145163536072,0.48031967878341675,0.7789073586463928,0.4023834764957428,0.4048367440700531,0.1537148803472519,0.1895436942577362,0.1174582913517952,0.04662681743502617,0.4136621654033661,0.5397111177444458,,,,,
gbert,Child support,309010917348,pre,0.7275533676147461,0.8994967341423035,0.7489656209945679,0.3852335512638092,0.8688812255859375,0.5297690033912659,0.4170870780944824,0.931387722492218,0.7983123660087585,0.1382223218679428,0.7953829169273376,0.191152885556221,0.013464239425957203,,,,,
gbert,Child support,309010917348,post,0.8284661173820496,0.8962659239768982,0.6466927528381348,0.6779393553733826,0.7929122447967529,0.4506596326828003,0.41351982951164246,0.991384744644165,0.6343540549278259,0.12811382114887238,0.6187630295753479,0.36678799986839294,0.014448906295001507,,,,,
gbert,Child support,309083079348,pre,0.7268065810203552,0.9333289861679077,0.7035064697265625,0.6236231923103333,0.7577136754989624,0.5332127213478088,0.04932278022170067,0.2686694860458374,0.3958793580532074,0.5686650276184082,0.07467827945947647,0.18752455711364746,0.737797200679779,,,,,
gbert,Child support,309083079348,post,0.8222888708114624,0.8964744806289673,0.8124019503593445,0.48298314213752747,0.8597720265388489,0.5946679711341858,0.05008568987250328,0.22662994265556335,0.3883756101131439,0.6852095723152161,0.2644059956073761,0.35970476269721985,0.37588927149772644,,,,,
gbert,Child support,309102981696,pre,0.7875829935073853,0.36069124937057495,0.72270268201828,0.6912196278572083,0.7853506207466125,0.4357829988002777,0.6233689785003662,0.41768723726272583,0.4968222975730896,0.240967258810997,0.2062729001045227,0.656728208065033,0.13699886202812195,,,,,
gbert,Child support,309102981696,post,0.5284966826438904,0.8714768290519714,0.37828272581100464,0.7099934220314026,0.7283381819725037,0.06462328135967255,0.3465085029602051,0.9961157441139221,0.8267108201980591,0.38723286986351013,0.5794676542282104,0.40529587864875793,0.015236446633934975,,,,,
gbert,Child support,309120765696,post,0.7863293886184692,0.8928338885307312,0.6531570553779602,0.5539599061012268,0.7517293691635132,0.603007972240448,0.3060709238052368,0.9873616099357605,0.4228889048099518,0.016564486548304558,0.8124231696128845,0.17858856916427612,0.008988282643258572,,,,,
gbert,Child support,309889927116,pre,0.24919618666172028,0.5562871694564819,0.6361995935440063,0.5173933506011963,0.8618358969688416,0.5842065811157227,0.2296414077281952,0.9689375758171082,0.7483559846878052,0.27428728342056274,0.6125155687332153,0.3739714026451111,0.013513047248125076,,,,,
gbert,Child support,309889927116,post,0.5231109857559204,0.8666675686836243,0.7495811581611633,0.6105138063430786,0.8490683436393738,0.9313363432884216,0.10861437022686005,0.9970411658287048,0.905481219291687,0.3000182807445526,0.638684093952179,0.34613165259361267,0.015184280462563038,,,,,
gbert,Child support,309980008548,post,0.23044085502624512,0.002190301427617669,0.20326115190982819,0.019704926759004593,0.4548172652721405,0.35314664244651794,0.15840664505958557,0.07667049765586853,0.1025204285979271,0.01356387510895729,0.0941135436296463,0.6823861598968506,0.22350028157234192,,,,,
gbert,Child support,310130760096,pre,0.39834970235824585,0.005150818265974522,0.6310200691223145,0.5247252583503723,0.3275791108608246,0.40954360365867615,0.4964105486869812,0.3151540458202362,0.2613808810710907,0.056479718536138535,0.21771304309368134,0.6829434037208557,0.09934354573488235,,,,,
gbert,Child support,310130760096,post,0.584176778793335,0.005949440412223339,0.6039280295372009,0.49278271198272705,0.33350327610969543,0.44185754656791687,0.4978991448879242,0.24532853066921234,0.3422453999519348,0.11022432148456573,0.1937691867351532,0.6940038204193115,0.11222698539495468,,,,,
gbert,Child support,310464070560,pre,0.7545505166053772,0.7571514844894409,0.7690004706382751,0.2322772592306137,0.16984014213085175,0.02948644757270813,0.07435662299394608,0.9199340343475342,0.6556306481361389,0.19318196177482605,0.7520042061805725,0.23711033165454865,0.010885483585298061,,,,,
gbert,Child support,310464070560,post,0.3372291922569275,0.7985942959785461,0.47382402420043945,0.1026584729552269,0.574566662311554,0.905958890914917,0.08035729080438614,0.6213216781616211,0.8017804026603699,0.024445440620183945,0.6250483393669128,0.3426000773906708,0.0323515385389328,,,,,
gbert,Child support,310472966664,pre,0.49445492029190063,0.8080968856811523,0.625598132610321,0.367292582988739,0.8836303353309631,0.2195233702659607,0.34581446647644043,0.9786888957023621,0.6606243848800659,0.4157617688179016,0.40176600217819214,0.5701231360435486,0.028110787272453308,,,,,
gbert,Child support,310472966664,post,0.4539036452770233,0.8631256818771362,0.6419228315353394,0.880678117275238,0.8167893886566162,0.4276962876319885,0.728241503238678,0.9943456649780273,0.6425532698631287,0.7073125839233398,0.12591169774532318,0.8588412404060364,0.015247048810124397,,,,,
gbert,Child support,310513113360,pre,0.7728676795959473,0.7475523352622986,0.6726611256599426,0.6141840219497681,0.7565871477127075,0.6510188579559326,0.5873150825500488,0.6377171277999878,0.483784019947052,0.4152798354625702,0.5635390281677246,0.40772202610969543,0.02873898297548294,,,,,
gbert,Child support,310513113360,post,0.8106617331504822,0.8377435207366943,0.7086686491966248,0.7669600248336792,0.7612130641937256,0.5866556763648987,0.5894525647163391,0.6435269117355347,0.7766770124435425,0.12366539984941483,0.5214661359786987,0.45661118626594543,0.021922657266259193,,,,,
gbert,Child support,310542183360,post,0.4273151457309723,0.7464947700500488,0.7830045223236084,0.6422193050384521,0.9107223749160767,0.4706111550331116,0.5729809999465942,0.3064430058002472,0.3577425479888916,0.06814198940992355,0.028424805030226707,0.6201579570770264,0.3514172434806824,,,,,
gbert,Child support,310634528148,pre,0.6816644668579102,0.9299045205116272,0.5581077337265015,0.49379390478134155,0.3215910494327545,0.014391074888408184,0.059356074780225754,0.9410361051559448,0.9141069650650024,0.30800893902778625,0.7078078985214233,0.2709595263004303,0.021232591941952705,,,,,
gbert,Child support,310634528148,post,0.8245391249656677,0.8984925746917725,0.6414064764976501,0.7709828019142151,0.783942699432373,0.645680844783783,0.2628463804721832,0.8759695291519165,0.9752671122550964,0.3143603801727295,0.5675212144851685,0.40609249472618103,0.026386331766843796,,,,,
gbert,Child support,310788697644,pre,0.740597665309906,0.8645784854888916,0.6951428651809692,0.5531302094459534,0.840221107006073,0.8234798312187195,0.23296965658664703,0.9836099147796631,0.9125040173530579,0.4717717468738556,0.49923786520957947,0.4859505295753479,0.01481158658862114,,,,,
gbert,Child support,310788697644,post,0.7090144753456116,0.8037116527557373,0.8144329190254211,0.7926410436630249,0.7885866761207581,0.8083505630493164,0.13509812951087952,0.8311853408813477,0.7537784576416016,0.5871596932411194,0.24205723404884338,0.6739544868469238,0.08398829400539398,,,,,
gbert,Child support,310832068716,pre,0.4456932544708252,0.691045343875885,0.7755969166755676,0.7128118276596069,0.943960964679718,0.7811760902404785,0.27832019329071045,0.960394024848938,0.8006470203399658,0.6576919555664062,0.23570308089256287,0.6060844659805298,0.15821237862110138,,,,,
gbert,Child support,310832068716,post,0.7415986657142639,0.6847819089889526,0.6518500447273254,0.6879755854606628,0.13175413012504578,0.5989640355110168,0.345101922750473,0.5580649971961975,0.4027654826641083,0.027973894029855728,0.31209129095077515,0.6539356708526611,0.033973049372434616,,,,,
gbert,Child support,310852586664,post,0.3560808300971985,0.20082028210163116,0.44333747029304504,0.1763918250799179,0.7948163151741028,0.4669361114501953,0.26836153864860535,0.2134529948234558,0.3389257788658142,0.06794436275959015,0.27590081095695496,0.6097039580345154,0.11439526081085205,,,,,
gbert,Child support,310867357644,pre,0.201635479927063,0.6466314196586609,0.6571348309516907,0.5181660652160645,0.7632478475570679,0.16724377870559692,0.33183762431144714,0.9664183259010315,0.7789703607559204,0.7243347764015198,0.3392145037651062,0.6358033418655396,0.024982156231999397,,,,,
gbert,Child support,310867357644,post,0.4026426076889038,0.6787559390068054,0.5936791300773621,0.3111969530582428,0.7581138610839844,0.1470106542110443,0.09255250543355942,0.996278703212738,0.8986231088638306,0.3146344721317291,0.6327197551727295,0.35732483863830566,0.009955449029803276,,,,,
gbert,Child support,310956209928,pre,0.8443920016288757,0.8534504175186157,0.45312270522117615,0.5132389068603516,0.6261667013168335,0.3027043342590332,0.13719750940799713,0.9962965250015259,0.902982771396637,0.19497451186180115,0.7081478834152222,0.279374361038208,0.012477747164666653,,,,,
gbert,Child support,310956209928,post,0.8863096237182617,0.9344672560691833,0.6725782752037048,0.7930206060409546,0.5877352952957153,0.24879314005374908,0.5178771018981934,0.9922400712966919,0.9918702244758606,0.8467184901237488,0.7467726469039917,0.24518978595733643,0.00803756806999445,,,,,
gbert,Child support,311914424844,pre,0.676381528377533,0.9380244016647339,0.747322678565979,0.5361518263816833,0.9141964316368103,0.7187408208847046,0.013510619290173054,0.9167996048927307,0.9409269094467163,0.26512381434440613,0.5031042695045471,0.4852922260761261,0.011603550054132938,,,,,
gbert,Child support,311914424844,post,0.6926754117012024,0.8743923306465149,0.6913071274757385,0.5268224477767944,0.9285132884979248,0.4654621183872223,0.022895079106092453,0.983666181564331,0.9180256724357605,0.4188235402107239,0.46974053978919983,0.447401762008667,0.08285769820213318,,,,,
gbert,Child support,312036589980,pre,0.8472318649291992,0.8221008777618408,0.47999387979507446,0.6658207774162292,0.8837860822677612,0.5299927592277527,0.5165258646011353,0.9863272309303284,0.8427865505218506,0.17683497071266174,0.218275249004364,0.6038946509361267,0.17783008515834808,,,,,
gbert,Child support,312036589980,post,0.6482620239257812,0.9395709037780762,0.3055674135684967,0.16324403882026672,0.0064742607064545155,0.0014380038483068347,0.28912481665611267,0.9647331833839417,0.08108647912740707,0.0017465610289946198,0.784817636013031,0.2033495306968689,0.011832787655293941,,,,,
gbert,Child support,312063130548,pre,0.7306135892868042,0.7018821835517883,0.5452629327774048,0.4580923616886139,0.44422027468681335,0.6643498539924622,0.23551857471466064,0.8790557384490967,0.4841548800468445,0.2961568832397461,0.2821030616760254,0.6833014488220215,0.034595489501953125,,,,,
gbert,Child support,312063130548,post,0.7603766322135925,0.877110481262207,0.6322864294052124,0.05923374369740486,0.9584177732467651,0.24812065064907074,0.012565436773002148,0.9344555735588074,0.8188635110855103,0.39074987173080444,0.5309960246086121,0.39317044615745544,0.07583355158567429,,,,,
gbert,Child support,312089803128,pre,0.8645987510681152,0.9027723670005798,0.8767890930175781,0.5892298817634583,0.9113620519638062,0.7470302581787109,0.31985434889793396,0.8966273665428162,0.8260449171066284,0.7790833711624146,0.41313719749450684,0.5760544538497925,0.010808348655700684,,,,,
gbert,Child support,312089803128,post,0.84796142578125,0.9008049964904785,0.8478623628616333,0.44863513112068176,0.31411322951316833,0.7663478851318359,0.08092956244945526,0.9135211706161499,0.7819938063621521,0.01873237080872059,0.6556055545806885,0.31953272223472595,0.024861719459295273,,,,,
gbert,Child support,312227975232,pre,0.6218839287757874,0.931167721748352,0.649189829826355,0.5601226687431335,0.879146933555603,0.23700878024101257,0.5550675988197327,0.9779141545295715,0.8053212761878967,0.46994465589523315,0.1552480012178421,0.8273993134498596,0.017352672293782234,,,,,
gbert,Child support,312227975232,post,0.8878787159919739,0.9169924259185791,0.7937383055686951,0.6715444326400757,0.06491794437170029,0.28369149565696716,0.10639028996229172,0.9197297692298889,0.9163255095481873,0.011199872009456158,0.7162177562713623,0.27047544717788696,0.013306810520589352,,,,,
gbert,Child support,312294663864,pre,0.7260428071022034,0.9047648310661316,0.5346859693527222,0.8773398399353027,0.8501268029212952,0.2567014992237091,0.7395601868629456,0.9519094228744507,0.6488633751869202,0.7271672487258911,0.21192890405654907,0.6728732585906982,0.11519788950681686,,,,,
gbert,Child support,312294663864,post,0.4610215127468109,0.8546468019485474,0.38211673498153687,0.5170783996582031,0.16427050530910492,0.007254357449710369,0.11037824302911758,0.9978803992271423,0.28951647877693176,0.009968627244234085,0.8101600408554077,0.17831794917583466,0.01152198389172554,,,,,
gbert,Child support,312381322560,post,0.8528241515159607,0.8626477122306824,0.6377203464508057,0.6473471522331238,0.8485062122344971,0.10800647735595703,0.4366454780101776,0.9940261244773865,0.47358909249305725,0.5427924990653992,0.8000324368476868,0.18569795787334442,0.014269581995904446,,,,,
gbert,Child support,312419011644,pre,0.8110896348953247,0.8472233414649963,0.5714495778083801,0.2730397880077362,0.8970779180526733,0.8290565013885498,0.33479663729667664,0.24316976964473724,0.23329100012779236,0.008600210770964622,0.043517809361219406,0.5495128631591797,0.406969279050827,,,,,
gbert,Child support,312419011644,post,0.7179499864578247,0.882783830165863,0.803067147731781,0.9447314739227295,0.7382352948188782,0.27260661125183105,0.024963999167084694,0.9372928738594055,0.7017278075218201,0.312025249004364,0.3657861649990082,0.5966501832008362,0.03756367042660713,,,,,
gbert,Child support,312511287348,post,0.35894471406936646,0.5772870182991028,0.1798427253961563,0.08710750937461853,0.3948879539966583,0.7890578508377075,0.004009651485830545,0.9696325063705444,0.5453347563743591,0.18221397697925568,0.2613592743873596,0.6699697375297546,0.06867092102766037,,,,,
gbert,Child support,312593093748,pre,0.8376440405845642,0.9041006565093994,0.6961139440536499,0.49766701459884644,0.42583948373794556,0.11094106733798981,0.05385904759168625,0.9944317936897278,0.8561546802520752,0.006243232637643814,0.6917448043823242,0.29431048035621643,0.013944660313427448,,,,,
gbert,Child support,312593093748,post,0.7393347024917603,0.8010525703430176,0.6585827469825745,0.6640177369117737,0.46405312418937683,0.6020336747169495,0.9410525560379028,0.44830265641212463,0.384662389755249,0.23589445650577545,0.5705146789550781,0.4159879684448242,0.013497322797775269,,,,,
gbert,Child support,312646511412,post,0.8423436880111694,0.9065636396408081,0.7444908022880554,0.7701948285102844,0.7912360429763794,0.6975157856941223,0.7546002268791199,0.7873470187187195,0.6880569458007812,0.4241107404232025,0.6539912819862366,0.3348390758037567,0.011169599369168282,,,,,
gbert,Child support,312735843180,pre,0.48567384481430054,0.8583768010139465,0.44326096773147583,0.48639968037605286,0.11432427912950516,0.02676435559988022,0.1633501946926117,0.9816537499427795,0.8937593698501587,0.007619334384799004,0.7825183272361755,0.20284347236156464,0.01463815663009882,,,,,
gbert,Child support,312735843180,post,0.7302138805389404,0.8198150396347046,0.512753963470459,0.7548640966415405,0.7779920697212219,0.15334482491016388,0.3470430374145508,0.9674080014228821,0.7800343036651611,0.04975004866719246,0.8376662135124207,0.1486397236585617,0.013694104738533497,,,,,
gbert,Child support,312744733128,pre,0.8913407325744629,0.8696791529655457,0.40304726362228394,0.7913048267364502,0.42813798785209656,0.06513234972953796,0.3482517898082733,0.9973036646842957,0.6592215299606323,0.01073999423533678,0.7577863335609436,0.23356498777866364,0.008648735471069813,,,,,
gbert,Child support,312744733128,post,0.818569004535675,0.8574602603912354,0.5578346252441406,0.6652836799621582,0.7854201793670654,0.6694607734680176,0.4748772084712982,0.9942996501922607,0.7701869010925293,0.003008396364748478,0.9219733476638794,0.07003887742757797,0.00798781868070364,,,,,
gbert,Child support,312797949012,pre,0.40894415974617004,0.5637492537498474,0.6410386562347412,0.7199772596359253,0.8965979814529419,0.9748873114585876,0.6699986457824707,0.9468597769737244,0.739640474319458,0.822540283203125,0.2154211401939392,0.4796668291091919,0.3049119710922241,,,,,
gbert,Child support,312797949012,post,0.9211342334747314,0.8008672595024109,0.7665979266166687,0.6937034130096436,0.8574187159538269,0.7522772550582886,0.4426046311855316,0.2593149244785309,0.008806060999631882,0.45401281118392944,0.431561678647995,0.4248294234275818,0.143608957529068,,,,,
gbert,Child support,312849797580,post,0.49235332012176514,0.8772472143173218,0.45815756916999817,0.08711225539445877,0.8210904598236084,0.21860679984092712,0.010913296602666378,0.996981680393219,0.4410654306411743,0.6981261372566223,0.34612488746643066,0.5808650255203247,0.07301004230976105,,,,,
gbert,Child support,312901643412,pre,0.6280494332313538,0.8519102334976196,0.846878170967102,0.26049181818962097,0.48019811511039734,0.4172420799732208,0.27544164657592773,0.8623027801513672,0.8730806708335876,0.17233192920684814,0.7373815178871155,0.24776408076286316,0.014854392036795616,,,,,
gbert,Child support,312901643412,post,0.7492401003837585,0.8590410351753235,0.650766134262085,0.5827817916870117,0.001623464748263359,0.028791652992367744,0.8923413157463074,0.9432892203330994,0.8652783632278442,0.14235420525074005,0.710808277130127,0.2764652967453003,0.012726446613669395,,,,,
gbert,Child support,312926952780,pre,0.6816258430480957,0.8361790180206299,0.6235126256942749,0.7088651061058044,0.8410264253616333,0.49855270981788635,0.6373430490493774,0.9920089244842529,0.8270781636238098,0.23208796977996826,0.4387662410736084,0.5457070469856262,0.01552670169621706,,,,,
gbert,Child support,312926952780,post,0.8859972357749939,0.9273943305015564,0.7010059356689453,0.7354918718338013,0.8749722838401794,0.8944255113601685,0.2851051688194275,0.8136241436004639,0.4943509101867676,0.6004834771156311,0.1920100897550583,0.3989008367061615,0.4090891480445862,,,,,
gbert,Child support,314759321748,pre,0.5015226602554321,0.7076833248138428,0.6613591313362122,0.5426509976387024,0.901056170463562,0.7277326583862305,0.19570432603359222,0.9758118391036987,0.9307039380073547,0.19508488476276398,0.7410004734992981,0.24943073093891144,0.00956878624856472,,,,,
gbert,Child support,314759321748,post,0.46070441603660583,0.8997736573219299,0.7640067934989929,0.7119750380516052,0.7524687647819519,0.5160002112388611,0.10290366411209106,0.9980542063713074,0.9243923425674438,0.4739111661911011,0.6513881683349609,0.33289632201194763,0.01571548916399479,,,,,
gbert,Child support,315062397360,pre,0.642494261264801,0.698782742023468,0.47883832454681396,0.7939514517784119,0.5226396322250366,0.7888200283050537,0.22167721390724182,0.8243089318275452,0.63303542137146,0.19293440878391266,0.5117824077606201,0.4542654752731323,0.03395206853747368,,,,,
gbert,Child support,315062397360,post,0.8298109769821167,0.7687983512878418,0.6715714931488037,0.8856689929962158,0.7116928696632385,0.8222056031227112,0.7647677659988403,0.7005888819694519,0.7114386558532715,0.08285467326641083,0.340033620595932,0.6535946130752563,0.0063717300072312355,,,,,
gbert,Child support,315110072160,pre,0.42707696557044983,0.8729650974273682,0.23980724811553955,0.3267240822315216,0.5758532881736755,0.014936480671167374,0.08826793730258942,0.7331653833389282,0.899380624294281,0.026663461700081825,0.7600317001342773,0.21487563848495483,0.025092720985412598,,,,,
gbert,Child support,315110072160,post,0.9012327790260315,0.9355666041374207,0.7268968820571899,0.6937380433082581,0.7324208617210388,0.8209802508354187,0.5126968622207642,0.9308761358261108,0.6456668376922607,0.8360114693641663,0.7578603029251099,0.22177664935588837,0.020363008603453636,,,,,
gbert,Child support,315115068780,pre,0.5802485942840576,0.8051866292953491,0.45103639364242554,0.5537450313568115,0.8214749693870544,0.8462653160095215,0.3082835078239441,0.9491942524909973,0.6334172487258911,0.06178569793701172,0.750403642654419,0.23946180939674377,0.010134547017514706,,,,,
gbert,Child support,315115068780,post,0.7110183835029602,0.7724539041519165,0.651456356048584,0.18984255194664001,0.7034835815429688,0.5840248465538025,0.6468643546104431,0.9476759433746338,0.8069919347763062,0.10025008767843246,0.9170430302619934,0.07247141003608704,0.010485520586371422,,,,,
gbert,Child support,315163084212,post,0.8044426441192627,0.9026710391044617,0.8953564763069153,0.8155626654624939,0.13785691559314728,0.4455535411834717,0.5492832064628601,0.7966377139091492,0.6176422834396362,0.2922342121601105,0.18693041801452637,0.6905936002731323,0.1224760040640831,,,,,
gbert,Child support,315212672160,pre,0.6630500555038452,0.705040454864502,0.8258521556854248,0.5015367865562439,0.6628046035766602,0.5542065501213074,0.7677360773086548,0.914151132106781,0.6465630531311035,0.22191347181797028,0.611144483089447,0.3642576038837433,0.02459787018597126,,,,,
gbert,Child support,315212672160,post,0.6550533771514893,0.9136503338813782,0.8843332529067993,0.44509387016296387,0.8989348411560059,0.7138052582740784,0.43898263573646545,0.771706223487854,0.8729268312454224,0.8894339203834534,0.5539394021034241,0.31484994292259216,0.13121066987514496,,,,,
gbert,Child support,315253513116,pre,0.7459079027175903,0.878052294254303,0.399192750453949,0.6920977830886841,0.39625370502471924,0.6624922156333923,0.43554604053497314,0.7710646986961365,0.9254342913627625,0.060751646757125854,0.6324307918548584,0.35478416085243225,0.012785034254193306,,,,,
gbert,Child support,315253513116,post,0.8161047101020813,0.9016969203948975,0.46015846729278564,0.6980458498001099,0.5590834617614746,0.252419650554657,0.19992633163928986,0.8167544603347778,0.9568859934806824,0.039007313549518585,0.8456664681434631,0.14868095517158508,0.005652567371726036,,,,,
gbert,Child support,315374991516,pre,0.8328500390052795,0.8446255922317505,0.5568639039993286,0.8032289147377014,0.39567065238952637,0.7385677099227905,0.4145478904247284,0.8108145594596863,0.6391687393188477,0.3368896543979645,0.7773454785346985,0.21164095401763916,0.011013546027243137,,,,,
gbert,Child support,315374991516,post,0.7033560872077942,0.6985124349594116,0.5490632653236389,0.5347650647163391,0.20982703566551208,0.556378185749054,0.752813458442688,0.8217533826828003,0.5534488558769226,0.44507768750190735,0.5959970355033875,0.3825594484806061,0.02144348807632923,,,,,
gbert,Child support,315405361116,pre,0.8607645630836487,0.8967539072036743,0.7747977375984192,0.7364113926887512,0.8459575772285461,0.4292661249637604,0.541377604007721,0.991249680519104,0.8862537145614624,0.3119998276233673,0.5993861556053162,0.39065074920654297,0.009963070042431355,,,,,
gbert,Child support,315610355232,pre,0.3338335454463959,0.6719197630882263,0.655558168888092,0.8289130926132202,0.8328179717063904,0.9875342845916748,0.6365029811859131,0.6763483285903931,0.9010123610496521,0.9485277533531189,0.16564488410949707,0.8044711947441101,0.029883934184908867,,,,,
gbert,Child support,315610355232,post,0.43692392110824585,0.7977224588394165,0.6110260486602783,0.5475495457649231,0.18410809338092804,0.2751622200012207,0.22667604684829712,0.9509173631668091,0.42326608300209045,0.03757946193218231,0.2225791960954666,0.7663999199867249,0.011020926758646965,,,,,
gbert,Child support,315641477232,post,0.8169194459915161,0.8900986909866333,0.7811318039894104,0.7876796722412109,0.9560396075248718,0.8785615563392639,0.7243210673332214,0.7162476181983948,0.801654040813446,0.6925761103630066,0.14234289526939392,0.7051295638084412,0.15252751111984253,,,,,
gbert,Child support,315705226032,post,0.820334255695343,0.8497698903083801,0.7383756041526794,0.7285891175270081,0.8954162001609802,0.7404063940048218,0.7259383201599121,0.2522735297679901,0.2935440242290497,0.19909809529781342,0.02599991112947464,0.8357912302017212,0.13820885121822357,,,,,
gbert,Child support,315792773928,pre,0.5652583837509155,0.9068810939788818,0.7902350425720215,0.23968946933746338,0.010759157128632069,0.03411749377846718,0.04996689036488533,0.9873607754707336,0.6866704821586609,0.02602427639067173,0.7777222394943237,0.20887871086597443,0.013399063609540462,,,,,
gbert,Child support,315792773928,post,0.2552849054336548,0.8261474967002869,0.6452628374099731,0.6505538821220398,0.0042509594932198524,0.4402068853378296,0.13432912528514862,0.9950130581855774,0.7106698751449585,0.10281417518854141,0.7062841057777405,0.2758950889110565,0.017820805311203003,,,,,
gbert,Child support,315832038948,post,0.8506238460540771,0.9440385103225708,0.7469926476478577,0.3135056495666504,0.8667677044868469,0.4605672359466553,0.21403875946998596,0.9761847257614136,0.6867173910140991,0.007113493513315916,0.3366365134716034,0.6296393275260925,0.033724166452884674,,,,,
gbert,Child support,315871844328,pre,0.8519347906112671,0.9047867655754089,0.7070286273956299,0.7345574498176575,0.8982707858085632,0.8339104652404785,0.7764217257499695,0.8816689252853394,0.6180742383003235,0.656682014465332,0.2694459557533264,0.5405527949333191,0.19000126421451569,,,,,
gbert,Child support,316700919360,pre,0.7861571311950684,0.9531894326210022,0.6258161664009094,0.7948579788208008,0.8704702854156494,0.92234206199646,0.6127656698226929,0.9075930714607239,0.6911481022834778,0.6775959134101868,0.14464037120342255,0.7146848440170288,0.14067482948303223,,,,,
gbert,Child support,316700919360,post,0.7909627556800842,0.9194756746292114,0.8026386499404907,0.8073946237564087,0.9125179052352905,0.5908417701721191,0.6144089102745056,0.4737544357776642,0.7979186177253723,0.9603034853935242,0.050706155598163605,0.47082510590553284,0.4784686863422394,,,,,
gbert,Child support,316718361360,pre,0.46533894538879395,0.8455287218093872,0.582190990447998,0.7986609935760498,0.7825695276260376,0.37159058451652527,0.6284176707267761,0.3293873369693756,0.6674520969390869,0.3206711411476135,0.2687048017978668,0.5800339579582214,0.15126127004623413,,,,,
gbert,Child support,316718361360,post,0.45286402106285095,0.8528675436973572,0.40311378240585327,0.28945669531822205,0.6074222326278687,0.3308960795402527,0.28897130489349365,0.432949960231781,0.15896116197109222,0.0985577404499054,0.08968590199947357,0.406209796667099,0.5041042566299438,,,,,
gbert,Child support,316867954212,post,0.5209808945655823,0.7007493376731873,0.7685161828994751,0.5920023918151855,0.8955332040786743,0.8891959190368652,0.4577771723270416,0.9401566386222839,0.7413281202316284,0.6637767553329468,0.6415961384773254,0.3487341105937958,0.009669739753007889,,,,,
gbert,Child support,316893197916,pre,0.45248016715049744,0.839934766292572,0.596565306186676,0.38494691252708435,0.7198770046234131,0.19307835400104523,0.28596988320350647,0.9981141090393066,0.8057068586349487,0.5468725562095642,0.45171603560447693,0.5317213535308838,0.016562648117542267,,,,,
gbert,Child support,316893197916,post,0.6828989386558533,0.8191871047019958,0.8793670535087585,0.4571883976459503,0.43085816502571106,0.41176286339759827,0.37910836935043335,0.9818804264068604,0.653907299041748,0.08931181579828262,0.8405866622924805,0.14473600685596466,0.014677328988909721,,,,,
gbert,Child support,316902020148,pre,0.3948328495025635,0.796525239944458,0.7345026135444641,0.3363342881202698,0.8115389943122864,0.8145996928215027,0.10356394201517105,0.8321568369865417,0.6909463405609131,0.6415616273880005,0.13518555462360382,0.6878834962844849,0.1769309937953949,,,,,
gbert,Child support,316902020148,post,0.5634512305259705,0.8569937348365784,0.7281088829040527,0.6035988926887512,0.9196375608444214,0.7139482498168945,0.6059359312057495,0.7385334968566895,0.7074049115180969,0.8782299160957336,0.1664751023054123,0.4848448634147644,0.3486800193786621,,,,,
gbert,Child support,316926303516,pre,0.5963794589042664,0.8107331395149231,0.5188230276107788,0.5040987730026245,0.9063933491706848,0.9498966336250305,0.3076442778110504,0.5178514122962952,0.44013500213623047,0.8985537886619568,0.03802561014890671,0.42536845803260803,0.536605954170227,,,,,
gbert,Child support,316926303516,post,0.0642114132642746,0.8233699798583984,0.3683803975582123,0.10586878657341003,0.0875742956995964,0.6312008500099182,0.04799400269985199,0.8893767595291138,0.7690601348876953,0.0017496318323537707,0.605635404586792,0.3393431007862091,0.055021513253450394,,,,,
gbert,Child support,316958656032,pre,0.5829941630363464,0.8413935303688049,0.7102627158164978,0.47304069995880127,0.9305423498153687,0.2798509895801544,0.165981724858284,0.5874015092849731,0.8170715570449829,0.5946250557899475,0.009037002921104431,0.1744365096092224,0.816526472568512,,,,,
gbert,Child support,316958656032,post,0.5736439228057861,0.7789469957351685,0.7698612213134766,0.2643769383430481,0.710917592048645,0.536299467086792,0.11886342614889145,0.13600315153598785,0.5974650979042053,0.44627100229263306,0.2735651135444641,0.5420898795127869,0.18434497714042664,,,,,
gbert,Child support,316965700548,pre,0.24261288344860077,0.8977954387664795,0.4794601798057556,0.4338262677192688,0.8457186818122864,0.8810902237892151,0.08481825888156891,0.5881386399269104,0.6426127552986145,0.49538055062294006,0.05139021575450897,0.5326109528541565,0.4159988462924957,,,,,
gbert,Child support,316965700548,post,0.43291935324668884,0.8354691863059998,0.4932200312614441,0.8609585165977478,0.22637419402599335,0.38495248556137085,0.00879054144024849,0.9501323699951172,0.9252719879150391,0.4285240173339844,0.5852048397064209,0.40229371190071106,0.012501499615609646,,,,,
gbert,Child support,317025893916,pre,0.7505044937133789,0.8728887438774109,0.7220224738121033,0.8029033541679382,0.8679832816123962,0.23398998379707336,0.3153509497642517,0.9201018214225769,0.7598549723625183,0.8920320868492126,0.20502150058746338,0.6122251152992249,0.182753324508667,,,,,
gbert,Child support,317025893916,post,0.2983226180076599,0.9035769104957581,0.797820508480072,0.7691623568534851,0.9188380241394043,0.5104440450668335,0.6713377833366394,0.41392192244529724,0.7567585706710815,0.9290221333503723,0.006277827546000481,0.0923280343413353,0.9013941884040833,,,,,
gbert,Child support,317039093064,pre,0.8047236800193787,0.8439309000968933,0.3955504596233368,0.5437887907028198,0.8145123720169067,0.3668510317802429,0.35538923740386963,0.9623233675956726,0.9320006966590881,0.5045780539512634,0.36956754326820374,0.5388469099998474,0.09158554673194885,,,,,
gbert,Child support,317039093064,post,0.5785691738128662,0.8765687942504883,0.9706813097000122,0.9399798512458801,0.8333398103713989,0.09099245071411133,0.306941419839859,0.9881910085678101,0.9774949550628662,0.01817842200398445,0.6950486302375793,0.294306218624115,0.010645098984241486,,,,,
gbert,Child support,317153595348,pre,0.8331562876701355,0.5194379091262817,0.6286823153495789,0.7731620669364929,0.9059518575668335,0.8125833868980408,0.7993741631507874,0.43541088700294495,0.3496323525905609,0.3869757652282715,0.034685663878917694,0.8270504474639893,0.13826392590999603,,,,,
gbert,Child support,317230338096,post,0.72602379322052,0.9022426605224609,0.8033984303474426,0.37877488136291504,0.002166115678846836,0.3921827971935272,0.04366086795926094,0.8300573825836182,0.8471782207489014,0.009427472949028015,0.6404810547828674,0.3423917591571808,0.017127161845564842,,,,,
gbert,Child support,317245731516,pre,0.6805465817451477,0.7932426333427429,0.5538976192474365,0.7346338629722595,0.9518297910690308,0.6064567565917969,0.5700377821922302,0.05094826966524124,0.4998248815536499,0.2742670774459839,0.01343893725425005,0.15926729142665863,0.8272936940193176,,,,,
gbert,Child support,317245731516,post,0.8572767376899719,0.9175354242324829,0.6326583623886108,0.8606091737747192,0.8505007028579712,0.8851165175437927,0.4414660632610321,0.9612556099891663,0.4409179091453552,0.5730209350585938,0.20243346691131592,0.7538525462150574,0.043713994324207306,,,,,
gbert,Child support,317303528148,pre,0.5718157887458801,0.8844375014305115,0.6989021301269531,0.6093983054161072,0.9165617823600769,0.4568924307823181,0.46538740396499634,0.24356339871883392,0.4693847894668579,0.415046364068985,0.12085240334272385,0.5169757008552551,0.36217188835144043,,,,,
gbert,Child support,317304006264,post,0.4982587397098541,0.7884863615036011,0.8201411366462708,0.669306755065918,0.2966195046901703,0.671846330165863,0.7212420701980591,0.612786054611206,0.510150671005249,0.48315781354904175,0.6471792459487915,0.33677607774734497,0.016044674441218376,,,,,
gbert,Child support,317450653812,pre,0.8240400552749634,0.6920902132987976,0.5115405917167664,0.7777842283248901,0.7366442680358887,0.6175431609153748,0.6823884844779968,0.6412473320960999,0.5292670726776123,0.2523803412914276,0.7634039521217346,0.2204718440771103,0.016124164685606956,,,,,
gbert,Child support,317450653812,post,0.49386319518089294,0.7746193408966064,0.8230328559875488,0.7087980508804321,0.07435811311006546,0.8953233957290649,0.3471786081790924,0.5834872722625732,0.6060766577720642,0.0012871018843725324,0.6739221215248108,0.31266963481903076,0.013408207334578037,,,,,
gbert,Child support,317769196032,pre,0.6146314144134521,0.9415661692619324,0.7276837825775146,0.4143775999546051,0.8784756064414978,0.8296745419502258,0.10412747412919998,0.9416512846946716,0.958159327507019,0.5169389247894287,0.432402104139328,0.5456633567810059,0.021934526041150093,,,,,
gbert,Child support,317769196032,post,0.6150262355804443,0.9164178371429443,0.5813021063804626,0.3090724050998688,0.8958428502082825,0.7039019465446472,0.27158123254776,0.9872900247573853,0.8577773571014404,0.49927839636802673,0.5150032639503479,0.47364458441734314,0.011352142319083214,,,,,
gbert,Child support,317988002160,pre,0.09706059098243713,0.13492456078529358,0.3496902287006378,0.13612326979637146,0.8049888610839844,0.47787347435951233,0.42801976203918457,0.21187058091163635,0.2106509804725647,0.003028934821486473,0.03852270916104317,0.8260881900787354,0.13538911938667297,,,,,
gbert,Child support,317988002160,post,0.2162718027830124,0.07603432983160019,0.20318759977817535,0.010003001429140568,0.517592191696167,0.5715718269348145,0.027108462527394295,0.13649728894233704,0.1415252536535263,0.032354213297367096,0.08795734494924545,0.5680590867996216,0.34398356080055237,,,,,
gbert,Child support,318880282212,pre,0.8078113794326782,0.8278811573982239,0.590962827205658,0.786841094493866,0.7428041696548462,0.5635519623756409,0.5051657557487488,0.9992329478263855,0.9580636024475098,0.6831219792366028,0.33676326274871826,0.6344366073608398,0.028800131753087044,,,,,
gbert,Child support,318880282212,post,0.5897661447525024,0.7227799892425537,0.633965790271759,0.5134031176567078,0.6662700176239014,0.6834185719490051,0.10453840345144272,0.9576382040977478,0.7551361322402954,0.6058127284049988,0.4071631133556366,0.5448346138000488,0.048002295196056366,,,,,
gbert,Child support,318887057916,post,0.6265398263931274,0.8216415643692017,0.6874396204948425,0.2871994078159332,0.7735038995742798,0.3647456467151642,0.0968121886253357,0.0745689794421196,0.2998061180114746,0.06964252889156342,0.35255560278892517,0.3552253544330597,0.29221898317337036,,,,,
gbert,Child support,318951623412,pre,0.6236735582351685,0.9572089910507202,0.7640862464904785,0.5213570594787598,0.9661632180213928,0.3802412748336792,0.702541708946228,0.225453183054924,0.5652638077735901,0.8322094082832336,0.011364107020199299,0.17753984034061432,0.8110960125923157,,,,,
gbert,Child support,318951623412,post,0.6707709431648254,0.8869621753692627,0.5409495830535889,0.6798311471939087,0.9413453340530396,0.7809451222419739,0.5202914476394653,0.6697444319725037,0.5350936651229858,0.6791422963142395,0.007941372692584991,0.1600426435470581,0.8320160508155823,,,,,
gbert,Child support,319158263232,pre,0.8956682682037354,0.931451141834259,0.8505522012710571,0.7828362584114075,0.9248598217964172,0.8504224419593811,0.867980420589447,0.8906491994857788,0.7130733132362366,0.7292298674583435,0.3245683014392853,0.5039954781532288,0.17143626511096954,,,,,
gbert,Child support,319158263232,post,0.6197677850723267,0.933722734451294,0.4491698443889618,0.0856165736913681,0.22497235238552094,0.1873360127210617,0.03571351617574692,0.6824026107788086,0.7592856287956238,0.05288829281926155,0.5889772772789001,0.3891095221042633,0.021913154050707817,,,,,
gbert,Child support,319216674780,pre,0.5414478182792664,0.8973842859268188,0.6176666021347046,0.28175073862075806,0.8611517548561096,0.1868518590927124,0.058247994631528854,0.9908196926116943,0.9108466506004333,0.01091083325445652,0.6821809411048889,0.30417394638061523,0.013645066879689693,,,,,
gbert,Child support,319216674780,post,0.8249647617340088,0.8932094573974609,0.1715712547302246,0.6282559037208557,0.7240635752677917,0.07323750853538513,0.08538217097520828,0.9983341693878174,0.8361822962760925,0.13273943960666656,0.8867330551147461,0.1043519377708435,0.008915035054087639,,,,,
gbert,Child support,319309766496,post,0.46732473373413086,0.855502724647522,0.4546603262424469,0.6470008492469788,0.8748795390129089,0.512653112411499,0.6458997130393982,0.2797580361366272,0.377465158700943,0.06343194097280502,0.1913260817527771,0.6047343611717224,0.20393960177898407,,,,,
gbert,Child support,319406073696,pre,0.7753893733024597,0.8863691091537476,0.6983908414840698,0.6772138476371765,0.8142222762107849,0.43922436237335205,0.49279382824897766,0.9975498914718628,0.8262853026390076,0.5502876043319702,0.4947020411491394,0.4888877868652344,0.016410108655691147,,,,,
gbert,Child support,319406073696,post,0.7616063356399536,0.8422294855117798,0.6975477337837219,0.6256093382835388,0.5198482871055603,0.3701089024543762,0.3856382668018341,0.6601148843765259,0.5571077466011047,0.14401505887508392,0.7561889290809631,0.2339242845773697,0.009886781685054302,,,,,
gbert,Child support,319484393064,post,0.38433799147605896,0.7536303400993347,0.6825522184371948,0.2721724212169647,0.009113422594964504,0.48772308230400085,0.08196938037872314,0.8991719484329224,0.9159949421882629,0.10938363522291183,0.6543717384338379,0.3324216306209564,0.013206624425947666,,,,,
gbert,Child support,319508809812,pre,0.7228737473487854,0.8714591860771179,0.6592891812324524,0.7267842888832092,0.8896368741989136,0.7254393696784973,0.6121050715446472,0.38474833965301514,0.035758063197135925,0.6666140556335449,0.10609409958124161,0.5521396994590759,0.34176620841026306,,,,,
gbert,Child support,319508809812,post,0.7916562557220459,0.8905762434005737,0.8397853970527649,0.5723325610160828,0.8988500833511353,0.7856743931770325,0.3440411686897278,0.0993899405002594,0.0494183711707592,0.8189768195152283,0.13339218497276306,0.2688414752483368,0.5977662801742554,,,,,
gbert,Child support,319817226096,post,0.8068068623542786,0.8240936994552612,0.6230210065841675,0.7178317308425903,0.8386496901512146,0.37283942103385925,0.7305789589881897,0.9330165982246399,0.10878731310367584,0.3955482542514801,0.3672584295272827,0.6117380261421204,0.021003587171435356,,,,,
gbert,Child support,319984871760,pre,0.7436641454696655,0.8881775140762329,0.6439053416252136,0.7934718132019043,0.8118276596069336,0.029873086139559746,0.2422262281179428,0.9751598834991455,0.6856813430786133,0.07603734731674194,0.5143519043922424,0.46938809752464294,0.01626008003950119,,,,,
gbert,Child support,319984871760,post,0.7579486966133118,0.9326791763305664,0.48912951350212097,0.850161075592041,0.8454598784446716,0.5127636194229126,0.43080422282218933,0.3641643822193146,0.49132239818573,0.6493481993675232,0.3050156831741333,0.5580373406410217,0.1369469314813614,,,,,
gbert,Child support,320071743180,pre,0.8416976928710938,0.7613251805305481,0.5257157683372498,0.6224887371063232,0.8023325204849243,0.4420698285102844,0.6784875988960266,0.10275248438119888,0.15497498214244843,0.04701084643602371,0.04839632287621498,0.9059298038482666,0.04567386582493782,,,,,
gbert,Child support,320071743180,post,0.7861610054969788,0.8449389338493347,0.6427059769630432,0.6118835806846619,0.7016339898109436,0.46210113167762756,0.4276129901409149,0.9785113334655762,0.94977205991745,0.0025702351704239845,0.8298969864845276,0.15860441327095032,0.011498644016683102,,,,,
gbert,Child support,320088088044,pre,0.9220504760742188,0.9184157848358154,0.5335233807563782,0.7327795624732971,0.8850363492965698,0.4200701415538788,0.35435453057289124,0.9268468022346497,0.02978401817381382,0.6326565742492676,0.23495344817638397,0.4923006594181061,0.27274587750434875,,,,,
gbert,Child support,320088088044,post,0.9134306311607361,0.881634533405304,0.9257121086120605,0.7598329186439514,0.8419786691665649,0.6630613803863525,0.48464590311050415,0.8243617415428162,0.905429482460022,0.7469366192817688,0.3917998671531677,0.509559690952301,0.09864039719104767,,,,,
gbert,Child support,320098008096,pre,0.8107465505599976,0.8912277817726135,0.5711472630500793,0.790891170501709,0.9275760054588318,0.735853910446167,0.7339751124382019,0.9016632437705994,0.8008918166160583,0.987683117389679,0.059750232845544815,0.6782805323600769,0.2619692087173462,,,,,
gbert,Child support,320098008096,post,0.4751444160938263,0.7136855125427246,0.7944044470787048,0.8666399717330933,0.940600574016571,0.8893898129463196,0.7146157622337341,0.960249662399292,0.7669939994812012,0.8419711589813232,0.27456656098365784,0.7149960398674011,0.010437424294650555,,,,,
gbert,Child support,321496653348,pre,0.800399124622345,0.9040998816490173,0.7577342391014099,0.509507954120636,0.8660172820091248,0.3630654513835907,0.3674267828464508,0.9574813842773438,0.9416429400444031,0.6979374885559082,0.45398327708244324,0.4965844452381134,0.049432285130023956,,,,,
gbert,Child support,321496653348,post,0.7747678756713867,0.788090169429779,0.879315972328186,0.5118971467018127,0.5778874754905701,0.1980077624320984,0.4857131838798523,0.995879590511322,0.7866009473800659,0.21487726271152496,0.3523789048194885,0.6349204778671265,0.012700666673481464,,,,,
gbert,Child support,321515327232,pre,0.3342101573944092,0.9713654518127441,0.6622926592826843,0.5659393072128296,0.9239467978477478,0.43233123421669006,0.42468926310539246,0.8808088302612305,0.5992537140846252,0.6503362655639648,0.3119944930076599,0.5902258157730103,0.09777969866991043,,,,,
gbert,Child support,321515327232,post,0.8567793965339661,0.9095223546028137,0.7025636434555054,0.7772330641746521,0.9502938985824585,0.6491120457649231,0.5123464465141296,0.3637567162513733,0.7002406716346741,0.7363776564598083,0.041524019092321396,0.6760149598121643,0.2824610471725464,,,,,
gbert,Child support,321593645232,pre,0.4766082763671875,0.9380653500556946,0.5064088106155396,0.6267629861831665,0.910215437412262,0.9002956748008728,0.6225544810295105,0.8951966762542725,0.7438254952430725,0.5562006235122681,0.18364892899990082,0.7715372443199158,0.04481381177902222,,,,,
gbert,Child support,321593645232,post,0.497181236743927,0.8511762022972107,0.20480893552303314,0.01716427132487297,0.5085963606834412,0.8632053732872009,0.2582963705062866,0.690700352191925,0.3999805748462677,0.9005033373832703,0.5842858552932739,0.26628413796424866,0.14943000674247742,,,,,
gbert,Child support,321781061232,pre,0.7942200899124146,0.7283177971839905,0.41844719648361206,0.013137835077941418,0.5822052955627441,0.12686234712600708,0.010255067609250546,0.3875199258327484,0.003784439992159605,0.002028639893978834,0.03688332438468933,0.8882911205291748,0.07482556998729706,,,,,
gbert,Child support,321781061232,post,0.8551953434944153,0.8760176301002502,0.4388235807418823,0.7149105668067932,0.3302385210990906,0.06724761426448822,0.6445826888084412,0.857593834400177,0.28791624307632446,0.0229654423892498,0.7807028293609619,0.20692825317382812,0.01236895751208067,,,,,
gbert,Child support,321941185632,pre,0.4379453957080841,0.8938280940055847,0.6797070503234863,0.45254412293434143,0.8657897114753723,0.34315216541290283,0.15415982902050018,0.9900703430175781,0.8510721325874329,0.7359265089035034,0.34990066289901733,0.5914914608001709,0.05860784277319908,,,,,
gbert,Child support,321941185632,post,0.5995376706123352,0.8725124597549438,0.5380618572235107,0.42410004138946533,0.7309120893478394,0.4038238823413849,0.1909450739622116,0.9989170432090759,0.9730382561683655,0.5521391034126282,0.681740939617157,0.3028230667114258,0.015436030924320221,,,,,
gbert,Child support,322066149012,post,0.6992051005363464,0.7316760420799255,0.2563380002975464,0.05353022739291191,0.8208203315734863,0.4373418688774109,0.06966248154640198,0.746209442615509,0.9501428008079529,0.008036358281970024,0.7114815711975098,0.268963098526001,0.019555270671844482,,,,,
gbert,Child support,322114509180,pre,0.8414203524589539,0.7970662713050842,0.6570131778717041,0.6600144505500793,0.2723335921764374,0.5819270610809326,0.5150250196456909,0.44240304827690125,0.5683698058128357,0.09012696892023087,0.5423977375030518,0.4403076767921448,0.01729462668299675,,,,,
gbert,Child support,322114509180,post,0.6674171686172485,0.6210150718688965,0.7009607553482056,0.5473951697349548,0.003740002168342471,0.6059251427650452,0.08282299339771271,0.5510541796684265,0.5763807892799377,0.0012665671529248357,0.8051022291183472,0.18389321863651276,0.011004539206624031,,,,,
gbert,Child support,322259859864,pre,0.1893184930086136,0.8952431678771973,0.519838273525238,0.46269094944000244,0.515082836151123,0.45940864086151123,0.6698828935623169,0.8458113670349121,0.9895921349525452,0.9105311036109924,0.4716114401817322,0.4670158624649048,0.06137267127633095,,,,,
gbert,Child support,322259859864,post,0.47291141748428345,0.8894903063774109,0.47207552194595337,0.46681177616119385,0.01991073228418827,0.11897871643304825,0.004599377512931824,0.9885386228561401,0.91202712059021,0.5268006920814514,0.7242099642753601,0.26252979040145874,0.013260191306471825,,,,,
gbert,Child support,322300761012,pre,0.5030701160430908,0.8692726492881775,0.6700724959373474,0.5118135213851929,0.932985246181488,0.5048372149467468,0.3816390335559845,0.8215925693511963,0.7469214797019958,0.8636061549186707,0.028849324211478233,0.4768110513687134,0.49433958530426025,,,,,
gbert,Child support,322300761012,post,0.7807809710502625,0.8981963992118835,0.6921812891960144,0.3831123411655426,0.923444926738739,0.5810866951942444,0.2498418539762497,0.9841650724411011,0.7658105492591858,0.4003348648548126,0.7503467798233032,0.23980121314525604,0.009852013550698757,,,,,
gbert,Child support,322305278148,pre,0.08559688180685043,0.9421101212501526,0.6984442472457886,0.4726155996322632,0.8880608081817627,0.1928711086511612,0.4107881784439087,0.722240686416626,0.3736148476600647,0.6335164308547974,0.2189166247844696,0.5997149348258972,0.18136842548847198,,,,,
gbert,Child support,322305278148,post,0.7102434039115906,0.9513407945632935,0.7918952703475952,0.626248300075531,0.9619262218475342,0.803886353969574,0.5403636693954468,0.7096373438835144,0.775303304195404,0.7704735994338989,0.023203499615192413,0.14707300066947937,0.8297235369682312,,,,,
gbert,Child support,322309516212,post,0.571441650390625,0.20658905804157257,0.2515594959259033,0.37274447083473206,0.884524405002594,0.4055599868297577,0.6129759550094604,0.8113657236099243,0.33757781982421875,0.07333695143461227,0.023069655522704124,0.1565900593996048,0.8203402757644653,,,,,
gbert,Child support,322356578148,pre,0.8499200344085693,0.9192041158676147,0.6226463317871094,0.788480818271637,0.8544121384620667,0.23456443846225739,0.625548779964447,0.9429202675819397,0.2133428007364273,0.16172631084918976,0.17075133323669434,0.6856820583343506,0.14356660842895508,,,,,
gbert,Child support,322356578148,post,0.7030386328697205,0.8891544342041016,0.6767039895057678,0.7831425666809082,0.41620802879333496,0.7192782759666443,0.27686065435409546,0.993316650390625,0.5561246275901794,0.018544957041740417,0.7577753663063049,0.23036104440689087,0.011863593012094498,,,,,
gbert,Child support,322359929748,pre,0.5823811888694763,0.010153580456972122,0.5163663625717163,0.0784575417637825,0.464558869600296,0.44216981530189514,0.3314647078514099,0.260311096906662,0.14675192534923553,0.002724126912653446,0.03625018522143364,0.8212220668792725,0.1425277441740036,,,,,
gbert,Child support,322359929748,post,0.8022480010986328,0.8179399967193604,0.6704138517379761,0.46783947944641113,0.10018080472946167,0.5234830975532532,0.5968824625015259,0.5467323660850525,0.5828524827957153,0.025243934243917465,0.5978696346282959,0.38622432947158813,0.015906015411019325,,,,,
gbert,Child support,322388382096,pre,0.7738071084022522,0.9035450220108032,0.6634595394134521,0.5810292959213257,0.9638534188270569,0.9904060959815979,0.8116992712020874,0.8693604469299316,0.4679373502731323,0.8618532419204712,0.22978350520133972,0.6732481122016907,0.09696844220161438,,,,,
gbert,Child support,322388382096,post,0.6999744772911072,0.9254981279373169,0.601326048374176,0.19497425854206085,0.9150527119636536,0.9467458128929138,0.06917670369148254,0.07134142518043518,0.007006681989878416,0.7183467149734497,0.07235581427812576,0.41930320858955383,0.5083409547805786,,,,,
gbert,Child support,322434896832,post,0.7923569083213806,0.7799567580223083,0.5587562322616577,0.40608710050582886,0.259976327419281,0.1547570675611496,0.0751141607761383,0.8229666352272034,0.11431397497653961,0.10778781771659851,0.8282845616340637,0.1666088104248047,0.005106618627905846,,,,,
gbert,Child support,322599736044,pre,0.8721843361854553,0.8545769453048706,0.5289531946182251,0.7566980719566345,0.8460635542869568,0.5627732872962952,0.3393133878707886,0.29782944917678833,0.3356672525405884,0.1592346876859665,0.19526724517345428,0.5805040001869202,0.22422879934310913,,,,,
gbert,Child support,322599736044,post,0.5628377795219421,0.8245399594306946,0.6484212875366211,0.5845613479614258,0.8091763257980347,0.3370400369167328,0.5336567759513855,0.12925097346305847,0.0696074590086937,0.0760798454284668,0.11568454653024673,0.8065625429153442,0.07775294035673141,,,,,
gbert,Child support,322693443360,post,0.7658815979957581,0.7992698550224304,0.6022471189498901,0.3886624872684479,0.6764487028121948,0.4456130266189575,0.28143057227134705,0.9958336353302002,0.6308040022850037,0.27811846137046814,0.705068051815033,0.2834826409816742,0.011449288576841354,,,,,
gbert,Child support,322694606844,post,0.5082575082778931,0.8664826154708862,0.7549909353256226,0.4264601469039917,0.35730573534965515,0.5100108981132507,0.33143964409828186,0.9953263401985168,0.7605323195457458,0.5422353148460388,0.3418894112110138,0.5322149991989136,0.12589558959007263,,,,,
gbert,Child support,322808223348,post,0.7889605164527893,0.6435461640357971,0.7960235476493835,0.7498753070831299,0.8491777777671814,0.6631184816360474,0.8720806837081909,0.3847520053386688,0.2835254967212677,0.9413684010505676,0.45194318890571594,0.5403739213943481,0.007682913914322853,,,,,
gbert,Child support,322846727760,post,0.4263173043727875,0.6814625859260559,0.2703522741794586,0.0014529915060847998,0.1503971368074417,0.23050840198993683,0.004659528844058514,0.4206996560096741,0.2522166669368744,0.0012677866034209728,0.8079399466514587,0.16440936923027039,0.027650626376271248,,,,,
gbert,Child support,323585037360,pre,0.7408024668693542,0.8178397417068481,0.8881564140319824,0.7684075832366943,0.3122332692146301,0.7902956008911133,0.7535945177078247,0.7803201675415039,0.49397188425064087,0.33819112181663513,0.4645020067691803,0.5064619779586792,0.029035937041044235,,,,,
gbert,Child support,323585037360,post,0.4175042510032654,0.015948330983519554,0.47497785091400146,0.05069756507873535,0.6720559000968933,0.3862175941467285,0.2804601192474365,0.40957212448120117,0.3643350601196289,0.01722622476518154,0.3421157896518707,0.6228846907615662,0.03499956056475639,,,,,
gbert,Child support,323620058160,pre,0.3817582428455353,0.9502355456352234,0.8812053799629211,0.6918905973434448,0.9317194223403931,0.7584291696548462,0.6367337703704834,0.6060485243797302,0.7760144472122192,0.7615361213684082,0.13395701348781586,0.5163055062294006,0.3497374653816223,,,,,
gbert,Child support,323620058160,post,0.842744767665863,0.8820951581001282,0.4246409833431244,0.8354798555374146,0.45556455850601196,0.784058690071106,0.0250833909958601,0.86100834608078,0.3401752710342407,0.10914525389671326,0.4619951844215393,0.49457383155822754,0.04343100264668465,,,,,
gbert,Child support,323660345760,post,0.3424733877182007,0.4991743564605713,0.6469006538391113,0.7623552680015564,0.8293128609657288,0.5031866431236267,0.6756496429443359,0.2064884603023529,0.5047574043273926,0.21215878427028656,0.07278526574373245,0.5969563126564026,0.33025842905044556,,,,,
gbert,Child support,323689213296,post,0.8169260621070862,0.8943225741386414,0.6553611159324646,0.6762517094612122,0.8238519430160522,0.2950906753540039,0.28379279375076294,0.9391208291053772,0.40678197145462036,0.2911289930343628,0.47161656618118286,0.48145708441734314,0.046926312148571014,,,,,
gbert,Child support,323733401748,pre,0.32023608684539795,0.002690052380785346,0.5283185243606567,0.501305341720581,0.606609582901001,0.5274953246116638,0.5778123736381531,0.18808670341968536,0.22952349483966827,0.08371574431657791,0.05993673577904701,0.7137145400047302,0.22634877264499664,,,,,
gbert,Child support,323733401748,post,0.5314781665802002,0.12997238337993622,0.4621993899345398,0.5837650895118713,0.002961131278425455,0.2244240790605545,0.8141205906867981,0.1700991988182068,0.19873303174972534,0.028794722631573677,0.9274042844772339,0.05497593805193901,0.017619792371988297,,,,,
gbert,Child support,323789900832,pre,0.6840490102767944,0.8632277846336365,0.825381338596344,0.6237355470657349,0.6671010255813599,0.2799219787120819,0.29991987347602844,0.9711340069770813,0.6789114475250244,0.027580589056015015,0.7616050243377686,0.2285972684621811,0.009797679260373116,,,,,
gbert,Child support,323789900832,post,0.7650328278541565,0.9072604179382324,0.5620046257972717,0.5277365446090698,0.19565509259700775,0.03130637854337692,0.2660263180732727,0.9297576546669006,0.8964640498161316,0.011931903660297394,0.8610372543334961,0.13129612803459167,0.00766665767878294,,,,,
gbert,Child support,323790307128,pre,0.8236398100852966,0.8756762742996216,0.7058703303337097,0.5201092958450317,0.8328679800033569,0.5978752970695496,0.2554207742214203,0.9424068927764893,0.5000272989273071,0.53368079662323,0.6458317041397095,0.33896559476852417,0.015202672220766544,,,,,
gbert,Child support,323790307128,post,0.8088074922561646,0.8858560919761658,0.5568671226501465,0.5451011657714844,0.5790425539016724,0.1462075561285019,0.06047692149877548,0.9918354153633118,0.829878568649292,0.020828019827604294,0.7291750311851501,0.2560882866382599,0.014736645855009556,,,,,
gbert,Child support,323845780896,pre,0.6976860165596008,0.8930714726448059,0.23130391538143158,0.5276541113853455,0.7889738082885742,0.13142547011375427,0.13460040092468262,0.9021831750869751,0.7191211581230164,0.12618710100650787,0.7588647603988647,0.06963620334863663,0.17149904370307922,,,,,
gbert,Child support,323845780896,post,0.8800729513168335,0.8968812227249146,0.6514069437980652,0.7114243507385254,0.8331772089004517,0.07692641019821167,0.5962504744529724,0.8620740175247192,0.4151177704334259,0.30512794852256775,0.47506922483444214,0.5136232376098633,0.011307619512081146,,,,,
gbert,Child support,323896669128,post,0.4434751570224762,0.8568985462188721,0.7594166994094849,0.7552353143692017,0.8010761737823486,0.5003424286842346,0.43406200408935547,0.957104504108429,0.8520500063896179,0.12330736964941025,0.8522502779960632,0.13878078758716583,0.008968907408416271,,,,,
gbert,Child support,323935043580,post,0.920041561126709,0.8736894726753235,0.6550371646881104,0.7566583156585693,0.6773159503936768,0.11765369772911072,0.19526349008083344,0.940431535243988,0.035704128444194794,0.7469983100891113,0.3426259160041809,0.6019947528839111,0.05537932366132736,,,,,
gbert,Child support,324016918380,post,0.8649505972862244,0.8316846489906311,0.43157652020454407,0.6671460270881653,0.03428160399198532,0.14520718157291412,0.17336273193359375,0.4336162507534027,0.00058425881434232,0.11722834408283234,0.5150171518325806,0.46700742840766907,0.01797541044652462,,,,,
gbert,Child support,324062475516,post,0.8486844301223755,0.892759382724762,0.5099658370018005,0.8015186786651611,0.9258894920349121,0.27491599321365356,0.2125997692346573,0.5965749621391296,0.6039816737174988,0.12969514727592468,0.21386848390102386,0.7117995023727417,0.07433201372623444,,,,,
gbert,Child support,324099064044,post,0.70013028383255,0.7448578476905823,0.7629113793373108,0.605265736579895,0.8525934219360352,0.6211007237434387,0.6568257808685303,0.4711374342441559,0.413269579410553,0.26278093457221985,0.18735572695732117,0.683605432510376,0.12903888523578644,,,,,
gbert,Child support,324228274380,pre,0.7826527953147888,0.867096483707428,0.6376452445983887,0.6861976385116577,0.07435686886310577,0.18333527445793152,0.1772734522819519,0.9883286356925964,0.6351392865180969,0.6570034623146057,0.6214666366577148,0.3670284152030945,0.011504939757287502,,,,,
gbert,Child support,324228274380,post,0.8103551268577576,0.8126226663589478,0.7255415320396423,0.1371728926897049,0.7492304444313049,0.1948554962873459,0.030505135655403137,0.9964032173156738,0.9157370328903198,0.04967935383319855,0.6924256086349487,0.29643017053604126,0.011144203133881092,,,,,
gbert,Child support,324382650444,pre,0.8877073526382446,0.8961835503578186,0.5425727367401123,0.5670785307884216,0.00280461716465652,0.002265297807753086,0.036202456802129745,0.9701923727989197,0.9941539168357849,0.3627767562866211,0.8175805807113647,0.17435136437416077,0.00806809589266777,,,,,
gbert,Child support,324382650444,post,0.848179280757904,0.8923400640487671,0.8000505566596985,0.6259726881980896,0.0073144640773534775,0.002653576200827956,0.15260058641433716,0.9990920424461365,0.9268988966941833,0.08927338570356369,0.6575912833213806,0.32934895157814026,0.013059779070317745,,,,,
gbert,Child support,324383265360,pre,0.39012661576271057,0.8161346912384033,0.5781388282775879,0.6977525353431702,0.49512553215026855,0.006904135458171368,0.013922812417149544,0.9769008755683899,0.5465111136436462,0.6547515392303467,0.40484750270843506,0.5617967247962952,0.03335579112172127,,,,,
gbert,Child support,324383265360,post,0.09930495917797089,0.7331293821334839,0.528798520565033,0.44604194164276123,0.48806583881378174,0.0016625908901914954,0.04886298626661301,0.9816868305206299,0.41766512393951416,0.1451033651828766,0.5479557514190674,0.42624783515930176,0.025796420872211456,,,,,
gbert,Child support,324482381064,post,0.20010754466056824,0.004813411273062229,0.1439850926399231,0.29999789595603943,0.1744680553674698,0.6372295022010803,0.5744562745094299,0.3897027373313904,0.19673693180084229,0.005414019804447889,0.23446062207221985,0.6464405655860901,0.11909875273704529,,,,,
gbert,Child support,325705305348,pre,0.7671491503715515,0.8818306922912598,0.6276339888572693,0.7502104640007019,0.7240289449691772,0.011180381290614605,0.17736127972602844,0.9982784986495972,0.1479470133781433,0.7565523982048035,0.5765473246574402,0.41350454092025757,0.009948048740625381,,,,,
gbert,Child support,325705305348,post,0.9003483653068542,0.8899905681610107,0.7161537408828735,0.7241067290306091,0.731025218963623,0.18088671565055847,0.2948559820652008,0.9960997104644775,0.6096113920211792,0.6889181137084961,0.3427327871322632,0.6373625993728638,0.01990470290184021,,,,,
gbert,Child support,325791216432,pre,0.9466639161109924,0.9052973389625549,0.7532281279563904,0.8350116014480591,0.7122142910957336,0.7600498795509338,0.5403726696968079,0.9980242848396301,0.7227709293365479,0.4861784875392914,0.5289274454116821,0.4578093886375427,0.013263130560517311,,,,,
gbert,Child support,325791216432,post,0.9435363411903381,0.8942438960075378,0.7586456537246704,0.8714856505393982,0.6112676858901978,0.7938785552978516,0.38207364082336426,0.9972511529922485,0.8342115879058838,0.6027629375457764,0.4489624500274658,0.5255841016769409,0.025453390553593636,,,,,
gbert,Child support,325862962560,post,0.7240056395530701,0.8342896699905396,0.6311195492744446,0.6545858979225159,0.8969994783401489,0.6521477699279785,0.5185779333114624,0.9702796936035156,0.7422665357589722,0.5918521285057068,0.6102324724197388,0.3753300607204437,0.014437477104365826,,,,,
gbert,Child support,325894494960,pre,0.72513347864151,0.8805672526359558,0.6594592928886414,0.5326096415519714,0.189258873462677,0.7499101758003235,0.8771824240684509,0.6713469624519348,0.4366113245487213,0.3439825475215912,0.7754137516021729,0.21039660274982452,0.01418963260948658,,,,,
gbert,Child support,325894494960,post,0.8047336339950562,0.932381272315979,0.5684776306152344,0.39018693566322327,0.009806297719478607,0.18174545466899872,0.09126421809196472,0.6705026626586914,0.8872594833374023,0.010026761330664158,0.8583396673202515,0.13217872381210327,0.009481636807322502,,,,,
gbert,Child support,325957425012,pre,0.7528380751609802,0.8809114098548889,0.6824988126754761,0.87538743019104,0.7697773575782776,0.5848391652107239,0.0568622387945652,0.9870867729187012,0.9306844472885132,0.4299794137477875,0.3763343095779419,0.5922887921333313,0.031376902014017105,,,,,
gbert,Child support,325957425012,post,0.6873315572738647,0.9117423892021179,0.7028487324714661,0.7614333033561707,0.8984954953193665,0.7681292295455933,0.05743362754583359,0.8949838876724243,0.836510956287384,0.6099036335945129,0.43681347370147705,0.4840373694896698,0.07914916425943375,,,,,
gbert,Child support,325998600444,post,0.280906081199646,0.7311713695526123,0.6707190275192261,0.6971500515937805,0.8291680216789246,0.5675707459449768,0.9277672171592712,0.3262944221496582,0.37223073840141296,0.9659963846206665,0.4407987892627716,0.4908955991268158,0.0683055967092514,,,,,
gbert,Child support,326105443980,pre,0.455064982175827,0.8753261566162109,0.5989930629730225,0.12160493433475494,0.014756318181753159,0.08311980962753296,0.016138741746544838,0.7410036325454712,0.8601637482643127,0.015959933400154114,0.6623339056968689,0.3162020742893219,0.021464047953486443,,,,,
gbert,Child support,326105443980,post,0.741825520992279,0.8800280690193176,0.518624484539032,0.3809838891029358,0.06539135426282883,0.2977757751941681,0.08823483437299728,0.759535014629364,0.46996670961380005,0.07478199154138565,0.7898116111755371,0.19060184061527252,0.01958652213215828,,,,,
gbert,Child support,326166322716,pre,0.7205052375793457,0.9113074541091919,0.5995262861251831,0.6209688186645508,0.8057408928871155,0.6997311115264893,0.24556593596935272,0.7434378266334534,0.43963977694511414,0.09553032368421555,0.3657347559928894,0.611404538154602,0.02286076918244362,,,,,
gbert,Child support,326166322716,post,0.6828587055206299,0.8645042181015015,0.536328136920929,0.41195204854011536,0.9137518405914307,0.7397552132606506,0.17454953491687775,0.8060276508331299,0.36792558431625366,0.25954973697662354,0.5560146570205688,0.4263836443424225,0.017601674422621727,,,,,
gbert,Child support,326295594612,pre,0.3985348343849182,0.7221271395683289,0.7090932726860046,0.5060797333717346,0.83612060546875,0.7389310002326965,0.2761553227901459,0.9215382933616638,0.6812600493431091,0.5970253944396973,0.18821552395820618,0.41246750950813293,0.3993169367313385,,,,,
gbert,Child support,326295594612,post,0.7545298337936401,0.8672148585319519,0.650906503200531,0.573422372341156,0.8863937854766846,0.7778993248939514,0.46093228459358215,0.9276604652404785,0.48321497440338135,0.6203442811965942,0.16731353104114532,0.653677225112915,0.1790093034505844,,,,,
gbert,Child support,326310098832,pre,0.7841967344284058,0.8833997249603271,0.6772793531417847,0.8370885252952576,0.9057198166847229,0.6956225037574768,0.8528444170951843,0.41817542910575867,0.5485648512840271,0.46550431847572327,0.08881276100873947,0.8378474116325378,0.07333983480930328,,,,,
gbert,Child support,326440400832,pre,0.7702036499977112,0.8827414512634277,0.8317504525184631,0.790083646774292,0.7544281482696533,0.4294677972793579,0.5251955986022949,0.9535171389579773,0.7497694492340088,0.5098267793655396,0.1431169956922531,0.8138856291770935,0.04299739748239517,,,,,
gbert,Child support,326440400832,post,0.40649351477622986,0.6982443928718567,0.6079445481300354,0.4009099304676056,0.5813998579978943,0.3049309253692627,0.07547333836555481,0.996649444103241,0.777759313583374,0.061472270637750626,0.8551470637321472,0.13556836545467377,0.009284508414566517,,,,,
gbert,Child support,326445730560,post,0.7055486440658569,0.9547565579414368,0.7756519913673401,0.8051552772521973,0.8488858342170715,0.869967520236969,0.4233876168727875,0.6783537268638611,0.5960046648979187,0.5200685262680054,0.27796879410743713,0.6142944693565369,0.10773676633834839,,,,,
gbert,Child support,326513041632,pre,0.9145796298980713,0.7770447731018066,0.7416063547134399,0.8695439696311951,0.30752283334732056,0.7777161002159119,0.7997568845748901,0.8178935647010803,0.6469835638999939,0.3925614356994629,0.7450388669967651,0.2411353886127472,0.013825718313455582,,,,,
gbert,Child support,326513041632,post,0.9038373231887817,0.9343762993812561,0.7981394529342651,0.8939447999000549,0.8078086972236633,0.7926327586174011,0.6534901261329651,0.9462378025054932,0.5759093165397644,0.4574858844280243,0.5925607085227966,0.3896773159503937,0.017761971801519394,,,,,
gbert,Child support,326513858328,post,0.34210845828056335,0.012542053125798702,0.6782087087631226,0.5839474201202393,0.7247169613838196,0.5292114019393921,0.6046512722969055,0.31379956007003784,0.6034007668495178,0.30770307779312134,0.2860546410083771,0.6231608390808105,0.09078451246023178,,,,,
gbert,Child support,326519469864,pre,0.8331112861633301,0.8932622671127319,0.6152304410934448,0.8820246458053589,0.7220826148986816,0.4858744442462921,0.3312653601169586,0.9075130820274353,0.7545825242996216,0.367925763130188,0.4048345685005188,0.5422897934913635,0.05287565290927887,,,,,
gbert,Child support,326519469864,post,0.5587080717086792,0.37807244062423706,0.7084428668022156,0.6981706023216248,0.0011246545473113656,0.7457462549209595,0.17503270506858826,0.6805341839790344,0.5253016948699951,0.29347696900367737,0.8554134368896484,0.08732915669679642,0.05725737661123276,,,,,
gbert,Child support,326591356896,pre,0.32266026735305786,0.8828381896018982,0.769126832485199,0.45021557807922363,0.8806018829345703,0.6484451293945312,0.42969822883605957,0.9903299808502197,0.8338930010795593,0.15882116556167603,0.7198392748832703,0.26600590348243713,0.014154817909002304,,,,,
gbert,Child support,326591356896,post,0.39675194025039673,0.7624430060386658,0.694849967956543,0.7647108435630798,0.7663500308990479,0.7136563062667847,0.5251299738883972,0.9649873375892639,0.8827078342437744,0.06538846343755722,0.3907807171344757,0.5920166969299316,0.01720251888036728,,,,,
gbert,Child support,326640673980,pre,0.8094316124916077,0.8523468375205994,0.7438074350357056,0.7673489451408386,0.5923791527748108,0.002571421442553401,0.6443052291870117,0.7363967299461365,0.11927670985460281,0.10122571885585785,0.5080110430717468,0.4718984365463257,0.020090481266379356,,,,,
gbert,Child support,326640673980,post,0.7577807903289795,0.8865460753440857,0.6679537296295166,0.7931130528450012,0.8172886967658997,0.7678578495979309,0.624174952507019,0.8429922461509705,0.8786763548851013,0.006222485098987818,0.687288224697113,0.29832425713539124,0.014387463219463825,,,,,
gbert,Child support,326668168044,pre,0.950707197189331,0.9069526791572571,0.715735912322998,0.9128043055534363,0.8147229552268982,0.29464614391326904,0.31384146213531494,0.9056715369224548,0.6359361410140991,0.6254755854606628,0.4650675654411316,0.4771956205368042,0.0577368289232254,,,,,
gbert,Child support,326668168044,post,0.6921799182891846,0.6885998249053955,0.2903525233268738,0.8599947690963745,0.717312753200531,0.7218537926673889,0.9496283531188965,0.3699474334716797,0.40856674313545227,0.5454001426696777,0.1219736859202385,0.6459878087043762,0.2320384979248047,,,,,
gbert,Child support,326671658496,pre,0.6630657315254211,0.8278500437736511,0.7713019251823425,0.6372379660606384,0.9192884564399719,0.6535183787345886,0.6755630373954773,0.2598009407520294,0.5061613321304321,0.4365345537662506,0.0596577525138855,0.7663207650184631,0.17402148246765137,,,,,
gbert,Child support,326687595012,pre,0.38367608189582825,0.8587801456451416,0.6160995364189148,0.5514123439788818,0.7425928115844727,0.5896405577659607,0.34169211983680725,0.9666948914527893,0.24708741903305054,0.5234466195106506,0.2909562289714813,0.6787985563278198,0.030245205387473106,,,,,
gbert,Child support,326687595012,post,0.30987876653671265,0.7359294295310974,0.5094048976898193,0.259122371673584,0.515733540058136,0.19648131728172302,0.030975613743066788,0.7587734460830688,0.6247658729553223,0.3223035931587219,0.25940150022506714,0.7154430150985718,0.025155510753393173,,,,,
gbert,Child support,326810305980,pre,0.8669567704200745,0.897240936756134,0.6012656092643738,0.4261768162250519,0.530602753162384,0.12427452951669693,0.014228010550141335,0.9970988631248474,0.6668234467506409,0.00893190037459135,0.6298755407333374,0.3517344892024994,0.018389970064163208,,,,,
gbert,Child support,326810305980,post,0.6969664096832275,0.8655253052711487,0.8082574009895325,0.6308575868606567,0.9229166507720947,0.8871434926986694,0.1640411913394928,0.9610486626625061,0.8355183601379395,0.6096007227897644,0.27223923802375793,0.6555799245834351,0.0721808448433876,,,,,
gbert,Child support,326813589864,pre,0.33082351088523865,0.9444252848625183,0.6326254606246948,0.5497305393218994,0.7566134929656982,0.4127146005630493,0.5857926607131958,0.9944109320640564,0.9191710948944092,0.24914611876010895,0.5297936797142029,0.4520494341850281,0.01815689541399479,,,,,
gbert,Child support,326813589864,post,0.6068004369735718,0.9437506198883057,0.6517915725708008,0.3385518491268158,0.872891902923584,0.15948563814163208,0.12272258847951889,0.9948464035987854,0.9044554829597473,0.3520054817199707,0.5752955675125122,0.41114845871925354,0.013555939309298992,,,,,
gbert,Child support,326914750044,pre,0.6247109770774841,0.8721447587013245,0.7684212923049927,0.5990391373634338,0.5709392428398132,0.337398499250412,0.3490543067455292,0.8518887758255005,0.8182664513587952,0.001957950182259083,0.6278104782104492,0.35910412669181824,0.013085497543215752,,,,,
gbert,Child support,326914750044,post,0.6745321750640869,0.9149377346038818,0.6271673440933228,0.6904465556144714,0.7823456525802612,0.45408523082733154,0.18790756165981293,0.985814094543457,0.9379409551620483,0.5683791041374207,0.5867211818695068,0.3994877338409424,0.013791072182357311,,,,,
gbert,Child support,328337065116,pre,0.7842623591423035,0.9120324850082397,0.49433404207229614,0.6662957072257996,0.8449400663375854,0.22610913217067719,0.3016633093357086,0.8927721381187439,0.8930720686912537,0.009626631624996662,0.7453296780586243,0.24296687543392181,0.011703497730195522,,,,,
gbert,Child support,328337065116,post,0.797386884689331,0.8879827260971069,0.38426080346107483,0.5165644288063049,0.09420862793922424,0.21951699256896973,0.25144919753074646,0.8861739635467529,0.8597399592399597,0.00935441441833973,0.981925904750824,0.01435827650129795,0.0037158564664423466,,,,,
gbert,Child support,328362096096,pre,0.6637368202209473,0.8710963726043701,0.6380549073219299,0.558627724647522,0.7522986531257629,0.755073070526123,0.027599237859249115,0.9150165915489197,0.7355899214744568,0.13115832209587097,0.6919670701026917,0.28714773058891296,0.020885227248072624,,,,,
gbert,Child support,328362096096,post,0.63756263256073,0.9531682133674622,0.8260325193405151,0.6143825650215149,0.8077678680419922,0.5519021153450012,0.27671775221824646,0.9984843730926514,0.7156433463096619,0.0034579241182655096,0.9349649548530579,0.05996851623058319,0.005066503770649433,,,,,
gbert,Child support,328405054716,pre,0.6388565301895142,0.8719406127929688,0.5966024994850159,0.528682291507721,0.8738330006599426,0.2657274007797241,0.334374338388443,0.9911301136016846,0.7917027473449707,0.7009292840957642,0.16841581463813782,0.7031543254852295,0.1284298449754715,,,,,
gbert,Child support,328405054716,post,0.3737839460372925,0.7998752593994141,0.5228752493858337,0.4881881773471832,0.7389858961105347,0.7196713089942932,0.10280289500951767,0.960530161857605,0.7759331464767456,0.6320370435714722,0.5445101857185364,0.4419327676296234,0.013557067140936852,,,,,
gbert,Child support,328411619064,pre,0.32406044006347656,0.9024774432182312,0.5040237307548523,0.47418519854545593,0.18543899059295654,0.40448063611984253,0.2243870198726654,0.9946902394294739,0.9356931447982788,0.21432413160800934,0.3678966462612152,0.6135852932929993,0.018517982214689255,,,,,
gbert,Child support,328411619064,post,0.8870913982391357,0.9453188180923462,0.8080969452857971,0.6858739852905273,0.9119488000869751,0.6761798858642578,0.284721314907074,0.9811574220657349,0.9617856740951538,0.5791383981704712,0.34789925813674927,0.6360219717025757,0.016078772023320198,,,,,
gbert,Child support,328670034264,pre,0.28160327672958374,0.7718870043754578,0.6564027070999146,0.5467160940170288,0.7202879190444946,0.3253405690193176,0.7059788703918457,0.9853551983833313,0.46762147545814514,0.36408519744873047,0.44375529885292053,0.5395950078964233,0.016649652272462845,,,,,
gbert,Child support,328670034264,post,0.6805431246757507,0.7865768074989319,0.6853401064872742,0.8323114514350891,0.866674542427063,0.1997881829738617,0.9313914775848389,0.9874914884567261,0.9626882076263428,0.3890022337436676,0.751838207244873,0.23883850872516632,0.00932326726615429,,,,,
gbert,Child support,329088025296,post,0.817345380783081,0.8241085410118103,0.7157106995582581,0.5996062159538269,0.37480437755584717,0.30888834595680237,0.043821509927511215,0.8098297119140625,0.8671888709068298,0.4072551727294922,0.7997360825538635,0.1882883906364441,0.011975486762821674,,,,,
gbert,Child support,329159776896,post,0.8248459100723267,0.8674843311309814,0.5442634224891663,0.6364275217056274,0.412330687046051,0.04233340919017792,0.05843805521726608,0.9976454377174377,0.2759213447570801,0.6062067151069641,0.5319340825080872,0.45519301295280457,0.012872887775301933,,,,,
gbert,Child support,329277080844,pre,0.8527321815490723,0.9218804240226746,0.7228202223777771,0.8098161220550537,0.9007370471954346,0.45851412415504456,0.6407024264335632,0.9539846777915955,0.4952296316623688,0.7887287139892578,0.41496026515960693,0.5705591440200806,0.014480619691312313,,,,,
gbert,Child support,329277080844,post,0.5410505533218384,0.8343371748924255,0.4073692560195923,0.4721207916736603,0.3993123769760132,0.5290849804878235,0.6817379593849182,0.9984666705131531,0.30117812752723694,0.1455383449792862,0.6613604426383972,0.323045551776886,0.01559408474713564,,,,,
gbert,Child support,329313745980,pre,0.7601789832115173,0.806255042552948,0.8202948570251465,0.5249043703079224,0.007768081966787577,0.7483871579170227,0.6040101051330566,0.620827853679657,0.5280877947807312,0.009621238335967064,0.5282707810401917,0.4371424913406372,0.034586720168590546,,,,,
gbert,Child support,329313745980,post,0.7601789832115173,0.806255042552948,0.8202948570251465,0.5249043703079224,0.007768081966787577,0.7483871579170227,0.6040101051330566,0.620827853679657,0.5280877947807312,0.009621238335967064,0.5282707810401917,0.4371424913406372,0.034586720168590546,,,,,
gbert,Child support,329322982716,post,0.7968490719795227,0.8480010628700256,0.35027655959129333,0.6304375529289246,0.002273004734888673,0.011362151242792606,0.029053514823317528,0.9980725049972534,0.9088594317436218,0.0008913500350899994,0.7938591241836548,0.180175319314003,0.025965537875890732,,,,,
gbert,Child support,329333853528,pre,0.8347492218017578,0.9187803268432617,0.7081640362739563,0.7896000146865845,0.61543869972229,0.2807644307613373,0.06453584879636765,0.9779850244522095,0.887981116771698,0.5676414966583252,0.7176578044891357,0.27187883853912354,0.010463327169418335,,,,,
gbert,Child support,329333853528,post,0.86708003282547,0.88491290807724,0.7485314607620239,0.6740097999572754,0.7869430780410767,0.2748394310474396,0.3163655698299408,0.9815772771835327,0.7854747772216797,0.5614547729492188,0.7092229723930359,0.2800652086734772,0.010711848735809326,,,,,
gbert,Child support,329344181928,pre,0.5036242008209229,0.7583613395690918,0.5487806797027588,0.7174572348594666,0.7860591411590576,0.4884248375892639,0.5802715420722961,0.02875335142016411,0.7164295315742493,0.46274226903915405,0.4489192068576813,0.45382508635520935,0.09725568443536758,,,,,
gbert,Child support,329344181928,post,0.9116924405097961,0.8882846832275391,0.5078767538070679,0.7925707101821899,0.8232515454292297,0.1657012403011322,0.7030912041664124,0.9386162757873535,0.7764907479286194,0.8067506551742554,0.7391354441642761,0.24976524710655212,0.011099238879978657,,,,,
gbert,Child support,329356699812,pre,0.8672463297843933,0.8338502645492554,0.741412341594696,0.8989784717559814,0.877848207950592,0.7352793216705322,0.22699379920959473,0.9231492877006531,0.8704600930213928,0.3948228359222412,0.3650767505168915,0.5729029178619385,0.06202032417058945,,,,,
gbert,Child support,329356699812,post,0.8095679879188538,0.8382381200790405,0.7751595377922058,0.6690704226493835,0.8938806056976318,0.4593312442302704,0.6267096400260925,0.8928180932998657,0.6008729934692383,0.8997455835342407,0.047586604952812195,0.285109281539917,0.6673040986061096,,,,,
gbert,Child support,329362716960,pre,0.7909511923789978,0.8928013443946838,0.8029409050941467,0.7591975927352905,0.8399749994277954,0.6600869297981262,0.6397876739501953,0.7549730539321899,0.6930348873138428,0.0368611104786396,0.6085105538368225,0.37873297929763794,0.012756507843732834,,,,,
gbert,Child support,329362716960,post,0.8963524699211121,0.8827072381973267,0.7002917528152466,0.6308516263961792,0.5895928144454956,0.25590890645980835,0.3691366910934448,0.8958064317703247,0.8979130983352661,0.0010970953153446317,0.8455498218536377,0.1464560329914093,0.007994118146598339,,,,,
gbert,Child support,329379682212,pre,0.24302832782268524,0.838947057723999,0.39916810393333435,0.5410869121551514,0.8340165615081787,0.7437794804573059,0.02740209922194481,0.9706350564956665,0.866339385509491,0.09840567409992218,0.4454016387462616,0.5352059602737427,0.019392376765608788,,,,,
gbert,Child support,329379682212,post,0.5442367196083069,0.8824064135551453,0.7883179187774658,0.028974981978535652,0.23803824186325073,0.441273033618927,0.8322557210922241,0.2746351361274719,0.20238414406776428,0.586358904838562,0.6016170978546143,0.3752029836177826,0.02317986451089382,,,,,
gbert,Child support,329385221928,pre,0.9129102230072021,0.9255344867706299,0.72028648853302,0.8570944666862488,0.8799850344657898,0.7864471077919006,0.59227055311203,0.9923548698425293,0.9113745093345642,0.4759979546070099,0.5833002924919128,0.371540367603302,0.04515940696001053,,,,,
gbert,Child support,329385221928,post,0.7534506916999817,0.7957248687744141,0.6579254269599915,0.7149121165275574,0.8027703166007996,0.8109002709388733,0.6655324697494507,0.6840684413909912,0.6649591326713562,0.21132947504520416,0.5786973834037781,0.35964030027389526,0.06166229769587517,,,,,
gbert,Child support,329398291116,pre,0.5785632133483887,0.8783594369888306,0.529837965965271,0.6721293926239014,0.806810736656189,0.24875079095363617,0.4719930589199066,0.8960132598876953,0.9425287842750549,0.672411322593689,0.4030780792236328,0.5747682452201843,0.02215365692973137,,,,,
gbert,Child support,329398291116,post,0.854333758354187,0.9229539632797241,0.7117366194725037,0.5818840265274048,0.5427091717720032,0.183773934841156,0.4300738573074341,0.9733918309211731,0.9828367233276367,0.42361366748809814,0.7170877456665039,0.27495548129081726,0.007956781424582005,,,,,
gbert,Child support,329421818664,pre,0.1091482937335968,0.8630141615867615,0.6666027903556824,0.36389708518981934,0.3416977524757385,0.09439483284950256,0.025949304923415184,0.8779866695404053,0.43247416615486145,0.490833580493927,0.39579686522483826,0.5124655961990356,0.09173758327960968,,,,,
gbert,Child support,329421818664,post,0.6795634031295776,0.8826057314872742,0.7394701838493347,0.7105625867843628,0.7044126391410828,0.262703001499176,0.0934392511844635,0.9702467918395996,0.5692474842071533,0.4862382709980011,0.25598013401031494,0.6871914267539978,0.05682846158742905,,,,,
gbert,Child support,329435021232,pre,0.7092299461364746,0.9000973105430603,0.8800414800643921,0.6411892175674438,0.6780893206596375,0.526086151599884,0.2432067096233368,0.9968266487121582,0.8639476299285889,0.33490511775016785,0.6971578598022461,0.2854965329170227,0.017345646396279335,,,,,
gbert,Child support,329435021232,post,0.495667427778244,0.9089850187301636,0.7857456803321838,0.33483627438545227,0.4804856479167938,0.024013325572013855,0.07253901660442352,0.9984868168830872,0.9448058009147644,0.24105499684810638,0.606145977973938,0.3763599097728729,0.017494093626737595,,,,,
gbert,Child support,329454786096,pre,0.7797081470489502,0.8368158340454102,0.7025064826011658,0.8373810052871704,0.8025102615356445,0.6547518968582153,0.5937414169311523,0.9790002107620239,0.8965635895729065,0.5911758542060852,0.4758357107639313,0.5114067196846008,0.012757516466081142,,,,,
gbert,Child support,329454786096,post,0.3349300026893616,0.019935112446546555,0.44661614298820496,0.23614639043807983,0.611060380935669,0.3108314871788025,0.5496184825897217,0.5289409756660461,0.5272020697593689,0.6378764510154724,0.3893830180168152,0.5323998928070068,0.07821711152791977,,,,,
gbert,Child support,329485223412,pre,0.837571382522583,0.9144964814186096,0.642723798751831,0.9053030610084534,0.8416724801063538,0.8641390204429626,0.7453340291976929,0.9061063528060913,0.5705892443656921,0.6080948114395142,0.3848053514957428,0.4993400573730469,0.11585459113121033,,,,,
gbert,Child support,329485223412,post,0.7583540081977844,0.9166519045829773,0.3862023651599884,0.748126745223999,0.7606472969055176,0.15679699182510376,0.3137606978416443,0.8908830285072327,0.12339501827955246,0.5003413558006287,0.4515925347805023,0.4627865254878998,0.08562099933624268,,,,,
gbert,Child support,329562035244,pre,0.7180205583572388,0.8732345700263977,0.8203380703926086,0.78619384765625,0.828620195388794,0.7201563715934753,0.17805051803588867,0.9840371012687683,0.9554890394210815,0.6167814135551453,0.010718614794313908,0.15099935233592987,0.8382819890975952,,,,,
gbert,Child support,329562035244,post,0.7588486075401306,0.8689541220664978,0.680158793926239,0.6125013828277588,0.8760378956794739,0.7574156522750854,0.3031819462776184,0.5275972485542297,0.6475315690040588,0.8595133423805237,0.010717252269387245,0.22300752997398376,0.7662752866744995,,,,,
gbert,Child support,329587821360,pre,0.7850251197814941,0.8575745224952698,0.728716254234314,0.4903533160686493,0.7605364322662354,0.628474771976471,0.5876768231391907,0.3534627854824066,0.24572977423667908,0.2927423417568207,0.4988609254360199,0.4614037871360779,0.039735276252031326,,,,,
gbert,Child support,329587821360,post,0.8093299865722656,0.9549661874771118,0.6956663727760315,0.6372259259223938,0.8564707040786743,0.37195444107055664,0.5728051066398621,0.9808659553527832,0.7768736481666565,0.6608508229255676,0.48907890915870667,0.47156113386154175,0.039359983056783676,,,,,
gbert,Child support,329589326160,pre,0.7745686769485474,0.8166804313659668,0.6574188470840454,0.630216121673584,0.44673746824264526,0.1346234232187271,0.33576181530952454,0.9952540397644043,0.8474710583686829,0.25383511185646057,0.5889781713485718,0.3949873447418213,0.016034530475735664,,,,,
gbert,Child support,329589326160,post,0.6913045644760132,0.8943034410476685,0.7615804076194763,0.5531772971153259,0.574175238609314,0.23047149181365967,0.41637077927589417,0.9954603910446167,0.7031170129776001,0.442477822303772,0.4215047359466553,0.555978000164032,0.022517329081892967,,,,,
gbert,Child support,329679411696,pre,0.8055995106697083,0.896740734577179,0.5894258618354797,0.880199670791626,0.704804539680481,0.5389583706855774,0.16270536184310913,0.9373854994773865,0.8358617424964905,0.5724159479141235,0.6467562317848206,0.34161612391471863,0.01162762101739645,,,,,
gbert,Child support,329679411696,post,0.8660715222358704,0.8987058997154236,0.7123000025749207,0.7742582559585571,0.4965614974498749,0.22697006165981293,0.21229985356330872,0.996404767036438,0.8300780057907104,0.5677294135093689,0.6763079166412354,0.31205177307128906,0.011640342883765697,,,,,
gbert,Child support,330411837528,post,0.9020854234695435,0.9085752964019775,0.7995567321777344,0.8519407510757446,0.8841482400894165,0.7009533047676086,0.47335925698280334,0.9454835057258606,0.9670727849006653,0.528148353099823,0.5003571510314941,0.42770883440971375,0.07193402945995331,,,,,
gbert,Child support,330505338960,pre,0.5171370506286621,0.8882195353507996,0.5020027160644531,0.5815682411193848,0.10934090614318848,0.07331686466932297,0.3479216694831848,0.9888657927513123,0.9441143274307251,0.599296510219574,0.521017849445343,0.46071478724479675,0.018267381936311722,,,,,
gbert,Child support,330505338960,post,0.8805004954338074,0.9040819406509399,0.6887456774711609,0.6999408006668091,0.9080822467803955,0.06223328411579132,0.33224916458129883,0.08092726022005081,0.3140460252761841,0.5554854869842529,0.33704236149787903,0.6158247590065002,0.04713284224271774,,,,,
gbert,Child support,330632295516,pre,0.6136003136634827,0.7830713391304016,0.6159163117408752,0.8184974193572998,0.7688639760017395,0.7520325779914856,0.8837135434150696,0.5136683583259583,0.46331867575645447,0.03183582425117493,0.17987392842769623,0.8048049211502075,0.015321117825806141,,,,,
gbert,Child support,330632295516,post,0.7751230597496033,0.8599976897239685,0.5795717239379883,0.6983810663223267,0.7217259407043457,0.8038795590400696,0.46666663885116577,0.8521410822868347,0.6664673686027527,0.6288896799087524,0.3561740517616272,0.5544297099113464,0.08939629048109055,,,,,
gbert,Child support,330682908780,post,0.205768421292305,0.002894430421292782,0.5530523061752319,0.4646535813808441,0.5899819135665894,0.26255765557289124,0.5295287370681763,0.24325615167617798,0.14866983890533447,0.05708050727844238,0.0863666981458664,0.810671865940094,0.10296142101287842,,,,,
gbert,Child support,330730649244,pre,0.7740055322647095,0.9128466248512268,0.3097555637359619,0.3860890865325928,0.09630680084228516,0.03419949859380722,0.025594213977456093,0.9903658628463745,0.7377443909645081,0.11207950115203857,0.6798025369644165,0.3103877007961273,0.009809767827391624,,,,,
gbert,Child support,330730649244,post,0.8183612823486328,0.9311761856079102,0.34037256240844727,0.21522508561611176,0.35359206795692444,0.006947996560484171,0.24694131314754486,0.9988952279090881,0.07625474035739899,0.03763747587800026,0.4728633761405945,0.5106545686721802,0.016482118517160416,,,,,
gbert,Child support,330737286096,pre,0.7979302406311035,0.737812876701355,0.7267716526985168,0.7679084539413452,0.8254101276397705,0.7634496688842773,0.636347234249115,0.8535164594650269,0.7292228937149048,0.5840370655059814,0.3465421199798584,0.6386270523071289,0.014830811880528927,,,,,
gbert,Child support,330737286096,post,0.7012113332748413,0.7374289035797119,0.4934380352497101,0.45501208305358887,0.8617352247238159,0.7394309639930725,0.09740523993968964,0.11187449097633362,0.22145628929138184,0.5959601402282715,0.028010088950395584,0.5489199757575989,0.42306989431381226,,,,,
gbert,Child support,330822715644,post,0.7319581508636475,0.8020271062850952,0.6945298910140991,0.811707615852356,0.2866561710834503,0.8339328765869141,0.7244807481765747,0.8226080536842346,0.7908097505569458,0.30891314148902893,0.43453675508499146,0.5453296899795532,0.020133621990680695,,,,,
gbert,Child support,330983937864,pre,0.7962449193000793,0.8246371746063232,0.7843728065490723,0.7969631552696228,0.8236708641052246,0.814765214920044,0.7491782903671265,0.8062949776649475,0.5706263184547424,0.570931077003479,0.5753729343414307,0.40231117606163025,0.022315848618745804,,,,,
gbert,Child support,330983937864,post,0.7460569739341736,0.8082200884819031,0.7566450238227844,0.6858546137809753,0.2562176585197449,0.7909368276596069,0.7488506436347961,0.7427675127983093,0.585250973701477,0.32131844758987427,0.9210929870605469,0.06709713488817215,0.01180987898260355,,,,,
gbert,Child support,330992489232,pre,0.9169967174530029,0.8846014738082886,0.452751100063324,0.8190762400627136,0.730664849281311,0.7447122931480408,0.5015934109687805,0.9916500449180603,0.850545346736908,0.48035791516304016,0.6124933362007141,0.37412789463996887,0.013378794305026531,,,,,
gbert,Child support,330992489232,post,0.9249050617218018,0.8726157546043396,0.45113691687583923,0.8301820158958435,0.785936176776886,0.6554854512214661,0.44454875588417053,0.9916331768035889,0.9236940145492554,0.49725061655044556,0.7041081190109253,0.2813366949558258,0.01455522421747446,,,,,
gbert,Child support,331066087632,pre,0.25143730640411377,0.8637744188308716,0.5540030598640442,0.01767580397427082,0.010889234952628613,0.023357776924967766,0.006241434253752232,0.7567510604858398,0.9351192712783813,0.20571847259998322,0.813304603099823,0.17688113451004028,0.009814312681555748,,,,,
gbert,Child support,331066087632,post,0.8238103985786438,0.8813833594322205,0.4357166886329651,0.4552478492259979,0.7436080574989319,0.4764126241207123,0.2373921126127243,0.991603672504425,0.3542337417602539,0.03324659913778305,0.8723796010017395,0.11924547702074051,0.00837491825222969,,,,,
gbert,Child support,331199533980,pre,0.7711462378501892,0.930819571018219,0.7298002243041992,0.4275745153427124,0.8713706135749817,0.03466660529375076,0.025401873514056206,0.9993386268615723,0.6636801362037659,0.051950450986623764,0.5741784572601318,0.3205435276031494,0.10527800768613815,,,,,
gbert,Child support,331199533980,post,0.6078558564186096,0.8583405613899231,0.5375530123710632,0.6190863847732544,0.7157304883003235,0.28147467970848083,0.08996972441673279,0.842366099357605,0.010479015298187733,0.1160740777850151,0.7388484477996826,0.24835902452468872,0.012792588211596012,,,,,
gbert,Child support,331428197232,pre,0.023808365687727928,0.713458240032196,0.36859890818595886,0.13971656560897827,0.799616813659668,0.12096698582172394,0.27476245164871216,0.9903146028518677,0.8297059535980225,0.017241429537534714,0.9017517566680908,0.0909712091088295,0.007277048192918301,,,,,
gbert,Child support,331428197232,post,0.7900554537773132,0.8456250429153442,0.646624743938446,0.7176654934883118,0.9420521259307861,0.42072296142578125,0.4095824956893921,0.9637913703918457,0.6148588061332703,0.3082748055458069,0.3209540843963623,0.5585848689079285,0.12046107649803162,,,,,
gbert,Child support,331497006264,pre,0.7193262577056885,0.8167538046836853,0.7514612674713135,0.5513421297073364,0.7598294615745544,0.6111329197883606,0.47993969917297363,0.45643654465675354,0.3284376561641693,0.2071010023355484,0.599940299987793,0.3858945965766907,0.014165126718580723,,,,,
gbert,Child support,331497006264,post,0.9194626808166504,0.8945156335830688,0.7147905230522156,0.7468820810317993,0.8487584590911865,0.7012962698936462,0.3345179259777069,0.9378905296325684,0.7646714448928833,0.8027284145355225,0.09715301543474197,0.5639458894729614,0.3389011025428772,,,,,
gbert,Child support,331558564212,post,0.5210141539573669,0.835689902305603,0.6284083724021912,0.16246993839740753,0.8700733184814453,0.5574303865432739,0.05820579081773758,0.8763830065727234,0.6242943406105042,0.2634810209274292,0.21962857246398926,0.7603327035903931,0.020038750022649765,,,,,
gbert,Child support,331646387760,pre,0.6969712972640991,0.8826932907104492,0.4538445770740509,0.4307006299495697,0.7920590043067932,0.6767366528511047,0.11558689922094345,0.9879311919212341,0.9616511464118958,0.4061262905597687,0.4320293664932251,0.5422645807266235,0.02570604905486107,,,,,
gbert,Child support,331646387760,post,0.70008385181427,0.28547194600105286,0.37912970781326294,0.48988720774650574,0.17909476161003113,0.4670841097831726,0.0855010449886322,0.8938215970993042,0.7079645991325378,0.022639144212007523,0.7907893061637878,0.19805262982845306,0.011158101260662079,,,,,
gbert,Child support,332476016148,post,0.6743588447570801,0.8413196206092834,0.22218731045722961,0.45468413829803467,0.2132009118795395,0.010235234163701534,0.08541944622993469,0.8755927085876465,0.35226696729660034,0.012015342712402344,0.5433536171913147,0.4394015073776245,0.01724490523338318,,,,,
gbert,Child support,332533810728,pre,0.02887646295130253,0.7832603454589844,0.41914913058280945,0.5742676258087158,0.7909799814224243,0.16615939140319824,0.0911378487944603,0.9050867557525635,0.9321150183677673,0.5041033625602722,0.1834881454706192,0.6319260597229004,0.18458575010299683,,,,,
gbert,Child support,332533810728,post,0.7749989628791809,0.6285903453826904,0.6246559619903564,0.5200864672660828,0.9100832343101501,0.9881879091262817,0.21373969316482544,0.8007565140724182,0.8424301147460938,0.5149843692779541,0.01044723391532898,0.24273140728473663,0.746821403503418,,,,,
gbert,Child support,332541130212,pre,0.6601341366767883,0.3415217995643616,0.6386869549751282,0.5794870853424072,0.5560493469238281,0.5758147239685059,0.5989168286323547,0.27394431829452515,0.2991221249103546,0.20391011238098145,0.07522739470005035,0.696184515953064,0.22858810424804688,,,,,
gbert,Child support,332541130212,post,0.2638791501522064,0.12623842060565948,0.6025859117507935,0.6088976860046387,0.615606427192688,0.37135347723960876,0.502139151096344,0.15613697469234467,0.2748226821422577,0.023910097777843475,0.060477662831544876,0.5169470310211182,0.4225752651691437,,,,,
gbert,Child support,332551598148,post,0.7338993549346924,0.046739377081394196,0.660417377948761,0.578629732131958,0.8313242793083191,0.5589290261268616,0.6023803353309631,0.35503020882606506,0.3505338132381439,0.3708237409591675,0.06706634163856506,0.7405049204826355,0.19242872297763824,,,,,
gbert,Child support,332579913696,pre,0.7759917974472046,0.8807328343391418,0.7342988848686218,0.5389161705970764,0.244212806224823,0.02355397306382656,0.10429656505584717,0.9599933624267578,0.6118287444114685,0.011383413337171078,0.6106430888175964,0.3743210434913635,0.01503597479313612,,,,,
gbert,Child support,332579913696,post,0.8570743203163147,0.9385060667991638,0.7122918963432312,0.601933479309082,0.15241947770118713,0.08237642794847488,0.18595507740974426,0.9834740161895752,0.22034743428230286,0.06120697408914566,0.8651471734046936,0.12741181254386902,0.0074410634115338326,,,,,
gbert,Child support,332597764728,post,0.4386861324310303,0.9069010615348816,0.6249011754989624,0.6288756132125854,0.8845916390419006,0.6252715587615967,0.06205589696764946,0.5081024169921875,0.6505959630012512,0.5394266843795776,0.2664285898208618,0.5251870155334473,0.20838436484336853,,,,,
gbert,Child support,332701188264,pre,0.8864485621452332,0.7462611794471741,0.7404877543449402,0.6994813680648804,0.8298097848892212,0.787784993648529,0.766380250453949,0.6999085545539856,0.7007580995559692,0.3404623568058014,0.1172943264245987,0.7270213961601257,0.15568429231643677,,,,,
gbert,Child support,332724581064,pre,0.5399104952812195,0.902327299118042,0.714705765247345,0.424120157957077,0.9204683303833008,0.1819395124912262,0.3460584580898285,0.9978660941123962,0.8582744598388672,0.3828528821468353,0.7018840909004211,0.2828442454338074,0.01527163665741682,,,,,
gbert,Child support,332724581064,post,0.897519052028656,0.9296921491622925,0.6293684840202332,0.7795236706733704,0.7521011829376221,0.13939762115478516,0.22205613553524017,0.9979816675186157,0.9959011673927307,0.3066912889480591,0.8558983206748962,0.1369241178035736,0.007177590858191252,,,,,
gbert,Child support,332734017528,pre,0.8005090355873108,0.8713752031326294,0.4999590516090393,0.7899734377861023,0.4694889783859253,0.5385653972625732,0.23256555199623108,0.9702720046043396,0.18615853786468506,0.5318963527679443,0.4817081093788147,0.4484996199607849,0.069792240858078,,,,,
gbert,Child support,332734017528,post,0.9163747429847717,0.9614606499671936,0.7815071940422058,0.7144578695297241,0.806263267993927,0.36726611852645874,0.3681474030017853,0.8791303634643555,0.6686859726905823,0.4391889274120331,0.6115146279335022,0.3451228439807892,0.04336252063512802,,,,,
gbert,Child support,332796813516,pre,0.8036797642707825,0.9087477922439575,0.5080398917198181,0.5890823006629944,0.9567119479179382,0.6181844472885132,0.42874443531036377,0.21604618430137634,0.015508847311139107,0.2717234194278717,0.08722013235092163,0.5892928242683411,0.3234871029853821,,,,,
gbert,Child support,332821778832,pre,0.708782970905304,0.9139692187309265,0.8766710758209229,0.5727058053016663,0.5704985857009888,0.5201647877693176,0.4237212836742401,0.9894885420799255,0.7545906901359558,0.23729968070983887,0.5404747128486633,0.45025086402893066,0.009274454787373543,,,,,
gbert,Child support,332821778832,post,0.5367749333381653,0.9217362999916077,0.8370260000228882,0.6607396602630615,0.4620261490345001,0.28326261043548584,0.14503148198127747,0.9799489974975586,0.5092239379882812,0.4156928062438965,0.9093754887580872,0.08068351447582245,0.009941032156348228,,,,,
gbert,Child support,332922253644,post,0.41982415318489075,0.851547122001648,0.5002734661102295,0.6551041007041931,0.7616647481918335,0.4091179668903351,0.4673539698123932,0.24804450571537018,0.3253929316997528,0.2095593512058258,0.08171876519918442,0.6947992444038391,0.22348199784755707,,,,,
gbert,Child support,333103718160,pre,0.8848012089729309,0.8569068312644958,0.6126705408096313,0.47174766659736633,0.9669615030288696,0.6677491664886475,0.6556646823883057,0.8308736085891724,0.6129570007324219,0.7709303498268127,0.00647321343421936,0.10471687465906143,0.888809859752655,,,,,
gbert,Child support,333103718160,post,0.7693153619766235,0.9490334391593933,0.5665584206581116,0.5838174223899841,0.9799718260765076,0.7759020924568176,0.5657968521118164,0.5251356959342957,0.6560582518577576,0.8708125948905945,0.012615395709872246,0.10316102206707001,0.8842235207557678,,,,,
gbert,Child support,333186824160,pre,0.7375797629356384,0.8317651152610779,0.8559220433235168,0.684870719909668,0.8978965878486633,0.7685893774032593,0.7399618625640869,0.6599907875061035,0.4757128655910492,0.7793606519699097,0.15311658382415771,0.6560623645782471,0.19082105159759521,,,,,
gbert,Child support,333186824160,post,0.783473551273346,0.8469350337982178,0.6874188780784607,0.7303962707519531,0.7677727937698364,0.9598086476325989,0.712942898273468,0.6610044836997986,0.5328198671340942,0.6124473810195923,0.2743851840496063,0.4802979826927185,0.24531683325767517,,,,,
gbert,Child support,333303379128,pre,0.8189974427223206,0.9245604276657104,0.7950316667556763,0.7203680276870728,0.9219483137130737,0.9130566716194153,0.5067319869995117,0.8523877263069153,0.7315397262573242,0.7108864188194275,0.08938746154308319,0.5401865243911743,0.3704259991645813,,,,,
gbert,Child support,333303379128,post,0.7876887917518616,0.9054912328720093,0.6223692297935486,0.7163386940956116,0.9436055421829224,0.9354648590087891,0.47126615047454834,0.4246569573879242,0.6778172254562378,0.5186150670051575,0.013273022137582302,0.4161011576652527,0.5706257820129395,,,,,
gbert,Child support,333367402896,pre,0.7824807167053223,0.8249338865280151,0.501531183719635,0.5997125506401062,0.7857062220573425,0.7148088812828064,0.07745640724897385,0.9967405200004578,0.466990202665329,0.38055527210235596,0.5773494839668274,0.407855361700058,0.0147951515391469,,,,,
gbert,Child support,333367402896,post,0.7905764579772949,0.8741739988327026,0.5171827077865601,0.7153535485267639,0.6866838932037354,0.12641827762126923,0.806454062461853,0.7367799282073975,0.2574597895145416,0.11624238640069962,0.765896737575531,0.2228490263223648,0.011254258453845978,,,,,
gbert,Child support,333382381812,pre,0.660880446434021,0.6683957576751709,0.45607873797416687,0.6860532760620117,0.47626253962516785,0.6436641812324524,0.031972311437129974,0.521017849445343,0.004300615284591913,0.1547713577747345,0.5278412699699402,0.4563210606575012,0.015837760642170906,,,,,
gbert,Child support,333382381812,post,0.919333815574646,0.9074170589447021,0.8067248463630676,0.6422632932662964,0.7846654653549194,0.13614101707935333,0.42957332730293274,0.9292028546333313,0.9562103152275085,0.536829948425293,0.42279163002967834,0.46678999066352844,0.11041831970214844,,,,,
gbert,Child support,333419387580,pre,0.6860854029655457,0.8973199725151062,0.433239609003067,0.3646058738231659,0.729826807975769,0.07772249728441238,0.019681891426444054,0.9770700931549072,0.9398151636123657,0.18238970637321472,0.7742865085601807,0.2135547399520874,0.012158815748989582,,,,,
gbert,Child support,333419387580,post,0.7110768556594849,0.8081403970718384,0.5561736226081848,0.6354727745056152,0.9436497688293457,0.4447862207889557,0.413402795791626,0.8856313228607178,0.6974117755889893,0.30617982149124146,0.7151788473129272,0.2706882953643799,0.014132766984403133,,,,,
gbert,Child support,333621101232,pre,0.8293837904930115,0.8787693381309509,0.7367881536483765,0.7963997721672058,0.8724652528762817,0.8014702796936035,0.8311861753463745,0.8574928045272827,0.8114372491836548,0.7315577268600464,0.42067763209342957,0.4060405194759369,0.17328181862831116,,,,,
gbert,Child support,333621101232,post,0.8874159455299377,0.9168893098831177,0.7289537787437439,0.8160933256149292,0.9076550006866455,0.8248558640480042,0.8203814625740051,0.8927525877952576,0.7945908308029175,0.660936176776886,0.41517168283462524,0.4032307267189026,0.18159762024879456,,,,,
gbert,Child support,333674999748,post,0.8207902908325195,0.8961342573165894,0.8565189242362976,0.7653887271881104,0.9397404789924622,0.6549440622329712,0.5688294768333435,0.06908033043146133,0.4302460551261902,0.7905145287513733,0.021363284438848495,0.47532498836517334,0.5033116936683655,,,,,
gbert,Child support,333757626264,pre,0.8836878538131714,0.8530678749084473,0.6169887185096741,0.3999454379081726,0.9223195314407349,0.5227997899055481,0.37550821900367737,0.14479604363441467,0.2859541177749634,0.5303037166595459,0.1436302661895752,0.5104263424873352,0.345943421125412,,,,,
gbert,Child support,333757626264,post,0.9444200396537781,0.9038048386573792,0.6993466019630432,0.6648840308189392,0.9463630318641663,0.9281755089759827,0.683182954788208,0.024408824741840363,0.19088567793369293,0.8753554821014404,0.2083008885383606,0.5208376049995422,0.27086156606674194,,,,,
gbert,Child support,335424943296,pre,0.7184181213378906,0.8555233478546143,0.6228284239768982,0.3284216821193695,0.8611415028572083,0.5761634707450867,0.010348343290388584,0.9927495121955872,0.7065547108650208,0.15181438624858856,0.617637574672699,0.36990857124328613,0.012453864328563213,,,,,
gbert,Child support,335424943296,post,0.30422443151474,0.7259557843208313,0.42942896485328674,0.19529235363006592,0.8248618245124817,0.510684072971344,0.021114012226462364,0.231301948428154,0.559512197971344,0.35077181458473206,0.189835324883461,0.6487588286399841,0.16140583157539368,,,,,
gbert,Child support,335891226096,pre,0.8893266916275024,0.8669026494026184,0.747441291809082,0.6754206418991089,0.8761953115463257,0.7978254556655884,0.7162443995475769,0.6290265917778015,0.4366534650325775,0.29739856719970703,0.17570863664150238,0.7970837354660034,0.02720758691430092,,,,,
gbert,Child support,335905795296,pre,0.5939066410064697,0.23441754281520844,0.7062681913375854,0.6019540429115295,0.5884928703308105,0.46341848373413086,0.6051575541496277,0.3706844747066498,0.38535863161087036,0.09871243685483932,0.19725435972213745,0.7734129428863525,0.02933267131447792,,,,,
gbert,Child support,335905795296,post,0.890933096408844,0.8681617379188538,0.5148492455482483,0.9762774705886841,0.9008622169494629,0.8376263976097107,0.5998757481575012,0.9243890047073364,0.9713433384895325,0.6672891974449158,0.0820179283618927,0.9079461097717285,0.010035945102572441,,,,,
gbert,Child support,335907029232,post,0.8875819444656372,0.8630092144012451,0.4669157862663269,0.459230899810791,0.8058722615242004,0.6956420540809631,0.2828509211540222,0.9989207983016968,0.557178795337677,0.43875056505203247,0.8963088989257812,0.09760770201683044,0.006083336658775806,,,,,
gbert,Child support,335939244948,post,0.8667933940887451,0.852115273475647,0.5493364334106445,0.7613621354103088,0.8448002338409424,0.6122310757637024,0.1827685385942459,0.9789596199989319,0.6205906867980957,0.6065054535865784,0.28317081928253174,0.6893871426582336,0.02744203992187977,,,,,
gbert,Child support,336028571244,pre,0.8092535138130188,0.8558403849601746,0.8373135328292847,0.8635112047195435,0.7976571917533875,0.8092942237854004,0.7919942140579224,0.8773017525672913,0.671612560749054,0.5719453692436218,0.5308074355125427,0.45227453112602234,0.016917981207370758,,,,,
gbert,Child support,336028571244,post,0.9079724550247192,0.7670072317123413,0.5225393772125244,0.9787436723709106,0.5753069519996643,0.7646969556808472,0.7270961999893188,0.8172292113304138,0.5998899936676025,0.29075756669044495,0.5535799264907837,0.4200151264667511,0.026404932141304016,,,,,
gbert,Child support,336050532432,post,0.7706617712974548,0.8602797985076904,0.6284844279289246,0.5389812588691711,0.4230984151363373,0.10749531537294388,0.03320521488785744,0.9959193468093872,0.6757924556732178,0.5057971477508545,0.6966975331306458,0.29464656114578247,0.008655988611280918,,,,,
gbert,Child support,336066055128,pre,0.7197070717811584,0.7492719888687134,0.7587023377418518,0.6814188957214355,0.8790356516838074,0.6957968473434448,0.601834774017334,0.30583176016807556,0.369493693113327,0.3545970916748047,0.03803711757063866,0.7350202202796936,0.22694267332553864,,,,,
gbert,Child support,336066055128,post,0.6338078379631042,0.2075216919183731,0.6077376008033752,0.6992272734642029,0.7890443205833435,0.4402814209461212,0.5685628652572632,0.21807517111301422,0.3403826057910919,0.1184329092502594,0.04571801424026489,0.8146439790725708,0.13963797688484192,,,,,
gbert,Child support,336092047812,pre,0.6266681551933289,0.08689714968204498,0.6551210880279541,0.689174473285675,0.7224951386451721,0.34392020106315613,0.614732027053833,0.3446785509586334,0.4002605974674225,0.07443993538618088,0.23439666628837585,0.4745403826236725,0.29106298089027405,,,,,
gbert,Child support,336092047812,post,0.48412567377090454,0.8708486557006836,0.3889745771884918,0.6874072551727295,0.7282776236534119,0.3664821684360504,0.7168566584587097,0.9925330877304077,0.8919202089309692,0.03053409233689308,0.8553512692451477,0.13549944758415222,0.009149206802248955,,,,,
gbert,Child support,336093073128,pre,0.8054056167602539,0.9016860723495483,0.6871315836906433,0.8611476421356201,0.004722262732684612,0.7788973450660706,0.19981823861598969,0.7620300650596619,0.4033227264881134,0.006549382582306862,0.8337703943252563,0.1560499668121338,0.010179638862609863,,,,,
gbert,Child support,336213594612,pre,0.6779913306236267,0.9223125576972961,0.5152639150619507,0.5373535752296448,0.8033946752548218,0.5882227420806885,0.22719554603099823,0.9749696254730225,0.7953134775161743,0.5089866518974304,0.661378800868988,0.32400739192962646,0.014613797888159752,,,,,
gbert,Child support,336213594612,post,0.6261894106864929,0.8882485628128052,0.700171947479248,0.5280053615570068,0.7404033541679382,0.4923977255821228,0.10624276846647263,0.9651575088500977,0.7770940661430359,0.3556904196739197,0.46037182211875916,0.5135360956192017,0.026092080399394035,,,,,
gbert,Child support,336312157644,pre,0.4547825753688812,0.6146435737609863,0.5104908347129822,0.2993515431880951,0.7459347248077393,0.33071473240852356,0.11300338804721832,0.893944501876831,0.712742805480957,0.2293553352355957,0.47562724351882935,0.48654526472091675,0.037827521562576294,,,,,
gbert,Child support,336312157644,post,0.5996527075767517,0.6440295577049255,0.7914171814918518,0.754273533821106,0.8826469779014587,0.9008232355117798,0.5777658224105835,0.9001328945159912,0.7181767225265503,0.6232472658157349,0.030225595459342003,0.46927550435066223,0.50049889087677,,,,,
gbert,Child support,336365716212,pre,0.809268593788147,0.912501335144043,0.6455647349357605,0.586439311504364,0.7897968888282776,0.1296713948249817,0.04701464623212814,0.9630721807479858,0.9385610818862915,0.08379753679037094,0.8262656331062317,0.1675160974264145,0.006218262482434511,,,,,
gbert,Child support,336365716212,post,0.7980726361274719,0.9181656241416931,0.5709176063537598,0.9705391526222229,0.8878893256187439,0.8855581283569336,0.4735367000102997,0.36563366651535034,0.6490078568458557,0.5819098353385925,0.214454784989357,0.606635332107544,0.17890989780426025,,,,,
gbert,Child support,336368866716,pre,0.8027303814888,0.908332884311676,0.6201068758964539,0.9188993573188782,0.2714417278766632,0.8904868364334106,0.2473495751619339,0.7572448253631592,0.5207034945487976,0.0052571953274309635,0.8061316609382629,0.1857587695121765,0.008109563030302525,,,,,
gbert,Child support,336368866716,post,0.8282106518745422,0.4070056676864624,0.6200805306434631,0.7191696166992188,0.06622244417667389,0.26642483472824097,0.3699651062488556,0.3276315927505493,0.17809262871742249,0.010188492946326733,0.7748168706893921,0.2081943303346634,0.016988864168524742,,,,,
gbert,Child support,336385416780,pre,0.8882626891136169,0.8924911618232727,0.8007480502128601,0.7386661767959595,0.9011419415473938,0.3556838631629944,0.6725110411643982,0.8335705995559692,0.5811254978179932,0.3629748523235321,0.8153783082962036,0.1786903589963913,0.005931313149631023,,,,,
gbert,Child support,336385416780,post,0.7670302987098694,0.7878431081771851,0.5190252065658569,0.6926753520965576,0.5651344060897827,0.08601322770118713,0.16895952820777893,0.8958805799484253,0.4160672724246979,0.6826090812683105,0.3731682300567627,0.576633870601654,0.05019785836338997,,,,,
gbert,Child support,336436920612,pre,0.6482651233673096,0.6608012318611145,0.5321871638298035,0.8581222295761108,0.8094409704208374,0.8151707649230957,0.3408129811286926,0.8520408272743225,0.7310451865196228,0.2340402752161026,0.05607762932777405,0.8434894680976868,0.10043289512395859,,,,,
gbert,Child support,336436920612,post,0.6202545762062073,0.7850692272186279,0.25244539976119995,0.7737728953361511,0.3465721011161804,0.6404929757118225,0.21291568875312805,0.9079856872558594,0.27046817541122437,0.04446766898036003,0.4905213415622711,0.4888558089733124,0.02062288485467434,,,,,
gbert,Child support,336439112148,pre,0.8902435302734375,0.8925263285636902,0.58661288022995,0.9240384101867676,0.8624140024185181,0.9137153029441833,0.720708966255188,0.9961858987808228,0.7184274196624756,0.5989815592765808,0.3980358839035034,0.5664495825767517,0.03551455959677696,,,,,
gbert,Child support,336439112148,post,0.3109021782875061,0.832245945930481,0.6699495315551758,0.6535300016403198,0.5716444253921509,0.3957057297229767,0.05482248589396477,0.6622494459152222,0.6778053641319275,0.472691148519516,0.37218278646469116,0.5938929915428162,0.033924221992492676,,,,,
gbert,Child support,336468520044,pre,0.8362733125686646,0.9215941429138184,0.8292360901832581,0.8590721487998962,0.8908047676086426,0.2831524908542633,0.5923200249671936,0.995000422000885,0.5898401737213135,0.9279478788375854,0.46020859479904175,0.4953309893608093,0.04446041211485863,,,,,
gbert,Child support,336468520044,post,0.9162672758102417,0.8995699882507324,0.8563040494918823,0.7200092077255249,0.02219953015446663,0.11806660145521164,0.25443413853645325,0.9957557916641235,0.8589099049568176,0.4456773102283478,0.4914426803588867,0.4910282492637634,0.01752903126180172,,,,,
gbert,Child support,337361281632,post,0.8701959848403931,0.8960065841674805,0.6260189414024353,0.5146967172622681,0.8623989224433899,0.9165953397750854,0.6630802154541016,0.7046229839324951,0.6875340938568115,0.9079756140708923,0.25196418166160583,0.2872276306152344,0.4608081877231598,,,,,
gbert,Child support,337398761412,post,0.7590509653091431,0.7816174626350403,0.4196361005306244,0.6969708204269409,0.8116394877433777,0.8035008907318115,0.20776711404323578,0.4804202616214752,0.4211813807487488,0.572559118270874,0.21727585792541504,0.5818836092948914,0.2008405178785324,,,,,
gbert,Child support,337486379760,pre,0.568007230758667,0.851224958896637,0.5542528033256531,0.8665327429771423,0.8372263312339783,0.4271853268146515,0.93031245470047,0.9334104061126709,0.7776469588279724,0.9681138396263123,0.20900467038154602,0.7758750915527344,0.015120275318622589,,,,,
gbert,Child support,337486379760,post,0.8528677225112915,0.9115833044052124,0.4156038761138916,0.8902475833892822,0.7952206134796143,0.756089985370636,0.15367752313613892,0.9877887964248657,0.7911576628684998,0.2629473805427551,0.49231430888175964,0.4444597363471985,0.06322603672742844,,,,,
gbert,Child support,337500337464,pre,0.5588107109069824,0.5622497200965881,0.5477606058120728,0.7263835668563843,0.873492956161499,0.609424352645874,0.8218531608581543,0.07558461278676987,0.14850451052188873,0.6134048700332642,0.023879164829850197,0.494876891374588,0.48124396800994873,,,,,
gbert,Child support,337500337464,post,0.7220191359519958,0.8641602993011475,0.6662716865539551,0.6718223690986633,0.8248228430747986,0.7009134888648987,0.17714667320251465,0.9394533038139343,0.5770101547241211,0.8212618827819824,0.028633441776037216,0.5062286853790283,0.46513789892196655,,,,,
gbert,Child support,337523113296,pre,0.4478447139263153,0.8554561734199524,0.6682178974151611,0.4690752625465393,0.8708714842796326,0.44339680671691895,0.16140612959861755,0.9581349492073059,0.8492275476455688,0.5326274037361145,0.36712437868118286,0.4861241281032562,0.1467515379190445,,,,,
gbert,Child support,337523113296,post,0.726241409778595,0.9440065622329712,0.7703993320465088,0.820629894733429,0.8959157466888428,0.54374098777771,0.12216319143772125,0.9760795831680298,0.9071024060249329,0.3926229178905487,0.4890182614326477,0.49863311648368835,0.012348632328212261,,,,,
gbert,Child support,337628106612,pre,0.5899197459220886,0.6578435897827148,0.8104400038719177,0.8663322329521179,0.8785647749900818,0.5558726787567139,0.708810567855835,0.18311958014965057,0.877752959728241,0.8599558472633362,0.049596574157476425,0.7084232568740845,0.24198023974895477,,,,,
gbert,Child support,337628106612,post,0.7984873056411743,0.860152006149292,0.7425585985183716,0.9604039788246155,0.9804857969284058,0.6731380224227905,0.6506378650665283,0.9092907905578613,0.7345873713493347,0.9460503458976746,0.020833449438214302,0.8346795439720154,0.14448705315589905,,,,,
gbert,Child support,337689875232,post,0.7428357601165771,0.8327833414077759,0.4475541412830353,0.2148628681898117,0.8439710736274719,0.1238875463604927,0.0027009565383195877,0.9942116141319275,0.8067904710769653,0.1674691140651703,0.7822415232658386,0.20753654837608337,0.010221884585916996,,,,,
gbert,Child support,337924757412,pre,0.7491605281829834,0.8031902313232422,0.4945663809776306,0.7855884432792664,0.45258423686027527,0.5711464881896973,0.43707454204559326,0.49955230951309204,0.3869636058807373,0.1660413295030594,0.15977641940116882,0.6806406378746033,0.1595829427242279,,,,,
gbert,Child support,337924757412,post,0.7683075070381165,0.8291246294975281,0.5749908685684204,0.6745038628578186,0.6751429438591003,0.11823853105306625,0.028475390747189522,0.9826339483261108,0.6335148215293884,0.030600134283304214,0.7501257658004761,0.23754125833511353,0.012332982383668423,,,,,
gbert,Child support,338363202780,post,0.5883972644805908,0.8663781881332397,0.6284967064857483,0.5483952164649963,0.7111733555793762,0.2810145914554596,0.36178746819496155,0.9762274026870728,0.43808674812316895,0.014301729388535023,0.6323928236961365,0.35430920124053955,0.013298006728291512,,,,,
gbert,Child support,338424079464,pre,0.6050741076469421,0.9736629724502563,0.845660924911499,0.5548719167709351,0.7629114389419556,0.74721360206604,0.38884660601615906,0.9678511023521423,0.559730589389801,0.3777940571308136,0.761330783367157,0.21562668681144714,0.023042548447847366,,,,,
gbert,Child support,338424079464,post,0.8469334244728088,0.9325366020202637,0.7055889964103699,0.48909130692481995,0.09152916818857193,0.4704904854297638,0.36374610662460327,0.7421777248382568,0.8065600395202637,0.02603481337428093,0.7759969830513,0.21078670024871826,0.013216326013207436,,,,,
gbert,Child support,338559034716,pre,0.8393582701683044,0.8904041051864624,0.636512815952301,0.7030750513076782,0.8531122803688049,0.6721349358558655,0.2859863042831421,0.967438817024231,0.9071425199508667,0.602937638759613,0.6986761689186096,0.28684717416763306,0.014476634562015533,,,,,
gbert,Child support,338559034716,post,0.6764242649078369,0.8693740963935852,0.33915436267852783,0.8138086795806885,0.8349367380142212,0.022992249578237534,0.3086715638637543,0.9946720004081726,0.8887071013450623,0.02748599462211132,0.6027204394340515,0.37627527117729187,0.021004274487495422,,,,,
gbert,Child support,339334073748,post,0.7251341938972473,0.9156268835067749,0.657300591468811,0.5674336552619934,0.7476204037666321,0.08728262037038803,0.1096489280462265,0.9654454588890076,0.7712171673774719,0.18545232713222504,0.6992504000663757,0.2884088456630707,0.012340769171714783,,,,,
gbert,Child support,339368474844,pre,0.6655330061912537,0.37506330013275146,0.40165600180625916,0.30453726649284363,0.8276715874671936,0.44160228967666626,0.4874262511730194,0.1084752306342125,0.1527126282453537,0.0821220651268959,0.0945328027009964,0.6883506774902344,0.217116579413414,,,,,
gbert,Child support,339368474844,post,0.7168976068496704,0.3607614040374756,0.48400112986564636,0.25838232040405273,0.8323542475700378,0.44763004779815674,0.4930732846260071,0.11122139543294907,0.0979449525475502,0.09832029789686203,0.114946648478508,0.65401691198349,0.23103640973567963,,,,,
gbert,Child support,339412460148,pre,0.5159937143325806,0.915397584438324,0.7130387425422668,0.8777154684066772,0.8562144041061401,0.8333854675292969,0.58869469165802,0.4600348472595215,0.8962146639823914,0.5770280361175537,0.21943457424640656,0.5383650064468384,0.24220047891139984,,,,,
gbert,Child support,339412460148,post,0.17657209932804108,0.8030489087104797,0.5672797560691833,0.4387662410736084,0.8611953854560852,0.27176162600517273,0.25807055830955505,0.943061888217926,0.7139912843704224,0.15638601779937744,0.23538759350776672,0.6751928925514221,0.08941948413848877,,,,,
gbert,Child support,339443236728,pre,0.8711004257202148,0.7588651776313782,0.4180198907852173,0.7862216234207153,0.8286327719688416,0.7362577319145203,0.5536102056503296,0.9860177040100098,0.303875595331192,0.8080819845199585,0.14295965433120728,0.8031371831893921,0.05390312522649765,,,,,
gbert,Child support,339468139116,pre,0.562736451625824,0.6157929301261902,0.41173678636550903,0.2939016819000244,0.7887770533561707,0.6598635911941528,0.6186440587043762,0.3194730877876282,0.4705059826374054,0.06542929261922836,0.04114894941449165,0.5595129132270813,0.39933812618255615,,,,,
gbert,Child support,339474562560,pre,0.7309651970863342,0.8998531699180603,0.5950215458869934,0.6492871642112732,0.8653751015663147,0.7464305758476257,0.7478981614112854,0.9792442917823792,0.525641918182373,0.1879655122756958,0.7889936566352844,0.20147649943828583,0.009529880248010159,,,,,
gbert,Child support,339474562560,post,0.8213135600090027,0.9452882409095764,0.7995756268501282,0.8330160975456238,0.8130190372467041,0.6331459283828735,0.9182817339897156,0.6748604774475098,0.14691683650016785,0.02033592388033867,0.9261863827705383,0.060567330569028854,0.013246249407529831,,,,,
gbert,Child support,339512253696,pre,0.9122262597084045,0.8990744948387146,0.5572144389152527,0.7639004588127136,0.8339188098907471,0.37878331542015076,0.5684670209884644,0.9368767738342285,0.6031010150909424,0.23050539195537567,0.5746310949325562,0.4125232994556427,0.012845662422478199,,,,,
gbert,Child support,339512253696,post,0.6533461809158325,0.8840831518173218,0.6217191815376282,0.9437549710273743,0.7252774238586426,0.6757404208183289,0.5440416932106018,0.9288604259490967,0.06395045667886734,0.7004674673080444,0.24732546508312225,0.7071571350097656,0.04551736265420914,,,,,
gbert,Child support,339552675360,pre,0.8931208252906799,0.9343133568763733,0.6650558710098267,0.7886471748352051,0.7981138825416565,0.37730464339256287,0.35791435837745667,0.9947544932365417,0.9826989769935608,0.7394065260887146,0.6925199031829834,0.29799240827560425,0.009487723931670189,,,,,
gbert,Child support,339552675360,post,0.7831646203994751,0.9232492446899414,0.7141391038894653,0.6404470205307007,0.04293376952409744,0.12470046430826187,0.10802563279867172,0.9980418086051941,0.938488245010376,0.03200449422001839,0.866672694683075,0.123353973031044,0.009973316453397274,,,,,
gbert,Child support,339572310264,post,0.08458520472049713,0.0029918949585407972,0.024094298481941223,0.001345065888017416,0.03180229291319847,0.3950900733470917,0.003362824209034443,0.008340680971741676,0.059517860412597656,0.0015005153836682439,0.10559633374214172,0.5005617737770081,0.3938419222831726,,,,,
gbert,Child support,339637903812,pre,0.7459158301353455,0.8216655254364014,0.8496356010437012,0.8896344304084778,0.3344886898994446,0.6988279223442078,0.6597676277160645,0.8565360903739929,0.6151102781295776,0.2891789376735687,0.5927503705024719,0.3907451629638672,0.016504503786563873,,,,,
gbert,Child support,339637903812,post,0.8092535138130188,0.8558403849601746,0.8373135328292847,0.8635112047195435,0.7976571917533875,0.8092942237854004,0.7919942140579224,0.8773017525672913,0.671612560749054,0.5719453692436218,0.5308074355125427,0.45227453112602234,0.016917981207370758,,,,,
gbert,Child support,339764721516,post,0.7018529176712036,0.8686438798904419,0.6674500107765198,0.2968522608280182,0.9165665507316589,0.8956225514411926,0.4824090003967285,0.9388716220855713,0.6921465396881104,0.9318707585334778,0.04622635617852211,0.5329696536064148,0.4208039939403534,,,,,
gbert,Child support,339838728948,pre,0.6128147840499878,0.8852794766426086,0.8636664748191833,0.49578115344047546,0.8457363843917847,0.49877604842185974,0.5372669100761414,0.9950768351554871,0.7143039703369141,0.6561025977134705,0.6549603343009949,0.322052001953125,0.022987568750977516,,,,,
gbert,Child support,339838728948,post,0.35770100355148315,0.9192711710929871,0.6563097238540649,0.2764657735824585,0.6883880496025085,0.07970380783081055,0.13379214704036713,0.9984744191169739,0.6441633701324463,0.6296782493591309,0.42770034074783325,0.5419644117355347,0.030335351824760437,,,,,
gbert,Child support,339941464380,pre,0.6119160652160645,0.9271522760391235,0.6442832946777344,0.5882495641708374,0.9086847305297852,0.7623618245124817,0.27928128838539124,0.9843112230300903,0.45494353771209717,0.39356324076652527,0.357928603887558,0.6071510910987854,0.03492031991481781,,,,,
gbert,Child support,339941464380,post,0.7946369051933289,0.9039337038993835,0.6412315368652344,0.7766766548156738,0.866587221622467,0.8150185942649841,0.6382945775985718,0.8536993861198425,0.5684833526611328,0.7371378540992737,0.300607830286026,0.6388469338417053,0.06054513528943062,,,,,
gbert,Child support,339960888612,pre,0.8128666877746582,0.7318019270896912,0.6683200001716614,0.6986833214759827,0.48583748936653137,0.5966873168945312,0.4424798786640167,0.9774935245513916,0.7905266284942627,0.13670995831489563,0.3675044775009155,0.6166084408760071,0.015887025743722916,,,,,
gbert,Child support,339960888612,post,0.8231083750724792,0.792655885219574,0.5500831007957458,0.818769097328186,0.8467401266098022,0.7435834407806396,0.4158141314983368,0.4927072823047638,0.551829993724823,0.26216182112693787,0.07075235992670059,0.8848656415939331,0.04438198357820511,,,,,
gbert,Child support,340120874160,pre,0.8768465518951416,0.49503543972969055,0.8009518980979919,0.8607075810432434,0.043633460998535156,0.5348553657531738,0.5566697120666504,0.8956078886985779,0.2133886218070984,0.3831847608089447,0.8386712670326233,0.15527793765068054,0.006050764583051205,,,,,
gbert,Child support,340120874160,post,0.8299435973167419,0.8588429689407349,0.747427761554718,0.7564913630485535,0.7211289405822754,0.4071456491947174,0.3218282461166382,0.9951692223548889,0.9014409184455872,0.2129131257534027,0.6493756175041199,0.33964765071868896,0.010976692661643028,,,,,
gbert,Child support,340237222560,pre,0.6000214219093323,0.8803367018699646,0.2951739728450775,0.7596802115440369,0.7175805568695068,0.3002040684223175,0.16842548549175262,0.9977504014968872,0.09714736044406891,0.7687224745750427,0.114780493080616,0.6907488703727722,0.19447065889835358,,,,,
gbert,Child support,340237222560,post,0.45392054319381714,0.8948221206665039,0.23274192214012146,0.6388713717460632,0.6982271671295166,0.33011940121650696,0.42013832926750183,0.99516361951828,0.6132126450538635,0.6386414170265198,0.8712459206581116,0.12175163626670837,0.007002484984695911,,,,,
gbert,Child support,340243723296,post,0.5642789602279663,0.8082805275917053,0.7885168194770813,0.6069420576095581,0.8765701651573181,0.5605554580688477,0.19076207280158997,0.9098267555236816,0.8551415205001831,0.3534694015979767,0.32903486490249634,0.6469090580940247,0.024056093767285347,,,,,
gbert,Child support,340245912780,pre,0.7373135089874268,0.931816577911377,0.844808042049408,0.8973292112350464,0.8410490155220032,0.7724089622497559,0.4625498056411743,0.9883976578712463,0.9338815212249756,0.5628776550292969,0.5373370051383972,0.42824018001556396,0.03442276641726494,,,,,
gbert,Child support,340245912780,post,0.45305100083351135,0.9279616475105286,0.752199649810791,0.6521124243736267,0.9295856356620789,0.8864810466766357,0.4247523844242096,0.7001516819000244,0.6591848731040955,0.5359232425689697,0.02655545249581337,0.7416675686836243,0.23177701234817505,,,,,
gbert,Child support,340410140496,pre,0.8835905194282532,0.9036286473274231,0.6057771444320679,0.7943438291549683,0.9218399524688721,0.6926908493041992,0.4984336197376251,0.9729326367378235,0.9318482279777527,0.8552281856536865,0.6291469931602478,0.35353440046310425,0.01731863059103489,,,,,
gbert,Child support,340410140496,post,0.8452464938163757,0.8812369704246521,0.7395731210708618,0.8291625380516052,0.8972411155700684,0.8512172698974609,0.47595667839050293,0.9673787951469421,0.8860144019126892,0.8594318628311157,0.38682955503463745,0.4940471947193146,0.11912324279546738,,,,,
gbert,Child support,340552889928,pre,0.7615810036659241,0.9034521579742432,0.7517166137695312,0.6481050848960876,0.6502395272254944,0.3594326078891754,0.26296672224998474,0.9884328842163086,0.576046884059906,0.03773337975144386,0.7028923034667969,0.2861846089363098,0.01092302706092596,,,,,
gbert,Child support,340552889928,post,0.8261414170265198,0.8875853419303894,0.6612557172775269,0.678313672542572,0.9025142192840576,0.558851957321167,0.39071547985076904,0.8715528249740601,0.9191648960113525,0.24589431285858154,0.3217932879924774,0.6158034801483154,0.06240323930978775,,,,,
gbert,Child support,340634619720,pre,0.6273615956306458,0.16318252682685852,0.012244114652276039,0.24918992817401886,0.7752594947814941,0.7949053645133972,0.6532192230224609,0.5204929709434509,0.4825531840324402,0.0023753498680889606,0.06128586083650589,0.4475502669811249,0.49116387963294983,,,,,
gbert,Child support,340634619720,post,0.34393590688705444,0.37468478083610535,0.36178404092788696,0.35495004057884216,0.8689126968383789,0.6760397553443909,0.7594468593597412,0.7949191331863403,0.6025699973106384,0.7511244416236877,0.08363710343837738,0.5630385875701904,0.3533243238925934,,,,,
gbert,Child support,340635583476,pre,0.44244152307510376,0.8506276607513428,0.598061740398407,0.013812847435474396,0.7419590353965759,0.06376518309116364,0.0056931874714791775,0.942441999912262,0.8803229928016663,0.17557668685913086,0.5703495740890503,0.41886499524116516,0.010785386897623539,,,,,
gbert,Child support,340635583476,post,0.8101422190666199,0.8822535872459412,0.6793898940086365,0.6063128709793091,0.8055430054664612,0.05279541015625,0.005034283734858036,0.9922045469284058,0.7785519957542419,0.13302160799503326,0.5653454065322876,0.4212656617164612,0.01338889542967081,,,,,
gbert,Child support,340636960368,pre,0.8710274696350098,0.9217963218688965,0.7884973287582397,0.7676699757575989,0.6464841365814209,0.8737724423408508,0.7505977749824524,0.7483426332473755,0.5463534593582153,0.5182257890701294,0.8021110892295837,0.18965786695480347,0.008230987004935741,,,,,
gbert,Child support,340636960368,post,0.8684645891189575,0.8823401927947998,0.7775975465774536,0.8054922223091125,0.8446746468544006,0.8053145408630371,0.7891682982444763,0.7589380145072937,0.6439295411109924,0.1634637415409088,0.8492311835289001,0.14446868002414703,0.006300141103565693,,,,,
gbert,Child support,340639446708,pre,0.8122063875198364,0.9309917688369751,0.8755637407302856,0.7845225930213928,0.6868736743927002,0.14409731328487396,0.11610224843025208,0.9985891580581665,0.5735585689544678,0.02439645491540432,0.4835083782672882,0.4377501606941223,0.07874149829149246,,,,,
gbert,Child support,340639446708,post,0.8792123198509216,0.8524665832519531,0.7224587798118591,0.6698543429374695,0.7127367258071899,0.6351650953292847,0.6394808292388916,0.5011576414108276,0.5440465807914734,0.17800280451774597,0.836694061756134,0.15694130957126617,0.0063645802438259125,,,,,
gbert,Child support,340640571888,post,0.8057056069374084,0.8672407865524292,0.8060469031333923,0.6956374049186707,0.27507418394088745,0.8453260660171509,0.7921945452690125,0.847731351852417,0.7422146201133728,0.3318231701850891,0.4791621267795563,0.5010772943496704,0.019760601222515106,,,,,
gbert,Child support,340640868744,pre,0.8041317462921143,0.862743616104126,0.7176859974861145,0.7325603365898132,0.11485166102647781,0.3007766306400299,0.08739755302667618,0.9903778433799744,0.7782568335533142,0.004621202126145363,0.6656850576400757,0.31650102138519287,0.017813939601182938,,,,,
gbert,Child support,340640868744,post,0.7734419107437134,0.8674263954162598,0.7167428731918335,0.6758658289909363,0.2914673089981079,0.26300063729286194,0.1770109087228775,0.9941266775131226,0.7077133655548096,0.09486181288957596,0.40933793783187866,0.5710042715072632,0.019657718017697334,,,,,
gbert,Child support,340641527436,pre,0.5497869253158569,0.910483717918396,0.7880163192749023,0.46657902002334595,0.8175692558288574,0.4294224679470062,0.07154281437397003,0.9923033714294434,0.8259209394454956,0.6324074268341064,0.5231104493141174,0.46436750888824463,0.012522028759121895,,,,,
gbert,Child support,340641527436,post,0.7743228673934937,0.8919535875320435,0.49506106972694397,0.6912603974342346,0.829055666923523,0.6335917115211487,0.17101864516735077,0.917669951915741,0.774853527545929,0.2599703073501587,0.5099959969520569,0.4788304567337036,0.011173506267368793,,,,,
gbert,Child support,340641934416,post,0.9126287698745728,0.8561857342720032,0.8163614869117737,0.7991113066673279,0.7045630216598511,0.7029892802238464,0.7245849370956421,0.4864943027496338,0.672099769115448,0.04415462911128998,0.68016517162323,0.3049132227897644,0.014921660535037518,,,,,
gbert,Child support,340642271628,pre,0.8475317358970642,0.8454078435897827,0.677405059337616,0.6084273457527161,0.05125647038221359,0.4159836173057556,0.18773995339870453,0.790749192237854,0.919992983341217,0.0865975171327591,0.6850290894508362,0.30449122190475464,0.010479658842086792,,,,,
gbert,Child support,340642271628,post,0.9185850620269775,0.8420097231864929,0.7037522196769714,0.8145245909690857,0.7699050903320312,0.6804570555686951,0.5468138456344604,0.9954805970191956,0.4823651611804962,0.4972468316555023,0.31455475091934204,0.5126906633377075,0.17275454103946686,,,,,
gbert,Child support,340642298304,pre,0.570319652557373,0.8164341449737549,0.4330204427242279,0.6880281567573547,0.8213072419166565,0.4797680675983429,0.6296257972717285,0.9702576398849487,0.8140969276428223,0.018747268244624138,0.16099300980567932,0.6603900194168091,0.1786169707775116,,,,,
gbert,Child support,340642298304,post,0.3537164330482483,0.8918030261993408,0.6050090789794922,0.9198209643363953,0.949294924736023,0.5296611189842224,0.8633527755737305,0.4242534637451172,0.5676081776618958,0.1009613424539566,0.022312304005026817,0.934269368648529,0.04341829940676689,,,,,
gbert,Child support,340642943316,post,0.44740206003189087,0.899348795413971,0.7370695471763611,0.6974138021469116,0.8848139643669128,0.8569988012313843,0.3478299081325531,0.8351553082466125,0.7226139903068542,0.7165517210960388,0.23573364317417145,0.6076774001121521,0.15658894181251526,,,,,
gbert,Child support,340643476152,pre,0.5303078889846802,0.7592676281929016,0.6792978048324585,0.6820309162139893,0.7621942162513733,0.47931069135665894,0.527886688709259,0.2003410905599594,0.2973661422729492,0.13128764927387238,0.36871522665023804,0.5913529396057129,0.03993189334869385,,,,,
gbert,Child support,340643476152,post,0.8731924891471863,0.9320940971374512,0.6500686407089233,0.7511847615242004,0.8431198000907898,0.09955687075853348,0.46039262413978577,0.9970598220825195,0.9108529090881348,0.3449189364910126,0.8082205653190613,0.18565164506435394,0.006127786822617054,,,,,
gbert,Child support,340644762756,pre,0.858694851398468,0.7555956840515137,0.4133351743221283,0.16229702532291412,0.8274816870689392,0.34717223048210144,0.2146943062543869,0.9975109696388245,0.745461642742157,0.08971726149320602,0.682712197303772,0.3060150146484375,0.011272808536887169,,,,,
gbert,Child support,340644762756,post,0.7121233940124512,0.8675931692123413,0.6164803504943848,0.5778290629386902,0.2922104597091675,0.06322083622217178,0.07797783613204956,0.9958478212356567,0.7793338894844055,0.1900823563337326,0.6074718832969666,0.37954941391944885,0.012978645041584969,,,,,
gbert,Child support,340645688892,pre,0.6066018342971802,0.9047459959983826,0.528866708278656,0.6733668446540833,0.7414772510528564,0.34917330741882324,0.17191748321056366,0.9852266311645508,0.6835285425186157,0.5119785070419312,0.6332076191902161,0.3532922863960266,0.013500122353434563,,,,,
gbert,Child support,340645688892,post,0.39278674125671387,0.8834656476974487,0.6410969495773315,0.6505154371261597,0.4928494691848755,0.4016944169998169,0.48216235637664795,0.9868748188018799,0.8442529439926147,0.4279142916202545,0.48003894090652466,0.5074922442436218,0.012468765489757061,,,,,
gbert,Child support,340646807916,pre,0.6010331511497498,0.7346572279930115,0.7372738718986511,0.42250460386276245,0.872424840927124,0.5087876319885254,0.2574288845062256,0.967621922492981,0.781467616558075,0.20605243742465973,0.3295150399208069,0.4398201107978821,0.23066484928131104,,,,,
gbert,Child support,340646807916,post,0.4111410081386566,0.858299195766449,0.48416319489479065,0.5935652852058411,0.17366543412208557,0.4798199534416199,0.8303113579750061,0.9733526110649109,0.8628326654434204,0.06011265143752098,0.5678491592407227,0.4081263542175293,0.02402442879974842,,,,,
gbert,Cannabis,273746614716,pre,0.6228796243667603,0.8736413717269897,0.5385825634002686,0.5579841732978821,0.7748219966888428,,,,,,0.2590488791465759,0.5237868428230286,0.2171643078327179,0.8433096408843994,0.7313123941421509,0.6621608734130859,0.21732144057750702,0.052647653967142105
gbert,Cannabis,273746614716,post,0.7851505875587463,0.8375574350357056,0.5014220476150513,0.5878657698631287,0.8136864304542542,,,,,,0.16713179647922516,0.46733808517456055,0.3655300736427307,0.8069398999214172,0.8887205719947815,0.8251562118530273,0.39465388655662537,0.2151973992586136
gbert,Cannabis,273971922264,pre,0.861349880695343,0.8717798590660095,0.693454384803772,0.7353326082229614,0.9490955471992493,,,,,,0.05211704224348068,0.8141955137252808,0.13368742167949677,0.49488094449043274,0.1325695514678955,0.6075320243835449,0.437803715467453,0.24936683475971222
gbert,Cannabis,273984233580,pre,0.32249870896339417,0.0032618572004139423,0.4114110767841339,0.49246159195899963,0.05572038143873215,,,,,,0.12685026228427887,0.7763594388961792,0.09679030627012253,0.7688760757446289,0.32516270875930786,0.4626072645187378,0.1649245172739029,0.5658060908317566
gbert,Cannabis,273984233580,post,0.5152674317359924,0.012493071146309376,0.4560624957084656,0.5464693307876587,0.07764028012752533,,,,,,0.061069171875715256,0.8170172572135925,0.12191364169120789,0.41432029008865356,0.18952670693397522,0.47300636768341064,0.21310079097747803,0.521528959274292
gbert,Cannabis,274115558160,pre,0.8948342204093933,0.8856263160705566,0.7032625675201416,0.8627102375030518,0.8254501819610596,,,,,,0.5550616383552551,0.39978113770484924,0.045157261192798615,0.7444491386413574,0.7672815322875977,0.29729163646698,0.3423326313495636,0.7093349695205688
gbert,Cannabis,274115558160,post,0.8361198306083679,0.7728421092033386,0.6555621027946472,0.5704664587974548,0.02088240347802639,,,,,,0.4269658625125885,0.5358607172966003,0.037173379212617874,0.6830856800079346,0.36199238896369934,0.2876763641834259,0.005354631692171097,0.8697731494903564
gbert,Cannabis,274131498096,post,0.7611380815505981,0.9060969352722168,0.5579854846000671,0.7281522154808044,0.9103720784187317,,,,,,0.08716898411512375,0.5598517656326294,0.35297927260398865,0.47338470816612244,0.40620508790016174,0.7707371115684509,0.3867996633052826,0.27617159485816956
gbert,Cannabis,274350928032,post,0.7906308770179749,0.8638187646865845,0.5010657906532288,0.6329535841941833,0.7378636598587036,,,,,,0.5537675023078918,0.4162224233150482,0.03001006320118904,0.7957154512405396,0.8245593309402466,0.7384063005447388,0.19418975710868835,0.0014595596585422754
gbert,Cannabis,274430404728,pre,0.6936712861061096,0.885731041431427,0.6980568766593933,0.8202102780342102,0.8632144331932068,,,,,,0.2690497636795044,0.6419483423233032,0.08900190889835358,0.8770700693130493,0.2283070981502533,0.7752470374107361,0.07634488493204117,0.012152065522968769
gbert,Cannabis,274430404728,post,0.7733083963394165,0.8873641490936279,0.6576433181762695,0.8407486081123352,0.8518477082252502,,,,,,0.061181649565696716,0.5225809812545776,0.41623741388320923,0.8530504703521729,0.33829861879348755,0.7984314560890198,0.430982768535614,0.48524248600006104
gbert,Cannabis,274502024316,pre,0.09317942708730698,0.694295346736908,0.6862475275993347,0.6672611236572266,0.8765450716018677,,,,,,0.22836999595165253,0.339076429605484,0.4325535297393799,0.42918527126312256,0.8590007424354553,0.7072312831878662,0.40021008253097534,0.936457633972168
gbert,Cannabis,274502024316,post,0.08246228098869324,0.8997377753257751,0.7731399536132812,0.3866375982761383,0.8622410893440247,,,,,,0.23755194246768951,0.4571949541568756,0.3052530884742737,0.09954186528921127,0.9291496276855469,0.5450484752655029,0.688266396522522,0.9910277724266052
gbert,Cannabis,274518574380,pre,0.8946365118026733,0.9007973074913025,0.7971457242965698,0.6466692090034485,0.8649327754974365,,,,,,0.5228379368782043,0.3010388910770416,0.17612320184707642,0.889901340007782,0.8444620370864868,0.8128235340118408,0.3113020062446594,0.1275612711906433
gbert,Cannabis,274518574380,post,0.7541133761405945,0.8679828643798828,0.8126797080039978,0.6841626167297363,0.953796923160553,,,,,,0.3674209713935852,0.4775075614452362,0.1550714373588562,0.9589407444000244,0.6996600031852722,0.7680652141571045,0.32749930024147034,0.052379053086042404
gbert,Cannabis,274526852832,pre,0.8216079473495483,0.9507176876068115,0.8813952207565308,0.8360090851783752,0.9468297958374023,,,,,,0.06706065684556961,0.5822592973709106,0.35068005323410034,0.7645246982574463,0.3853483498096466,0.7212463617324829,0.5254340171813965,0.01620468497276306
gbert,Cannabis,274526852832,post,0.8452218174934387,0.9597780108451843,0.7967585325241089,0.7954992055892944,0.9334631562232971,,,,,,0.25485217571258545,0.5502477884292603,0.1949000507593155,0.6513506770133972,0.37397029995918274,0.6558002829551697,0.7187779545783997,0.7994804382324219
gbert,Cannabis,274533484212,pre,0.7421452403068542,0.8798269629478455,0.86928790807724,0.7477789521217346,0.9712013602256775,,,,,,0.05578085780143738,0.6712316870689392,0.27298739552497864,0.5395249128341675,0.28787684440612793,0.6459647417068481,0.3621237576007843,0.2933480739593506
gbert,Cannabis,274533484212,post,0.5741177797317505,0.9163447022438049,0.8562100529670715,0.8215515613555908,0.9322527050971985,,,,,,0.08415864408016205,0.6216678619384766,0.2941734790802002,0.27397191524505615,0.4192959666252136,0.8895257711410522,0.7704223394393921,0.28293997049331665
gbert,Cannabis,274596068844,pre,0.0005436170613393188,0.20738856494426727,0.5883386731147766,0.4466828405857086,0.11270993202924728,,,,,,0.7293901443481445,0.2556443214416504,0.014965517446398735,0.03661377355456352,0.503488302230835,0.3402019143104553,0.16682352125644684,0.9841627478599548
gbert,Cannabis,274596068844,post,0.8545799255371094,0.6504918932914734,0.6964290142059326,0.7112354040145874,0.7109119892120361,,,,,,0.7393207550048828,0.2429770678281784,0.017702195793390274,0.4768342971801758,0.3627000153064728,0.5839223265647888,0.4187934696674347,0.6407637000083923
gbert,Cannabis,274654142496,pre,0.0017989259213209152,0.8454444408416748,0.7345675826072693,0.32985159754753113,0.27325892448425293,,,,,,0.6516228914260864,0.33046525716781616,0.017911864444613457,0.0018957783468067646,0.596691370010376,0.2773364782333374,0.0005330302519723773,0.995287299156189
gbert,Cannabis,274654142496,post,0.000705433776602149,0.32654720544815063,0.6328819394111633,0.6190658807754517,0.3141145408153534,,,,,,0.432698518037796,0.5247299075126648,0.04257162660360336,0.019356580451130867,0.3112209439277649,0.332750529050827,0.21493783593177795,0.9948473572731018
gbert,Cannabis,274671650160,post,0.6812942624092102,0.8819833993911743,0.7568178772926331,0.6225553750991821,0.41596734523773193,,,,,,0.807683527469635,0.18268148601055145,0.009635004214942455,0.6488088965415955,0.39276355504989624,0.6565953493118286,0.29323092103004456,0.5567528009414673
gbert,Cannabis,274758455232,pre,0.4064258933067322,0.886690080165863,0.5972350835800171,0.5557752847671509,0.9105525016784668,,,,,,0.7796656489372253,0.20697446167469025,0.013359918259084225,0.7599267363548279,0.8263168334960938,0.8153089880943298,0.3378288745880127,0.9332380294799805
gbert,Cannabis,274758455232,post,0.8018067479133606,0.8940648436546326,0.6776062846183777,0.4731172025203705,0.9616956114768982,,,,,,0.6147112250328064,0.3714328110218048,0.013855946250259876,0.9811111688613892,0.8455327749252319,0.24172371625900269,0.4032594561576843,0.004720721393823624
gbert,Cannabis,274880751012,pre,0.3755455017089844,0.7688589096069336,0.5253379940986633,0.038123052567243576,0.36114761233329773,,,,,,0.8032937049865723,0.18104232847690582,0.015663987025618553,0.18140828609466553,0.1556612253189087,0.13622383773326874,0.0015074152033776045,0.2753382921218872
gbert,Cannabis,274880751012,post,0.8793606162071228,0.8828305006027222,0.7775513529777527,0.6411428451538086,0.7880960702896118,,,,,,0.6371627449989319,0.35104823112487793,0.011789076030254364,0.8357678055763245,0.12398943305015564,0.48089760541915894,0.03747191280126572,0.8126049637794495
gbert,Cannabis,275780146716,pre,0.8993813395500183,0.9300675392150879,0.7534235715866089,0.7095108032226562,0.8395500183105469,,,,,,0.7668097019195557,0.22132402658462524,0.011866237968206406,0.7289620637893677,0.4256146252155304,0.6250250935554504,0.20303994417190552,0.6942644119262695
gbert,Cannabis,275780146716,post,0.8621515035629272,0.9119982719421387,0.7780380845069885,0.6620379090309143,0.8516619205474854,,,,,,0.43251851201057434,0.5460635423660278,0.021417925134301186,0.7567092776298523,0.8222185969352722,0.5820242762565613,0.009337671101093292,0.9053044319152832
gbert,Cannabis,275794438896,pre,0.7152889370918274,0.8921365141868591,0.5322151184082031,0.5478872060775757,0.8126294612884521,,,,,,0.5620518922805786,0.39203953742980957,0.045908574014902115,0.7458323836326599,0.151002436876297,0.5681900978088379,0.26101112365722656,0.006965095177292824
gbert,Cannabis,275794438896,post,0.4791928827762604,0.8336226940155029,0.6489250063896179,0.6492172479629517,0.7648164629936218,,,,,,0.35482725501060486,0.5181813836097717,0.1269913762807846,0.6010420322418213,0.0009015038376674056,0.8329458236694336,0.000875367724802345,0.012760169804096222
gbert,Cannabis,275853123360,pre,0.7616668343544006,0.8690844178199768,0.7596979141235352,0.6095073223114014,0.8639844655990601,,,,,,0.07582394778728485,0.6794637441635132,0.24471227824687958,0.6681045889854431,0.3001212179660797,0.4770679175853729,0.4371609091758728,0.019545244053006172
gbert,Cannabis,275910784560,pre,0.869901180267334,0.8281155824661255,0.7517102360725403,0.8069710731506348,0.9165828227996826,,,,,,0.13073337078094482,0.62209552526474,0.2471710592508316,0.49620571732521057,0.2609533369541168,0.6992577314376831,0.5545777678489685,0.5481071472167969
gbert,Cannabis,275910784560,post,0.8809671998023987,0.9041220545768738,0.5975721478462219,0.6029689908027649,0.9737592339515686,,,,,,0.009025009348988533,0.27111637592315674,0.7198585867881775,0.41078492999076843,0.20132069289684296,0.6270461678504944,0.3548920452594757,0.5588306188583374
gbert,Cannabis,276126931980,pre,0.21512185037136078,0.7759937644004822,0.6726952791213989,0.5149436593055725,0.9000877737998962,,,,,,0.36578235030174255,0.3634503185749054,0.2707672715187073,0.34448620676994324,0.5203215479850769,0.8115507960319519,0.022848226130008698,0.07571578770875931
gbert,Cannabis,276126931980,post,0.6746224164962769,0.03533079847693443,0.574443519115448,0.26589497923851013,0.8976099491119385,,,,,,0.010180638171732426,0.1130656972527504,0.8767536282539368,0.6879967451095581,0.4324677586555481,0.19239331781864166,0.11974567919969559,0.025217238813638687
gbert,Cannabis,276150871980,pre,0.8146952986717224,0.8475423455238342,0.7615533471107483,0.7742550373077393,0.9493458867073059,,,,,,0.031552527099847794,0.3350997269153595,0.6333476901054382,0.8694576025009155,0.5090622901916504,0.6964748501777649,0.5228756666183472,0.7947211861610413
gbert,Cannabis,276150871980,post,0.6853812336921692,0.7796582579612732,0.7813145518302917,0.7447788715362549,0.6441627144813538,,,,,,0.3218327462673187,0.4660080671310425,0.21215912699699402,0.9071586728096008,0.4420371949672699,0.620057225227356,0.6105316877365112,0.39478275179862976
gbert,Cannabis,276190955064,pre,0.8348511457443237,0.9388074278831482,0.80840665102005,0.7455785870552063,0.9821227788925171,,,,,,0.013749511912465096,0.19233213365077972,0.7939184308052063,0.7601884007453918,0.7724314332008362,0.7727694511413574,0.505516767501831,0.6620412468910217
gbert,Cannabis,276190955064,post,0.44759851694107056,0.9388940334320068,0.6813220977783203,0.5152950882911682,0.9570126533508301,,,,,,0.011169124394655228,0.08613517135381699,0.9026956558227539,0.4128555953502655,0.6035606265068054,0.7760599255561829,0.22198455035686493,0.7011982202529907
gbert,Cannabis,276272487864,pre,0.8893162608146667,0.8986145853996277,0.7420440912246704,0.6705440878868103,0.8738633990287781,,,,,,0.40301600098609924,0.477287232875824,0.1196967214345932,0.758955717086792,0.5453311204910278,0.7058297991752625,0.21203908324241638,0.34147021174430847
gbert,Cannabis,276272487864,post,0.8830382227897644,0.9074527621269226,0.7227151393890381,0.6702665090560913,0.8798012733459473,,,,,,0.3593732416629791,0.5121139883995056,0.12851276993751526,0.8071928024291992,0.6058197617530823,0.7454772591590881,0.28032681345939636,0.1436021327972412
gbert,Cannabis,276479328780,pre,0.5019190907478333,0.9078935384750366,0.3936680257320404,0.45105963945388794,0.864561915397644,,,,,,0.39364486932754517,0.5800914764404297,0.026263652369379997,0.9093954563140869,0.7595300674438477,0.8613063097000122,0.0941244587302208,0.2927112579345703
gbert,Cannabis,276479328780,post,0.47409167885780334,0.9027585387229919,0.5320855975151062,0.6881120800971985,0.9036002159118652,,,,,,0.07932641357183456,0.5087329149246216,0.41194069385528564,0.5175512433052063,0.7400727868080139,0.5101113319396973,0.6755926012992859,0.03314958140254021
gbert,Cannabis,276821393760,pre,0.35727113485336304,0.8234907984733582,0.4697733223438263,0.5718768835067749,0.7951116561889648,,,,,,0.22410941123962402,0.6726000905036926,0.10329048335552216,0.6409143805503845,0.2710764706134796,0.8264071345329285,0.0010809395462274551,0.4715624749660492
gbert,Cannabis,276821393760,post,0.3534831404685974,0.8783876895904541,0.6533626317977905,0.8029283285140991,0.6048327088356018,,,,,,0.5908029675483704,0.3910912275314331,0.018105803057551384,0.7243876457214355,0.1969102919101715,0.9055560827255249,0.0008115286473184824,0.338395893573761
gbert,Cannabis,277769624328,pre,0.48105478286743164,0.7725954055786133,0.4897334575653076,0.6799964308738708,0.7504779696464539,,,,,,0.8266721963882446,0.1621028482913971,0.011224893853068352,0.6399742364883423,0.91227126121521,0.933964192867279,0.21337799727916718,0.5869624018669128
gbert,Cannabis,277769624328,post,0.44045236706733704,0.8596987724304199,0.7105774879455566,0.8574970364570618,0.8982754945755005,,,,,,0.8685346841812134,0.12290116399526596,0.008564126677811146,0.7346465587615967,0.9379503726959229,0.8984127640724182,0.3717137277126312,0.17214129865169525
gbert,Cannabis,277781255748,pre,0.5562323331832886,0.9303075075149536,0.5447526574134827,0.7976517081260681,0.8125942945480347,,,,,,0.6829280853271484,0.30503416061401367,0.012037795037031174,0.47255638241767883,0.025541067123413086,0.4123188257217407,0.0009889340726658702,0.9395030736923218
gbert,Cannabis,277781255748,post,0.5582099556922913,0.9076064229011536,0.438931941986084,0.13636912405490875,0.8224025964736938,,,,,,0.8082036375999451,0.18280385434627533,0.008992534130811691,0.7622591257095337,0.16809722781181335,0.12740947306156158,0.030946973711252213,0.5236607789993286
gbert,Cannabis,277792883064,pre,0.4450581967830658,0.8717567324638367,0.44466549158096313,0.669535756111145,0.911563515663147,,,,,,0.28482645750045776,0.5261470079421997,0.1890265792608261,0.4447491466999054,0.4484102129936218,0.9130839109420776,0.13833656907081604,0.22795478999614716
gbert,Cannabis,277792883064,post,0.8699212074279785,0.8334768414497375,0.7421448230743408,0.7608974575996399,0.0426558293402195,,,,,,0.80756014585495,0.15835420787334442,0.03408566489815712,0.7122982740402222,0.46029922366142273,0.4653543531894684,0.22190628945827484,0.9200952053070068
gbert,Cannabis,277824618612,pre,0.8638166189193726,0.7259851694107056,0.6659321784973145,0.7148070335388184,0.8479830026626587,,,,,,0.43298277258872986,0.5449466705322266,0.022070525214076042,0.7654250264167786,0.1484130173921585,0.6122482419013977,0.12933805584907532,0.3556744158267975
gbert,Cannabis,277824618612,post,0.7007667422294617,0.7855562567710876,0.6044746041297913,0.7279055118560791,0.09937676787376404,,,,,,0.5202360153198242,0.46207407116889954,0.017689919099211693,0.8144198060035706,0.0012498256983235478,0.5914222002029419,0.0006179725169204175,0.3046485483646393
gbert,Cannabis,277871473980,post,0.00749113317579031,0.5406723618507385,0.4481668770313263,0.5941555500030518,0.5920068621635437,,,,,,0.8405689001083374,0.1459522396326065,0.013478866778314114,0.9618082046508789,0.9221078157424927,0.5097148418426514,0.004237601067870855,0.928257942199707
gbert,Cannabis,277948352160,pre,0.7295107245445251,0.82121342420578,0.7017464637756348,0.7271314263343811,0.80243980884552,,,,,,0.49772968888282776,0.4882667362689972,0.014003555290400982,0.6469594240188599,0.5347937345504761,0.5749951004981995,0.016432611271739006,0.21206200122833252
gbert,Cannabis,277948352160,post,0.3279583156108856,0.7369441390037537,0.6679387092590332,0.544870913028717,0.3013904392719269,,,,,,0.7156522870063782,0.26052966713905334,0.023818103596568108,0.5693176984786987,0.1581880748271942,0.8179460763931274,0.2211042046546936,0.026698008179664612
gbert,Cannabis,277955127180,pre,0.7183910608291626,0.91484135389328,0.7414232492446899,0.6725767254829407,0.8404378890991211,,,,,,0.040581114590168,0.34706705808639526,0.6123517751693726,0.31331127882003784,0.2657979428768158,0.8532266616821289,0.08774623274803162,0.49983978271484375
gbert,Cannabis,277955127180,post,0.8047606348991394,0.8778484463691711,0.7908498048782349,0.7769666314125061,0.8935223817825317,,,,,,0.13393943011760712,0.7660159468650818,0.1000446304678917,0.5621967315673828,0.22590409219264984,0.6561388373374939,0.26393115520477295,0.5011246800422668
gbert,Cannabis,277957794096,pre,0.6401550769805908,0.8409662246704102,0.4876559376716614,0.6016762256622314,0.7334963083267212,,,,,,0.44704291224479675,0.5306264758110046,0.022330638021230698,0.5749403834342957,0.47582417726516724,0.6788555383682251,0.0675581768155098,0.7520632147789001
gbert,Cannabis,277957794096,post,0.7452746033668518,0.8850646018981934,0.3894293010234833,0.5840136408805847,0.5056754350662231,,,,,,0.6754016876220703,0.3130519986152649,0.011546341702342033,0.2556007206439972,0.004675725009292364,0.5441427230834961,0.002929881913587451,0.8665515780448914
gbert,Cannabis,277967714148,pre,0.11610084027051926,0.5835084319114685,0.37058398127555847,0.42501160502433777,0.003239627694711089,,,,,,0.3274836838245392,0.6500604748725891,0.0224558524787426,0.765155017375946,0.00048512054490856826,0.0095371063798666,0.0006138634635135531,0.031068066135048866
gbert,Cannabis,277967714148,post,0.7061082124710083,0.832650899887085,0.830497145652771,0.6557879447937012,0.8013229370117188,,,,,,0.6587133407592773,0.3315941393375397,0.009692484512925148,0.6545975804328918,0.0025827179197221994,0.27302131056785583,0.0014164925087243319,0.8943019509315491
gbert,Cannabis,278016416316,pre,0.7256672978401184,0.9028085470199585,0.6741766929626465,0.8213480114936829,0.887187123298645,,,,,,0.2154235541820526,0.43517038226127625,0.34940603375434875,0.7332139611244202,0.758697509765625,0.8859251141548157,0.6587579846382141,0.06718147546052933
gbert,Cannabis,278016416316,post,0.5922632813453674,0.877342700958252,0.7203961610794067,0.35999131202697754,0.8046905994415283,,,,,,0.3284497559070587,0.5209243297576904,0.15062591433525085,0.7078577876091003,0.2114950269460678,0.8287321925163269,0.41120484471321106,0.7334393858909607
gbert,Cannabis,278052255864,pre,0.7587370276451111,0.7817988991737366,0.8744266033172607,0.6744705438613892,0.20857924222946167,,,,,,0.6537447571754456,0.33367326855659485,0.012582002207636833,0.8588986396789551,0.5788382291793823,0.4924960434436798,0.00048559988499619067,0.035097215324640274
gbert,Cannabis,278052255864,post,0.8016833662986755,0.8422698378562927,0.7864423394203186,0.5798088312149048,0.637353777885437,,,,,,0.45073196291923523,0.5171327590942383,0.03213529288768768,0.8866319060325623,0.44614747166633606,0.3006170988082886,0.17797891795635223,0.23827125132083893
gbert,Cannabis,278064084960,pre,0.43938952684402466,0.8930692672729492,0.5529372692108154,0.6120134592056274,0.9615384340286255,,,,,,0.0440908744931221,0.15170776844024658,0.8042014241218567,0.32768917083740234,0.48328644037246704,0.6850858330726624,0.20578114688396454,0.22305458784103394
gbert,Cannabis,278064084960,post,0.48932504653930664,0.8903923630714417,0.6505382657051086,0.6423095464706421,0.9202024936676025,,,,,,0.08775687962770462,0.0848093181848526,0.8274338245391846,0.3613131046295166,0.24769453704357147,0.7396833896636963,0.29138559103012085,0.022655364125967026
gbert,Cannabis,278079206148,pre,0.887345552444458,0.9152352213859558,0.8002769351005554,0.7651790976524353,0.802381694316864,,,,,,0.1268310397863388,0.7424423098564148,0.1307266503572464,0.6333349347114563,0.4000888466835022,0.6272225379943848,0.10454153269529343,0.452333927154541
gbert,Cannabis,278079206148,post,0.7255155444145203,0.816702127456665,0.7022994160652161,0.7561401128768921,0.017393939197063446,,,,,,0.7574425935745239,0.2236630618572235,0.018894361332058907,0.7515274286270142,0.3457775115966797,0.47122541069984436,0.44466665387153625,0.834202229976654
gbert,Cannabis,278168810148,pre,0.6608197093009949,0.8891680240631104,0.5567174553871155,0.7129712700843811,0.7255960702896118,,,,,,0.3924609124660492,0.5809786319732666,0.02656046859920025,0.3643854558467865,0.5636146068572998,0.18110238015651703,0.5330131649971008,0.6222777962684631
gbert,Cannabis,278168810148,post,0.34911829233169556,0.8825548887252808,0.5469850301742554,0.5864805579185486,0.8537449240684509,,,,,,0.7198388576507568,0.26773300766944885,0.012428099289536476,0.44634950160980225,0.3500422239303589,0.8651971220970154,0.5216235518455505,0.08555340021848679
gbert,Cannabis,278241382548,pre,0.8006025552749634,0.877203106880188,0.7644262909889221,0.8990966081619263,0.8887006044387817,,,,,,0.5012258887290955,0.4414529502391815,0.057321153581142426,0.7812422513961792,0.40715426206588745,0.7001808285713196,0.6111963391304016,0.8735392093658447
gbert,Cannabis,278441178948,pre,0.3397863805294037,0.8167732357978821,0.5388625264167786,0.7755486965179443,0.9453629851341248,,,,,,0.03572884574532509,0.46170321106910706,0.5025678873062134,0.3422291576862335,0.34667518734931946,0.7771543860435486,0.1171281486749649,0.3586575388908386
gbert,Cannabis,278441178948,post,0.29053589701652527,0.5416383743286133,0.5842224955558777,0.7580156326293945,0.9346574544906616,,,,,,0.10136153548955917,0.6351684927940369,0.26346996426582336,0.21019500494003296,0.12897486984729767,0.8492473363876343,0.0979020968079567,0.2621532678604126
gbert,Cannabis,278572228560,pre,0.4370180368423462,0.8714281916618347,0.6253902912139893,0.33909109234809875,0.872698962688446,,,,,,0.6565389633178711,0.3310953974723816,0.012365593574941158,0.8029772043228149,0.7962660193443298,0.31754451990127563,0.029972795397043228,0.8178624510765076
gbert,Cannabis,278572228560,post,0.7321711778640747,0.8165149092674255,0.6882354021072388,0.7435861825942993,0.8491859436035156,,,,,,0.22894063591957092,0.5918710827827454,0.1791883111000061,0.8045903444290161,0.8917855620384216,0.5788312554359436,0.2824760973453522,0.48598894476890564
gbert,Cannabis,278622229644,pre,0.7977492809295654,0.8383182883262634,0.5712438821792603,0.8505982756614685,0.8129003047943115,,,,,,0.6247169375419617,0.25535503029823303,0.1199280396103859,0.6450635194778442,0.5444380044937134,0.4137301445007324,0.7925075888633728,0.573585033416748
gbert,Cannabis,278622229644,post,0.8937323689460754,0.8752733469009399,0.6767744421958923,0.8140720725059509,0.828575849533081,,,,,,0.6642813086509705,0.3128417730331421,0.022876929491758347,0.8617100715637207,0.7751420736312866,0.5155106782913208,0.5257844924926758,0.1942899376153946
gbert,Cannabis,278633794032,pre,0.584391176700592,0.9373591542243958,0.769641101360321,0.8230593204498291,0.9624532461166382,,,,,,0.007939201779663563,0.22225028276443481,0.7698105573654175,0.4411547780036926,0.5294747352600098,0.6539856791496277,0.26161304116249084,0.45946478843688965
gbert,Cannabis,278633794032,post,0.5014488101005554,0.8210529685020447,0.47798341512680054,0.42009347677230835,0.7840647101402283,,,,,,0.42190656065940857,0.27717211842536926,0.30092138051986694,0.8664736151695251,0.8568387627601624,0.7082023024559021,0.35553932189941406,0.0006311220931820571
gbert,Cannabis,278659579464,post,0.49158358573913574,0.8721933364868164,0.7007865309715271,0.8308488726615906,0.015045229345560074,,,,,,0.6963849067687988,0.28933843970298767,0.014276635833084583,0.6387221217155457,0.6003683805465698,0.30069467425346375,0.0007524076499976218,0.9051657915115356
gbert,Cannabis,278872026444,pre,0.44361603260040283,0.6851052641868591,0.3985667824745178,0.34146708250045776,0.742396891117096,,,,,,0.5366135239601135,0.446999192237854,0.01638723909854889,0.4975966513156891,0.4512714445590973,0.48760542273521423,0.0045013949275016785,0.8485791683197021
gbert,Cannabis,278872026444,post,0.22272734344005585,0.34327444434165955,0.6112922430038452,0.5401179194450378,0.6026623249053955,,,,,,0.7031176686286926,0.27230304479599,0.02457929588854313,0.28404074907302856,0.9172888398170471,0.7368022799491882,0.016810214146971703,0.7548250555992126
gbert,Cannabis,278911290096,pre,0.5422981977462769,0.8415877819061279,0.4238133132457733,0.6422672867774963,0.9035941958427429,,,,,,0.30386582016944885,0.6770903468132019,0.019043827429413795,0.9302197694778442,0.5883878469467163,0.7537190914154053,0.7013437747955322,0.7880541086196899
gbert,Cannabis,278911290096,post,0.7664883136749268,0.9136903285980225,0.5844222903251648,0.7448431253433228,0.9220513701438904,,,,,,0.11526089906692505,0.8781371116638184,0.006602004636079073,0.6105689406394958,0.5259772539138794,0.2519518733024597,0.009550515562295914,0.05677497759461403
gbert,Cannabis,279013821696,pre,0.7762826681137085,0.7053346633911133,0.7649721503257751,0.7261384129524231,0.5628132820129395,,,,,,0.5048154592514038,0.4407555162906647,0.054429057985544205,0.6646899580955505,0.7328565120697021,0.6689921617507935,0.3083362877368927,0.9012514352798462
gbert,Cannabis,279013821696,post,0.8539857864379883,0.9300670027732849,0.48368510603904724,0.630378782749176,0.9146720170974731,,,,,,0.11300277709960938,0.5965926051139832,0.29040461778640747,0.46972671151161194,0.9147534370422363,0.7309214472770691,0.5574913620948792,0.0021316322963684797
gbert,Cannabis,280442421360,pre,0.5233239531517029,0.8581296801567078,0.32558074593544006,0.7666033506393433,0.3324925899505615,,,,,,0.4610576629638672,0.5155290365219116,0.023413293063640594,0.6400620341300964,0.6761109232902527,0.7537259459495544,0.2415345460176468,0.6465117931365967
gbert,Cannabis,280442421360,post,0.780925452709198,0.9046670198440552,0.2519349455833435,0.7687638998031616,0.7839926481246948,,,,,,0.42312780022621155,0.48069024085998535,0.0961819663643837,0.680812418460846,0.35324034094810486,0.6552622318267822,0.2019595503807068,0.0005337325274012983
gbert,Cannabis,280499878728,pre,0.3540210425853729,0.8664687871932983,0.6968613862991333,0.774324893951416,0.8901824355125427,,,,,,0.03870643675327301,0.8390541672706604,0.12223935127258301,0.20099641382694244,0.41044560074806213,0.8350293636322021,0.06858081370592117,0.9372426867485046
gbert,Cannabis,280499878728,post,0.6034734845161438,0.8456472158432007,0.580819845199585,0.8247655034065247,0.5250483751296997,,,,,,0.6208169460296631,0.3656540513038635,0.013528983108699322,0.2843533456325531,0.6744588613510132,0.8163148760795593,0.013260564766824245,0.970749020576477
gbert,Cannabis,280752412212,pre,0.5842219591140747,0.5514681339263916,0.5951223969459534,0.5901051759719849,0.9251455068588257,,,,,,0.024878455325961113,0.8576858639717102,0.11743567883968353,0.5482103228569031,0.1882651001214981,0.4047459363937378,0.28127044439315796,0.6308550238609314
gbert,Cannabis,280752412212,post,0.7440019845962524,0.002764406381174922,0.39108166098594666,0.6159449219703674,0.5045271515846252,,,,,,0.1922065019607544,0.7016228437423706,0.10617069900035858,0.296816885471344,0.32891449332237244,0.7332783341407776,0.014073047786951065,0.6099502444267273
gbert,Cannabis,281166779412,pre,0.23517125844955444,0.8977490067481995,0.5166389346122742,0.688297688961029,0.5316115617752075,,,,,,0.7332653403282166,0.25062668323516846,0.01610802859067917,0.4103127717971802,0.0022190886083990335,0.9220734238624573,0.0008441045065410435,0.8349574208259583
gbert,Cannabis,281166779412,post,0.4729357659816742,0.7730438709259033,0.6241295337677002,0.7408567070960999,0.910657525062561,,,,,,0.2087939977645874,0.7674650549888611,0.023740939795970917,0.5480167865753174,0.6120073199272156,0.5250023007392883,0.39100000262260437,0.6749883890151978
gbert,Cannabis,281236409928,post,0.11441192775964737,0.8873980641365051,0.3404400944709778,0.6763064861297607,0.2600323557853699,,,,,,0.4903966188430786,0.49100908637046814,0.01859428361058235,0.9871818423271179,0.9947177171707153,0.3043321371078491,0.001959060085937381,0.0017004399560391903
gbert,Cannabis,281257755516,pre,0.7511880397796631,0.9181123375892639,0.740860104560852,0.5950924158096313,0.885107696056366,,,,,,0.47841960191726685,0.5028353929519653,0.018744969740509987,0.4957716464996338,0.3049331605434418,0.6726393699645996,0.001891925698146224,0.3942229747772217
gbert,Cannabis,281257755516,post,0.8276494145393372,0.9197017550468445,0.839971661567688,0.7175576686859131,0.8351258039474487,,,,,,0.6426816582679749,0.34531277418136597,0.012005660682916641,0.6607939004898071,0.4225805401802063,0.8084269165992737,0.025533581152558327,0.6987583041191101
gbert,Cannabis,281337505812,pre,0.574684202671051,0.8660338521003723,0.6089722514152527,0.5400914549827576,0.8631434440612793,,,,,,0.021701136603951454,0.23307296633720398,0.7452258467674255,0.5035229921340942,0.37153300642967224,0.5188592076301575,0.7062835693359375,0.12920616567134857
gbert,Cannabis,281337505812,post,0.3696505129337311,0.7899683713912964,0.6123841404914856,0.6410897374153137,0.9739121794700623,,,,,,0.008772576227784157,0.1706523895263672,0.8205750584602356,0.08805034309625626,0.6235393285751343,0.716313362121582,0.041807837784290314,0.051951710134744644
gbert,Cannabis,281345780160,pre,0.9088413715362549,0.8947282433509827,0.7696342468261719,0.7036765217781067,0.5171999335289001,,,,,,0.8362821936607361,0.1490972489118576,0.014620519243180752,0.7733831405639648,0.02538497932255268,0.5564745664596558,0.04251484572887421,0.6877632141113281
gbert,Cannabis,281345780160,post,0.9094162583351135,0.9246695637702942,0.8360026478767395,0.765129566192627,0.8421850204467773,,,,,,0.4988330602645874,0.48687073588371277,0.014296160079538822,0.894370436668396,0.49151235818862915,0.6680782437324524,0.01948624476790428,0.014534827321767807
gbert,Cannabis,281408440032,pre,0.6532911062240601,0.846108615398407,0.6354591250419617,0.7192686796188354,0.7135257124900818,,,,,,0.4002281427383423,0.5734987258911133,0.02627309411764145,0.6521692872047424,0.6580994725227356,0.9095229506492615,0.3234805166721344,0.7986664772033691
gbert,Cannabis,281408440032,post,0.8665685057640076,0.8420470952987671,0.7363492250442505,0.6662889122962952,0.07748322933912277,,,,,,0.48863548040390015,0.47821691632270813,0.033147554844617844,0.6878937482833862,0.43132704496383667,0.29841122031211853,0.17264148592948914,0.894159734249115
gbert,Cannabis,281426425812,post,0.6122629642486572,0.9032194018363953,0.7090489864349365,0.5695016980171204,0.7886918187141418,,,,,,0.5409367680549622,0.44277289509773254,0.016290370374917984,0.8969056010246277,0.9064842462539673,0.5380601286888123,0.01261176262050867,0.5479958057403564
gbert,Cannabis,281433058560,pre,0.4763178825378418,0.6938415169715881,0.6825777888298035,0.15138760209083557,0.7637817859649658,,,,,,0.8392987251281738,0.1543949544429779,0.006306377239525318,0.986160159111023,0.8022724986076355,0.14469416439533234,0.02992883324623108,0.20232321321964264
gbert,Cannabis,281433058560,post,0.45073744654655457,0.9103569388389587,0.6977394223213196,0.5143718719482422,0.8703215718269348,,,,,,0.837167501449585,0.1561747044324875,0.006657827645540237,0.7095379829406738,0.9882131814956665,0.22106941044330597,0.03651553764939308,0.8691498041152954
gbert,Cannabis,281443592160,pre,0.7069897055625916,0.8740812540054321,0.6200230121612549,0.6783991456031799,0.7728559374809265,,,,,,0.18815834820270538,0.4132588505744934,0.39858278632164,0.7829437255859375,0.7137333154678345,0.5950816869735718,0.3652329444885254,0.011403856799006462
gbert,Cannabis,281443592160,post,0.5781843066215515,0.9133994579315186,0.6408385634422302,0.748326301574707,0.8207632899284363,,,,,,0.2557998299598694,0.4600895941257477,0.2841106057167053,0.8052965402603149,0.7021007537841797,0.7657113671302795,0.269336462020874,0.02535620704293251
gbert,Cannabis,281464595748,pre,0.39866238832473755,0.6168055534362793,0.8958508372306824,0.4790061414241791,0.5534436702728271,,,,,,0.1283501833677292,0.38734468817710876,0.484305202960968,0.5903869867324829,0.6334830522537231,0.6349630951881409,0.17888307571411133,0.1831577718257904
gbert,Cannabis,281464595748,post,0.3985271751880646,0.5856184959411621,0.9046075940132141,0.46893253922462463,0.7232157588005066,,,,,,0.15970483422279358,0.4010266661643982,0.43926844000816345,0.5098170638084412,0.56795734167099,0.6408912539482117,0.12710431218147278,0.01940711960196495
gbert,Cannabis,281467056780,pre,0.7726353406906128,0.9264459013938904,0.8506785035133362,0.7085749506950378,0.9838999509811401,,,,,,0.004185916855931282,0.0884123295545578,0.9074018001556396,0.26085278391838074,0.5324848294258118,0.8505858182907104,0.21994224190711975,0.3470422327518463
gbert,Cannabis,281467056780,post,0.8934765458106995,0.8820856809616089,0.5719195604324341,0.615962028503418,0.9798328876495361,,,,,,0.007684188429266214,0.11467056721448898,0.8776451945304871,0.3953365683555603,0.3271985352039337,0.9468604922294617,0.10175585746765137,0.6070321202278137
gbert,Cannabis,281526837012,pre,0.09326374530792236,0.820541262626648,0.5831060409545898,0.5574413537979126,0.8206180334091187,,,,,,0.20617549121379852,0.7749881148338318,0.01883646287024021,0.7716272473335266,0.9847837686538696,0.9504582285881042,0.1945064663887024,0.44082972407341003
gbert,Cannabis,281526837012,post,0.356766939163208,0.21332640945911407,0.6422842741012573,0.7143611907958984,0.2088535875082016,,,,,,0.5457488298416138,0.4152083694934845,0.03904278203845024,0.5040351748466492,0.7765726447105408,0.8505889177322388,0.05005019158124924,0.4429801106452942
gbert,Cannabis,281546467812,pre,0.34779757261276245,0.8144570589065552,0.7284185290336609,0.6779804229736328,0.8339468836784363,,,,,,0.21637889742851257,0.5156216025352478,0.26799947023391724,0.788395345211029,0.9255191087722778,0.9150752425193787,0.609359622001648,0.9149838089942932
gbert,Cannabis,281546467812,post,0.5396222472190857,0.7068798542022705,0.46734949946403503,0.5028924942016602,0.8728995323181152,,,,,,0.05879567563533783,0.3261030614376068,0.6151012182235718,0.9599444270133972,0.7351277470588684,0.60682612657547,0.018761595711112022,0.017898842692375183
gbert,Cannabis,281646404316,pre,0.8584021329879761,0.8859087228775024,0.7931099534034729,0.8283483386039734,0.8331563472747803,,,,,,0.09695680439472198,0.2902962863445282,0.6127468943595886,0.2912261486053467,0.3097688853740692,0.6146883368492126,0.6113141775131226,0.9621878862380981
gbert,Cannabis,281646404316,post,0.7128368616104126,0.8845940828323364,0.769726037979126,0.8124831318855286,0.8751797676086426,,,,,,0.18281492590904236,0.4099883437156677,0.40719670057296753,0.12987972795963287,0.3180543780326843,0.6395571231842041,0.6685896515846252,0.9824023246765137
gbert,Cannabis,281649409812,pre,0.4390476644039154,0.6415165662765503,0.48956406116485596,0.5604573488235474,0.539120078086853,,,,,,0.09293518215417862,0.48532208800315857,0.4217427670955658,0.4833872616291046,0.4258633255958557,0.782250165939331,0.26646509766578674,0.04616706818342209
gbert,Cannabis,281649409812,post,0.49581995606422424,0.8079794645309448,0.5346153974533081,0.749410092830658,0.6622921824455261,,,,,,0.20899346470832825,0.5252331495285034,0.26577338576316833,0.5327125787734985,0.5443525910377502,0.8536536693572998,0.39212390780448914,0.03411845117807388
gbert,Cannabis,281672870328,pre,0.5452636480331421,0.685977578163147,0.5334802269935608,0.5317437052726746,0.618015468120575,,,,,,0.4556768536567688,0.40668773651123047,0.13763536512851715,0.6138691306114197,0.7624706029891968,0.4467361271381378,0.10586142539978027,0.7158399224281311
gbert,Cannabis,281672870328,post,0.7978108525276184,0.913442075252533,0.6164916753768921,0.8861830830574036,0.36404213309288025,,,,,,0.3869573175907135,0.4699157476425171,0.1431269347667694,0.9114660024642944,0.9139665961265564,0.758585512638092,0.1439308077096939,0.004585954360663891
gbert,Cannabis,281730809232,pre,0.6291117072105408,0.6715445518493652,0.6289039254188538,0.004338692873716354,0.7907729148864746,,,,,,0.20822864770889282,0.48764070868492126,0.3041306734085083,0.37679898738861084,0.13139425218105316,0.20777331292629242,0.039047759026288986,0.4051913022994995
gbert,Cannabis,281730809232,post,0.005882433615624905,0.007708210032433271,0.011564347892999649,0.051697734743356705,0.006628484930843115,,,,,,0.2146487534046173,0.626258373260498,0.15909282863140106,0.031108248978853226,0.08271849900484085,0.1120840385556221,0.004699894227087498,0.7904170751571655
gbert,Cannabis,282511387296,pre,0.5978721380233765,0.8589704632759094,0.6421861052513123,0.6594544053077698,0.8413752913475037,,,,,,0.2033698409795761,0.7522498965263367,0.04438029229640961,0.4816165566444397,0.08264851570129395,0.8807958960533142,0.09440775215625763,0.516655445098877
gbert,Cannabis,282511387296,post,0.6952993869781494,0.8072471618652344,0.3487657308578491,0.15450716018676758,0.8039723038673401,,,,,,0.6466005444526672,0.3423541784286499,0.011045300401747227,0.3466898500919342,0.13179947435855865,0.9164270758628845,0.0024613055866211653,0.4480428993701935
gbert,Cannabis,282556875348,pre,0.34019947052001953,0.94957435131073,0.508109450340271,0.4938023090362549,0.9715040326118469,,,,,,0.023165380582213402,0.18887844681739807,0.7879562377929688,0.2732612192630768,0.5630418062210083,0.7646137475967407,0.4305229187011719,0.3227453827857971
gbert,Cannabis,282636288432,pre,0.5944930911064148,0.865381121635437,0.4712717831134796,0.5869871973991394,0.8261178135871887,,,,,,0.20055225491523743,0.5819904804229736,0.21745729446411133,0.8037258386611938,0.6385515928268433,0.6944200992584229,0.18776299059391022,0.007774828001856804
gbert,Cannabis,282636288432,post,0.7131395936012268,0.8803789615631104,0.6925761103630066,0.5316148996353149,0.93025141954422,,,,,,0.28390493988990784,0.5408409237861633,0.17525416612625122,0.8382978439331055,0.49074241518974304,0.7365028262138367,0.10552158206701279,0.24430398643016815
gbert,Cannabis,282651334380,pre,0.6126859188079834,0.7736374735832214,0.32064685225486755,0.6481298804283142,0.9146889448165894,,,,,,0.0965622141957283,0.46956464648246765,0.43387317657470703,0.5525162220001221,0.1647394597530365,0.7899015545845032,0.14692248404026031,0.029880015179514885
gbert,Cannabis,282651334380,post,0.9342934489250183,0.7984885573387146,0.552776575088501,0.6902956962585449,0.8497099876403809,,,,,,0.6426444053649902,0.34762105345726013,0.009734472259879112,0.9866208434104919,0.8402155041694641,0.5490080118179321,0.13393983244895935,0.0006681332015432417
gbert,Cannabis,282727054548,pre,0.6948360204696655,0.9191879034042358,0.6514754295349121,0.731950044631958,0.9492455124855042,,,,,,0.021693211048841476,0.3726930320262909,0.6056137681007385,0.3481312692165375,0.2570798695087433,0.7049918174743652,0.12699657678604126,0.823431134223938
gbert,Cannabis,282727054548,post,0.7058457732200623,0.8660985231399536,0.7380716800689697,0.6520760655403137,0.9318609833717346,,,,,,0.15650402009487152,0.7316392660140991,0.11185674369335175,0.39896389842033386,0.24567678570747375,0.7086897492408752,0.01995673216879368,0.24570487439632416
gbert,Cannabis,282756805128,pre,0.8549855947494507,0.8149279356002808,0.8149822354316711,0.6216171979904175,0.8308896422386169,,,,,,0.25193649530410767,0.7069382667541504,0.04112518951296806,0.32289645075798035,0.1830628365278244,0.6722524166107178,0.12918621301651,0.10267716646194458
gbert,Cannabis,282756805128,post,0.9314584732055664,0.8967035412788391,0.898930549621582,0.8838427662849426,0.8829360008239746,,,,,,0.4552631676197052,0.4686795175075531,0.0760573148727417,0.8764551877975464,0.2686029076576233,0.9313070178031921,0.0024054297246038914,0.049164772033691406
gbert,Cannabis,282825414432,pre,0.0005979703273624182,0.7184499502182007,0.5762454271316528,0.04693276807665825,0.5545855760574341,,,,,,0.6593554019927979,0.3121403157711029,0.028504325076937675,0.0012089574011042714,0.010766510851681232,0.02828391082584858,0.0016623515402898192,0.988961398601532
gbert,Cannabis,282825414432,post,0.0008989520138129592,0.1379517763853073,0.7102260589599609,0.45534899830818176,0.6974419951438904,,,,,,0.3667312264442444,0.6008273959159851,0.03244134411215782,0.0012939802836626768,0.23029600083827972,0.7150937914848328,0.08815430849790573,0.9917008876800537
gbert,Cannabis,282839092380,pre,0.7465400099754333,0.9154640436172485,0.5747420787811279,0.6361970901489258,0.917961061000824,,,,,,0.3396322727203369,0.6419346928596497,0.018433045595884323,0.7132101655006409,0.7761817574501038,0.3121824264526367,0.06845077127218246,0.22775106132030487
gbert,Cannabis,282839092380,post,0.7896997928619385,0.9236705303192139,0.7738192081451416,0.7195403575897217,0.9077776670455933,,,,,,0.23836064338684082,0.4146226644515991,0.34701669216156006,0.731168806552887,0.7046640515327454,0.5592273473739624,0.5649174451828003,0.4058998227119446
gbert,Cannabis,282877258212,pre,0.7391772866249084,0.5683395266532898,0.5732215642929077,0.8335242867469788,0.879157543182373,,,,,,0.11092067509889603,0.6752117872238159,0.21386754512786865,0.7273291349411011,0.24257920682430267,0.7261211276054382,0.38222023844718933,0.37743955850601196
gbert,Cannabis,282877258212,post,0.8941435813903809,0.5987424254417419,0.557620108127594,0.6073081493377686,0.7507116198539734,,,,,,0.12539441883563995,0.4118322432041168,0.4627733826637268,0.6441530585289001,0.34525805711746216,0.45485854148864746,0.021394716575741768,0.15728405117988586
gbert,Cannabis,282882728844,post,0.8587836027145386,0.865121603012085,0.4534284174442291,0.8337676525115967,0.6416501402854919,,,,,,0.7027164697647095,0.2872834801673889,0.010000055655837059,0.7648409008979797,0.6043546795845032,0.01968381367623806,0.0017942935228347778,0.0020286692306399345
gbert,Cannabis,282911935644,pre,0.6239979863166809,0.6599411368370056,0.03572864457964897,0.37013375759124756,0.9170308709144592,,,,,,0.22295938432216644,0.4737313389778137,0.30330926179885864,0.34036651253700256,0.7173659801483154,0.8251363635063171,0.679747462272644,0.13434594869613647
gbert,Cannabis,282911935644,post,0.6733454465866089,0.8942092657089233,0.4668346643447876,0.6086112260818481,0.2715534567832947,,,,,,0.28574442863464355,0.591625988483429,0.12262953072786331,0.34741488099098206,0.8840976357460022,0.08734136819839478,0.5499499440193176,0.8513633012771606
gbert,Cannabis,282993196896,pre,0.6274604797363281,0.7304320335388184,0.6652499437332153,0.7115032076835632,0.5808796286582947,,,,,,0.3278583586215973,0.6503371000289917,0.021804532036185265,0.5452132225036621,0.21306315064430237,0.8926447033882141,0.12566165626049042,0.2088664025068283
gbert,Cannabis,282993196896,post,0.7088150978088379,0.8498799800872803,0.6043313145637512,0.4992361068725586,0.8052393794059753,,,,,,0.496701717376709,0.4924078583717346,0.010890361852943897,0.4423005282878876,0.1910400688648224,0.7110282778739929,0.00048032207996584475,0.0782759040594101
gbert,Cannabis,283103593128,pre,0.7380539178848267,0.7083730697631836,0.5245151519775391,0.6545320153236389,0.9575076699256897,,,,,,0.11666782945394516,0.859916090965271,0.023416072130203247,0.5004282593727112,0.34905120730400085,0.45265182852745056,0.3703637421131134,0.7691882252693176
gbert,Cannabis,283103593128,post,0.5257084369659424,0.7260968089103699,0.7358403205871582,0.75126713514328,0.3008686602115631,,,,,,0.7340596914291382,0.24037574231624603,0.02556454949080944,0.6503612995147705,0.5188994407653809,0.27953553199768066,0.36410489678382874,0.892342746257782
gbert,Cannabis,283103661528,pre,0.5868051052093506,0.8476790189743042,0.2431052327156067,0.7955105900764465,0.5492714643478394,,,,,,0.15463894605636597,0.7647675275802612,0.08059356361627579,0.30486178398132324,0.34111282229423523,0.16837672889232635,0.7189753651618958,0.002550360979512334
gbert,Cannabis,283103661528,post,0.537032961845398,0.8355942368507385,0.6054974794387817,0.521784782409668,0.7768785357475281,,,,,,0.07059404253959656,0.4468068480491638,0.48259904980659485,0.33133888244628906,0.45067471265792847,0.5918355584144592,0.1836790144443512,0.13377739489078522
gbert,Cannabis,283218440832,pre,0.8118219971656799,0.6707758903503418,0.6302340626716614,0.7698258757591248,0.8057669997215271,,,,,,0.10393096506595612,0.7820712327957153,0.11399783194065094,0.466851145029068,0.2961497902870178,0.6024047136306763,0.3847668468952179,0.16347582638263702
gbert,Cannabis,283218440832,post,0.8956682682037354,0.931451141834259,0.8505522012710571,0.7828362584114075,0.9248598217964172,,,,,,0.3245683014392853,0.5039954781532288,0.17143626511096954,0.8059822916984558,0.6444968581199646,0.845811128616333,0.7985090017318726,0.9088574647903442
gbert,Cannabis,283254009516,pre,0.011556357145309448,0.125374898314476,0.22069737315177917,0.009141850285232067,0.43800053000450134,,,,,,0.20012660324573517,0.5527019500732422,0.24717141687870026,0.024155493825674057,0.03266945853829384,0.008134696632623672,0.0035075386986136436,0.0011939017567783594
gbert,Cannabis,283254009516,post,0.29150694608688354,0.8272307515144348,0.765907883644104,0.5530181527137756,0.9342069029808044,,,,,,0.0910397619009018,0.3620312809944153,0.5469289422035217,0.910386323928833,0.6219073534011841,0.3291575312614441,0.03820028156042099,0.0434318482875824
gbert,Cannabis,283567484664,pre,0.6901900768280029,0.26676660776138306,0.8079359531402588,0.8016642332077026,0.4560314416885376,,,,,,0.5627239942550659,0.39686617255210876,0.04040982946753502,0.8804028034210205,0.3726968765258789,0.003750598058104515,0.2543763518333435,0.6880002021789551
gbert,Cannabis,283567484664,post,0.8285301327705383,0.719446063041687,0.7579240798950195,0.6155205965042114,0.42513251304626465,,,,,,0.6329770088195801,0.3358597159385681,0.031163252890110016,0.7327691912651062,0.4620215892791748,0.41788122057914734,0.17587779462337494,0.9147338271141052
gbert,Cannabis,283737523644,post,0.40520137548446655,0.9329462051391602,0.5093408226966858,0.4195297360420227,0.8919013738632202,,,,,,0.6572898030281067,0.33335810899734497,0.009352080523967743,0.9043582081794739,0.9389272332191467,0.2995455265045166,0.03645578399300575,0.10307759046554565
gbert,Cannabis,283830482664,pre,0.7845652103424072,0.8323483467102051,0.47259899973869324,0.7392478585243225,0.6514458060264587,,,,,,0.2549472153186798,0.6728448271751404,0.0722079649567604,0.6952009201049805,0.03102700412273407,0.677059531211853,0.002806981559842825,0.07804573327302933
gbert,Cannabis,283830482664,post,0.7713513374328613,0.7791547179222107,0.6039541363716125,0.6388418674468994,0.791490912437439,,,,,,0.38450297713279724,0.5339511632919312,0.08154581487178802,0.8857519626617432,0.605718731880188,0.34175342321395874,0.0014376105973497033,0.002414604416117072
gbert,Cannabis,284916813516,pre,0.015905162319540977,0.6434496641159058,0.6563634276390076,0.717041015625,0.697232723236084,,,,,,0.8180810213088989,0.16914258897304535,0.01277634035795927,0.48082685470581055,0.2739633321762085,0.5620368123054504,0.2444194108247757,0.25692281126976013
gbert,Cannabis,284916813516,post,0.6299029588699341,0.9420934319496155,0.6865885853767395,0.9138505458831787,0.8968138098716736,,,,,,0.2473711222410202,0.596875011920929,0.15575389564037323,0.8395916819572449,0.7805793881416321,0.9203135371208191,0.4968087673187256,0.7027014493942261
gbert,Cannabis,284926453128,post,0.9191199541091919,0.9062755107879639,0.8193751573562622,0.8455855250358582,0.7663120627403259,,,,,,0.21924856305122375,0.7703399658203125,0.010411477647721767,0.7891725897789001,0.4267076253890991,0.491269588470459,0.47397077083587646,0.07172024250030518
gbert,Cannabis,285019478496,post,0.5043880939483643,0.5696283578872681,0.5589773058891296,0.7652344107627869,0.8558196425437927,,,,,,0.15484105050563812,0.6282498240470886,0.21690912544727325,0.5045003294944763,0.2267296016216278,0.7461190223693848,0.32174745202064514,0.5129424333572388
gbert,Cannabis,285118863012,pre,0.6640644073486328,0.5524765849113464,0.039771031588315964,0.5352545380592346,0.0016445644432678819,,,,,,0.4401463270187378,0.5435454249382019,0.016308259218931198,0.6228340268135071,0.11503428965806961,0.07995086908340454,0.05083370953798294,0.759660542011261
gbert,Cannabis,285151150548,pre,0.1599123328924179,0.006762427277863026,0.05598274618387222,0.0043127164244651794,0.11188730597496033,,,,,,0.15640081465244293,0.6543363332748413,0.18926286697387695,0.09387199580669403,0.09754247218370438,0.16050300002098083,0.002928636036813259,0.03626415878534317
gbert,Cannabis,285151150548,post,0.24396775662899017,0.0011488349409773946,0.04409823566675186,0.001971224322915077,0.0063428753055632114,,,,,,0.43074747920036316,0.5154588222503662,0.05379374697804451,0.4973350465297699,0.24666035175323486,0.03142616152763367,0.005074020009487867,0.12611857056617737
gbert,Cannabis,285234732612,pre,0.6348026394844055,0.7566311955451965,0.7009361982345581,0.7389549612998962,0.7925142049789429,,,,,,0.49052906036376953,0.4214954376220703,0.08797550201416016,0.5372348427772522,0.00028025865321978927,0.5470203757286072,0.0009699725778773427,0.0010439383331686258
gbert,Cannabis,285234732612,post,0.09198443591594696,0.8466151356697083,0.6212725043296814,0.859892725944519,0.8944180011749268,,,,,,0.0943954810500145,0.4137936532497406,0.4918108582496643,0.7697620987892151,0.3805970847606659,0.8105451464653015,0.34106239676475525,0.012084993533790112
gbert,Cannabis,285315995916,pre,0.692682683467865,0.8821654319763184,0.6532166004180908,0.659522533416748,0.9052854776382446,,,,,,0.01712661236524582,0.26293519139289856,0.7199382185935974,0.36914706230163574,0.7678784728050232,0.7103752493858337,0.23213107883930206,0.5613862872123718
gbert,Cannabis,285315995916,post,0.5402227640151978,0.8722984790802002,0.5600569248199463,0.5458033084869385,0.9501391649246216,,,,,,0.009744834154844284,0.16033874452114105,0.8299164772033691,0.3449644148349762,0.699591338634491,0.5720067024230957,0.05910800024867058,0.6170817017555237
gbert,Cannabis,285322560948,pre,0.33551663160324097,0.8386178016662598,0.6974635720252991,0.6193309426307678,0.8269276022911072,,,,,,0.7370361685752869,0.25034859776496887,0.012615167535841465,0.6980161070823669,0.7689977884292603,0.5891529321670532,0.17690274119377136,0.8526148796081543
gbert,Cannabis,285326048664,pre,0.7010785341262817,0.8696566224098206,0.727538526058197,0.7683930993080139,0.9494158029556274,,,,,,0.028223436325788498,0.4815845787525177,0.4901919364929199,0.5334394574165344,0.344495564699173,0.6994301080703735,0.4336770176887512,0.14681528508663177
gbert,Cannabis,285326048664,post,0.5556737780570984,0.9314231276512146,0.6126416325569153,0.5431969165802002,0.9331385493278503,,,,,,0.025285853073000908,0.45539334416389465,0.5193207859992981,0.1961018145084381,0.10056063532829285,0.6464712619781494,0.394031822681427,0.0058840359561145306
gbert,Cannabis,285369343128,pre,0.07208007574081421,0.022785212844610214,0.3295689821243286,0.23266185820102692,0.7083247303962708,,,,,,0.041480083018541336,0.6008657813072205,0.3576541543006897,0.31701165437698364,0.11024416238069534,0.32086044549942017,0.16666346788406372,0.2190714329481125
gbert,Cannabis,285369343128,post,0.8033444285392761,0.6439847946166992,0.6749930381774902,0.8703855872154236,0.8776055574417114,,,,,,0.3732316195964813,0.49676477909088135,0.13000363111495972,0.8052252531051636,0.7202630639076233,0.8580054044723511,0.11042352765798569,0.22681254148483276
gbert,Cannabis,285428582316,pre,0.6927011013031006,0.8952295780181885,0.5012221932411194,0.6668781638145447,0.92061448097229,,,,,,0.012749137356877327,0.3618142902851105,0.625436544418335,0.6429253220558167,0.4544046223163605,0.49882590770721436,0.3548351526260376,0.037539418786764145
gbert,Cannabis,285428582316,post,0.8386999368667603,0.9475433826446533,0.5693870782852173,0.6967592835426331,0.9882140755653381,,,,,,0.007201417814940214,0.1403471976518631,0.8524513840675354,0.42015358805656433,0.2467668354511261,0.7758219838142395,0.19823525846004486,0.046634022146463394
gbert,Cannabis,285510524148,pre,0.5249840617179871,0.876606285572052,0.7316361665725708,0.7367783188819885,0.8871005177497864,,,,,,0.4759863615036011,0.5069971680641174,0.017016472294926643,0.9386137127876282,0.14813263714313507,0.17175213992595673,0.6140848398208618,0.43971124291419983
gbert,Cannabis,285510524148,post,0.7281678915023804,0.9045017957687378,0.6703978776931763,0.8658409714698792,0.8004454374313354,,,,,,0.7853783369064331,0.2064904272556305,0.008131270296871662,0.9342217445373535,0.6110326647758484,0.03508901596069336,0.4966549277305603,0.9472649097442627
gbert,Cannabis,285613125516,pre,0.7919211983680725,0.7810143232345581,0.6549937725067139,0.7853207588195801,0.8783842921257019,,,,,,0.016060693189501762,0.2816813290119171,0.7022580504417419,0.8597664833068848,0.4053875505924225,0.6774415969848633,0.4432109594345093,0.43460923433303833
gbert,Cannabis,285613125516,post,0.5426411628723145,0.9090936779975891,0.6888034343719482,0.7497755289077759,0.8785909414291382,,,,,,0.2798362374305725,0.5509351491928101,0.16922861337661743,0.3820941746234894,0.6178112626075745,0.7550831437110901,0.0925917774438858,0.6601227521896362
gbert,Cannabis,285820032780,pre,0.841695249080658,0.9256280064582825,0.6770384311676025,0.7393462061882019,0.8787474036216736,,,,,,0.31031370162963867,0.6420592665672302,0.047627054154872894,0.8895959854125977,0.984857976436615,0.7768609523773193,0.23389282822608948,0.34258514642715454
gbert,Cannabis,285820032780,post,0.613377034664154,0.0027564391493797302,0.5387498140335083,0.4795548915863037,0.8897724151611328,,,,,,0.15923386812210083,0.5265392065048218,0.31422701478004456,0.6757142543792725,0.6291540265083313,0.6313494443893433,0.005828296300023794,0.48420214653015137
gbert,Cannabis,285874411464,pre,0.723520815372467,0.8893300294876099,0.6362749338150024,0.6715625524520874,0.8553383350372314,,,,,,0.8228925466537476,0.16906000673770905,0.008047427982091904,0.5020676851272583,0.2519473731517792,0.6610128283500671,0.020648837089538574,0.8091599941253662
gbert,Cannabis,285874411464,post,0.2524127960205078,0.6594817042350769,0.7204556465148926,0.18472979962825775,0.9483782052993774,,,,,,0.0496242456138134,0.5807382464408875,0.36963751912117004,0.4420730471611023,0.4490561783313751,0.89277583360672,0.0059361630119383335,0.0034828525967895985
gbert,Cannabis,287413070832,pre,0.39352527260780334,0.7932374477386475,0.6373036503791809,0.6442035436630249,0.6490849852561951,,,,,,0.44899365305900574,0.5359328389167786,0.015073521994054317,0.6722319722175598,0.435716450214386,0.5936276316642761,0.004047781229019165,0.6770244836807251
gbert,Cannabis,287413070832,post,0.6474846005439758,0.8486206531524658,0.701758623123169,0.6227861046791077,0.7218644022941589,,,,,,0.6819878816604614,0.30168774724006653,0.016324397176504135,0.7452589273452759,0.7170553803443909,0.5674039125442505,0.063666932284832,0.13059940934181213
gbert,Cannabis,287788307760,pre,0.3512209951877594,0.863603949546814,0.6753897666931152,0.6495652198791504,0.3233577013015747,,,,,,0.863261878490448,0.12467491626739502,0.01206319872289896,0.6778140664100647,0.7346488237380981,0.4730289876461029,0.002788248471915722,0.4932234287261963
gbert,Cannabis,287975928960,pre,0.3648984432220459,0.818087100982666,0.6375689506530762,0.690532386302948,0.917549192905426,,,,,,0.29642030596733093,0.6195732951164246,0.0840064138174057,0.37267112731933594,0.09766913205385208,0.8584988713264465,0.10105712711811066,0.6724003553390503
gbert,Cannabis,287975928960,post,0.43152493238449097,0.9144826531410217,0.46244367957115173,0.7039580941200256,0.873935341835022,,,,,,0.03220294415950775,0.4936375617980957,0.47415947914123535,0.1551397442817688,0.342552125453949,0.8683181405067444,0.18222831189632416,0.06768687069416046
gbert,Cannabis,288088104960,pre,0.8337950706481934,0.8242632746696472,0.7700059413909912,0.740460216999054,0.7796905636787415,,,,,,0.6517248153686523,0.3183380365371704,0.0299371387809515,0.018930528312921524,0.33608976006507874,0.6011595726013184,0.140595942735672,0.9276407957077026
gbert,Cannabis,288088104960,post,0.6680970788002014,0.545235276222229,0.6261938214302063,0.7502351999282837,0.673664927482605,,,,,,0.17249462008476257,0.6198904514312744,0.20761500298976898,0.38560256361961365,0.2157367318868637,0.6548420190811157,0.37054944038391113,0.5264770984649658
gbert,Cannabis,288101380032,pre,0.8036493062973022,0.8020204305648804,0.8175545930862427,0.7252488732337952,0.9714024662971497,,,,,,0.030551522970199585,0.6388994455337524,0.330549031496048,0.7295976281166077,0.27421411871910095,0.7030573487281799,0.4109060764312744,0.3432398736476898
gbert,Cannabis,288101380032,post,0.6328247785568237,0.9061369895935059,0.6130231618881226,0.5634918808937073,0.8830206394195557,,,,,,0.05308842658996582,0.6420785784721375,0.3048330247402191,0.4602319002151489,0.3931925892829895,0.711089551448822,0.22387291491031647,0.2042570412158966
gbert,Cannabis,288140845464,pre,0.31034690141677856,0.7662336230278015,0.2794932723045349,0.5474568009376526,0.8259344696998596,,,,,,0.18150222301483154,0.4636319875717163,0.3548657298088074,0.6932355165481567,0.4937129020690918,0.9369187355041504,0.13078957796096802,0.032485462725162506
gbert,Cannabis,288140845464,post,0.48001596331596375,0.8319580554962158,0.8327869772911072,0.7722892165184021,0.938007652759552,,,,,,0.014997851103544235,0.2174130529165268,0.7675890922546387,0.5669125914573669,0.6105831861495972,0.8701793551445007,0.38699960708618164,0.22962647676467896
gbert,Cannabis,288142415928,pre,0.6015104651451111,0.7967109680175781,0.8873312473297119,0.608746349811554,0.8658092021942139,,,,,,0.825677216053009,0.15055011212825775,0.023772751912474632,0.5662299990653992,0.8289223313331604,0.6152612566947937,0.5847360491752625,0.485454261302948
gbert,Cannabis,288142415928,post,0.6786094903945923,0.8851869702339172,0.8520426154136658,0.4652838706970215,0.8103000521659851,,,,,,0.4876929223537445,0.4867592453956604,0.02554786019027233,0.7731958627700806,0.8798540234565735,0.6933053731918335,0.6689130663871765,0.5860735177993774
gbert,Cannabis,288163964664,pre,0.6088658571243286,0.8579047322273254,0.5135343670845032,0.4661211669445038,0.22004181146621704,,,,,,0.4594740867614746,0.5249500274658203,0.015575876459479332,0.6640583276748657,0.5422970056533813,0.162116140127182,0.0009458136628381908,0.6632730960845947
gbert,Cannabis,288163964664,post,0.5968483686447144,0.8851878643035889,0.6595121622085571,0.7172542810440063,0.9029625058174133,,,,,,0.07477732002735138,0.5676931738853455,0.35752952098846436,0.747367262840271,0.3915427327156067,0.8327999711036682,0.4219323396682739,0.8363760113716125
gbert,Cannabis,288199733760,post,0.23127852380275726,0.7836129665374756,0.029134560376405716,0.5837011933326721,0.7738968133926392,,,,,,0.11889989674091339,0.6315554976463318,0.24954460561275482,0.5753357410430908,0.008893855847418308,0.8512265086174011,0.0004072845622431487,0.16143865883350372
gbert,Cannabis,288271144044,pre,0.3714326024055481,0.9118655920028687,0.8205792903900146,0.7815834879875183,0.9632024765014648,,,,,,0.007448144257068634,0.21553972363471985,0.7770121097564697,0.09710986167192459,0.15133023262023926,0.710942268371582,0.13061340153217316,0.020163394510746002
gbert,Cannabis,288271144044,post,0.2769635021686554,0.8573184013366699,0.6026912331581116,0.6618926525115967,0.7241975665092468,,,,,,0.09391278028488159,0.6042232513427734,0.30186396837234497,0.5268985033035278,0.7890684604644775,0.9400973916053772,0.4282399117946625,0.024733172729611397
gbert,Cannabis,288318753864,pre,0.7041873931884766,0.814792275428772,0.7428192496299744,0.7242287397384644,0.921323299407959,,,,,,0.2289925515651703,0.6225587129592896,0.14844876527786255,0.7789576649665833,0.14025455713272095,0.8404110074043274,0.3371218740940094,0.10591361671686172
gbert,Cannabis,288318753864,post,0.8128340840339661,0.8928461074829102,0.5706912875175476,0.31752684712409973,0.8327042460441589,,,,,,0.14880695939064026,0.8296362161636353,0.02155682072043419,0.723170280456543,0.24852868914604187,0.27143165469169617,0.09399555623531342,0.1323806196451187
gbert,Cannabis,288351171360,post,0.8335639238357544,0.8460519909858704,0.8018266558647156,0.6478152871131897,0.887339174747467,,,,,,0.15355978906154633,0.5409746766090393,0.30546554923057556,0.44681423902511597,0.6970072388648987,0.6557245850563049,0.6560280919075012,0.8495755791664124
gbert,Cannabis,288509588496,post,0.0969526469707489,0.22324882447719574,0.5339686274528503,0.0022436832077801228,0.6701908111572266,,,,,,0.23156139254570007,0.35667216777801514,0.41176649928092957,0.007185057271271944,0.2296827882528305,0.36367878317832947,0.006971216760575771,0.8479644656181335
gbert,Cannabis,288531952560,post,0.43064379692077637,0.5025295615196228,0.15694758296012878,0.22471243143081665,0.7694281935691833,,,,,,0.42640456557273865,0.48277777433395386,0.0908176377415657,0.6874403953552246,0.07085301727056503,0.3593107759952545,0.00502245407551527,0.17105790972709656
gbert,Cannabis,288547276212,pre,0.4735651910305023,0.8929493427276611,0.6818124651908875,0.31393736600875854,0.5266593098640442,,,,,,0.8098880648612976,0.17936228215694427,0.010749712586402893,0.48629286885261536,0.7085115909576416,0.16089288890361786,0.0029674270190298557,0.8508384823799133
gbert,Cannabis,288547276212,post,0.620638906955719,0.9241089224815369,0.6392366290092468,0.5984554886817932,0.8782606720924377,,,,,,0.8578290343284607,0.1353217512369156,0.006849188823252916,0.7455649375915527,0.7228345274925232,0.5588019490242004,0.25117728114128113,0.9073359370231628
gbert,Cannabis,288610616664,pre,0.6935927867889404,0.9074048399925232,0.6543709635734558,0.8187866806983948,0.9345356822013855,,,,,,0.043050337582826614,0.2613917291164398,0.6955578923225403,0.8033227324485779,0.49538132548332214,0.9739000797271729,0.3448948562145233,0.32162216305732727
gbert,Cannabis,289391882832,pre,0.5568156838417053,0.8306681513786316,0.6878402233123779,0.6744298338890076,0.9364688396453857,,,,,,0.01346383523195982,0.21657083928585052,0.7699652910232544,0.4945022165775299,0.33363527059555054,0.8626920580863953,0.28642138838768005,0.22913296520709991
gbert,Cannabis,289391882832,post,0.6945403218269348,0.7554419040679932,0.5809321403503418,0.5404521226882935,0.741010844707489,,,,,,0.45443570613861084,0.5320305824279785,0.013533707708120346,0.6904869079589844,0.7510268688201904,0.40113767981529236,0.12728239595890045,0.001247020554728806
gbert,Cannabis,289533399012,pre,0.6597810387611389,0.8170160055160522,0.5357663631439209,0.6957410573959351,0.1665406972169876,,,,,,0.5058333277702332,0.46014517545700073,0.03402150049805641,0.7186534404754639,0.001509425463154912,0.5340586304664612,0.0055610258132219315,0.23558494448661804
gbert,Cannabis,289533399012,post,0.6621575355529785,0.7624064683914185,0.6551163196563721,0.7636226415634155,0.8410795331001282,,,,,,0.2853035032749176,0.6905949711799622,0.024101497605443,0.7034339308738708,0.4956419765949249,0.6503173112869263,0.16139866411685944,0.8245086669921875
gbert,Cannabis,289551044160,pre,0.7432887554168701,0.9092474579811096,0.6013372540473938,0.5359813570976257,0.7757660150527954,,,,,,0.29346585273742676,0.5641613602638245,0.14237269759178162,0.6903096437454224,0.7357980012893677,0.6174473762512207,0.043194983154535294,0.11472602933645248
gbert,Cannabis,289551044160,post,0.6818059086799622,0.8792499899864197,0.7617455124855042,0.6212345957756042,0.016859078779816628,,,,,,0.212300643324852,0.6992301940917969,0.08846914023160934,0.7166126370429993,0.5910298228263855,0.5393195152282715,0.13554547727108002,0.4911503195762634
gbert,Cannabis,289642978548,pre,0.001161281019449234,0.8401062488555908,0.6607265472412109,0.47017404437065125,0.12241070717573166,,,,,,0.6251804828643799,0.3566213548183441,0.018198218196630478,0.0064546456560492516,0.36737295985221863,0.2878841161727905,0.16420309245586395,0.9912862777709961
gbert,Cannabis,289642978548,post,0.0024943628814071417,0.8655576109886169,0.757431149482727,0.5010854005813599,0.17899172008037567,,,,,,0.7540326118469238,0.2250867486000061,0.020880592986941338,0.01396156195551157,0.6308875679969788,0.5484254956245422,0.001909729209728539,0.9937135577201843
gbert,Cannabis,289656043632,pre,0.8352319002151489,0.9130685329437256,0.7265164852142334,0.5583920478820801,0.8186373114585876,,,,,,0.32366153597831726,0.48951005935668945,0.18682843446731567,0.4246279299259186,0.6676374673843384,0.3351031541824341,0.010184772312641144,0.22023196518421173
gbert,Cannabis,289656043632,post,0.5579618215560913,0.8490641713142395,0.6446528434753418,0.8169099688529968,0.9039901494979858,,,,,,0.09120049327611923,0.8064729571342468,0.10232660919427872,0.6554343700408936,0.6806525588035583,0.9394235014915466,0.2697005867958069,0.3506174087524414
gbert,Cannabis,289679230548,pre,0.16812637448310852,0.16352948546409607,0.24579618871212006,0.001652129809372127,0.5629766583442688,,,,,,0.10841885209083557,0.2898767590522766,0.6017044186592102,0.17872990667819977,0.0005519381375052035,0.015516761690378189,0.00047111487947404385,0.045630812644958496
gbert,Cannabis,289679230548,post,0.6135572195053101,0.7420964241027832,0.7137026190757751,0.7119176983833313,0.9261106252670288,,,,,,0.3243762254714966,0.6379072070121765,0.03771655261516571,0.5474450588226318,0.6043347716331482,0.7407042384147644,0.1096499115228653,0.2999243140220642
gbert,Cannabis,289703918844,pre,0.6275995969772339,0.004611578769981861,0.7473162412643433,0.058672528713941574,0.6047691106796265,,,,,,0.37455007433891296,0.6035987138748169,0.0218511875718832,0.6636501550674438,0.851058304309845,0.605051577091217,0.46481192111968994,0.3109847605228424
gbert,Cannabis,289703918844,post,0.7825667262077332,0.8179084062576294,0.931437075138092,0.7872505784034729,0.9138053059577942,,,,,,0.2164628654718399,0.48021072149276733,0.30332642793655396,0.8009035587310791,0.7203053832054138,0.7790603637695312,0.8200159072875977,0.029090572148561478
gbert,Cannabis,289802213748,pre,0.7950634360313416,0.875144362449646,0.7154819369316101,0.716593325138092,0.9004419445991516,,,,,,0.09813407808542252,0.4025765657424927,0.49928930401802063,0.7610299587249756,0.6868718862533569,0.8400050401687622,0.2502489387989044,0.8335505127906799
gbert,Cannabis,289802213748,post,0.8772490620613098,0.8972665071487427,0.5932931900024414,0.7527957558631897,0.807770311832428,,,,,,0.1827281415462494,0.5055166482925415,0.3117552101612091,0.7272316813468933,0.6365870833396912,0.7383937239646912,0.16317832469940186,0.818220317363739
gbert,Cannabis,289870474212,pre,0.44323620200157166,0.7519809603691101,0.2766833007335663,0.7924657464027405,0.8728197813034058,,,,,,0.09906573593616486,0.5955037474632263,0.30543053150177,0.5120708346366882,0.4687764048576355,0.776438295841217,0.06991639733314514,0.0019313681405037642
gbert,Cannabis,289870474212,post,0.8631517291069031,0.9053060412406921,0.3785763084888458,0.8799440860748291,0.8493521213531494,,,,,,0.3691728711128235,0.48505154252052307,0.14577560126781464,0.35796311497688293,0.14945174753665924,0.7137662768363953,0.0028354497626423836,0.06284302473068237
gbert,Cannabis,289944143064,pre,0.1281466782093048,0.004975383635610342,0.07590629160404205,0.004403038416057825,0.16442133486270905,,,,,,0.10621502250432968,0.603097140789032,0.2906878590583801,0.10500109195709229,0.07913947850465775,0.19857759773731232,0.004447761923074722,0.04530831798911095
gbert,Cannabis,289944143064,post,0.134129598736763,0.003579201875254512,0.05479660630226135,0.027162212878465652,0.5254849195480347,,,,,,0.11142835766077042,0.792884349822998,0.09568732231855392,0.2185268998146057,0.08760309964418411,0.1777626872062683,0.014298082329332829,0.3295474350452423
gbert,Cannabis,290011993128,pre,0.5014681816101074,0.8997264504432678,0.4159192442893982,0.4684707820415497,0.9652172327041626,,,,,,0.06314016878604889,0.7403673529624939,0.1964925080537796,0.3767121136188507,0.4529637098312378,0.8424901962280273,0.18906894326210022,0.24407342076301575
gbert,Cannabis,290011993128,post,0.6371403932571411,0.9113628268241882,0.6020700335502625,0.5370632410049438,0.9594147205352783,,,,,,0.007935109548270702,0.22819383442401886,0.7638710737228394,0.40485602617263794,0.5664982199668884,0.28840121626853943,0.19816750288009644,0.1754993498325348
gbert,Cannabis,290162201580,pre,0.6440811157226562,0.8043274879455566,0.7054166197776794,0.681035041809082,0.8621408343315125,,,,,,0.03367561846971512,0.5829454660415649,0.38337892293930054,0.7434662580490112,0.5065780282020569,0.6658938527107239,0.7702549695968628,0.19889819622039795
gbert,Cannabis,290162201580,post,0.4848109781742096,0.8899534940719604,0.6628465056419373,0.6854870319366455,0.8470960259437561,,,,,,0.26795467734336853,0.541793167591095,0.19025219976902008,0.6015894412994385,0.5514025688171387,0.6726639270782471,0.37807798385620117,0.035372164100408554
gbert,Cannabis,290634638328,pre,0.3507029712200165,0.8152956366539001,0.07898741215467453,0.7687591314315796,0.4689033627510071,,,,,,0.39481398463249207,0.37330159544944763,0.23188447952270508,0.5677948594093323,0.49891412258148193,0.8287091255187988,0.4841212332248688,0.001504798885434866
gbert,Cannabis,290634638328,post,0.7302406430244446,0.9413630366325378,0.5048643350601196,0.7918094992637634,0.9492995142936707,,,,,,0.21464233100414276,0.5770788192749023,0.2082788646221161,0.6414546370506287,0.3611997365951538,0.9051129817962646,0.5553543567657471,0.005264212377369404
gbert,Cannabis,290638059012,pre,0.13356052339076996,0.002194364322349429,0.28362926840782166,0.2764875292778015,0.03749785199761391,,,,,,0.34842532873153687,0.4971752166748047,0.15439943969249725,0.6232640147209167,0.0232579093426466,0.809830367565155,0.040400099009275436,0.962180495262146
gbert,Cannabis,290638059012,post,0.0007012115675024688,0.0010850743856281042,0.19591124355793,0.006843793671578169,0.03372909501194954,,,,,,0.3185071051120758,0.6195511817932129,0.061941761523485184,0.0065080407075583935,0.33715206384658813,0.6266770362854004,0.0017276247963309288,0.9865655303001404
gbert,Cannabis,290681287128,pre,0.6196271777153015,0.8813621997833252,0.872077226638794,0.6576575636863708,0.9221194982528687,,,,,,0.08159071207046509,0.24172675609588623,0.6766824722290039,0.7100196480751038,0.6504331231117249,0.5824297070503235,0.5492416620254517,0.7713733315467834
gbert,Cannabis,290681287128,post,0.14586347341537476,0.8295103311538696,0.6955428123474121,0.5928527116775513,0.8143406510353088,,,,,,0.731131911277771,0.25862663984298706,0.01024147029966116,0.7766088247299194,0.2894743084907532,0.5828357338905334,0.33597731590270996,0.6929473280906677
gbert,Cannabis,291384030780,pre,0.6789512634277344,0.8847976326942444,0.40100327134132385,0.7674957513809204,0.7199345231056213,,,,,,0.713579535484314,0.2737109363079071,0.012709623202681541,0.25364649295806885,0.0005681609036400914,0.4664776027202606,0.00035105636925436556,0.13291950523853302
gbert,Cannabis,291384030780,post,0.6239652037620544,0.8552132844924927,0.5579112768173218,0.6440393924713135,0.7351866364479065,,,,,,0.24976614117622375,0.7370720505714417,0.013161750510334969,0.38319846987724304,0.6388383507728577,0.798102855682373,0.006760892923921347,0.6291216015815735
gbert,Cannabis,291541555296,pre,0.18717682361602783,0.6003720760345459,0.7021976709365845,0.7651070356369019,0.2749180495738983,,,,,,0.6864566206932068,0.3030441701412201,0.0104991989210248,0.8416203260421753,0.5217841267585754,0.7501829862594604,0.47193482518196106,0.7532137036323547
gbert,Cannabis,291541555296,post,0.711920440196991,0.6767393350601196,0.7311967015266418,0.8315792679786682,0.7805737257003784,,,,,,0.4886881113052368,0.5081217885017395,0.0031900694593787193,0.9854799509048462,0.357126921415329,0.5088484287261963,0.39709073305130005,0.6663756966590881
gbert,Cannabis,291601202148,pre,0.8252774477005005,0.9037768244743347,0.9053415060043335,0.7502007484436035,0.9074992537498474,,,,,,0.15408888459205627,0.5609368085861206,0.2849743068218231,0.727789580821991,0.5889774560928345,0.825143575668335,0.2737298309803009,0.8606843948364258
gbert,Cannabis,291601202148,post,0.49837878346443176,0.8145084381103516,0.16146746277809143,0.45973023772239685,0.8641248941421509,,,,,,0.12653400003910065,0.7056549191474915,0.1678110659122467,0.22025074064731598,0.5534070134162903,0.49103474617004395,0.18194587528705597,0.6906766295433044
gbert,Cannabis,291621786444,post,0.39033380150794983,0.009077602997422218,0.5265612602233887,0.08103211224079132,0.6874146461486816,,,,,,0.7520797252655029,0.22775837779045105,0.020161934196949005,0.6161894202232361,0.4222456216812134,0.45564717054367065,0.13676773011684418,0.8117086291313171
gbert,Cannabis,291758381244,pre,0.35001105070114136,0.896531343460083,0.592022716999054,0.2449350655078888,0.8501512408256531,,,,,,0.6807094812393188,0.2893759310245514,0.02991456910967827,0.8027688264846802,0.7611897587776184,0.43525657057762146,0.11637412756681442,0.42917075753211975
gbert,Cannabis,291758381244,post,0.4556451141834259,0.8076621890068054,0.6363204121589661,0.8287465572357178,0.7934157252311707,,,,,,0.13273048400878906,0.8626194000244141,0.004650088492780924,0.8619698882102966,0.8567660450935364,0.9676336646080017,0.0011068921303376555,0.8975716233253479
gbert,Cannabis,291787726212,pre,0.5859927535057068,0.0014333154540508986,0.035041991621255875,0.16366048157215118,0.07232131063938141,,,,,,0.10661642998456955,0.8617756962776184,0.031607817858457565,0.4294547736644745,0.17067544162273407,0.38796162605285645,0.11908648908138275,0.7463314533233643
gbert,Cannabis,291933006444,pre,0.4467080533504486,0.8419640064239502,0.7414964437484741,0.6961840391159058,0.9540638327598572,,,,,,0.012449201196432114,0.1093873605132103,0.8781634569168091,0.8160433173179626,0.21958908438682556,0.8669044971466064,0.21529704332351685,0.13747231662273407
gbert,Cannabis,291933006444,post,0.5023746490478516,0.8460921049118042,0.6483208537101746,0.597343921661377,0.7694721817970276,,,,,,0.795321524143219,0.19718171656131744,0.007496778853237629,0.9627008438110352,0.8388581871986389,0.8369885683059692,0.001833567745052278,0.003166267415508628
gbert,Cannabis,291945183012,pre,0.8087148666381836,0.8723815679550171,0.6729990839958191,0.9346134662628174,0.8590267896652222,,,,,,0.34609636664390564,0.5973470211029053,0.056556619703769684,0.8784093260765076,0.41492271423339844,0.8402563333511353,0.6791976690292358,0.06026187911629677
gbert,Cannabis,291945183012,post,0.6938202977180481,0.8852649927139282,0.8597014546394348,0.8613645434379578,0.9118233919143677,,,,,,0.19120731949806213,0.4002600610256195,0.40853264927864075,0.8837464451789856,0.9964091777801514,0.7374783158302307,0.15735843777656555,0.3714381456375122
gbert,Cannabis,292037520960,pre,0.5148937702178955,0.8116388916969299,0.72541344165802,0.25203749537467957,0.824050784111023,,,,,,0.46156248450279236,0.5168593525886536,0.021578146144747734,0.9719653725624084,0.8366710543632507,0.23928548395633698,0.004254073835909367,0.28095486760139465
gbert,Cannabis,292037520960,post,0.5682001709938049,0.8380267024040222,0.716533362865448,0.4245423972606659,0.8311833739280701,,,,,,0.5636188983917236,0.4229852259159088,0.013395882211625576,0.942142903804779,0.4475649297237396,0.4950651228427887,0.282333105802536,0.507336437702179
gbert,Cannabis,292069259244,post,0.5088651180267334,0.9722580313682556,0.7262908220291138,0.785590648651123,0.970306396484375,,,,,,0.013709202408790588,0.4203859865665436,0.5659047961235046,0.6599311232566833,0.7825303077697754,0.9186325669288635,0.4578590989112854,0.014382525347173214
gbert,Cannabis,292146350148,pre,0.8236739039421082,0.8908867239952087,0.715894877910614,0.7498907446861267,0.9389318823814392,,,,,,0.22749441862106323,0.7555015087127686,0.017004067078232765,0.9350144267082214,0.9411242008209229,0.44705861806869507,0.39252522587776184,0.2620109021663666
gbert,Cannabis,292146350148,post,0.7693405151367188,0.8666985630989075,0.6321879029273987,0.6147541999816895,0.7577912211418152,,,,,,0.8420208096504211,0.15134333074092865,0.006635867990553379,0.9991097450256348,0.9527616500854492,0.43618664145469666,0.004465325269848108,0.8632677793502808
gbert,Cannabis,292249837296,pre,0.6524500250816345,0.8821244835853577,0.7967686653137207,0.717040479183197,0.25677600502967834,,,,,,0.508610725402832,0.4694820046424866,0.02190728671848774,0.5743046998977661,0.3306729793548584,0.4645734131336212,0.25440365076065063,0.8383452296257019
gbert,Cannabis,292249837296,post,0.3660414516925812,0.03661574423313141,0.6009734869003296,0.23742926120758057,0.5831586122512817,,,,,,0.14158327877521515,0.7458080649375916,0.11260867118835449,0.28762224316596985,0.1923201084136963,0.5961959958076477,0.0031371836084872484,0.6877748966217041
gbert,Cannabis,292294294560,pre,0.16366668045520782,0.6351282000541687,0.6245139241218567,0.8183249235153198,0.8640413880348206,,,,,,0.3545902371406555,0.6366400718688965,0.008769724518060684,0.8629248142242432,0.8384703993797302,0.7730964422225952,0.16030246019363403,0.015089184045791626
gbert,Cannabis,292294294560,post,0.8302661180496216,0.8659989833831787,0.7609348297119141,0.6756874322891235,0.7853584289550781,,,,,,0.8649192452430725,0.1184312030673027,0.016649508848786354,0.5673341155052185,0.40495312213897705,0.5601597428321838,0.3595147430896759,0.003081622999161482
gbert,Cannabis,292295663928,pre,0.6170528531074524,0.8246213793754578,0.7467228770256042,0.8638429641723633,0.19535791873931885,,,,,,0.6144188046455383,0.3761938214302063,0.009387342259287834,0.8181904554367065,0.536691427230835,0.48977333307266235,0.06526151299476624,0.8952963352203369
gbert,Cannabis,292295663928,post,0.7951405644416809,0.7821904420852661,0.7823150157928467,0.5163058042526245,0.005349207203835249,,,,,,0.5699785351753235,0.3901122212409973,0.03990926593542099,0.5741346478462219,0.4197058379650116,0.10040701180696487,0.030357491225004196,0.892598032951355
gbert,Cannabis,292439852496,pre,0.404731810092926,0.38863226771354675,0.3796412944793701,0.07269293814897537,0.8828505873680115,,,,,,0.059005338698625565,0.48836517333984375,0.45262953639030457,0.1909545511007309,0.23276348412036896,0.2202100157737732,0.18860648572444916,0.33860987424850464
gbert,Cannabis,292439852496,post,0.20334665477275848,0.009086349047720432,0.014712889678776264,0.002805357566103339,0.003674957435578108,,,,,,0.8564557433128357,0.12587149441242218,0.017672810703516006,0.06621123850345612,0.30352845788002014,0.003094596089795232,0.0008527695899829268,0.0006740044918842614
gbert,Cannabis,292458797244,pre,0.6346448659896851,0.8738604187965393,0.6841242909431458,0.6461530923843384,0.5383537411689758,,,,,,0.8146589994430542,0.1751674860715866,0.010173538699746132,0.5501041412353516,0.7856666445732117,0.5969065427780151,0.09140563756227493,0.43759244680404663
gbert,Cannabis,292458797244,post,0.5253527164459229,0.7458515167236328,0.5156996250152588,0.6930564045906067,0.7349945902824402,,,,,,0.29960471391677856,0.5986068844795227,0.10178844630718231,0.2532516121864319,0.5024083852767944,0.6624813079833984,0.12679529190063477,0.5230953097343445
gbert,Cannabis,292518036432,pre,0.4648014008998871,0.9480937719345093,0.6225316524505615,0.12305746227502823,0.7962170243263245,,,,,,0.902869701385498,0.08941468596458435,0.007715679705142975,0.9726574420928955,0.990615725517273,0.18394672870635986,0.0033406969159841537,0.8805341124534607
gbert,Cannabis,292518036432,post,0.4542061388492584,0.9132214784622192,0.700374960899353,0.17487512528896332,0.3885281980037689,,,,,,0.8988921046257019,0.09578227996826172,0.005325638223439455,0.681220293045044,0.8415869474411011,0.24252519011497498,0.007857992313802242,0.7030344009399414
gbert,Cannabis,292549427244,pre,0.630988597869873,0.8818486928939819,0.6126302480697632,0.5120054483413696,0.7711081504821777,,,,,,0.6101900935173035,0.3762369453907013,0.013572944328188896,0.4620862603187561,0.19184936583042145,0.1818985939025879,0.044304270297288895,0.5392882823944092
gbert,Cannabis,292549427244,post,0.611754298210144,0.8650727272033691,0.6439352631568909,0.5467057228088379,0.8707587718963623,,,,,,0.41934219002723694,0.5592278242111206,0.02143000438809395,0.5445030331611633,0.2301674634218216,0.5532228350639343,0.030172524973750114,0.11066113412380219
gbert,Cannabis,292623712380,pre,0.7699783444404602,0.8250923752784729,0.8083003163337708,0.8240925669670105,0.7433273196220398,,,,,,0.3029782474040985,0.6897381544113159,0.007283587474375963,0.5729741454124451,0.45665106177330017,0.6726624369621277,0.37815389037132263,0.8752828240394592
gbert,Cannabis,292623712380,post,0.576592206954956,0.8343389630317688,0.47973623871803284,0.6027624011039734,0.30263590812683105,,,,,,0.8441187739372253,0.141179621219635,0.0147016029804945,0.5491681098937988,0.8488587737083435,0.687229335308075,0.006725567393004894,0.9236952662467957
gbert,Cannabis,292703054328,post,0.3532565236091614,0.8625367283821106,0.7039209008216858,0.6413957476615906,0.8488928079605103,,,,,,0.25507399439811707,0.4476020336151123,0.29732391238212585,0.5690008997917175,0.7244175672531128,0.4174661934375763,0.18926195800304413,0.8458026647567749
gbert,Cannabis,292748060844,pre,0.5905717611312866,0.7509270310401917,0.768752932548523,0.7729206681251526,0.8296787142753601,,,,,,0.7011429071426392,0.2889053523540497,0.009951731190085411,0.9398075342178345,0.45008179545402527,0.6880516409873962,0.04196023568511009,0.7415618896484375
gbert,Cannabis,292748060844,post,0.8341156244277954,0.8858016133308411,0.6686984896659851,0.7625579833984375,0.8324148058891296,,,,,,0.43394365906715393,0.5469962954521179,0.01906006410717964,0.5543449521064758,0.7065954804420471,0.8200777769088745,0.1520826667547226,0.6132054924964905
gbert,Cannabis,294136104096,pre,0.9016140103340149,0.8714337944984436,0.7722119092941284,0.6551478505134583,0.8713873028755188,,,,,,0.41729119420051575,0.4569252133369446,0.12578356266021729,0.8436103463172913,0.4347899556159973,0.40814799070358276,0.4119616448879242,0.4941818118095398
gbert,Cannabis,294136104096,post,0.8844205737113953,0.7270488142967224,0.16977068781852722,0.7476525902748108,0.8608255386352539,,,,,,0.07242154330015182,0.22147352993488312,0.7061048746109009,0.7788202166557312,0.3814874589443207,0.4186207056045532,0.6121891736984253,0.04278210923075676
gbert,Cannabis,294298961760,pre,0.577934980392456,0.022888854146003723,0.6735674738883972,0.41897889971733093,0.6948583722114563,,,,,,0.31306225061416626,0.5934873819351196,0.09345032274723053,0.2978796362876892,0.5594003200531006,0.49733397364616394,0.10380671918392181,0.8039183020591736
gbert,Cannabis,294298961760,post,0.2977129817008972,0.908355712890625,0.6616501212120056,0.40937721729278564,0.8413311839103699,,,,,,0.510291576385498,0.47035646438598633,0.01935194805264473,0.3841125965118408,0.5868537425994873,0.3656651973724365,0.021254265680909157,0.8548229932785034
gbert,Cannabis,294548351580,pre,0.4547213613986969,0.8302218914031982,0.6353016495704651,0.751049280166626,0.8766921162605286,,,,,,0.04259098693728447,0.2819790244102478,0.6754299402236938,0.4788148105144501,0.4446602165699005,0.9048328995704651,0.43441036343574524,0.07916439324617386
gbert,Cannabis,294548351580,post,0.8406158089637756,0.960544228553772,0.6594057083129883,0.6754467487335205,0.9189040064811707,,,,,,0.021627146750688553,0.3107026517391205,0.6676701903343201,0.9500800967216492,0.8458293080329895,0.6316660046577454,0.6472238302230835,0.7228835225105286
gbert,Cannabis,294637136832,pre,0.6255325675010681,0.9305572509765625,0.5648648738861084,0.3218511641025543,0.9148419499397278,,,,,,0.4700514078140259,0.3604274094104767,0.16952115297317505,0.46207600831985474,0.46087145805358887,0.12788018584251404,0.29497554898262024,0.41405850648880005
gbert,Cannabis,294637136832,post,0.6660381555557251,0.8838973641395569,0.63188236951828,0.5679200887680054,0.9373349547386169,,,,,,0.16123850643634796,0.4596483111381531,0.37911316752433777,0.4013129472732544,0.4884803593158722,0.5260102152824402,0.46830612421035767,0.4582396447658539
gbert,Cannabis,294844178160,pre,0.7218676805496216,0.9196638464927673,0.6507140398025513,0.6771634221076965,0.9247775077819824,,,,,,0.7996304035186768,0.19117078185081482,0.009198784828186035,0.5902004241943359,0.5547080039978027,0.9131629467010498,0.1912102997303009,0.29533934593200684
gbert,Cannabis,294844178160,post,0.7888382077217102,0.8908606171607971,0.7439978122711182,0.6132113933563232,0.9154548645019531,,,,,,0.8334713578224182,0.15923874080181122,0.00728983711451292,0.7730724811553955,0.749638557434082,0.8873910307884216,0.0015186961973086,0.005373471416532993
gbert,Cannabis,294981665580,pre,0.7625486254692078,0.9052793979644775,0.8209589123725891,0.7315050363540649,0.9499541521072388,,,,,,0.053398143500089645,0.5596856474876404,0.38691622018814087,0.43737664818763733,0.36760854721069336,0.7001612782478333,0.3691937029361725,0.34505215287208557
gbert,Cannabis,294981665580,post,0.5223191380500793,0.8262643218040466,0.7422966361045837,0.5140327215194702,0.9195936322212219,,,,,,0.017069056630134583,0.17714038491249084,0.8057906031608582,0.4480811059474945,0.30775463581085205,0.9290876388549805,0.5421092510223389,0.018247824162244797
gbert,Cannabis,294992336664,pre,0.618643045425415,0.4368855655193329,0.7830877900123596,0.17522931098937988,0.4218251407146454,,,,,,0.42100125551223755,0.5534377098083496,0.025561051443219185,0.6713224053382874,0.7199972867965698,0.8515410423278809,0.14507561922073364,0.06245068460702896
gbert,Cannabis,294992336664,post,0.4392439126968384,0.48078566789627075,0.30243220925331116,0.8573408126831055,0.1719769984483719,,,,,,0.6578842997550964,0.1641152799129486,0.17800037562847137,0.6995567083358765,0.5755451917648315,0.2858941853046417,0.019409118220210075,0.001201024977490306
gbert,Cannabis,295039534032,pre,0.9046298265457153,0.9285405278205872,0.8432305455207825,0.9001293778419495,0.8160440921783447,,,,,,0.5829344987869263,0.3787994682788849,0.038266025483608246,0.8126204609870911,0.47407156229019165,0.6791087985038757,0.637464702129364,0.0055475542321801186
gbert,Cannabis,295039534032,post,0.5360419154167175,0.8252713680267334,0.681843638420105,0.8932086825370789,0.7135573029518127,,,,,,0.2679539918899536,0.6508493423461914,0.08119671791791916,0.598678708076477,0.677277147769928,0.9699881076812744,0.28796717524528503,0.48224130272865295
gbert,Cannabis,295075850328,pre,0.42809274792671204,0.8724005818367004,0.6954062581062317,0.6794558167457581,0.9741998314857483,,,,,,0.009139499627053738,0.20388486981391907,0.786975622177124,0.7764363288879395,0.6322458982467651,0.8909949064254761,0.3392024040222168,0.26505276560783386
gbert,Cannabis,295075850328,post,0.5333142280578613,0.8054100275039673,0.622972309589386,0.5630608797073364,0.9322471618652344,,,,,,0.021044444292783737,0.28287187218666077,0.696083664894104,0.632935106754303,0.5018569827079773,0.7019131183624268,0.5765257477760315,0.4057956039905548
gbert,Cannabis,295087686948,pre,0.4824735224246979,0.9315399527549744,0.6128880977630615,0.3370007276535034,0.8594708442687988,,,,,,0.03206595778465271,0.45380356907844543,0.5141304731369019,0.665761411190033,0.28002622723579407,0.5112319588661194,0.0966714546084404,0.44768962264060974
gbert,Cannabis,295087686948,post,0.6445640325546265,0.9037387371063232,0.5552120208740234,0.5881887078285217,0.9641503095626831,,,,,,0.01059659756720066,0.20153392851352692,0.7878694534301758,0.4343405067920685,0.38392403721809387,0.780513346195221,0.12342217564582825,0.4894409477710724
gbert,Cannabis,295148694960,pre,0.8886569738388062,0.9256471395492554,0.8288036584854126,0.81803297996521,0.9229569435119629,,,,,,0.37820690870285034,0.4563733637332916,0.16541972756385803,0.8292007446289062,0.5496625900268555,0.7819033265113831,0.7434489727020264,0.9257111549377441
gbert,Cannabis,295148694960,post,0.8997646570205688,0.9387683272361755,0.8512178659439087,0.8307693004608154,0.9185559153556824,,,,,,0.3731045126914978,0.4148362874984741,0.2120591700077057,0.8516110181808472,0.5548952221870422,0.7916426658630371,0.7750415802001953,0.9102046489715576
gbert,Cannabis,295280848548,pre,0.6496607065200806,0.8677944540977478,0.48464080691337585,0.49595704674720764,0.8938284516334534,,,,,,0.04344052076339722,0.7327183485031128,0.22384114563465118,0.7766724824905396,0.37689265608787537,0.42658501863479614,0.09023833274841309,0.7088988423347473
gbert,Cannabis,295280848548,post,0.6420121788978577,0.7512200474739075,0.5490092635154724,0.5408421158790588,0.7627411484718323,,,,,,0.7902281284332275,0.19880037009716034,0.010971574112772942,0.7344071865081787,0.5311199426651001,0.5833256840705872,0.1048903614282608,0.546225368976593
gbert,Cannabis,295334470044,pre,0.8387916684150696,0.8642895221710205,0.844289243221283,0.7268949151039124,0.8774537444114685,,,,,,0.12671412527561188,0.47802165150642395,0.39526423811912537,0.6174110770225525,0.31645891070365906,0.6584330201148987,0.48722630739212036,0.7303066849708557
gbert,Cannabis,295334470044,post,0.7617522478103638,0.7902771234512329,0.7770252823829651,0.5671337246894836,0.8580909371376038,,,,,,0.046327028423547745,0.4653671085834503,0.48830583691596985,0.0079500712454319,0.43417781591415405,0.8820202350616455,0.6120603084564209,0.09033751487731934
gbert,Cannabis,295443772560,post,0.7231382131576538,0.3762473165988922,0.62994784116745,0.6261845231056213,0.5959447622299194,,,,,,0.4782102108001709,0.5027288198471069,0.019060958176851273,0.7565423846244812,0.3431154191493988,0.5472391247749329,0.4175909757614136,0.005694819614291191
gbert,Cannabis,295444598148,post,0.19964168965816498,0.8513534665107727,0.5572894811630249,0.018437456339597702,0.8595377802848816,,,,,,0.6734627485275269,0.30793675780296326,0.0186004675924778,0.1064426451921463,0.3888227939605713,0.08702029287815094,0.0013459002366289496,0.8328157663345337
gbert,Cannabis,296236531296,pre,0.7848076224327087,0.7799142599105835,0.6659182906150818,0.7847633361816406,0.9620102047920227,,,,,,0.08623059839010239,0.7775683999061584,0.13620099425315857,0.5607416033744812,0.27884188294410706,0.798713743686676,0.428396612405777,0.4590793550014496
gbert,Cannabis,296270392716,pre,0.11884786188602448,0.0023653805255889893,0.23478063941001892,0.11455408483743668,0.09541285037994385,,,,,,0.0588064044713974,0.8515953421592712,0.08959824591875076,0.23707078397274017,0.10889748483896255,0.39673730731010437,0.09405576437711716,0.20954932272434235
gbert,Cannabis,296270392716,post,0.5657618045806885,0.2533462941646576,0.726195216178894,0.7022753357887268,0.7999361157417297,,,,,,0.2121940404176712,0.6441354155540466,0.14367055892944336,0.4343414902687073,0.21705080568790436,0.6344401240348816,0.25225841999053955,0.6523621082305908
gbert,Cannabis,296302130316,pre,0.2750632166862488,0.7488102316856384,0.5520451068878174,0.3129647672176361,0.7876477241516113,,,,,,0.1521759182214737,0.5182033181190491,0.32962074875831604,0.5543433427810669,0.0048542870208621025,0.767410933971405,0.0012524526100605726,0.6345451474189758
gbert,Cannabis,296302130316,post,0.3538844883441925,0.8154522180557251,0.6629027724266052,0.6080591082572937,0.1704360693693161,,,,,,0.6798502802848816,0.31000378727912903,0.010145911946892738,0.443655401468277,0.001450220588594675,0.2477833479642868,0.00039537763223052025,0.032009489834308624
gbert,Cannabis,296314442316,pre,0.7641251087188721,0.8651224970817566,0.7451514601707458,0.6407365202903748,0.9664145708084106,,,,,,0.19630640745162964,0.5097781419754028,0.29391542077064514,0.44017723202705383,0.5153952240943909,0.8337946534156799,0.14377032220363617,0.7656315565109253
gbert,Cannabis,296314442316,post,0.7793140411376953,0.8683049082756042,0.6015141010284424,0.7701708674430847,0.9003835320472717,,,,,,0.35625776648521423,0.4767943322658539,0.1669478863477707,0.7369893789291382,0.4931879937648773,0.7534293532371521,0.3255491852760315,0.004217823036015034
gbert,Cannabis,296485300044,pre,0.8101800680160522,0.8195908069610596,0.6890233755111694,0.5065311789512634,0.8477934002876282,,,,,,0.05444559454917908,0.47936898469924927,0.46618545055389404,0.4878259599208832,0.348996639251709,0.4490061402320862,0.3755629360675812,0.0034353521186858416
gbert,Cannabis,296485300044,post,0.8446331024169922,0.8790620565414429,0.7461774349212646,0.6764166355133057,0.9095067381858826,,,,,,0.11807264387607574,0.48224717378616333,0.39968013763427734,0.7370689511299133,0.4293844401836395,0.5863597393035889,0.7136675119400024,0.012500042095780373
gbert,Cannabis,296505207180,pre,0.5256951451301575,0.861400842666626,0.6455041766166687,0.6325405240058899,0.8662154078483582,,,,,,0.793674886226654,0.1986803561449051,0.0076447236351668835,0.5405765175819397,0.6015114188194275,0.6317683458328247,0.13343559205532074,0.7750792503356934
gbert,Cannabis,296505207180,post,0.8635207414627075,0.9068567156791687,0.5788003206253052,0.6273902654647827,0.2025671899318695,,,,,,0.773430585861206,0.21607445180416107,0.010494953952729702,0.23876872658729553,0.44689175486564636,0.07856857776641846,0.002821768634021282,0.7499017119407654
gbert,Cannabis,296604729180,pre,0.6806832551956177,0.5553644895553589,0.8581244945526123,0.8603010177612305,0.8829184770584106,,,,,,0.05876827612519264,0.31390172243118286,0.62732994556427,0.6582819223403931,0.32520434260368347,0.727421224117279,0.43111252784729004,0.5110036134719849
gbert,Cannabis,296604729180,post,0.7063539028167725,0.8363857269287109,0.6722156405448914,0.7407389879226685,0.21757420897483826,,,,,,0.7871031165122986,0.19086125493049622,0.02203560061752796,0.6902813911437988,0.31012359261512756,0.45651301741600037,0.03773542121052742,0.9571298956871033
gbert,Cannabis,296701859916,pre,0.8733538389205933,0.5910208225250244,0.7989092469215393,0.5038368701934814,0.2975694239139557,,,,,,0.7554099559783936,0.2195836305618286,0.025006426498293877,0.48645684123039246,0.3500020205974579,0.4629523754119873,0.3395264744758606,0.7669463157653809
gbert,Cannabis,296701859916,post,0.7718417048454285,0.5772829651832581,0.6117206811904907,0.5286543965339661,0.8126822113990784,,,,,,0.09876757860183716,0.7479360699653625,0.15329641103744507,0.2261626273393631,0.09300236403942108,0.4436929523944855,0.14915093779563904,0.5562644004821777
gbert,Cannabis,296804111760,pre,0.7722969651222229,0.8944617509841919,0.5664018392562866,0.6561124324798584,0.7852565050125122,,,,,,0.3541009724140167,0.6301676630973816,0.01573137938976288,0.48794278502464294,0.32877621054649353,0.737998366355896,0.034618668258190155,0.45031318068504333
gbert,Cannabis,296804111760,post,0.761458694934845,0.9305986166000366,0.5858862996101379,0.7836050391197205,0.6851366758346558,,,,,,0.8224474191665649,0.16857923567295074,0.008973386138677597,0.59120112657547,0.5907037258148193,0.0015582767082378268,0.6105776429176331,0.2406204342842102
gbert,Cannabis,297211164948,pre,0.19924259185791016,0.8777101039886475,0.3974004089832306,0.010884490795433521,0.599848747253418,,,,,,0.6653924584388733,0.28886115550994873,0.045746318995952606,0.010313565842807293,0.05300075560808182,0.18697553873062134,0.21272674202919006,0.0007338518626056612
gbert,Cannabis,297211164948,post,0.47551438212394714,0.924654483795166,0.6198040843009949,0.2919558584690094,0.9202241897583008,,,,,,0.03533560037612915,0.3186699450016022,0.6459944844245911,0.2561604976654053,0.6007428169250488,0.1613367348909378,0.04801159352064133,0.3734555244445801
gbert,Cannabis,297276141528,pre,0.46803930401802063,0.8775702118873596,0.7604705691337585,0.8383990526199341,0.9855491518974304,,,,,,0.08601018041372299,0.9048200249671936,0.009169768542051315,0.8561624884605408,0.9561915397644043,0.7457228302955627,0.5346488952636719,0.5630875825881958
gbert,Cannabis,297276141528,post,0.3652701675891876,0.7176728844642639,0.5352409482002258,0.425652414560318,0.8262107968330383,,,,,,0.5182415246963501,0.4638051688671112,0.017953263595700264,0.8420113325119019,0.9554489254951477,0.9063645005226135,0.3882508873939514,0.7923566102981567
gbert,Cannabis,297309799116,pre,0.4638785421848297,0.8818001747131348,0.6792128682136536,0.8100058436393738,0.9023991823196411,,,,,,0.011806396767497063,0.19407981634140015,0.79411381483078,0.5994806885719299,0.34055644273757935,0.967993974685669,0.17612561583518982,0.7418157458305359
gbert,Cannabis,297309799116,post,0.5653709173202515,0.8813691735267639,0.5709480047225952,0.740410566329956,0.8857877254486084,,,,,,0.010018839500844479,0.13688009977340698,0.8531010746955872,0.6653733253479004,0.5004370808601379,0.7439655661582947,0.4010660648345947,0.39693155884742737
gbert,Cannabis,297437978664,pre,0.6333897113800049,0.8184131979942322,0.6242203116416931,0.3909793198108673,0.92972332239151,,,,,,0.050777800381183624,0.3465004861354828,0.6027217507362366,0.2394433319568634,0.32408854365348816,0.49010661244392395,0.10680774599313736,0.4298247694969177
gbert,Cannabis,297437978664,post,0.6713868379592896,0.9141966104507446,0.7303745746612549,0.6050876975059509,0.851472795009613,,,,,,0.42676419019699097,0.4391467273235321,0.13408905267715454,0.7194241881370544,0.7109261751174927,0.7059054970741272,0.1013820618391037,0.366197407245636
gbert,Cannabis,297484560432,pre,0.41948845982551575,0.005276069510728121,0.5506554245948792,0.14654304087162018,0.748286783695221,,,,,,0.11427702754735947,0.7841215133666992,0.10160145163536072,0.6235297322273254,0.3138875961303711,0.32470908761024475,0.009566308930516243,0.2212679237127304
gbert,Cannabis,297484560432,post,0.4793489873409271,0.5308833122253418,0.5118950605392456,0.5979130268096924,0.8684247732162476,,,,,,0.09898355603218079,0.7203211784362793,0.1806952804327011,0.7854846715927124,0.6751885414123535,0.46699780225753784,0.2654274106025696,0.3503607511520386
gbert,Cannabis,298232920044,pre,0.746749222278595,0.8810604214668274,0.5735706090927124,0.9178363084793091,0.6164901852607727,,,,,,0.21591249108314514,0.729076087474823,0.05501146614551544,0.9408494830131531,0.9926673769950867,0.7254120707511902,0.42353343963623047,0.747524619102478
gbert,Cannabis,298232920044,post,0.6929530501365662,0.8780496120452881,0.6583526730537415,0.3522946536540985,0.7774059772491455,,,,,,0.1116945669054985,0.7412665486335754,0.14703896641731262,0.9872440695762634,0.9927763342857361,0.3283746838569641,0.03269147500395775,0.3386802673339844
gbert,Cannabis,298249883928,pre,0.5756841897964478,0.8723319172859192,0.6688549518585205,0.04900636896491051,0.42952924966812134,,,,,,0.7125051021575928,0.2750570476055145,0.012437855824828148,0.6200151443481445,0.8456811904907227,0.11070358008146286,0.05828031152486801,0.9622328877449036
gbert,Cannabis,298249883928,post,0.5624427795410156,0.9223183989524841,0.8359454274177551,0.8777213096618652,0.24277982115745544,,,,,,0.9141079783439636,0.07605963945388794,0.009832334704697132,0.8947827816009521,0.8364466428756714,0.8037436008453369,0.5666007399559021,0.9290686845779419
gbert,Cannabis,298252892160,pre,0.4142514765262604,0.8808433413505554,0.5028035640716553,0.4617442488670349,0.8745967745780945,,,,,,0.8658170700073242,0.12809643149375916,0.006086505483835936,0.44283878803253174,0.3509000241756439,0.13663917779922485,0.018742769956588745,0.8071149587631226
gbert,Cannabis,298252892160,post,0.631791353225708,0.8998395800590515,0.525917112827301,0.5299826264381409,0.8912747502326965,,,,,,0.8625200986862183,0.13136684894561768,0.006113008130341768,0.5035498738288879,0.3698689639568329,0.9008042216300964,0.006103307008743286,0.8334861993789673
gbert,Cannabis,298300704444,pre,0.9018257856369019,0.8709408044815063,0.6769055128097534,0.8331632614135742,0.9065016508102417,,,,,,0.624619722366333,0.36646196246147156,0.008918367326259613,0.9144288301467896,0.005086272023618221,0.9067449569702148,0.0010959467617794871,0.0021989636588841677
gbert,Cannabis,298300704444,post,0.843145489692688,0.8011290431022644,0.7795550227165222,0.8685922622680664,0.8579249978065491,,,,,,0.39346379041671753,0.5983725190162659,0.00816362351179123,0.8166353106498718,0.01388143002986908,0.9500356912612915,0.0006039703730493784,0.04299196973443031
gbert,Cannabis,298301049864,pre,0.830674946308136,0.8967543244361877,0.6581376791000366,0.5818905830383301,0.8413300514221191,,,,,,0.01851022243499756,0.2461848258972168,0.7353049516677856,0.30785688757896423,0.26274439692497253,0.6487946510314941,0.3776198625564575,0.721428394317627
gbert,Cannabis,298301049864,post,0.23605629801750183,0.7688530087471008,0.03624670207500458,0.0029230802319943905,0.928408145904541,,,,,,0.006484459154307842,0.09396529942750931,0.899550199508667,0.234991192817688,0.23506756126880646,0.47650378942489624,0.06904207170009613,0.1817503422498703
gbert,Cannabis,298381419864,pre,0.5693485736846924,0.9324037432670593,0.6932701468467712,0.6499894857406616,0.9894600510597229,,,,,,0.01963990367949009,0.4383988082408905,0.5419613122940063,0.5492451190948486,0.2002912163734436,0.7783948183059692,0.23804213106632233,0.10192786902189255
gbert,Cannabis,298381419864,post,0.7775559425354004,0.7836510539054871,0.6396690607070923,0.5553005337715149,0.900901734828949,,,,,,0.03493654727935791,0.5032652616500854,0.46179813146591187,0.28911879658699036,0.393586128950119,0.6552695035934448,0.3620712459087372,0.7607060670852661
gbert,Cannabis,298394417916,pre,0.9469224810600281,0.8858699798583984,0.7313965559005737,0.8947708606719971,0.9728253483772278,,,,,,0.04710034653544426,0.6849377751350403,0.26796188950538635,0.8846887350082397,0.2405267059803009,0.5499793887138367,0.44224125146865845,0.8080719709396362
gbert,Cannabis,298394417916,post,0.8352105617523193,0.9040805697441101,0.6051571369171143,0.6533839106559753,0.9003368020057678,,,,,,0.1893620491027832,0.6284407377243042,0.18219727277755737,0.5421055555343628,0.06717915832996368,0.8186147212982178,0.20364832878112793,0.014260577969253063
gbert,Cannabis,298396260612,pre,0.548403799533844,0.9355432987213135,0.6518622040748596,0.5777519345283508,0.9257923364639282,,,,,,0.5959368944168091,0.37510961294174194,0.028953559696674347,0.38139504194259644,0.2430749088525772,0.645675539970398,0.005676668602973223,0.6340870261192322
gbert,Cannabis,298396260612,post,0.7476957440376282,0.8128393292427063,0.6416743993759155,0.7287873029708862,0.8123282790184021,,,,,,0.3814646899700165,0.6028226613998413,0.01571272313594818,0.6316027641296387,0.37216997146606445,0.65024334192276,0.10374713689088821,0.6461167335510254
gbert,Cannabis,298490993244,pre,0.7920552492141724,0.0775052011013031,0.3626035451889038,0.7007250785827637,0.45116689801216125,,,,,,0.622898519039154,0.29554054141044617,0.08156096190214157,0.6909775137901306,0.47090452909469604,0.33122918009757996,0.3019232749938965,0.2002888172864914
gbert,Cannabis,298490993244,post,0.7776914834976196,0.8309109210968018,0.6793127655982971,0.6799923181533813,0.9253849983215332,,,,,,0.03502557426691055,0.6776881814002991,0.28728628158569336,0.5364614129066467,0.2913641333580017,0.713214099407196,0.5498442053794861,0.003777570789679885
gbert,Cannabis,298502623980,pre,0.14258582890033722,0.8414815664291382,0.7073275446891785,0.8682764768600464,0.952892005443573,,,,,,0.3447188436985016,0.6313952207565308,0.023885952308773994,0.09928741306066513,0.7083830833435059,0.7999111413955688,0.4841304123401642,0.9247482419013977
gbert,Cannabis,298502623980,post,0.25803518295288086,0.9210172891616821,0.6064053177833557,0.5238261818885803,0.9356841444969177,,,,,,0.42675116658210754,0.5553619861602783,0.0178868155926466,0.7755405902862549,0.9643124938011169,0.6024208068847656,0.1288178414106369,0.48258429765701294
gbert,Cannabis,298584706032,post,0.680950939655304,0.8196160197257996,0.519243061542511,0.6752543449401855,0.8303282260894775,,,,,,0.5666487812995911,0.4039212465286255,0.029429957270622253,0.8520852327346802,0.619877815246582,0.8990259766578674,0.11145574599504471,0.09950974583625793
gbert,Cannabis,298592227296,pre,0.7806346416473389,0.9294898509979248,0.8859823346138,0.9326470494270325,0.1101345494389534,,,,,,0.6865754723548889,0.30426284670829773,0.009161708876490593,0.6180039644241333,0.00047565120621584356,0.42965635657310486,0.0003120358451269567,0.845635712146759
gbert,Cannabis,298592227296,post,0.2981783449649811,0.723642885684967,0.544207751750946,0.8097226619720459,0.0018348738085478544,,,,,,0.8749476075172424,0.11152190715074539,0.01353053655475378,0.7184088826179504,0.00035537773510441184,0.16780352592468262,0.0003701352106872946,0.016138825565576553
gbert,Cannabis,298631968380,pre,0.6312591433525085,0.9087511897087097,0.6453290581703186,0.7025928497314453,0.8421064615249634,,,,,,0.3212015926837921,0.6311273574829102,0.04767104238271713,0.6282857060432434,0.49540048837661743,0.508031964302063,0.25284430384635925,0.05253681167960167
gbert,Cannabis,298631968380,post,0.8630086779594421,0.9009584188461304,0.8248518705368042,0.7034391164779663,0.8361008167266846,,,,,,0.7226936221122742,0.2648123502731323,0.012494111433625221,0.8212476372718811,0.880194902420044,0.6715216040611267,0.605140745639801,0.2057749181985855
gbert,Cannabis,298778755464,pre,0.6893514394760132,0.8510750532150269,0.6088414192199707,0.7777400612831116,0.6083154082298279,,,,,,0.7174944281578064,0.27340760827064514,0.009097959846258163,0.9379691481590271,0.9306973814964294,0.7983809113502502,0.09641814976930618,0.003177360398694873
gbert,Cannabis,298778755464,post,0.8940607309341431,0.9050582647323608,0.6603937745094299,0.7237359285354614,0.766294002532959,,,,,,0.773145318031311,0.21327346563339233,0.01358124427497387,0.804205596446991,0.13462470471858978,0.5577459335327148,0.03754284977912903,0.28113728761672974
gbert,Cannabis,298784432664,pre,0.6368057727813721,0.9093645811080933,0.8258152008056641,0.8806897401809692,0.8240309953689575,,,,,,0.553705096244812,0.42746633291244507,0.01882854290306568,0.7716200947761536,0.5783681869506836,0.970646321773529,0.02888793870806694,0.5627826452255249
gbert,Cannabis,298784432664,post,0.7901729941368103,0.12286143004894257,0.5899180173873901,0.6438279747962952,0.5308564305305481,,,,,,0.4182649552822113,0.5606755614280701,0.02105945162475109,0.435860812664032,0.38793712854385376,0.3627939224243164,0.16000089049339294,0.02699674479663372
gbert,Cannabis,298802216664,pre,0.7383801341056824,0.8837265372276306,0.5956928730010986,0.47783926129341125,0.8938369154930115,,,,,,0.869371771812439,0.12252446264028549,0.008103825151920319,0.6112337708473206,0.705848753452301,0.24149401485919952,0.2842399775981903,0.8355727791786194
gbert,Cannabis,298802216664,post,0.8179717063903809,0.8916040658950806,0.7806471586227417,0.7466552257537842,0.8794653415679932,,,,,,0.5876972675323486,0.38873711228370667,0.023565616458654404,0.7799181938171387,0.3051639199256897,0.5705053210258484,0.5209166407585144,0.788382887840271
gbert,Cannabis,298885935528,pre,0.7154731154441833,0.903559684753418,0.6391391158103943,0.778576672077179,0.7978347539901733,,,,,,0.3507355749607086,0.5800607800483704,0.06920359283685684,0.620224118232727,0.6427699327468872,0.8162450194358826,0.7833398580551147,0.10591952502727509
gbert,Cannabis,298885935528,post,0.6649624705314636,0.7808809876441956,0.7072095274925232,0.6949900984764099,0.7018669843673706,,,,,,0.08837148547172546,0.3534800112247467,0.5581485629081726,0.7753807306289673,0.360146701335907,0.6591480374336243,0.48117008805274963,0.19101688265800476
gbert,Cannabis,299005499412,pre,0.3545822501182556,0.6951305866241455,0.6396353244781494,0.4329332113265991,0.7838001847267151,,,,,,0.14480695128440857,0.3191646337509155,0.5360285043716431,0.6238637566566467,0.6506115198135376,0.7513218522071838,0.01379098929464817,0.033624809235334396
gbert,Cannabis,299005499412,post,0.49256736040115356,0.8974067568778992,0.411570280790329,0.41380810737609863,0.8298450112342834,,,,,,0.13574698567390442,0.6868919134140015,0.17736108601093292,0.7143438458442688,0.8768752813339233,0.5663720965385437,0.17340797185897827,0.039542004466056824
gbert,Cannabis,299027728728,pre,0.7380731105804443,0.7538759112358093,0.1593894511461258,0.4810778796672821,0.8867442011833191,,,,,,0.04081638529896736,0.44888922572135925,0.5102943778038025,0.38344094157218933,0.14289021492004395,0.3185970187187195,0.36390936374664307,0.0037321504205465317
gbert,Cannabis,299027728728,post,0.23214440047740936,0.7174073457717896,0.41054701805114746,0.6669709086418152,0.8819510340690613,,,,,,0.03375205025076866,0.3228210210800171,0.6434270143508911,0.27558818459510803,0.21829445660114288,0.5348742604255676,0.34925493597984314,0.2258814573287964
gbert,Cannabis,299096813412,pre,0.35270190238952637,0.8991661071777344,0.619583010673523,0.749835729598999,0.8492783904075623,,,,,,0.07215086370706558,0.5488596558570862,0.37898945808410645,0.3399415910243988,0.27609044313430786,0.7164146900177002,0.42943599820137024,0.0041214595548808575
gbert,Cannabis,299096813412,post,0.52777498960495,0.9026829600334167,0.6393217444419861,0.7875531911849976,0.8839255571365356,,,,,,0.08953946828842163,0.3958812355995178,0.5145792961120605,0.5336687564849854,0.3385085165500641,0.8991239070892334,0.587147057056427,0.3406497836112976
gbert,Cannabis,299118362148,pre,0.5193437933921814,0.8513470888137817,0.15684308111667633,0.10953040421009064,0.42204010486602783,,,,,,0.23946548998355865,0.44360819458961487,0.31692633032798767,0.23913221061229706,0.0037376137915998697,0.8846853971481323,0.1435154378414154,0.0008054663194343448
gbert,Cannabis,299118362148,post,0.7891740798950195,0.9301135540008545,0.8237343430519104,0.8431553840637207,0.8963257074356079,,,,,,0.24370767176151276,0.5663287043571472,0.1899636685848236,0.7850988507270813,0.5241622924804688,0.922561764717102,0.40814611315727234,0.3126465082168579
gbert,Cannabis,299135390328,pre,0.4792066812515259,0.8143720030784607,0.3672444820404053,0.6290910243988037,0.8087682127952576,,,,,,0.07576491683721542,0.46481186151504517,0.4594232738018036,0.7151302099227905,0.18351060152053833,0.9132089614868164,0.12033097445964813,0.27834516763687134
gbert,Cannabis,299135390328,post,0.6794410943984985,0.8458913564682007,0.7088188529014587,0.7219859957695007,0.858507513999939,,,,,,0.1475638896226883,0.4506947696208954,0.4017413258552551,0.7434303760528564,0.37831205129623413,0.8827501535415649,0.011283572763204575,0.22841182351112366
gbert,Cannabis,299342574612,pre,0.8849826455116272,0.9074764251708984,0.7902585864067078,0.7855175733566284,0.9063756465911865,,,,,,0.40286874771118164,0.4311731159687042,0.16595813632011414,0.8468316197395325,0.6284456849098206,0.7639225721359253,0.7319471836090088,0.8136621713638306
gbert,Cannabis,299342574612,post,0.8913990259170532,0.9064813852310181,0.7715372443199158,0.7918780446052551,0.9126150012016296,,,,,,0.41569438576698303,0.4015427529811859,0.18276286125183105,0.8125923275947571,0.9055761098861694,0.8009743690490723,0.6654489040374756,0.874398946762085
gbert,Cannabis,299395791864,post,0.05160190537571907,0.00440581701695919,0.025065289810299873,0.0015886701876297593,0.06593519449234009,,,,,,0.1097053587436676,0.4959797263145447,0.3943149149417877,0.12002494931221008,0.0943911150097847,0.1636299192905426,0.017024511471390724,0.044404346495866776
gbert,Cannabis,299405505348,pre,0.693562388420105,0.8728659749031067,0.6577150225639343,0.6148720383644104,0.8194782733917236,,,,,,0.3849492371082306,0.5394042730331421,0.07564657181501389,0.9719579219818115,0.9860289096832275,0.8093096613883972,0.7392707467079163,0.5351371169090271
gbert,Cannabis,299405505348,post,0.15846100449562073,0.7962432503700256,0.7050831317901611,0.6702045798301697,0.7714533805847168,,,,,,0.7186155915260315,0.2708015441894531,0.01058290060609579,0.6754119396209717,0.4067939519882202,0.5558157563209534,0.5431585311889648,0.8418776988983154
gbert,Cannabis,299424448044,pre,0.11519917845726013,0.5756365060806274,0.48264840245246887,0.7080252170562744,0.6511777639389038,,,,,,0.18222841620445251,0.6626152992248535,0.15515631437301636,0.9349194169044495,0.49209317564964294,0.5225548148155212,0.06899610906839371,0.9778759479522705
gbert,Cannabis,299424448044,post,0.7400109767913818,0.9176293015480042,0.6931807994842529,0.53790682554245,0.9392181038856506,,,,,,0.19651226699352264,0.6532589793205261,0.15022875368595123,0.9633058309555054,0.5984470248222351,0.7366061806678772,0.017064601182937622,0.0014498380478471518
gbert,Cannabis,299438609580,pre,0.558006763458252,0.8282519578933716,0.32185378670692444,0.6034955978393555,0.22680579125881195,,,,,,0.36361902952194214,0.6201897859573364,0.016191214323043823,0.5805362462997437,0.032594773918390274,0.752484142780304,0.0017115493537858129,0.6110284328460693
gbert,Cannabis,299438609580,post,0.7307597994804382,0.8961015343666077,0.7473062872886658,0.6859347224235535,0.6959158778190613,,,,,,0.35972294211387634,0.4661135971546173,0.17416349053382874,0.7677240371704102,0.9057651162147522,0.8780231475830078,0.34472545981407166,0.008571057580411434
gbert,Cannabis,299545516728,pre,0.8865804672241211,0.8871434330940247,0.7351781725883484,0.8327577710151672,0.5203134417533875,,,,,,0.47906267642974854,0.49614617228507996,0.02479112707078457,0.9564279317855835,0.005606763996183872,0.6525691747665405,0.09575588256120682,0.05441628769040108
gbert,Cannabis,299545516728,post,0.7890834212303162,0.79789137840271,0.6395023465156555,0.5991095900535583,0.7610536813735962,,,,,,0.3330478072166443,0.5262938737869263,0.14065830409526825,0.8741775155067444,0.6942305564880371,0.45205172896385193,0.0014805173268541694,0.006364161614328623
gbert,Cannabis,301010033916,pre,0.8352354168891907,0.8920711278915405,0.7788431644439697,0.7810720801353455,0.8672282099723816,,,,,,0.09871359169483185,0.5701209306716919,0.33116552233695984,0.711196780204773,0.4687691628932953,0.6679031848907471,0.5943040251731873,0.05605635046958923
gbert,Cannabis,301010033916,post,0.8349393010139465,0.702327311038971,0.7556926012039185,0.7360069155693054,0.8687092065811157,,,,,,0.19412991404533386,0.5999346375465393,0.2059355080127716,0.5205149054527283,0.2801310122013092,0.5513374209403992,0.4183441400527954,0.05945147946476936
gbert,Cannabis,301031710560,pre,0.01295902393758297,0.7622723579406738,0.6194042563438416,0.475135862827301,0.4090391993522644,,,,,,0.8237529397010803,0.16384737193584442,0.012399685569107533,0.1448747217655182,0.6496111750602722,0.405741810798645,0.2218436598777771,0.9823666214942932
gbert,Cannabis,301031710560,post,0.5376276969909668,0.6968069672584534,0.6926702857017517,0.6269314289093018,0.6850528717041016,,,,,,0.3743555247783661,0.6106022596359253,0.015042169019579887,0.6473231315612793,0.38028112053871155,0.6990336179733276,0.11076357960700989,0.15888984501361847
gbert,Cannabis,301139171748,pre,0.6837054491043091,0.9350011348724365,0.6574656963348389,0.5007514357566833,0.7993343472480774,,,,,,0.7563958168029785,0.2336965948343277,0.009907599538564682,0.7319510579109192,0.874001145362854,0.29308801889419556,0.531922459602356,0.3628578186035156
gbert,Cannabis,301139171748,post,0.8793538808822632,0.9229227304458618,0.7188315987586975,0.5996592044830322,0.8076770305633545,,,,,,0.9212744832038879,0.07466752082109451,0.004057970829308033,0.8242722749710083,0.7493395805358887,0.18382292985916138,0.03666478022933006,0.8289731740951538
gbert,Cannabis,301235681412,pre,0.682671070098877,0.8600319027900696,0.6147637963294983,0.8577381372451782,0.965264081954956,,,,,,0.04737218841910362,0.9186071753501892,0.034020598977804184,0.5763563513755798,0.36585336923599243,0.8432283997535706,0.10527340322732925,0.22930030524730682
gbert,Cannabis,301235681412,post,0.695577085018158,0.8175747990608215,0.7015833258628845,0.5530651211738586,0.9537030458450317,,,,,,0.137974813580513,0.7696560621261597,0.09236908704042435,0.7098113298416138,0.5152561664581299,0.5771733522415161,0.5741968154907227,0.0635710135102272
gbert,Cannabis,301489654032,pre,0.814933717250824,0.892673671245575,0.6712183356285095,0.6678517460823059,0.7947352528572083,,,,,,0.8078736066818237,0.176274374127388,0.01585194654762745,0.6597620248794556,0.3215349316596985,0.46691569685935974,0.4773755669593811,0.8012527227401733
gbert,Cannabis,301489654032,post,0.8517932891845703,0.8950420618057251,0.6369260549545288,0.7086557149887085,0.8229724168777466,,,,,,0.6218267679214478,0.3647160530090332,0.013457175344228745,0.4807049632072449,0.34732216596603394,0.46553537249565125,0.010772687382996082,0.011041296645998955
gbert,Cannabis,301673236896,post,0.1599123328924179,0.006762427277863026,0.05598274618387222,0.0043127164244651794,0.11188730597496033,,,,,,0.15640081465244293,0.6543363332748413,0.18926286697387695,0.09387199580669403,0.09754247218370438,0.16050300002098083,0.002928636036813259,0.03626415878534317
gbert,Cannabis,301673513916,pre,0.6502922773361206,0.9032805562019348,0.7025082111358643,0.6989392042160034,0.8702853918075562,,,,,,0.08954259753227234,0.4547828137874603,0.4556746184825897,0.7676581740379333,0.8635369539260864,0.7187710404396057,0.2421264499425888,0.7400044798851013
gbert,Cannabis,301673513916,post,0.613469660282135,0.917743444442749,0.565251350402832,0.7113798260688782,0.9532967805862427,,,,,,0.011176113970577717,0.1335846334695816,0.85523921251297,0.37229278683662415,0.538123369216919,0.6897252798080444,0.13807907700538635,0.43345552682876587
gbert,Cannabis,301703880780,pre,0.8735116720199585,0.8935439586639404,0.6811713576316833,0.6411213278770447,0.9052411317825317,,,,,,0.0964561402797699,0.6882351040840149,0.21530881524085999,0.509699821472168,0.21768808364868164,0.609771728515625,0.24515005946159363,0.5345919728279114
gbert,Cannabis,301703880780,post,0.8440251350402832,0.8335950374603271,0.794847309589386,0.8038926124572754,0.8502323031425476,,,,,,0.1309203952550888,0.4146260619163513,0.45445355772972107,0.8950061202049255,0.6211144328117371,0.8110033273696899,0.39125359058380127,0.860971987247467
gbert,Cannabis,301738556160,pre,0.6302286982536316,0.9144909381866455,0.3249916732311249,0.6759957671165466,0.941701352596283,,,,,,0.030148295685648918,0.30164897441864014,0.6682027578353882,0.32293784618377686,0.6194596290588379,0.8712688684463501,0.6497897505760193,0.2580161988735199
gbert,Cannabis,301738556160,post,0.6131073236465454,0.9373911023139954,0.8320484757423401,0.8189220428466797,0.8780244588851929,,,,,,0.09750781208276749,0.46320050954818726,0.43929168581962585,0.6123793721199036,0.4490208327770233,0.8984651565551758,0.36741119623184204,0.01047495473176241
gbert,Cannabis,301754976948,pre,0.4191473424434662,0.8703572154045105,0.6664760112762451,0.45378348231315613,0.884311318397522,,,,,,0.7831472754478455,0.18503229320049286,0.03182046487927437,0.718350887298584,0.617168664932251,0.5211198925971985,0.012640424072742462,0.21766479313373566
gbert,Cannabis,301754976948,post,0.7399022579193115,0.8570916056632996,0.6963019967079163,0.6764363646507263,0.712048351764679,,,,,,0.9003876447677612,0.07862154394388199,0.020990734919905663,0.7930848598480225,0.5493126511573792,0.5496175289154053,0.4774404764175415,0.8276468515396118
gbert,Cannabis,301856139864,pre,0.8270395994186401,0.9126082062721252,0.7286757230758667,0.8782690763473511,0.9665274620056152,,,,,,0.014326305128633976,0.6295090913772583,0.3561646342277527,0.8045020699501038,0.531543493270874,0.9818158149719238,0.4683786630630493,0.48188966512680054
gbert,Cannabis,301856139864,post,0.5364915132522583,0.9232853651046753,0.5080440044403076,0.5391632318496704,0.9522380232810974,,,,,,0.008946528658270836,0.19194112718105316,0.7991123199462891,0.32938024401664734,0.25678908824920654,0.8491086363792419,0.09633499383926392,0.11437376588582993
gbert,Cannabis,301878235116,pre,0.7937294840812683,0.8753169178962708,0.7099146842956543,0.7336541414260864,0.8925983309745789,,,,,,0.1376240849494934,0.4656223952770233,0.39675354957580566,0.8028924465179443,0.7306720018386841,0.7798484563827515,0.2967000901699066,0.8052003383636475
gbert,Cannabis,301878235116,post,0.6695435047149658,0.8640105724334717,0.6928005218505859,0.7200450301170349,0.9118025898933411,,,,,,0.15873262286186218,0.4155234694480896,0.42574387788772583,0.5094205141067505,0.43559619784355164,0.6469595432281494,0.5495862364768982,0.09183825552463531
gbert,Cannabis,301903336548,pre,0.6517845988273621,0.6737111806869507,0.6554062366485596,0.5846889615058899,0.6586854457855225,,,,,,0.652677595615387,0.3308936357498169,0.016428763046860695,0.6295268535614014,0.4836616516113281,0.44574981927871704,0.2506166398525238,0.3623620569705963
gbert,Cannabis,301903336548,post,0.6103001236915588,0.8167535662651062,0.6804316639900208,0.5782345533370972,0.7324841618537903,,,,,,0.9442073106765747,0.04694777727127075,0.008844880387187004,0.7915210127830505,0.5245470404624939,0.4485767185688019,0.4482266902923584,0.7104915976524353
gbert,Cannabis,301953198096,pre,0.5733658075332642,0.8990492224693298,0.635364830493927,0.6791383624076843,0.7311272025108337,,,,,,0.03922202065587044,0.40765583515167236,0.5531222224235535,0.5697073340415955,0.5933915972709656,0.6782808899879456,0.5356006622314453,0.5041429400444031
gbert,Cannabis,301953198096,post,0.7626338005065918,0.85523521900177,0.8036352396011353,0.47506749629974365,0.827308177947998,,,,,,0.35725775361061096,0.5099440217018127,0.1327981948852539,0.48583391308784485,0.2576473355293274,0.7700983285903931,0.0037654396146535873,0.04968719556927681
gbert,Cannabis,301980213360,pre,0.39281851053237915,0.9521183371543884,0.5519080758094788,0.3749116063117981,0.9337201714515686,,,,,,0.0714941993355751,0.4515957832336426,0.4769100248813629,0.530825674533844,0.671275794506073,0.5016847252845764,0.8488465547561646,0.004133020527660847
gbert,Cannabis,301980213360,post,0.6681767106056213,0.9313905239105225,0.6688663363456726,0.43307730555534363,0.9723350405693054,,,,,,0.010567497462034225,0.16319169104099274,0.8262408375740051,0.5909545421600342,0.7832563519477844,0.38455215096473694,0.05226115882396698,0.38309118151664734
gbert,Cannabis,301986919980,pre,0.5484215617179871,0.9461777210235596,0.6547574400901794,0.6145080327987671,0.9677219390869141,,,,,,0.011877555400133133,0.38833948969841003,0.5997828841209412,0.7159630656242371,0.696825385093689,0.6131433844566345,0.36102455854415894,0.8880996704101562
gbert,Cannabis,301986919980,post,0.6316871047019958,0.7535470128059387,0.3902588188648224,0.3529915511608124,0.7136829495429993,,,,,,0.02108122780919075,0.24813976883888245,0.7307790517807007,0.5614072680473328,0.5324041843414307,0.8071630597114563,0.22137103974819183,0.16760659217834473
gbert,Cannabis,301991913180,pre,0.789959728717804,0.7631323933601379,0.49668818712234497,0.28136318922042847,0.95645672082901,,,,,,0.009861672297120094,0.12270549684762955,0.8674327731132507,0.43839287757873535,0.2364426702260971,0.35330501198768616,0.003661142662167549,0.32426923513412476
gbert,Cannabis,301991913180,post,0.6509804129600525,0.8948871493339539,0.4494512379169464,0.7091625332832336,0.9123855233192444,,,,,,0.1258421242237091,0.6578018069267273,0.2163560837507248,0.5608886480331421,0.3689240515232086,0.8539375066757202,0.0732017382979393,0.42860689759254456
gbert,Cannabis,302212158444,pre,0.7325000762939453,0.8971420526504517,0.5602107644081116,0.8293437957763672,0.9038341641426086,,,,,,0.24291235208511353,0.625766932964325,0.13132064044475555,0.4843001365661621,0.3602508306503296,0.8315836191177368,0.10393999516963959,0.10851149260997772
gbert,Cannabis,302212158444,post,0.7784954309463501,0.853066086769104,0.5540751814842224,0.6089407205581665,0.7943809628486633,,,,,,0.5041936635971069,0.47849220037460327,0.01731407828629017,0.667385458946228,0.17720170319080353,0.12413213402032852,0.002890549134463072,0.28814011812210083
gbert,Cannabis,302248684728,pre,0.7536880970001221,0.7563081979751587,0.7288350462913513,0.41585421562194824,0.7102277874946594,,,,,,0.9308785796165466,0.06153584271669388,0.007585630286484957,0.7949315905570984,0.922797441482544,0.08367317914962769,0.6485643982887268,0.09928165376186371
gbert,Cannabis,302248684728,post,0.7165403366088867,0.8129420280456543,0.6576430797576904,0.6125195622444153,0.8871287107467651,,,,,,0.46280357241630554,0.522962212562561,0.014234188944101334,0.8343387246131897,0.8279869556427002,0.7692010402679443,0.2648031413555145,0.01623540185391903
gbert,Cannabis,303293362716,pre,0.875267744064331,0.8472614884376526,0.735192596912384,0.7307747602462769,0.05810568854212761,,,,,,0.4888259172439575,0.4630369544029236,0.048137132078409195,0.6544618010520935,0.37001869082450867,0.42112264037132263,0.23968815803527832,0.8905397653579712
gbert,Cannabis,303293362716,post,0.8413078784942627,0.9363278746604919,0.8549472093582153,0.8718754649162292,0.9012417197227478,,,,,,0.4276430606842041,0.37694135308265686,0.19541551172733307,0.8724949955940247,0.6751737594604492,0.810670018196106,0.7538647055625916,0.9095419049263
gbert,Cannabis,303418463580,pre,0.8318566083908081,0.8937369585037231,0.7342649102210999,0.7268553972244263,0.8818735480308533,,,,,,0.17712116241455078,0.519451916217804,0.30342695116996765,0.5527809858322144,0.03593527898192406,0.8768461346626282,0.5374036431312561,0.08384032547473907
gbert,Cannabis,303418463580,post,0.7615816593170166,0.8352527618408203,0.8462485074996948,0.7458378672599792,0.9619712233543396,,,,,,0.0326218344271183,0.7555751204490662,0.21180306375026703,0.6232154965400696,0.2478770762681961,0.8699344992637634,0.5592095851898193,0.18750369548797607
gbert,Cannabis,303442605360,pre,0.48797890543937683,0.25270265340805054,0.5286660194396973,0.8429762125015259,0.5050066709518433,,,,,,0.06312047690153122,0.7645586133003235,0.17232093214988708,0.5679453611373901,0.4065759479999542,0.6052812933921814,0.49719807505607605,0.7541892528533936
gbert,Cannabis,303442605360,post,0.6953285336494446,0.777287483215332,0.7077497243881226,0.9370852112770081,0.8085405826568604,,,,,,0.030777661129832268,0.7543125748634338,0.21490971744060516,0.6997487545013428,0.5762078166007996,0.8159501552581787,0.5377892255783081,0.8527925610542297
gbert,Cannabis,303481936728,pre,0.8070214986801147,0.8071147799491882,0.678182065486908,0.11231523007154465,0.8860268592834473,,,,,,0.10936933755874634,0.6138492226600647,0.2767813503742218,0.3520347774028778,0.12116264551877975,0.20016461610794067,0.05230183154344559,0.16362932324409485
gbert,Cannabis,303481936728,post,0.8474743366241455,0.6681311130523682,0.576871931552887,0.35598036646842957,0.6184899806976318,,,,,,0.1657722294330597,0.6163234114646912,0.21790438890457153,0.6671942472457886,0.2866417467594147,0.24443860352039337,0.12635040283203125,0.2982788681983948
gbert,Cannabis,303550888032,pre,0.23284129798412323,0.013444575481116772,0.15904846787452698,0.0056786383502185345,0.1855519413948059,,,,,,0.22627337276935577,0.581099808216095,0.19262678921222687,0.14219801127910614,0.1313273310661316,0.15227830410003662,0.06128762662410736,0.29077786207199097
gbert,Cannabis,303550888032,post,0.18581880629062653,0.004515806678682566,0.06834723055362701,0.008447928354144096,0.06844675540924072,,,,,,0.2239067405462265,0.5576514601707458,0.21844178438186646,0.1358974725008011,0.10724668204784393,0.12153764814138412,0.03481779247522354,0.2602074146270752
gbert,Cannabis,303624554832,pre,0.5130351185798645,0.9478325843811035,0.5804876685142517,0.5053276419639587,0.9282048940658569,,,,,,0.03225886449217796,0.19330796599388123,0.7744331359863281,0.1821543127298355,0.5164551138877869,0.7955129146575928,0.23085302114486694,0.41868942975997925
gbert,Cannabis,303624554832,post,0.6998319625854492,0.9092453122138977,0.6384351849555969,0.8277606964111328,0.8783707022666931,,,,,,0.10121479630470276,0.4373873174190521,0.4613978862762451,0.7265905737876892,0.5797188878059387,0.9481428861618042,0.19447757303714752,0.40632331371307373
gbert,Cannabis,303682488948,pre,0.6886695027351379,0.9096602201461792,0.7694922685623169,0.7254684567451477,0.9598074555397034,,,,,,0.02336958795785904,0.33313822746276855,0.6434921026229858,0.44172409176826477,0.6465021371841431,0.885897159576416,0.37646645307540894,0.5040342211723328
gbert,Cannabis,303682488948,post,0.3331991732120514,0.7660588622093201,0.5884082317352295,0.534819483757019,0.8047184348106384,,,,,,0.026308231055736542,0.36971765756607056,0.6039741039276123,0.19154603779315948,0.3538151681423187,0.5196036696434021,0.351806104183197,0.2374214082956314
gbert,Cannabis,303798632832,pre,0.634087324142456,0.8794581890106201,0.8432384729385376,0.43576666712760925,0.8065188527107239,,,,,,0.5860915780067444,0.3830728232860565,0.03083558939397335,0.65569669008255,0.9353188276290894,0.7528725862503052,0.6719954013824463,0.4594925343990326
gbert,Cannabis,303798632832,post,0.6880549192428589,0.8130165338516235,0.9236403703689575,0.6177691221237183,0.8809458017349243,,,,,,0.4604036509990692,0.3427295982837677,0.19686667621135712,0.7467243671417236,0.8937184810638428,0.6665748357772827,0.6951462030410767,0.00317688868381083
gbert,Cannabis,304013473128,pre,0.8387869000434875,0.9088798761367798,0.6795619130134583,0.4573836624622345,0.5194694399833679,,,,,,0.29420313239097595,0.692054808139801,0.013742084614932537,0.66313636302948,0.8428234457969666,0.05498693138360977,0.07859579473733902,0.8833727836608887
gbert,Cannabis,304013473128,post,0.857094943523407,0.8830284476280212,0.7551561594009399,0.6022567749023438,0.13884709775447845,,,,,,0.4497198760509491,0.37296438217163086,0.17731575667858124,0.6851426362991333,0.2156136929988861,0.5128344893455505,0.48184412717819214,0.15642693638801575
gbert,Cannabis,304147883232,pre,0.33476522564888,0.689414381980896,0.6159383654594421,0.2932400405406952,0.7890315055847168,,,,,,0.538996160030365,0.42408832907676697,0.03691554069519043,0.9439570307731628,0.9899240732192993,0.4501505494117737,0.13067032396793365,0.15135714411735535
gbert,Cannabis,304147883232,post,0.6796355247497559,0.8291122913360596,0.7249320149421692,0.5465713143348694,0.8301243185997009,,,,,,0.24051521718502045,0.72996586561203,0.029518969357013702,0.8118599653244019,0.7451953291893005,0.5162650942802429,0.20404554903507233,0.04438728466629982
gbert,Cannabis,304167717864,pre,0.11215454339981079,0.6565892100334167,0.6871518492698669,0.6636110544204712,0.9456815123558044,,,,,,0.03159886226058006,0.356222927570343,0.6121782064437866,0.8582343459129333,0.9048383831977844,0.9701336026191711,0.026717297732830048,0.6358456611633301
gbert,Cannabis,304167717864,post,0.4173724949359894,0.8105734586715698,0.7185100317001343,0.7361783981323242,0.9429776072502136,,,,,,0.009044074453413486,0.17686820030212402,0.8140876889228821,0.8378255367279053,0.6818100214004517,0.7014280557632446,0.18006324768066406,0.606569230556488
gbert,Cannabis,304277772780,post,0.35372400283813477,0.004454564768821001,0.3265354335308075,0.19049112498760223,0.3541239798069,,,,,,0.030307712033391,0.8977404832839966,0.07195184379816055,0.4235318899154663,0.1688585728406906,0.5273457169532776,0.2795334756374359,0.405543714761734
gbert,Cannabis,304323598044,pre,0.8757424354553223,0.9515860080718994,0.767976701259613,0.8231963515281677,0.9267773032188416,,,,,,0.4358019530773163,0.5414124131202698,0.022785592824220657,0.8774749040603638,0.27868571877479553,0.9736356735229492,0.000646606960799545,0.2562152147293091
gbert,Cannabis,304323598044,post,0.6566882729530334,0.9034806489944458,0.6895486116409302,0.695644199848175,0.8551145195960999,,,,,,0.5360215902328491,0.4236323833465576,0.04034603387117386,0.7140785455703735,0.02457740716636181,0.7099453210830688,0.002110108733177185,0.930817723274231
gbert,Cannabis,305308765296,pre,0.5171020030975342,0.7901716828346252,0.7333409190177917,0.7849178910255432,0.8718340396881104,,,,,,0.6781019568443298,0.29260578751564026,0.029292263090610504,0.7793018817901611,0.7127749919891357,0.8337841629981995,0.4882095754146576,0.9913485646247864
gbert,Cannabis,305308765296,post,0.8660848736763,0.9676228761672974,0.7610595226287842,0.5163202285766602,0.927611231803894,,,,,,0.5642704367637634,0.40696316957473755,0.028766384348273277,0.9203673601150513,0.6989445686340332,0.5245907306671143,0.004062335472553968,0.8991166353225708
gbert,Cannabis,305345225916,pre,0.4753926694393158,0.8417648077011108,0.7533770799636841,0.5297194719314575,0.928657054901123,,,,,,0.12948568165302277,0.34603285789489746,0.524481475353241,0.3898644745349884,0.5034352540969849,0.7197701930999756,0.24747934937477112,0.7337170243263245
gbert,Cannabis,305345225916,post,0.7361461520195007,0.86073237657547,0.5343976616859436,0.00873627606779337,0.9027794599533081,,,,,,0.06628400087356567,0.497553288936615,0.43616271018981934,0.776487410068512,0.4867658019065857,0.3927883803844452,0.138262078166008,0.05395875871181488
gbert,Cannabis,305448165180,pre,0.7729840278625488,0.8721787929534912,0.7595664262771606,0.7895840406417847,0.8542174100875854,,,,,,0.4514748752117157,0.409453809261322,0.13907131552696228,0.7889028191566467,0.7089571952819824,0.8462821245193481,0.6098645329475403,0.0012381087290123105
gbert,Cannabis,305448165180,post,0.6522195935249329,0.7125672698020935,0.07503282278776169,0.03959375619888306,0.9197144508361816,,,,,,0.3197144567966461,0.33586934208869934,0.34441617131233215,0.017850184813141823,0.0018581238109618425,0.0011459279339760542,0.2776171863079071,0.0004584745620377362
gbert,Cannabis,305461641348,pre,0.6934171915054321,0.7985467910766602,0.5011223554611206,0.4066186249256134,0.4410955607891083,,,,,,0.9428533911705017,0.052558571100234985,0.004588066600263119,0.6600743532180786,0.6618345379829407,0.05293324962258339,0.23706944286823273,0.27945804595947266
gbert,Cannabis,305461641348,post,0.7761083245277405,0.756635844707489,0.7744429111480713,0.5289223194122314,0.6489022374153137,,,,,,0.9267314672470093,0.06362289190292358,0.009645662270486355,0.7360058426856995,0.850257396697998,0.3630198836326599,0.3061900734901428,0.788719117641449
gbert,Cannabis,305573133348,pre,0.6228625178337097,0.8209066987037659,0.6986141204833984,0.615178108215332,0.9247462153434753,,,,,,0.30943700671195984,0.3231748044490814,0.36738818883895874,0.7439486980438232,0.8708260655403137,0.8349732160568237,0.7617552280426025,0.8941229581832886
gbert,Cannabis,305573133348,post,0.5888070464134216,0.6804656982421875,0.7147566676139832,0.641484797000885,0.6254194378852844,,,,,,0.5785903334617615,0.41050049662590027,0.010909141972661018,0.9075325131416321,0.8819236159324646,0.7227842211723328,0.12047246843576431,0.677221417427063
gbert,Cannabis,305611706160,pre,0.63457852602005,0.7559091448783875,0.4590921998023987,0.7052861452102661,0.04600178077816963,,,,,,0.7978818416595459,0.18851307034492493,0.013605115003883839,0.22741557657718658,0.30187109112739563,0.031363241374492645,0.21322305500507355,0.5474482774734497
gbert,Cannabis,305703775296,pre,0.8376124501228333,0.9317141771316528,0.8037177920341492,0.8006057739257812,0.8458597660064697,,,,,,0.08183623105287552,0.3698531687259674,0.5483105778694153,0.9424766302108765,0.6686702966690063,0.7460322976112366,0.28438639640808105,0.6821874976158142
gbert,Cannabis,305703775296,post,0.4162771999835968,0.913038969039917,0.5707978010177612,0.6200289130210876,0.6349184513092041,,,,,,0.020097874104976654,0.28690043091773987,0.6930016875267029,0.7742528319358826,0.5894582867622375,0.4827820956707001,0.34786805510520935,0.21502090990543365
gbert,Cannabis,305892698148,pre,0.9255270957946777,0.9306854605674744,0.7611321806907654,0.7449584007263184,0.8819144368171692,,,,,,0.3959556221961975,0.5743167996406555,0.029727643355727196,0.8412004113197327,0.6215790510177612,0.26989445090293884,0.3069306015968323,0.4736311733722687
gbert,Cannabis,305892698148,post,0.7833850979804993,0.8721553683280945,0.6239436268806458,0.9036548733711243,0.8019596338272095,,,,,,0.4509676396846771,0.4867379665374756,0.06229441240429878,0.8561880588531494,0.6302136778831482,0.0033844616264104843,0.5353604555130005,0.30131250619888306
gbert,Cannabis,305925391980,pre,0.8793302774429321,0.9049274921417236,0.7193011045455933,0.742089569568634,0.8778690099716187,,,,,,0.0911356583237648,0.18130290508270264,0.7275614142417908,0.8398718237876892,0.8487818837165833,0.8569743633270264,0.6892068386077881,0.8726375699043274
gbert,Cannabis,305925391980,post,0.8365275263786316,0.9095879197120667,0.597944438457489,0.7739295363426208,0.8774672746658325,,,,,,0.14914239943027496,0.5511486530303955,0.2997089922428131,0.7142112851142883,0.5714694261550903,0.7804586291313171,0.28353622555732727,0.6195991635322571
gbert,Cannabis,305971564032,pre,0.5100352168083191,0.843880832195282,0.7095165848731995,0.7299598455429077,0.9471306800842285,,,,,,0.0550716258585453,0.8439505696296692,0.10097785294055939,0.742501974105835,0.6351830959320068,0.9611364006996155,0.11751037836074829,0.34201186895370483
gbert,Cannabis,305971564032,post,0.5434593558311462,0.7916460037231445,0.4651929438114166,0.658355176448822,0.9210519790649414,,,,,,0.25281602144241333,0.7337107062339783,0.013473236933350563,0.5156833529472351,0.5595039129257202,0.9565034508705139,0.08527861535549164,0.2749469578266144
gbert,Cannabis,306075936960,pre,0.686007022857666,0.8657309412956238,0.6561381220817566,0.5867442488670349,0.9563227295875549,,,,,,0.010203107260167599,0.18321853876113892,0.8065782785415649,0.42264124751091003,0.19413717091083527,0.5933493971824646,0.12718912959098816,0.2582319676876068
gbert,Cannabis,306075936960,post,0.64620441198349,0.785259485244751,0.520989716053009,0.51188063621521,0.613145649433136,,,,,,0.3308010399341583,0.5549716353416443,0.1142273023724556,0.7990495562553406,0.647517204284668,0.32633113861083984,0.0015323434490710497,0.0037238209042698145
gbert,Cannabis,306151934148,pre,0.2992766201496124,0.8868770599365234,0.3602901101112366,0.33122920989990234,0.8923789858818054,,,,,,0.1633732169866562,0.4963668882846832,0.34025993943214417,0.32812970876693726,0.8151654601097107,0.6422285437583923,0.10579345375299454,0.003078693989664316
gbert,Cannabis,306151934148,post,0.7425037026405334,0.7979012727737427,0.6567795276641846,0.7054526805877686,0.7706333994865417,,,,,,0.06682561337947845,0.494088739156723,0.4390856623649597,0.13715676963329315,0.649903416633606,0.8406967520713806,0.6187045574188232,0.5859797596931458
gbert,Cannabis,306283263516,pre,0.25925275683403015,0.7932191491127014,0.4157547056674957,0.5452554225921631,0.9151796698570251,,,,,,0.047090332955121994,0.5030246376991272,0.4498850703239441,0.3693724572658539,0.8805646896362305,0.9008322954177856,0.851205587387085,0.04692438989877701
gbert,Cannabis,306283263516,post,0.7788851857185364,0.9042313694953918,0.7643401026725769,0.6918794512748718,0.9816327691078186,,,,,,0.024575375020503998,0.6224433779716492,0.35298123955726624,0.682762086391449,0.24444766342639923,0.7098108530044556,0.4803599715232849,0.1723552942276001
gbert,Cannabis,306295094664,pre,0.85649573802948,0.8171318173408508,0.8211817741394043,0.7023530006408691,0.8917643427848816,,,,,,0.1079280748963356,0.5308778285980225,0.36119410395622253,0.7700665593147278,0.38603535294532776,0.5758723616600037,0.5345997214317322,0.010446031577885151
gbert,Cannabis,306295094664,post,0.8555886149406433,0.9473183155059814,0.6867749691009521,0.6491518616676331,0.9138892889022827,,,,,,0.0161991436034441,0.15198150277137756,0.8318193554878235,0.5953116416931152,0.3652421832084656,0.7692356705665588,0.37988898158073425,0.726629376411438
gbert,Cannabis,306376282044,pre,0.7918712496757507,0.9619105458259583,0.6744928956031799,0.5542706847190857,0.9084858894348145,,,,,,0.8518735766410828,0.1404498815536499,0.007676588371396065,0.4536058008670807,0.3986627757549286,0.5848767757415771,0.004037434235215187,0.3746928870677948
gbert,Cannabis,306376282044,post,0.14368164539337158,0.5559162497520447,0.7927485704421997,0.6651272177696228,0.837186336517334,,,,,,0.839719831943512,0.15211331844329834,0.008166802115738392,0.9660578370094299,0.9498580694198608,0.6651037931442261,0.1359889656305313,0.023045865818858147
gbert,Cannabis,307958441760,pre,0.23929451406002045,0.8076419234275818,0.48688772320747375,0.06854253262281418,0.9275505542755127,,,,,,0.005546934437006712,0.10313984006643295,0.8913132548332214,0.701285719871521,0.2603621184825897,0.5044329166412354,0.02657640352845192,0.006082118023186922
gbert,Cannabis,307958441760,post,0.3813595473766327,0.42617350816726685,0.26330116391181946,0.15053975582122803,0.8083479404449463,,,,,,0.01964600943028927,0.17456810176372528,0.8057858943939209,0.5793960094451904,0.16511303186416626,0.5115765333175659,0.0074413674883544445,0.03768613934516907
gbert,Cannabis,308006390160,pre,0.6417503356933594,0.9420269131660461,0.6836353540420532,0.5961090326309204,0.9579182863235474,,,,,,0.0064231338910758495,0.1169196218252182,0.8766571879386902,0.21358656883239746,0.5166209936141968,0.8813362717628479,0.26156461238861084,0.4779900014400482
gbert,Cannabis,308006390160,post,0.7438892722129822,0.8999079465866089,0.6672341823577881,0.6607022285461426,0.8517832159996033,,,,,,0.7181249856948853,0.22575171291828156,0.0561232753098011,0.49950188398361206,0.24199728667736053,0.6636072397232056,0.04238472506403923,0.49652761220932007
gbert,Cannabis,308193194664,pre,0.9043331146240234,0.9327431321144104,0.8313434720039368,0.7889795899391174,0.9296040534973145,,,,,,0.19976788759231567,0.6299158930778503,0.1703162044286728,0.8061298727989197,0.50832200050354,0.8482246398925781,0.7397765517234802,0.8945605754852295
gbert,Cannabis,308342445516,pre,0.8598048686981201,0.8945039510726929,0.7511439323425293,0.9043028354644775,0.9347372651100159,,,,,,0.4169631600379944,0.40398746728897095,0.17904938757419586,0.9584971070289612,0.832535982131958,0.7734379172325134,0.4920106828212738,0.4772079586982727
gbert,Cannabis,308342445516,post,0.2027580291032791,0.8701760172843933,0.6873126029968262,0.2590511739253998,0.2857215404510498,,,,,,0.8689483404159546,0.12437768280506134,0.006674041040241718,0.8752872347831726,0.8841561675071716,0.025591496378183365,0.006911482661962509,0.7424452304840088
gbert,Cannabis,308492647812,pre,0.616458535194397,0.8904039263725281,0.6427370309829712,0.7465063333511353,0.9226447343826294,,,,,,0.010193590074777603,0.38898342847824097,0.6008230447769165,0.40871661901474,0.6017975211143494,0.9465656280517578,0.11116006970405579,0.3903394043445587
gbert,Cannabis,308492647812,post,0.4397065341472626,0.8335755467414856,0.6761816143989563,0.3725084960460663,0.9735642671585083,,,,,,0.011194110848009586,0.1786758005619049,0.8101301193237305,0.18435102701187134,0.29204005002975464,0.717221736907959,0.40059128403663635,0.03530137240886688
gbert,Cannabis,308641552560,pre,0.6573918461799622,0.9331403374671936,0.6539149284362793,0.5068732500076294,0.8779113292694092,,,,,,0.5732147693634033,0.41240254044532776,0.014382701367139816,0.499498188495636,0.2911873161792755,0.5014269948005676,0.060845084488391876,0.5661202073097229
gbert,Cannabis,308641552560,post,0.6437776684761047,0.005325620993971825,0.5750846266746521,0.37918102741241455,0.6139319539070129,,,,,,0.06140972673892975,0.42611756920814514,0.5124726891517639,0.7481107711791992,0.2910131514072418,0.30514177680015564,0.10736329853534698,0.5738084316253662
gbert,Cannabis,308671922160,pre,0.2660423815250397,0.8990208506584167,0.6052491664886475,0.40851205587387085,0.9030937552452087,,,,,,0.7529348731040955,0.23443491756916046,0.012630215846002102,0.46655017137527466,0.2311456799507141,0.28733617067337036,0.050805553793907166,0.5199653506278992
gbert,Cannabis,308671922160,post,0.7526286244392395,0.9042197465896606,0.7539189457893372,0.6278255581855774,0.9164564609527588,,,,,,0.8356423377990723,0.1575995832681656,0.006758049596101046,0.7102375030517578,0.002561823930591345,0.10319539904594421,0.0012381328269839287,0.03481455147266388
gbert,Cannabis,308683550160,pre,0.7982653975486755,0.823035717010498,0.7536501288414001,0.6036522388458252,0.8895140886306763,,,,,,0.39601820707321167,0.5816355347633362,0.022346265614032745,0.8448619246482849,0.8210915923118591,0.9192399382591248,0.24973222613334656,0.6879414319992065
gbert,Cannabis,308683550160,post,0.7497328519821167,0.7758064270019531,0.6009597182273865,0.5242552161216736,0.84934401512146,,,,,,0.2558038532733917,0.6285942792892456,0.11560189723968506,0.9041242599487305,0.6570096015930176,0.8194627165794373,0.268233984708786,0.7496318817138672
gbert,Cannabis,308766251916,pre,0.7117992639541626,0.8943268656730652,0.7139117121696472,0.49036267399787903,0.8653692007064819,,,,,,0.20660905539989471,0.4150434136390686,0.3783475160598755,0.6609913110733032,0.23528383672237396,0.5944501161575317,0.08119945228099823,0.02100449427962303
gbert,Cannabis,308766251916,post,0.6951716542243958,0.2749618887901306,0.6079140305519104,0.7329716682434082,0.17370598018169403,,,,,,0.5132050514221191,0.46921679377555847,0.017578138038516045,0.45856136083602905,0.3661966919898987,0.5912726521492004,0.18756894767284393,0.003382640890777111
gbert,Cannabis,308779242444,pre,0.4404928982257843,0.8718218207359314,0.5550263524055481,0.107404425740242,0.7982406616210938,,,,,,0.04710841923952103,0.34006983041763306,0.6128216981887817,0.5386409163475037,0.6359322667121887,0.4602486193180084,0.12290071696043015,0.08098394423723221
gbert,Cannabis,308779242444,post,0.7121676802635193,0.820074200630188,0.5082734227180481,0.3812415301799774,0.7898704409599304,,,,,,0.09443357586860657,0.38866639137268066,0.5169000625610352,0.8566805124282837,0.6815138459205627,0.12608537077903748,0.05949803814291954,0.15957334637641907
gbert,Cannabis,308795862960,post,0.4257209599018097,0.0016376575222238898,0.6935470104217529,0.06696415692567825,0.6457173824310303,,,,,,0.3360501825809479,0.617302417755127,0.04664737358689308,0.28901442885398865,0.47987884283065796,0.4832562506198883,0.0077917794696986675,0.6549277305603027
gbert,Cannabis,308894979348,pre,0.4649960994720459,0.9160077571868896,0.5216044187545776,0.6599352955818176,0.928557813167572,,,,,,0.28782832622528076,0.6772055625915527,0.03496614471077919,0.7818336486816406,0.9934632778167725,0.8352883458137512,0.26208922266960144,0.01888338476419449
gbert,Cannabis,308894979348,post,0.6263297200202942,0.8737190961837769,0.5558779239654541,0.6401590704917908,0.8798542022705078,,,,,,0.06858520954847336,0.5403622388839722,0.3910525441169739,0.24341781437397003,0.4550667405128479,0.9168887138366699,0.1580040156841278,0.10876619815826416
gbert,Cannabis,309001268160,pre,0.7239413261413574,0.8277371525764465,0.754888653755188,0.7137483358383179,0.8431305885314941,,,,,,0.4810081720352173,0.48068344593048096,0.03830834478139877,0.740256130695343,0.5576561093330383,0.5071322917938232,0.14726126194000244,0.7029439806938171
gbert,Cannabis,309001268160,post,0.6829152703285217,0.8697062730789185,0.7760176658630371,0.7969868779182434,0.8329020142555237,,,,,,0.500466525554657,0.4762469232082367,0.02328648418188095,0.984203577041626,0.9251779317855835,0.6885680556297302,0.038940396159887314,0.004985001869499683
gbert,Cannabis,309083079348,pre,0.6260049343109131,0.816935122013092,0.6245007514953613,0.5633352398872375,0.8903563022613525,,,,,,0.01895839534699917,0.4294400215148926,0.5516015887260437,0.2981756925582886,0.36618801951408386,0.7972003817558289,0.5463286638259888,0.0009564402280375361
gbert,Cannabis,309083079348,post,0.8228306174278259,0.7609883546829224,0.7848583459854126,0.717931866645813,0.9319684505462646,,,,,,0.03156591206789017,0.5684308409690857,0.40000325441360474,0.6408945918083191,0.2413654774427414,0.7786263823509216,0.7201701998710632,0.008758899755775928
gbert,Cannabis,309102981696,pre,0.8521421551704407,0.8596543669700623,0.7132419943809509,0.5352903008460999,0.853507399559021,,,,,,0.3344886898994446,0.5860111713409424,0.079500213265419,0.8714189529418945,0.35457178950309753,0.3954301178455353,0.008306683972477913,0.04364382475614548
gbert,Cannabis,309102981696,post,0.760593056678772,0.8886244297027588,0.6567572355270386,0.4168899655342102,0.7708218097686768,,,,,,0.3279351592063904,0.4719506800174713,0.2001141607761383,0.630297064781189,0.3711785674095154,0.16085126996040344,0.00802682340145111,0.007094587665051222
gbert,Cannabis,309120765696,pre,0.4009469449520111,0.06554843485355377,0.7043483257293701,0.5067681670188904,0.8145039081573486,,,,,,0.12766709923744202,0.5788652300834656,0.2934676706790924,0.42076775431632996,0.3289777338504791,0.8109964728355408,0.0045045712031424046,0.3346106708049774
gbert,Cannabis,309120765696,post,0.5929904580116272,0.8282440304756165,0.6609298586845398,0.50794517993927,0.8512786030769348,,,,,,0.15926940739154816,0.4702375829219818,0.37049296498298645,0.4689192771911621,0.3573414981365204,0.6673387885093689,0.02659102901816368,0.17426244914531708
gbert,Cannabis,309980008548,pre,0.568593442440033,0.8260074853897095,0.6805146336555481,0.5655974745750427,0.817710816860199,,,,,,0.4039503037929535,0.5686048865318298,0.027444809675216675,0.5653062462806702,0.159168541431427,0.6961554884910583,0.03180525824427605,0.7803736925125122
gbert,Cannabis,309980008548,post,0.35602638125419617,0.4343821406364441,0.6889559030532837,0.5885013937950134,0.8716624975204468,,,,,,0.08489858359098434,0.6716400384902954,0.24346137046813965,0.33086881041526794,0.14819863438606262,0.5548691153526306,0.23799015581607819,0.4213051199913025
gbert,Cannabis,310291978896,pre,0.044161759316921234,0.21117642521858215,0.47766950726509094,0.22002661228179932,0.3240887522697449,,,,,,0.4828140437602997,0.39454877376556396,0.12263718992471695,0.6018752455711365,0.10671006888151169,0.0470176562666893,0.04039890691637993,0.12559828162193298
gbert,Cannabis,310291978896,post,0.0769256055355072,0.0017645260086283088,0.014498562552034855,0.00464671989902854,0.10593850910663605,,,,,,0.1292576789855957,0.4072687327861786,0.4634735882282257,0.055107347667217255,0.03225374594330788,0.12192344665527344,0.0005122197908349335,0.003950633108615875
gbert,Cannabis,310429124316,pre,0.7039182186126709,0.7484897971153259,0.5809414386749268,0.309624046087265,0.8966311812400818,,,,,,0.4251926839351654,0.5588940978050232,0.015913257375359535,0.9901044368743896,0.4417598843574524,0.19854605197906494,0.03174617141485214,0.025253992527723312
gbert,Cannabis,310429124316,post,0.38120612502098083,0.9112105965614319,0.6177875995635986,0.6310651898384094,0.9378809332847595,,,,,,0.848820149898529,0.1436065435409546,0.007573304697871208,0.8858510851860046,0.6652417182922363,0.49661701917648315,0.010174265131354332,0.45257511734962463
gbert,Cannabis,310464070560,pre,0.8142852783203125,0.9185237884521484,0.7335183620452881,0.6983268857002258,0.5793730020523071,,,,,,0.41081586480140686,0.5388978123664856,0.050286389887332916,0.7017676830291748,0.8104366064071655,0.7318395376205444,0.011537685990333557,0.7301675081253052
gbert,Cannabis,310464070560,post,0.44302108883857727,0.7419680953025818,0.6328819394111633,0.06226015090942383,0.6814425587654114,,,,,,0.2375251054763794,0.6992215514183044,0.06325327605009079,0.6503788828849792,0.5387745499610901,0.06763062626123428,0.0008311881683766842,0.0578535832464695
gbert,Cannabis,310471119864,pre,0.8848134875297546,0.6014114618301392,0.5346765518188477,0.8216433525085449,0.9339625239372253,,,,,,0.35796529054641724,0.49563708901405334,0.14639760553836823,0.7338710427284241,0.27008968591690063,0.4596829414367676,0.39627841114997864,0.039896491914987564
gbert,Cannabis,310471119864,post,0.18189696967601776,0.3760893642902374,0.5428858995437622,0.05920150876045227,0.18764320015907288,,,,,,0.48802322149276733,0.47947627305984497,0.0325005017220974,0.03719530999660492,0.28929463028907776,0.4342714250087738,0.0013334883842617273,0.975883424282074
gbert,Cannabis,310472966664,pre,0.24590487778186798,0.8513290286064148,0.6471628546714783,0.5118743181228638,0.12735971808433533,,,,,,0.7079253792762756,0.27656692266464233,0.015507707372307777,0.8062072992324829,0.44130709767341614,0.30036661028862,0.007532904855906963,0.8214093446731567
gbert,Cannabis,310472966664,post,0.8068804144859314,0.9312852621078491,0.7393773794174194,0.7064218521118164,0.9004130363464355,,,,,,0.011297052726149559,0.2797695994377136,0.7089333534240723,0.7949739098548889,0.6388470530509949,0.7098263502120972,0.06373769789934158,0.3789445757865906
gbert,Cannabis,310511199528,pre,0.7772880792617798,0.8554089665412903,0.7519819736480713,0.7580037713050842,0.6925479173660278,,,,,,0.41298601031303406,0.5692845582962036,0.017729399725794792,0.5160717368125916,0.33002081513404846,0.6559011340141296,0.01340621430426836,0.6406310796737671
gbert,Cannabis,310511199528,post,0.8027722239494324,0.9207826852798462,0.050722163170576096,0.8367276787757874,0.9350844025611877,,,,,,0.31731554865837097,0.6327669024467468,0.04991752654314041,0.5373535752296448,0.431291401386261,0.8979400992393494,0.20325177907943726,0.0768410861492157
gbert,Cannabis,310513113360,pre,0.6726778149604797,0.8654838800430298,0.8677330613136292,0.8646290302276611,0.9238924384117126,,,,,,0.024771984666585922,0.9249756336212158,0.05025237426161766,0.5365301966667175,0.4785601496696472,0.7103061079978943,0.2451172024011612,0.7773734927177429
gbert,Cannabis,310513113360,post,0.32378658652305603,0.07575952261686325,0.3934895396232605,0.10340362042188644,0.24837762117385864,,,,,,0.6082024574279785,0.37430092692375183,0.01749662682414055,0.6373223662376404,0.4706112742424011,0.3864700496196747,0.038842957466840744,0.6907204985618591
gbert,Cannabis,310542183360,pre,0.6267744898796082,0.8092015981674194,0.7463571429252625,0.6267457008361816,0.8949164748191833,,,,,,0.2147940993309021,0.6712100505828857,0.11399588733911514,0.4592759907245636,0.15192116796970367,0.47105860710144043,0.155967116355896,0.048897191882133484
gbert,Cannabis,310542183360,post,0.425700306892395,0.1638430953025818,0.7436805367469788,0.6271819472312927,0.8892348408699036,,,,,,0.17105446755886078,0.6055760979652405,0.2233695238828659,0.4198138117790222,0.2253127545118332,0.5191057920455933,0.27303314208984375,0.12782607972621918
gbert,Cannabis,310634528148,pre,0.4194623827934265,0.6477726697921753,0.5381628274917603,0.7446298003196716,0.5620431303977966,,,,,,0.4080052971839905,0.47692030668258667,0.11507439613342285,0.35451745986938477,0.5232916474342346,0.8042659759521484,0.14149390161037445,0.7930874824523926
gbert,Cannabis,310634528148,post,0.6210771799087524,0.848550021648407,0.694138765335083,0.6851526498794556,0.717556357383728,,,,,,0.4948796033859253,0.47260618209838867,0.03251425176858902,0.36787736415863037,0.5816747546195984,0.8031592965126038,0.0693218931555748,0.6001068949699402
gbert,Cannabis,310788697644,pre,0.4477160573005676,0.7964491844177246,0.6745202541351318,0.8264979124069214,0.9169880747795105,,,,,,0.15781386196613312,0.7944393754005432,0.04774675890803337,0.4932042062282562,0.5829195976257324,0.9085922837257385,0.45569488406181335,0.12829507887363434
gbert,Cannabis,310788697644,post,0.46082207560539246,0.9283013343811035,0.6736568808555603,0.7886707186698914,0.922169029712677,,,,,,0.187555730342865,0.7095577120780945,0.10288654267787933,0.4130321145057678,0.4429956078529358,0.8904039263725281,0.31393158435821533,0.47011563181877136
gbert,Cannabis,310816058328,pre,0.5934601426124573,0.7817432880401611,0.6778100728988647,0.8565773367881775,0.912834644317627,,,,,,0.013454499654471874,0.7442008256912231,0.2423446923494339,0.429416298866272,0.24141529202461243,0.663966178894043,0.2171318233013153,0.15059807896614075
gbert,Cannabis,310816058328,post,0.7528765201568604,0.8108628988265991,0.6445026993751526,0.634337306022644,0.9025095701217651,,,,,,0.03770407289266586,0.7176980376243591,0.24459795653820038,0.669792115688324,0.2242538034915924,0.4119139611721039,0.04972508177161217,0.26654666662216187
gbert,Cannabis,310832068716,pre,0.6204056739807129,0.7278215885162354,0.7880808115005493,0.6675692200660706,0.9583321213722229,,,,,,0.008605867624282837,0.15808811783790588,0.833306074142456,0.5117065906524658,0.703588604927063,0.6978058815002441,0.2409389168024063,0.7285526394844055
gbert,Cannabis,310832068716,post,0.8567577004432678,0.85049968957901,0.7137011885643005,0.7725724577903748,0.7111983895301819,,,,,,0.7701839804649353,0.20120438933372498,0.028611579909920692,0.7586199641227722,0.5120453834533691,0.7335942387580872,0.5914320945739746,0.8991679549217224
gbert,Cannabis,310852586664,pre,0.7720327973365784,0.8328512907028198,0.6358146667480469,0.5731980204582214,0.8225442171096802,,,,,,0.8150089383125305,0.1767457127571106,0.008245352655649185,0.5309798717498779,0.622667133808136,0.3358680009841919,0.012698876671493053,0.6133209466934204
gbert,Cannabis,310852586664,post,0.06208118423819542,0.8759269714355469,0.7323968410491943,0.3543950319290161,0.826820433139801,,,,,,0.8669002056121826,0.12695546448230743,0.006144307088106871,0.4417712092399597,0.8319276571273804,0.5226450562477112,0.5564985275268555,0.863061785697937
gbert,Cannabis,310956209928,pre,0.687591016292572,0.8870131373405457,0.5040897130966187,0.5431406497955322,0.9504687190055847,,,,,,0.027108000591397285,0.5006541609764099,0.47223785519599915,0.10586526989936829,0.3220917582511902,0.40007078647613525,0.6366947889328003,0.3362739682197571
gbert,Cannabis,310956209928,post,0.4421081244945526,0.883094847202301,0.6583976149559021,0.6878215074539185,0.9483531713485718,,,,,,0.023567557334899902,0.5758921504020691,0.400540292263031,0.34644463658332825,0.2471589297056198,0.7065965533256531,0.6147878766059875,0.35805314779281616
gbert,Cannabis,311108676948,pre,0.26796793937683105,0.8223206996917725,0.394998699426651,0.6637716293334961,0.7349004149436951,,,,,,0.1676519364118576,0.4329947531223297,0.3993533253669739,0.5945441126823425,0.40650781989097595,0.8183529376983643,0.41280311346054077,0.004737029783427715
gbert,Cannabis,311108676948,post,0.19843831658363342,0.007966538891196251,0.28579506278038025,0.7747490406036377,0.7916964888572693,,,,,,0.6336110830307007,0.23939289152622223,0.1269959956407547,0.6877860426902771,0.19722487032413483,0.587787926197052,0.13545675575733185,0.001115159597247839
gbert,Cannabis,311914424844,pre,0.459147572517395,0.7725357413291931,0.40229496359825134,0.5652772188186646,0.3394939601421356,,,,,,0.4856906533241272,0.4948273301124573,0.019482029601931572,0.32128435373306274,0.6981168389320374,0.733334481716156,0.0008474554633721709,0.8505687117576599
gbert,Cannabis,311914424844,post,0.4476604163646698,0.9016975164413452,0.5811265110969543,0.6464959979057312,0.639878511428833,,,,,,0.5986412167549133,0.3879808783531189,0.013377906754612923,0.5544582009315491,0.8591959476470947,0.1337721049785614,0.06600349396467209,0.8552748560905457
gbert,Cannabis,312036589980,pre,0.8419312238693237,0.860954225063324,0.6401784420013428,0.6912704110145569,0.7452985644340515,,,,,,0.06626425683498383,0.7975298166275024,0.13620592653751373,0.46886807680130005,0.5358411073684692,0.6328046917915344,0.3540787398815155,0.8279040455818176
gbert,Cannabis,312036589980,post,0.749748706817627,0.8865603804588318,0.6908055543899536,0.7148280739784241,0.8740026354789734,,,,,,0.11992650479078293,0.8274813890457153,0.05259208008646965,0.5875295400619507,0.9805073142051697,0.7150700688362122,0.6399677395820618,0.026932550594210625
gbert,Cannabis,312063130548,pre,0.007253845687955618,0.7716100811958313,0.4441279172897339,0.25970542430877686,0.7239841222763062,,,,,,0.5485471487045288,0.42841601371765137,0.02303684502840042,0.023853717371821404,0.4327124357223511,0.44487491250038147,0.008470684289932251,0.9244408011436462
gbert,Cannabis,312063130548,post,0.6898186206817627,0.9089044332504272,0.6896726489067078,0.6197178363800049,0.7619671821594238,,,,,,0.47226831316947937,0.48249295353889465,0.045238807797431946,0.34789833426475525,0.4482606053352356,0.5691141486167908,0.06048477813601494,0.8001173734664917
gbert,Cannabis,312227975232,pre,0.8241472244262695,0.9345052242279053,0.6242620348930359,0.6510602831840515,0.008722230792045593,,,,,,0.6096253991127014,0.3711298406124115,0.019244715571403503,0.24757090210914612,0.27412036061286926,0.364734947681427,0.007115773856639862,0.08570466935634613
gbert,Cannabis,312294663864,post,0.76899653673172,0.842799723148346,0.7847244143486023,0.6916465163230896,0.7270830273628235,,,,,,0.4692796766757965,0.5156634449958801,0.01505682710558176,0.41556376218795776,0.5302732586860657,0.6047348976135254,0.38175544142723083,0.7871920466423035
gbert,Cannabis,312381322560,pre,0.743963897228241,0.702384889125824,0.556620180606842,0.5481155514717102,0.7298544049263,,,,,,0.6528059244155884,0.332811176776886,0.014382877387106419,0.7371506690979004,0.6873078942298889,0.4215976595878601,0.14085350930690765,0.11693961918354034
gbert,Cannabis,312381322560,post,0.7429549694061279,0.8084409832954407,0.5175636410713196,0.23598068952560425,0.6343586444854736,,,,,,0.2899707853794098,0.5356626510620117,0.17436660826206207,0.9419642686843872,0.9940027594566345,0.4715328812599182,0.10627655684947968,0.4147050976753235
gbert,Cannabis,312501437748,post,0.5916646122932434,0.872608482837677,0.7818978428840637,0.621115505695343,0.9298480153083801,,,,,,0.14535346627235413,0.25241637229919434,0.6022301912307739,0.7081279158592224,0.6294866800308228,0.7386786937713623,0.08414220064878464,0.6434836983680725
gbert,Cannabis,312511287348,post,0.14185884594917297,0.012079660780727863,0.08519188314676285,0.004388120025396347,0.5597366094589233,,,,,,0.25879356265068054,0.5194764733314514,0.22172999382019043,0.05744440108537674,0.1956581324338913,0.16035696864128113,0.01816176064312458,0.8255929350852966
gbert,Cannabis,312646511412,pre,0.6108001470565796,0.8786130547523499,0.5565690994262695,0.3079339265823364,0.968747615814209,,,,,,0.015615717507898808,0.6121122241020203,0.3722720444202423,0.22571471333503723,0.15407297015190125,0.28269195556640625,0.01898312196135521,0.10562698543071747
gbert,Cannabis,312646511412,post,0.836147665977478,0.8692662119865417,0.3528288006782532,0.7143126130104065,0.7716336846351624,,,,,,0.40239447355270386,0.55698162317276,0.04062386602163315,0.25103604793548584,0.04753522202372551,0.7822850346565247,0.0055129616521298885,0.6656332612037659
gbert,Cannabis,312675510960,post,0.5185473561286926,0.8932926058769226,0.5885134339332581,0.5104801058769226,0.9470038414001465,,,,,,0.4133472442626953,0.5656052231788635,0.02104753442108631,0.7336142063140869,0.01457880437374115,0.6777102947235107,0.004564954433590174,0.641403317451477
gbert,Cannabis,312797949012,pre,0.8334037065505981,0.8563067317008972,0.49153509736061096,0.8131687045097351,0.7890747785568237,,,,,,0.0880659744143486,0.44171175360679626,0.47022220492362976,0.8562067747116089,0.4079867899417877,0.3448095917701721,0.45450523495674133,0.26403170824050903
gbert,Cannabis,312797949012,post,0.6633440256118774,0.8148583173751831,0.5867477059364319,0.6244121789932251,0.8810680508613586,,,,,,0.07111018896102905,0.2520616352558136,0.676828145980835,0.7966026067733765,0.3237416446208954,0.36000940203666687,0.16840599477291107,0.2940658926963806
gbert,Cannabis,312849797580,pre,0.4904530346393585,0.9005576372146606,0.7871600389480591,0.9483553767204285,0.9335125684738159,,,,,,0.14981190860271454,0.7367050051689148,0.11348311603069305,0.5034770369529724,0.38696056604385376,0.8538510799407959,0.08905044943094254,0.6408416032791138
gbert,Cannabis,312849797580,post,0.6797447204589844,0.8772991895675659,0.6954904198646545,0.599723756313324,0.9041939377784729,,,,,,0.19496123492717743,0.7000635862350464,0.10497520864009857,0.8487336039543152,0.44518256187438965,0.7728572487831116,0.014610420912504196,0.03353181853890419
gbert,Cannabis,312901643412,pre,0.5397012233734131,0.8757390379905701,0.5117847919464111,0.7914841175079346,0.9406023621559143,,,,,,0.1876428872346878,0.7861263155937195,0.02623080648481846,0.9633196592330933,0.6665455102920532,0.8705875277519226,0.29630574584007263,0.04334236681461334
gbert,Cannabis,312901643412,post,0.4500979483127594,0.8080239295959473,0.710185170173645,0.8908376693725586,0.8104000091552734,,,,,,0.17982818186283112,0.8065716624259949,0.013600224629044533,0.8100001811981201,0.48695915937423706,0.5552699565887451,0.10054010152816772,0.48223546147346497
gbert,Cannabis,312926952780,pre,0.7379765510559082,0.9776632189750671,0.6685338020324707,0.7060055136680603,0.9593835473060608,,,,,,0.736709475517273,0.2546516954898834,0.008638771250844002,0.7222581505775452,0.023562027141451836,0.6819614768028259,0.008606445975601673,0.5685727596282959
gbert,Cannabis,312926952780,post,0.6528240442276001,0.9523623585700989,0.1837509572505951,0.5527137517929077,0.9472023248672485,,,,,,0.3979138731956482,0.5324175953865051,0.06966852396726608,0.4164135754108429,0.18300850689411163,0.48397669196128845,0.05142667144536972,0.6293355822563171
gbert,Cannabis,314759321748,pre,0.3976142108440399,0.5699463486671448,0.2336125373840332,0.44085097312927246,0.003673206316307187,,,,,,0.8914134502410889,0.09457886964082718,0.014007688499987125,0.19075019657611847,0.21757851541042328,0.029318932443857193,0.003461717162281275,0.829329252243042
gbert,Cannabis,314759321748,post,0.7823507785797119,0.7456335425376892,0.8004524111747742,0.7084249258041382,0.2963160276412964,,,,,,0.2745717167854309,0.654816746711731,0.07061149179935455,0.8052881956100464,0.6064624190330505,0.3290577530860901,0.037352055311203,0.3793500065803528
gbert,Cannabis,315062397360,pre,0.7143606543540955,0.8555272221565247,0.5185961127281189,0.7107516527175903,0.8982100486755371,,,,,,0.14578048884868622,0.7593798041343689,0.09483970701694489,0.24981601536273956,0.7877135276794434,0.9639995694160461,0.5985023975372314,0.2685350477695465
gbert,Cannabis,315062397360,post,0.6579693555831909,0.8758899569511414,0.7028321027755737,0.8276351690292358,0.8608626127243042,,,,,,0.2804904282093048,0.5638743042945862,0.15563523769378662,0.8255411386489868,0.9360243678092957,0.9753820300102234,0.8979400396347046,0.46379557251930237
gbert,Cannabis,315110072160,pre,0.3344298303127289,0.8390920162200928,0.6185461282730103,0.4147282540798187,0.9345815181732178,,,,,,0.25311949849128723,0.5074870586395264,0.23939351737499237,0.882193922996521,0.5649030208587646,0.6522184610366821,0.2507404088973999,0.9064841270446777
gbert,Cannabis,315110072160,post,0.4112459421157837,0.8529672622680664,0.6668321490287781,0.6286236643791199,0.5710716843605042,,,,,,0.6720755100250244,0.2719217538833618,0.05600273981690407,0.00978927593678236,0.7111380100250244,0.8747364282608032,0.05371643230319023,0.9831236004829407
gbert,Cannabis,315115068780,pre,0.03263849765062332,0.7963612675666809,0.8825942873954773,0.49572673439979553,0.5473241209983826,,,,,,0.6310966610908508,0.3515496551990509,0.01735362783074379,0.5080626606941223,0.30787432193756104,0.02980179153382778,0.05361705645918846,0.8995685577392578
gbert,Cannabis,315115068780,post,0.6408441066741943,0.8096621632575989,0.6515119671821594,0.7122936844825745,0.6001394391059875,,,,,,0.8305879831314087,0.1603824347257614,0.009029556065797806,0.33886078000068665,0.7226744294166565,0.633562445640564,0.22130610048770905,0.9049344062805176
gbert,Cannabis,315163084212,pre,0.1929626166820526,0.8274763822555542,0.5536757707595825,0.5288124680519104,0.5298866629600525,,,,,,0.6461588740348816,0.3403133749961853,0.013527752831578255,0.8107448220252991,0.02491847239434719,0.4573972523212433,0.000758590642362833,0.29258131980895996
gbert,Cannabis,315163084212,post,0.8566569089889526,0.8459758758544922,0.6021661162376404,0.6238587498664856,0.8770507574081421,,,,,,0.8429980874061584,0.14916296303272247,0.007838902994990349,0.9577596187591553,0.20846399664878845,0.828911542892456,0.002013948280364275,0.04445018619298935
gbert,Cannabis,315212672160,pre,0.38694822788238525,0.834806501865387,0.41083845496177673,0.7176294326782227,0.571718156337738,,,,,,0.06278390437364578,0.36703675985336304,0.5701794028282166,0.07730749249458313,0.3649713695049286,0.851285457611084,0.6836763024330139,0.6214790344238281
gbert,Cannabis,315212672160,post,0.9188528656959534,0.8936596512794495,0.6795238852500916,0.541789174079895,0.9008150696754456,,,,,,0.016268637031316757,0.3352609872817993,0.648470401763916,0.020398298278450966,0.15431463718414307,0.6949156522750854,0.31314727663993835,0.7276275753974915
gbert,Cannabis,315374991516,pre,0.8889613151550293,0.8662182688713074,0.6827673316001892,0.8255484700202942,0.8543457388877869,,,,,,0.11652126163244247,0.6049590706825256,0.2785196900367737,0.7636613249778748,0.37508338689804077,0.6194695234298706,0.37481221556663513,0.26167699694633484
gbert,Cannabis,315374991516,post,0.8580787777900696,0.8954203724861145,0.7511200308799744,0.7684429883956909,0.9594619870185852,,,,,,0.1464669108390808,0.6500416994094849,0.2034914195537567,0.6837059855461121,0.27797120809555054,0.6315526962280273,0.5492729544639587,0.44027286767959595
gbert,Cannabis,315385929360,pre,0.6329364776611328,0.7288329005241394,0.6292182207107544,0.7224388718605042,0.866803765296936,,,,,,0.07766452431678772,0.17970794439315796,0.7426275014877319,0.6762323975563049,0.2790401577949524,0.7256467938423157,0.5251263380050659,0.10828833281993866
gbert,Cannabis,315385929360,post,0.7608700394630432,0.746625542640686,0.7575189471244812,0.8545753359794617,0.7745192646980286,,,,,,0.42911866307258606,0.5564566850662231,0.014424698427319527,0.4960358440876007,0.4264686405658722,0.7069873809814453,0.5142592787742615,0.7684475779533386
gbert,Cannabis,315792773928,pre,0.5835066437721252,0.9108170866966248,0.5835370421409607,0.9114183783531189,0.8671558499336243,,,,,,0.050773072987794876,0.40760907530784607,0.5416178703308105,0.7779632210731506,0.814929723739624,0.7794767022132874,0.505793571472168,0.001596246613189578
gbert,Cannabis,315792773928,post,0.5235070586204529,0.9349409341812134,0.6266144514083862,0.5844612121582031,0.9814561009407043,,,,,,0.0075383358635008335,0.10870840400457382,0.88375324010849,0.400911420583725,0.7137212753295898,0.7178398966789246,0.6218494772911072,0.65463787317276
gbert,Cannabis,315817469748,pre,0.024935245513916016,0.8319821357727051,0.6925780773162842,0.16426464915275574,0.36274847388267517,,,,,,0.8199239373207092,0.174996018409729,0.005080047994852066,0.001513050403445959,0.09027811139822006,0.2997651696205139,0.0008549695485271513,0.9960479736328125
gbert,Cannabis,315817469748,post,0.0007810615934431553,0.5866273641586304,0.8379749059677124,0.5731178522109985,0.5425251126289368,,,,,,0.29451608657836914,0.5649845600128174,0.1404993087053299,0.005685397423803806,0.2586321234703064,0.4292167127132416,0.08178254961967468,0.9695462584495544
gbert,Cannabis,315832038948,pre,0.6489149332046509,0.889294445514679,0.7613502740859985,0.5995185971260071,0.9321577548980713,,,,,,0.026553908362984657,0.24016281962394714,0.733283281326294,0.40184295177459717,0.3802502155303955,0.7264404892921448,0.2806203365325928,0.42684391140937805
gbert,Cannabis,315832038948,post,0.7497708201408386,0.8824166655540466,0.8002883791923523,0.7446116209030151,0.9647392630577087,,,,,,0.02069387026131153,0.3166027367115021,0.6627033948898315,0.5145654082298279,0.4679777920246124,0.47747525572776794,0.872078537940979,0.11614822596311569
gbert,Cannabis,315937648548,post,0.5824716091156006,0.9261545538902283,0.6878878474235535,0.6046275496482849,0.9134179353713989,,,,,,0.011836924590170383,0.15923984348773956,0.828923225402832,0.5114461183547974,0.5176655650138855,0.7537593245506287,0.2051561325788498,0.6051542162895203
gbert,Cannabis,316718361360,pre,0.7996054887771606,0.8718945980072021,0.8624093532562256,0.7058271765708923,0.910825252532959,,,,,,0.10650544613599777,0.3809150755405426,0.5125795006752014,0.6224234104156494,0.6749149560928345,0.8465726971626282,0.31687164306640625,0.8480833172798157
gbert,Cannabis,316718361360,post,0.9066822528839111,0.8693467974662781,0.864906370639801,0.7911944389343262,0.8959879875183105,,,,,,0.1980111449956894,0.5029738545417786,0.29901498556137085,0.6387443542480469,0.38588210940361023,0.6376520991325378,0.2700350880622864,0.9184849262237549
gbert,Cannabis,316820418264,pre,0.870307981967926,0.896258533000946,0.8806173801422119,0.7536723017692566,0.8997651934623718,,,,,,0.04282546788454056,0.37530699372291565,0.5818675756454468,0.4955032467842102,0.3370188772678375,0.727052628993988,0.6239473223686218,0.9604201316833496
gbert,Cannabis,316820418264,post,0.8143264651298523,0.8958380818367004,0.8453458547592163,0.7446812391281128,0.9597800970077515,,,,,,0.03138195723295212,0.7220191955566406,0.24659888446331024,0.5077663660049438,0.31890416145324707,0.7316105365753174,0.3624562919139862,0.249347984790802
gbert,Cannabis,316867954212,pre,0.5372669696807861,0.8468854427337646,0.26396313309669495,0.34496474266052246,0.9305917620658875,,,,,,0.042439594864845276,0.6273616552352905,0.3301987051963806,0.585608184337616,0.2649557292461395,0.5933229923248291,0.25786662101745605,0.04400976002216339
gbert,Cannabis,316867954212,post,0.4474586248397827,0.2066018283367157,0.3498554825782776,0.05713134631514549,0.6366974711418152,,,,,,0.08712247014045715,0.5589932203292847,0.3538842797279358,0.04829736426472664,0.08854580670595169,0.08599074929952621,0.027404002845287323,0.05027075111865997
gbert,Cannabis,316893197916,pre,0.6290811896324158,0.9586694836616516,0.8044355511665344,0.7795350551605225,0.9482760429382324,,,,,,0.016773734241724014,0.307557076215744,0.6756691932678223,0.6294829845428467,0.6924051642417908,0.8274754285812378,0.397176593542099,0.293690025806427
gbert,Cannabis,316893197916,post,0.36713218688964844,0.7743181586265564,0.5075857639312744,0.5220481753349304,0.7536197304725647,,,,,,0.08577147871255875,0.5406944751739502,0.37353402376174927,0.20479129254817963,0.27975380420684814,0.5120682120323181,0.047758884727954865,0.0894969180226326
gbert,Cannabis,316902020148,pre,0.15798990428447723,0.42741861939430237,0.40360939502716064,0.43468111753463745,0.935336172580719,,,,,,0.0863780677318573,0.3384511470794678,0.5751707553863525,0.2068280726671219,0.129323348402977,0.40632107853889465,0.1657644361257553,0.12744008004665375
gbert,Cannabis,316902020148,post,0.6460986733436584,0.8571344017982483,0.5491951704025269,0.6489573121070862,0.9278349280357361,,,,,,0.217568039894104,0.4056819677352905,0.37675005197525024,0.45501741766929626,0.5684540271759033,0.7450841069221497,0.16417913138866425,0.19705559313297272
gbert,Cannabis,316926303516,pre,0.7048793435096741,0.8850377798080444,0.778174102306366,0.7609557509422302,0.9831703901290894,,,,,,0.008298621512949467,0.28754785656929016,0.7041535377502441,0.2852846682071686,0.46161362528800964,0.7481673359870911,0.4006730914115906,0.06000505015254021
gbert,Cannabis,316926303516,post,0.6821357607841492,0.9153414964675903,0.7121134400367737,0.7034860253334045,0.9601747393608093,,,,,,0.010512828826904297,0.16793569922447205,0.821551501750946,0.6505113244056702,0.45412683486938477,0.6286422610282898,0.367808073759079,0.19865640997886658
gbert,Cannabis,316958656032,pre,0.5201940536499023,0.7233983278274536,0.6640423536300659,0.7316480875015259,0.8721005916595459,,,,,,0.051899224519729614,0.30060848593711853,0.6474922299385071,0.8310524225234985,0.6409767270088196,0.7682921290397644,0.1138232871890068,0.10800383985042572
gbert,Cannabis,316958656032,post,0.5361841917037964,0.907238781452179,0.6803779006004333,0.8405781984329224,0.9760334491729736,,,,,,0.00966575089842081,0.17518264055252075,0.8151516318321228,0.31699085235595703,0.5415950417518616,0.9269488453865051,0.15869203209877014,0.37883460521698
gbert,Cannabis,316965700548,pre,0.7049714922904968,0.8706916570663452,0.7761412262916565,0.8013824224472046,0.8951535224914551,,,,,,0.40855303406715393,0.4916995167732239,0.09974741190671921,0.8447324633598328,0.27204909920692444,0.6569074392318726,0.26576918363571167,0.7159103155136108
gbert,Cannabis,316965700548,post,0.22818173468112946,0.8172875046730042,0.643754243850708,0.6299801468849182,0.7115980982780457,,,,,,0.4145432114601135,0.4441678524017334,0.14128896594047546,0.12361645698547363,0.38267970085144043,0.536200761795044,0.0010000522015616298,0.6280741691589355
gbert,Cannabis,317025893916,pre,0.5858502984046936,0.8309695720672607,0.7896360158920288,0.5651360750198364,0.9041926860809326,,,,,,0.01666061393916607,0.2443651258945465,0.7389742136001587,0.5743834972381592,0.7687811255455017,0.7358577847480774,0.16585011780261993,0.53863525390625
gbert,Cannabis,317025893916,post,0.5622944235801697,0.886616051197052,0.5976201891899109,0.7311926484107971,0.8981105089187622,,,,,,0.014942687004804611,0.22325487434864044,0.7618023753166199,0.7403843998908997,0.7492940425872803,0.9325539469718933,0.6889767646789551,0.4052121043205261
gbert,Cannabis,317153595348,pre,0.8289192318916321,0.8818296194076538,0.5181781053543091,0.3855357766151428,0.5929915308952332,,,,,,0.4450150728225708,0.5306347608566284,0.024350130930542946,0.37029919028282166,0.5687495470046997,0.08568254113197327,0.0038371027912944555,0.739361047744751
gbert,Cannabis,317245731516,pre,0.6626775860786438,0.8912197947502136,0.7027037143707275,0.6364224553108215,0.9396175742149353,,,,,,0.03942254185676575,0.28004568815231323,0.6805317997932434,0.49055829644203186,0.3538181483745575,0.6725619435310364,0.045728761702775955,0.3446139693260193
gbert,Cannabis,317245731516,post,0.8725232481956482,0.907611072063446,0.6634225845336914,0.8702822923660278,0.9048764109611511,,,,,,0.5662634372711182,0.3876943290233612,0.046042244881391525,0.9727232456207275,0.5949490666389465,0.6678338646888733,0.07014628499746323,0.022240960970520973
gbert,Cannabis,317287793412,post,0.5789418816566467,0.9102602005004883,0.5632798671722412,0.3779350519180298,0.6852480173110962,,,,,,0.6359325051307678,0.3483010232448578,0.015766460448503494,0.09328281879425049,0.2937619686126709,0.17517851293087006,0.006603993009775877,0.6529541611671448
gbert,Cannabis,317319329916,pre,0.6734408736228943,0.7703387141227722,0.47759556770324707,0.6395081877708435,0.5104915499687195,,,,,,0.8689380884170532,0.12093035131692886,0.010131514631211758,0.6753210425376892,0.010385775938630104,0.4634973108768463,0.01552369724959135,0.6612306833267212
gbert,Cannabis,317450653812,pre,0.6850252151489258,0.8185353875160217,0.5290748476982117,0.6678128838539124,0.9276984930038452,,,,,,0.6997657418251038,0.2643885314464569,0.03584569692611694,0.4926624894142151,0.3077824115753174,0.46207261085510254,0.012187264859676361,0.790664792060852
gbert,Cannabis,317450653812,post,0.877838134765625,0.9009383320808411,0.7666055560112,0.7829709053039551,0.8274034261703491,,,,,,0.4311947822570801,0.5466718673706055,0.02213332988321781,0.8400605916976929,0.41151195764541626,0.6123848557472229,0.02523934654891491,0.5510343909263611
gbert,Cannabis,318880282212,pre,0.6990125775337219,0.8024328947067261,0.4947691559791565,0.2622772455215454,0.678971529006958,,,,,,0.14874857664108276,0.6393277049064636,0.211923748254776,0.15403860807418823,0.19409243762493134,0.6028065085411072,0.09788428246974945,0.3023312985897064
gbert,Cannabis,318880282212,post,0.22569485008716583,0.3234187364578247,0.3201117217540741,0.038071855902671814,0.5042590498924255,,,,,,0.18470744788646698,0.629168689250946,0.186123788356781,0.07079890370368958,0.09023436158895493,0.22275470197200775,0.014498883858323097,0.42137381434440613
gbert,Cannabis,318887057916,pre,0.651274561882019,0.8407530784606934,0.7035070657730103,0.7404688596725464,0.2581080496311188,,,,,,0.7844651937484741,0.20591066777706146,0.009624090045690536,0.7956163287162781,0.46524104475975037,0.29808515310287476,0.26973220705986023,0.7832117676734924
gbert,Cannabis,318951623412,pre,0.45404645800590515,0.8133439421653748,0.6448966264724731,0.5732516050338745,0.9537901878356934,,,,,,0.011984355747699738,0.18522699177265167,0.8027886748313904,0.12552401423454285,0.4952038526535034,0.8175032734870911,0.2529563307762146,0.31600257754325867
gbert,Cannabis,318951623412,post,0.8453565239906311,0.9508873820304871,0.7574428915977478,0.7615434527397156,0.9874780774116516,,,,,,0.01325836032629013,0.18840327858924866,0.7983383536338806,0.6272664666175842,0.35569438338279724,0.7232295870780945,0.5054183602333069,0.8690350651741028
gbert,Cannabis,319007373516,pre,0.6202306151390076,0.7919031381607056,0.5650309920310974,0.4382297694683075,0.6496023535728455,,,,,,0.8978782892227173,0.09044962376356125,0.011672062799334526,0.8623661994934082,0.7432330846786499,0.06890903413295746,0.01102664228528738,0.7719324827194214
gbert,Cannabis,319007373516,post,0.20878033339977264,0.5483630299568176,0.6769096255302429,0.6739857196807861,0.634671688079834,,,,,,0.5963929295539856,0.3876298666000366,0.015977151691913605,0.4645082950592041,0.6234656572341919,0.26365968585014343,0.02048768661916256,0.7964053153991699
gbert,Cannabis,319123378548,pre,0.5093986988067627,0.8147186636924744,0.6828455924987793,0.5295867919921875,0.870231032371521,,,,,,0.11361156404018402,0.7545266151428223,0.1318618208169937,0.39736226201057434,0.24691790342330933,0.5554719567298889,0.1298108994960785,0.4922800064086914
gbert,Cannabis,319123378548,post,0.8114169836044312,0.9121702313423157,0.6061395406723022,0.7654085159301758,0.8396307229995728,,,,,,0.15636558830738068,0.47653669118881226,0.3670977056026459,0.17758719623088837,0.528958261013031,0.6902309656143188,0.010442186146974564,0.5236534476280212
gbert,Cannabis,319158263232,pre,0.7496216297149658,0.8461326360702515,0.46388810873031616,0.5402507185935974,0.9080427289009094,,,,,,0.21569465100765228,0.7490202784538269,0.03528501093387604,0.41969335079193115,0.0009314375929534435,0.9380712509155273,0.002022748114541173,0.019068045541644096
gbert,Cannabis,319158263232,post,0.8813648223876953,0.9364254474639893,0.8717449903488159,0.8213375806808472,0.9159701466560364,,,,,,0.3553815186023712,0.4513044059276581,0.1933141052722931,0.830830454826355,0.6013826131820679,0.8428385257720947,0.7812725305557251,0.915161669254303
gbert,Cannabis,319216674780,pre,0.5695828199386597,0.9131787419319153,0.5105817914009094,0.6432920694351196,0.8219313621520996,,,,,,0.9064741730690002,0.08471635729074478,0.008809469640254974,0.6023406386375427,0.6524777412414551,0.8269139528274536,0.08650517463684082,0.8433466553688049
gbert,Cannabis,319216674780,post,0.6333560347557068,0.8764274716377258,0.6648067831993103,0.33764490485191345,0.8849002122879028,,,,,,0.5165621638298035,0.47093820571899414,0.012499639764428139,0.6486819982528687,0.8572912216186523,0.7866551876068115,0.09524579346179962,0.7857739925384521
gbert,Cannabis,319309766496,pre,0.7986868023872375,0.9061616659164429,0.4749893546104431,0.7997643947601318,0.8796868920326233,,,,,,0.36816930770874023,0.6068547368049622,0.024975934997200966,0.6224973201751709,0.3080569803714752,0.6803287267684937,0.4208255112171173,0.13170497119426727
gbert,Cannabis,319309766496,post,0.2385248988866806,0.23801538348197937,0.6091899275779724,0.5329622626304626,0.5839889049530029,,,,,,0.06226227432489395,0.7213283777236938,0.21640938520431519,0.341968297958374,0.2953927516937256,0.6675318479537964,0.058067772537469864,0.8541865348815918
gbert,Cannabis,319397800716,post,0.8847823739051819,0.9128503203392029,0.8152558207511902,0.7677764296531677,0.9044705629348755,,,,,,0.33173301815986633,0.5050166249275208,0.16325034201145172,0.7943110466003418,0.6834620833396912,0.8401095867156982,0.8127261996269226,0.8600943684577942
gbert,Cannabis,319406073696,pre,0.6923080682754517,0.9269250631332397,0.7752172350883484,0.7348073720932007,0.9715030789375305,,,,,,0.012342355214059353,0.27593445777893066,0.7117232084274292,0.9149254560470581,0.6937752962112427,0.5782162547111511,0.18849334120750427,0.7737220525741577
gbert,Cannabis,319406073696,post,0.69688880443573,0.9170278906822205,0.56158846616745,0.5167711973190308,0.9364336729049683,,,,,,0.061673928052186966,0.2830532491207123,0.6552727818489075,0.40747693181037903,0.25101855397224426,0.5921744704246521,0.10764516890048981,0.436825156211853
gbert,Cannabis,319637540664,pre,0.5473763346672058,0.9449828267097473,0.44559231400489807,0.35281097888946533,0.4378790259361267,,,,,,0.9437825083732605,0.050528932362794876,0.005688541568815708,0.4109671115875244,0.34243518114089966,0.10685906559228897,0.0036887116730213165,0.6527062654495239
gbert,Cannabis,319637540664,post,0.41327881813049316,0.8523207306861877,0.7641825079917908,0.7921413779258728,0.9421239495277405,,,,,,0.4138925075531006,0.5708793997764587,0.01522817276418209,0.8416340947151184,0.8389317989349365,0.8420611023902893,0.2432544082403183,0.7463095784187317
gbert,Cannabis,319681659348,pre,0.8417707085609436,0.7919740676879883,0.6710849404335022,0.6695526838302612,0.8218240141868591,,,,,,0.06021668389439583,0.4643133878707886,0.4754698872566223,0.3929782509803772,0.2576756477355957,0.49262604117393494,0.45688459277153015,0.6639887690544128
gbert,Cannabis,319681659348,post,0.8914787769317627,0.8881818652153015,0.786433219909668,0.8073732256889343,0.857663094997406,,,,,,0.20321667194366455,0.4146307706832886,0.3821525275707245,0.7829039692878723,0.4138021767139435,0.6894292235374451,0.3481208086013794,0.706195592880249
gbert,Cannabis,319948896096,post,0.5055404305458069,0.02831420861184597,0.8546874523162842,0.6253728866577148,0.13006176054477692,,,,,,0.21248814463615417,0.6814024448394775,0.10610941797494888,0.701065719127655,0.7263982892036438,0.5791402459144592,0.6323627233505249,0.5548527836799622
gbert,Cannabis,319984871760,pre,0.428117036819458,0.39982810616493225,0.7409752011299133,0.6691080331802368,0.89056795835495,,,,,,0.006103456951677799,0.0858248695731163,0.908071756362915,0.6950425505638123,0.2765847146511078,0.7405459880828857,0.4849402904510498,0.08533567190170288
gbert,Cannabis,319984871760,post,0.6539307832717896,0.5135276913642883,0.7660461068153381,0.7253565192222595,0.877829909324646,,,,,,0.12106169015169144,0.46702614426612854,0.4119121730327606,0.47931018471717834,0.203149676322937,0.5824302434921265,0.3729347586631775,0.39098864793777466
gbert,Cannabis,320071743180,pre,0.49222102761268616,0.0015178167959675193,0.19946317374706268,0.13411150872707367,0.021984195336699486,,,,,,0.227202907204628,0.7240914702415466,0.04870569333434105,0.33877095580101013,0.257778137922287,0.3827621340751648,0.004053563345223665,0.743686854839325
gbert,Cannabis,320071743180,post,0.6238159537315369,0.66299968957901,0.6998215913772583,0.8667014837265015,0.8977177143096924,,,,,,0.011276098899543285,0.9272616505622864,0.06146225333213806,0.8050611615180969,0.3430411219596863,0.711042046546936,0.5760208368301392,0.48962217569351196
gbert,Cannabis,320098008096,pre,0.4942651391029358,0.9110840559005737,0.7320484519004822,0.8942235112190247,0.9861976504325867,,,,,,0.10448136925697327,0.8123045563697815,0.08321403712034225,0.41543588042259216,0.3076617419719696,0.8961513638496399,0.04943915456533432,0.532137930393219
gbert,Cannabis,320098008096,post,0.30127471685409546,0.6276936531066895,0.6362229585647583,0.4052731394767761,0.8250192403793335,,,,,,0.572421669960022,0.3935394287109375,0.03403886407613754,0.6842930316925049,0.6183122992515564,0.04201610013842583,0.14409595727920532,0.40211716294288635
gbert,Cannabis,321496653348,pre,0.4705621600151062,0.5916594862937927,0.5227676033973694,0.698550820350647,0.5505735874176025,,,,,,0.18353267014026642,0.5531559586524963,0.26331135630607605,0.8345834612846375,0.5859396457672119,0.68022620677948,0.15141358971595764,0.5127869248390198
gbert,Cannabis,321496653348,post,0.6184430718421936,0.8914222717285156,0.600818395614624,0.4641411006450653,0.8767997026443481,,,,,,0.4305841028690338,0.4554608166217804,0.1139550656080246,0.9466301798820496,0.7960774302482605,0.31612536311149597,0.005726509727537632,0.02766883373260498
gbert,Cannabis,321515327232,pre,0.7731489539146423,0.9022316932678223,0.6931267380714417,0.937961995601654,0.7221575975418091,,,,,,0.5752242803573608,0.41310304403305054,0.01167271751910448,0.9359207153320312,0.6850833296775818,0.9460296034812927,0.0043891859240829945,0.9860972166061401
gbert,Cannabis,321515327232,post,0.7852018475532532,0.9259767532348633,0.8086262941360474,0.8400053381919861,0.9012011289596558,,,,,,0.666780948638916,0.3242805302143097,0.008938485756516457,0.8293365240097046,0.7935739159584045,0.8333325386047363,0.03272974118590355,0.9169460535049438
gbert,Cannabis,321593645232,pre,0.5462780594825745,0.8620152473449707,0.660011887550354,0.25617438554763794,0.9757609367370605,,,,,,0.07982278615236282,0.5462290644645691,0.3739481568336487,0.4664221405982971,0.3579995334148407,0.4444093108177185,0.16458328068256378,0.5457102060317993
gbert,Cannabis,321593645232,post,0.7465485334396362,0.8437102437019348,0.6687840819358826,0.5034900307655334,0.8319963216781616,,,,,,0.04785687476396561,0.37389424443244934,0.578248918056488,0.306958943605423,0.36857882142066956,0.6315264105796814,0.30474838614463806,0.6962789297103882
gbert,Cannabis,321781061232,pre,0.000639843347016722,0.8146166801452637,0.6797225475311279,0.9173075556755066,0.826953113079071,,,,,,0.22029022872447968,0.6514772772789001,0.12823247909545898,0.17186275124549866,0.7506334185600281,0.9022313356399536,0.7134299278259277,0.9626029133796692
gbert,Cannabis,321781061232,post,0.0020956778898835182,0.8914890885353088,0.5793262720108032,0.4107166826725006,0.9038003087043762,,,,,,0.5641626119613647,0.3878588378429413,0.04797855019569397,0.034149300307035446,0.5176578760147095,0.8491895794868469,0.20650024712085724,0.9607415795326233
gbert,Cannabis,321941185632,pre,0.40199217200279236,0.8523949384689331,0.7364600300788879,0.7316402196884155,0.9521179795265198,,,,,,0.02280140481889248,0.3606280982494354,0.6165704727172852,0.5170180201530457,0.3404702842235565,0.8083582520484924,0.633250892162323,0.5925657153129578
gbert,Cannabis,321941185632,post,0.5653085112571716,0.8179789781570435,0.4920708239078522,0.7521772980690002,0.9113824963569641,,,,,,0.02847057580947876,0.38536980748176575,0.5861596465110779,0.46029263734817505,0.1446431577205658,0.966090202331543,0.5172749161720276,0.24272747337818146
gbert,Cannabis,322114509180,pre,0.8291882276535034,0.903355598449707,0.8317157626152039,0.7545336484909058,0.9203944802284241,,,,,,0.06596890091896057,0.4981081783771515,0.43592286109924316,0.6334830522537231,0.38573265075683594,0.8709600567817688,0.6673839688301086,0.11446511000394821
gbert,Cannabis,322114509180,post,0.8393170833587646,0.9014045000076294,0.8356379866600037,0.7541534900665283,0.9230878949165344,,,,,,0.07170774787664413,0.47835543751716614,0.4499368667602539,0.6540336608886719,0.38424229621887207,0.8724293112754822,0.6554611325263977,0.09717440605163574
gbert,Cannabis,322203904560,pre,0.46836769580841064,0.8007881045341492,0.5177958607673645,0.44831642508506775,0.9402948021888733,,,,,,0.03195369243621826,0.23312434554100037,0.734921932220459,0.8748253583908081,0.5235422849655151,0.7467554211616516,0.040524162352085114,0.33262860774993896
gbert,Cannabis,322203904560,post,0.5969895720481873,0.8653060793876648,0.6894245743751526,0.6261699795722961,0.9299856424331665,,,,,,0.1465388685464859,0.5678679943084717,0.2855932116508484,0.5937998294830322,0.5833887457847595,0.8700783848762512,0.5183420181274414,0.01108358521014452
gbert,Cannabis,322204179528,pre,0.7703574895858765,0.8967998027801514,0.8200780153274536,0.7608673572540283,0.8245849609375,,,,,,0.5448479652404785,0.44377633929252625,0.011375700123608112,0.46564358472824097,0.0009569149697199464,0.8312397599220276,0.0005909008905291557,0.14574311673641205
gbert,Cannabis,322204179528,post,0.48007649183273315,0.8084346652030945,0.755850076675415,0.16495512425899506,0.008178343065083027,,,,,,0.655782163143158,0.3231617510318756,0.021056145429611206,0.44507813453674316,0.0005644811899401248,0.3493557870388031,0.0004322384193073958,0.5383758544921875
gbert,Cannabis,322259859864,pre,0.17619463801383972,0.8974817991256714,0.506220281124115,0.5909098982810974,0.2729480564594269,,,,,,0.7278578877449036,0.26140013337135315,0.010741977952420712,0.006535911001265049,0.8484402298927307,0.6646167635917664,0.022992964833974838,0.9797148108482361
gbert,Cannabis,322259859864,post,0.7202106714248657,0.8931271433830261,0.6804981827735901,0.7412217855453491,0.944753110408783,,,,,,0.41194236278533936,0.5755451321601868,0.012512465938925743,0.9870777130126953,0.742477536201477,0.6018778681755066,0.15835405886173248,0.3441031277179718
gbert,Cannabis,322280654148,pre,0.2877820134162903,0.7811569571495056,0.5216869115829468,0.7249096035957336,0.49783360958099365,,,,,,0.3387858271598816,0.6437696218490601,0.017444532364606857,0.838857889175415,0.6025530695915222,0.8916289806365967,0.000829465629067272,0.8433762788772583
gbert,Cannabis,322280654148,post,0.6301369667053223,0.5940179228782654,0.680537223815918,0.8044760227203369,0.9000119566917419,,,,,,0.008732120506465435,0.9460141658782959,0.04525373876094818,0.7337390780448914,0.3876349627971649,0.5135911703109741,0.35943448543548584,0.597984254360199
gbert,Cannabis,322300761012,pre,0.5746767520904541,0.8020167946815491,0.6221228241920471,0.2337731271982193,0.846821129322052,,,,,,0.6384944319725037,0.33703136444091797,0.024474235251545906,0.5344505906105042,0.3635771870613098,0.2055240422487259,0.019405433908104897,0.755439817905426
gbert,Cannabis,322300761012,post,0.5523185133934021,0.8407759070396423,0.763808012008667,0.7967667579650879,0.9840060472488403,,,,,,0.011924386955797672,0.7442275285720825,0.2438480705022812,0.8840212225914001,0.48741477727890015,0.749676525592804,0.2146156132221222,0.30516859889030457
gbert,Cannabis,322309516212,pre,0.42178085446357727,0.9179036617279053,0.7030228972434998,0.6646146774291992,0.9697425365447998,,,,,,0.053363777697086334,0.5470864176750183,0.3995497226715088,0.8281479477882385,0.5286440849304199,0.7454996109008789,0.38648197054862976,0.19429756700992584
gbert,Cannabis,322309516212,post,0.5734559893608093,0.8051300048828125,0.7062413096427917,0.774171769618988,0.9215844869613647,,,,,,0.02010268159210682,0.555383026599884,0.4245142936706543,0.48695194721221924,0.2088216096162796,0.547980010509491,0.3587973713874817,0.16301119327545166
gbert,Cannabis,322356578148,pre,0.5606111884117126,0.4807107746601105,0.6274522542953491,0.6621161103248596,0.8166924715042114,,,,,,0.1782371550798416,0.46131643652915955,0.36044642329216003,0.30173221230506897,0.2758944630622864,0.7697608470916748,0.17437516152858734,0.16092480719089508
gbert,Cannabis,322356578148,post,0.772302508354187,0.9110362529754639,0.7000097036361694,0.5647720694541931,0.9590118527412415,,,,,,0.4407203197479248,0.4811929762363434,0.07808665186166763,0.6085355281829834,0.2959764003753662,0.5404119491577148,0.06258656084537506,0.24452830851078033
gbert,Cannabis,322359929748,pre,0.800146222114563,0.8479183912277222,0.7122519612312317,0.7343394756317139,0.9169701933860779,,,,,,0.08867818862199783,0.7203519940376282,0.19096985459327698,0.407057523727417,0.20176327228546143,0.6413828730583191,0.3642694652080536,0.40948331356048584
gbert,Cannabis,322359929748,post,0.800146222114563,0.8479183912277222,0.7122519612312317,0.7343394756317139,0.9169701933860779,,,,,,0.08867818862199783,0.7203519940376282,0.19096985459327698,0.407057523727417,0.20176327228546143,0.6413828730583191,0.3642694652080536,0.40948331356048584
gbert,Cannabis,322388382096,pre,0.5996984243392944,0.9026822447776794,0.5743421912193298,0.3414919674396515,0.7340484261512756,,,,,,0.8687336444854736,0.12424039095640182,0.007025931961834431,0.9538846015930176,0.6434444785118103,0.26755931973457336,0.005082068033516407,0.65682452917099
gbert,Cannabis,322388382096,post,0.894588053226471,0.8916578888893127,0.7211702466011047,0.7834553122520447,0.9229004383087158,,,,,,0.0973391905426979,0.8411555290222168,0.06150534003973007,0.852075457572937,0.42350587248802185,0.5876083374023438,0.4297036826610565,0.700934886932373
gbert,Cannabis,322434896832,pre,0.3419433832168579,0.917955756187439,0.2453354299068451,0.4426240026950836,0.8486120700836182,,,,,,0.012323783710598946,0.17481063306331635,0.8128655552864075,0.4642181992530823,0.491987019777298,0.891106128692627,0.0605582520365715,0.2024887502193451
gbert,Cannabis,322434896832,post,0.22110122442245483,0.6459067463874817,0.312044620513916,0.024185622110962868,0.9409917593002319,,,,,,0.029797138646245003,0.11201024800539017,0.8581926226615906,0.646386981010437,0.020362943410873413,0.13248981535434723,0.5934901237487793,0.003957411274313927
gbert,Cannabis,322466697360,pre,0.460647851228714,0.7056075930595398,0.2278994917869568,0.8703250288963318,0.9024635553359985,,,,,,0.01678984798491001,0.4384019076824188,0.5448082685470581,0.868060290813446,0.7954626679420471,0.9091328382492065,0.6398855447769165,0.11113995313644409
gbert,Cannabis,322466697360,post,0.4977928698062897,0.7268872857093811,0.2796470522880554,0.07882383465766907,0.6572906374931335,,,,,,0.05176573619246483,0.6950870752334595,0.253147155046463,0.8510488867759705,0.777642548084259,0.004352033603936434,0.0033833070192486048,0.19409234821796417
gbert,Cannabis,322488314496,pre,0.0007126989075914025,0.8056925535202026,0.7298451662063599,0.7095276117324829,0.5646002292633057,,,,,,0.3748214542865753,0.4822736978530884,0.1429048627614975,0.49590981006622314,0.8530870079994202,0.5167447924613953,0.3075579106807709,0.8705523014068604
gbert,Cannabis,322488314496,post,0.8854992985725403,0.974883496761322,0.6884419918060303,0.6388106346130371,0.9882295727729797,,,,,,0.00970323383808136,0.24512268602848053,0.7451741099357605,0.5563526749610901,0.5003008842468262,0.8285943269729614,0.1897778958082199,0.6749773621559143
gbert,Cannabis,322599736044,pre,0.8495408892631531,0.8891940116882324,0.7388830780982971,0.7755655646324158,0.853445291519165,,,,,,0.5464858412742615,0.4358556270599365,0.01765849068760872,0.8686631321907043,0.7189456224441528,0.7584141492843628,0.6271782517433167,0.0031235890928655863
gbert,Cannabis,322599736044,post,0.700236439704895,0.8616673946380615,0.43047279119491577,0.5477476716041565,0.8256304264068604,,,,,,0.14692653715610504,0.8242570757865906,0.028816374018788338,0.6269106268882751,0.1615300178527832,0.014432080090045929,0.3319624662399292,0.08586683869361877
gbert,Cannabis,322693443360,pre,0.29575908184051514,0.798262894153595,0.6301819086074829,0.5692391991615295,0.7099043130874634,,,,,,0.6836338043212891,0.3028053045272827,0.013560905121266842,0.7818006873130798,0.679236888885498,0.012638241052627563,0.7041588425636292,0.008621430955827236
gbert,Cannabis,322693443360,post,0.6068411469459534,0.7780917882919312,0.6306094527244568,0.8022791147232056,0.8345005512237549,,,,,,0.8671859502792358,0.12432300299406052,0.008491058833897114,0.9293070435523987,0.14084133505821228,0.08956834673881531,0.2678619623184204,0.7531594038009644
gbert,Cannabis,322694606844,pre,0.19972379505634308,0.8297516703605652,0.6281367540359497,0.47152838110923767,0.8405647277832031,,,,,,0.8988316655158997,0.0927833765745163,0.008384957909584045,0.5254856944084167,0.3294373154640198,0.3515709638595581,0.037232525646686554,0.5042725205421448
gbert,Cannabis,322694606844,post,0.5000754594802856,0.8332120776176453,0.7157235145568848,0.6033831238746643,0.8287918567657471,,,,,,0.5733829736709595,0.4186405837535858,0.007976431399583817,0.11544650048017502,0.2896740734577179,0.4074176549911499,0.000636260665487498,0.9146958589553833
gbert,Cannabis,322707128148,pre,0.8318944573402405,0.8166601657867432,0.6277924180030823,0.6621910333633423,0.8634433150291443,,,,,,0.4806349277496338,0.4996884763240814,0.01967661827802658,0.41158363223075867,0.5053939819335938,0.6912053227424622,0.03417995199561119,0.6545179486274719
gbert,Cannabis,322707128148,post,0.8372111916542053,0.8800514936447144,0.4602896571159363,0.7829170823097229,0.8837466835975647,,,,,,0.367618590593338,0.60943603515625,0.02294543758034706,0.2514682412147522,0.548007607460022,0.7896395921707153,0.00171944173052907,0.4331600069999695
gbert,Cannabis,322846727760,pre,0.6067488789558411,0.8442330360412598,0.4153682589530945,0.4581947326660156,0.6392778754234314,,,,,,0.9685214757919312,0.026990484446287155,0.004488089121878147,0.8685712218284607,0.8942564725875854,0.4449784457683563,0.0025443201884627342,0.551094114780426
gbert,Cannabis,322846727760,post,0.19210581481456757,0.5190211534500122,0.2120056450366974,0.5914983749389648,0.2823425829410553,,,,,,0.939064621925354,0.05589742213487625,0.005037970840930939,0.9797540307044983,0.6556532979011536,0.6650721430778503,0.5794034600257874,0.9332679510116577
gbert,Cannabis,323585037360,pre,0.2999483048915863,0.6191404461860657,0.16953858733177185,0.0024185830261558294,0.7976487874984741,,,,,,0.13899105787277222,0.5801565051078796,0.28085237741470337,0.2100553810596466,0.14366371929645538,0.06286770850419998,0.05598159506917,0.2689523696899414
gbert,Cannabis,323585037360,post,0.3151233196258545,0.8491586446762085,0.45980045199394226,0.0047245267778635025,0.9036267399787903,,,,,,0.23289082944393158,0.4390702247619629,0.32803890109062195,0.28535041213035583,0.1797027438879013,0.13972558081150055,0.10249142348766327,0.24944566190242767
gbert,Cannabis,323625872160,post,0.9213502407073975,0.9249427318572998,0.7560763359069824,0.740051805973053,0.9787247180938721,,,,,,0.013041687197983265,0.19815118610858917,0.7888071537017822,0.7105685472488403,0.41643786430358887,0.8052464723587036,0.45436084270477295,0.8441886305809021
gbert,Cannabis,323640445464,pre,0.5969961285591125,0.7979170083999634,0.5469596982002258,0.3817889392375946,0.8625009655952454,,,,,,0.011580360122025013,0.14322495460510254,0.8451946973800659,0.8490403890609741,0.4319336712360382,0.3720261752605438,0.29044830799102783,0.02851339988410473
gbert,Cannabis,323640445464,post,0.6607843041419983,0.8447723984718323,0.7878821492195129,0.7854812145233154,0.6743314862251282,,,,,,0.5146890878677368,0.3619605302810669,0.12335042655467987,0.949337899684906,0.8960369825363159,0.6422411203384399,0.2517702877521515,0.003153460565954447
gbert,Cannabis,323689213296,post,0.8568276166915894,0.8852494359016418,0.5593338012695312,0.5509029626846313,0.8644034266471863,,,,,,0.3472820222377777,0.44874894618988037,0.2039690762758255,0.8994057178497314,0.8786991834640503,0.8390203714370728,0.15926994383335114,0.04340312257409096
gbert,Cannabis,323733401748,pre,0.6612966656684875,0.009110747836530209,0.6615695357322693,0.4982043206691742,0.8647714257240295,,,,,,0.026282966136932373,0.8296439051628113,0.14407309889793396,0.4865743815898895,0.16444064676761627,0.5072102546691895,0.30769333243370056,0.3025621771812439
gbert,Cannabis,323733401748,post,0.6612966656684875,0.009110747836530209,0.6615695357322693,0.4982043206691742,0.8647714257240295,,,,,,0.026282966136932373,0.8296439051628113,0.14407309889793396,0.4865743815898895,0.16444064676761627,0.5072102546691895,0.30769333243370056,0.3025621771812439
gbert,Cannabis,323790307128,pre,0.652959406375885,0.8633756041526794,0.6292518377304077,0.3110153377056122,0.7810001373291016,,,,,,0.8566412925720215,0.1366455852985382,0.00671312864869833,0.15163104236125946,0.39861005544662476,0.1275237500667572,0.002006729133427143,0.6261977553367615
gbert,Cannabis,323790307128,post,0.8376025557518005,0.901456356048584,0.6204366087913513,0.3494337499141693,0.8620406985282898,,,,,,0.6717477440834045,0.31582775712013245,0.012424453161656857,0.7605746388435364,0.06949354708194733,0.12738803029060364,0.1754206269979477,0.6571186780929565
gbert,Cannabis,323845780896,pre,0.33389195799827576,0.9052310585975647,0.7562557458877563,0.594733476638794,0.8565205931663513,,,,,,0.1889103353023529,0.7039708495140076,0.10711879283189774,0.6371251344680786,0.43453502655029297,0.5079691410064697,0.25959447026252747,0.37666651606559753
gbert,Cannabis,323845780896,post,0.9004813432693481,0.7997193336486816,0.5922597050666809,0.5331506729125977,0.5019484758377075,,,,,,0.7691126465797424,0.21506233513355255,0.01582498475909233,0.7759891748428345,0.34918099641799927,0.3683600127696991,0.014162808656692505,0.43890008330345154
gbert,Cannabis,323920475064,pre,0.8030833005905151,0.9032271504402161,0.7078356146812439,0.7886218428611755,0.8071172833442688,,,,,,0.6612787842750549,0.3178713619709015,0.020849881693720818,0.9479149580001831,0.8940076231956482,0.6894686818122864,0.2518310546875,0.522376298904419
gbert,Cannabis,323920475064,post,0.8271961808204651,0.8053821325302124,0.7180804014205933,0.7117965221405029,0.6900712251663208,,,,,,0.5573673844337463,0.4095914959907532,0.03304111212491989,0.5985915064811707,0.5170863270759583,0.6755889654159546,0.16440409421920776,0.6033750176429749
gbert,Cannabis,323935043580,pre,0.5957891941070557,0.7805957794189453,0.49246132373809814,0.4826407730579376,0.7769891023635864,,,,,,0.39193227887153625,0.5775812864303589,0.03048643097281456,0.47120192646980286,0.0005204915069043636,0.8317213654518127,0.0006916518905200064,0.011130280792713165
gbert,Cannabis,323935043580,post,0.8344745635986328,0.9365230798721313,0.5908657908439636,0.6709824204444885,0.8656976222991943,,,,,,0.688018798828125,0.30031850934028625,0.011662684381008148,0.8178906440734863,0.5097925662994385,0.4975017309188843,0.005289111286401749,0.0703270360827446
gbert,Cannabis,324016918380,pre,0.4503597915172577,0.821733295917511,0.7964476943016052,0.9206376671791077,0.5951783657073975,,,,,,0.5713069438934326,0.41470202803611755,0.013991029933094978,0.7982034087181091,0.0007307275081984699,0.9437539577484131,0.0005916387308388948,0.826816737651825
gbert,Cannabis,324016918380,post,0.8316845893859863,0.8687641024589539,0.0048230658285319805,0.7310421466827393,0.5949386358261108,,,,,,0.4461795687675476,0.5247164964675903,0.029103977605700493,0.7996663451194763,0.0007640575640834868,0.9099870920181274,0.00029112925403751433,0.7932465672492981
gbert,Cannabis,324062475516,pre,0.7118859887123108,0.908026397228241,0.5599598288536072,0.47751569747924805,0.8540483117103577,,,,,,0.29659485816955566,0.5757962465286255,0.12760895490646362,0.5387214422225952,0.20199736952781677,0.5456642508506775,0.005407106131315231,0.02503926120698452
gbert,Cannabis,324062475516,post,0.8900938034057617,0.8597873449325562,0.616205632686615,0.6973346471786499,0.8775510191917419,,,,,,0.3350371718406677,0.5631138682365417,0.10184893757104874,0.9068403244018555,0.6050367951393127,0.6367925405502319,0.0061964550986886024,0.050670772790908813
gbert,Cannabis,324099064044,pre,0.7714545726776123,0.8189189434051514,0.7223446369171143,0.6950926780700684,0.7213645577430725,,,,,,0.6525912880897522,0.3332127332687378,0.014195987954735756,0.618087649345398,0.0007614043424837291,0.7484665513038635,0.001909727929159999,0.18674924969673157
gbert,Cannabis,324099064044,post,0.6239679455757141,0.7359219789505005,0.7692644596099854,0.847511887550354,0.8165560364723206,,,,,,0.48962417244911194,0.4908633530139923,0.019512437283992767,0.7306216359138489,0.5802907943725586,0.6395233869552612,0.40096157789230347,0.6169871687889099
gbert,Cannabis,324382650444,pre,0.6640260815620422,0.9124741554260254,0.6929214000701904,0.5743001699447632,0.7870206236839294,,,,,,0.5920582413673401,0.389707088470459,0.01823464222252369,0.5871419310569763,0.5777184367179871,0.4514782428741455,0.0005363133386708796,0.007211405783891678
gbert,Cannabis,324382650444,post,0.7805103659629822,0.9102258086204529,0.6494542956352234,0.7918786406517029,0.8892874717712402,,,,,,0.8407625555992126,0.1524486541748047,0.0067888470366597176,0.9026694893836975,0.3104742169380188,0.7010208368301392,0.29499056935310364,0.7521542310714722
gbert,Cannabis,324383265360,pre,0.7030264139175415,0.9403844475746155,0.7100223898887634,0.569075345993042,0.8594876527786255,,,,,,0.8801348805427551,0.11167337000370026,0.008191725239157677,0.008154514245688915,0.8685823082923889,0.7397042512893677,0.02017528936266899,0.9969085454940796
gbert,Cannabis,324383265360,post,0.4114893674850464,0.8973990678787231,0.7113895416259766,0.3909599781036377,0.7099910378456116,,,,,,0.7148803472518921,0.27298471331596375,0.012134984135627747,0.9531659483909607,0.9387056231498718,0.03949722275137901,0.07933662831783295,0.9173451066017151
gbert,Cannabis,324482381064,post,0.4139370918273926,0.09254027903079987,0.5913873314857483,0.07344874739646912,0.9640682339668274,,,,,,0.013590100221335888,0.3981706500053406,0.5882392525672913,0.5650515556335449,0.3826918601989746,0.8147960305213928,0.29163992404937744,0.8001912236213684
gbert,Cannabis,324510290316,pre,0.23338082432746887,0.06429488211870193,0.5760570168495178,0.14067600667476654,0.6807528734207153,,,,,,0.17656396329402924,0.7657639980316162,0.057672079652547836,0.7883897423744202,0.8992807865142822,0.2689036428928375,0.0023928130976855755,0.0363381989300251
gbert,Cannabis,324510290316,post,0.685417890548706,0.6789222359657288,0.7095485329627991,0.6482366919517517,0.8421914577484131,,,,,,0.49121779203414917,0.28422489762306213,0.2245572805404663,0.5306466817855835,0.37854135036468506,0.608632504940033,0.4007379710674286,0.44264501333236694
gbert,Cannabis,324632247516,pre,0.7760211229324341,0.8366901278495789,0.747366726398468,0.7443982362747192,0.869337260723114,,,,,,0.516765296459198,0.4560285806655884,0.02720607817173004,0.7836412787437439,0.3952034115791321,0.7193233966827393,0.32221660017967224,0.14113591611385345
gbert,Cannabis,324632247516,post,0.7701027393341064,0.7215309739112854,0.7317368984222412,0.7659114003181458,0.7842277884483337,,,,,,0.779788613319397,0.208208367228508,0.012003010138869286,0.8658490777015686,0.49830278754234314,0.3759002983570099,0.40565282106399536,0.260298490524292
gbert,Cannabis,324806187348,pre,0.8917007446289062,0.9132428169250488,0.6769108772277832,0.7858877778053284,0.7937571406364441,,,,,,0.5713531970977783,0.4098648428916931,0.01878192462027073,0.9384809136390686,0.000980002456344664,0.7881183624267578,0.001854209927842021,0.019751155748963356
gbert,Cannabis,324806187348,post,0.7494946718215942,0.8874215483665466,0.6408025026321411,0.6815512180328369,0.8486214876174927,,,,,,0.2848103642463684,0.6416499614715576,0.07353970408439636,0.8965988159179688,0.717117428779602,0.8353856801986694,0.1694248467683792,0.4524645507335663
gbert,Cannabis,325705305348,pre,0.7458483576774597,0.8928974270820618,0.7134021520614624,0.7058185338973999,0.802530825138092,,,,,,0.47489479184150696,0.5008292198181152,0.024275975301861763,0.8716691732406616,0.8244034051895142,0.7650489211082458,0.12382657825946808,0.0436449758708477
gbert,Cannabis,325705305348,post,0.682888925075531,0.8654119968414307,0.6461054086685181,0.6368869543075562,0.2727068066596985,,,,,,0.8574730157852173,0.13324791193008423,0.009279044345021248,0.5612043738365173,0.37475064396858215,0.6454150676727295,0.0040060835890471935,0.8944312334060669
gbert,Cannabis,325791216432,pre,0.005423024762421846,0.7463597059249878,0.7641236186027527,0.7891524434089661,0.8046307563781738,,,,,,0.23773270845413208,0.7073565721511841,0.054910749197006226,0.07045392692089081,0.36642423272132874,0.669453501701355,0.33649107813835144,0.9672757387161255
gbert,Cannabis,325791216432,post,0.47825464606285095,0.9031473398208618,0.7668554782867432,0.7178296446800232,0.8561811447143555,,,,,,0.3407631814479828,0.45655855536460876,0.2026783525943756,0.5856707692146301,0.247848242521286,0.7441641092300415,0.05484309419989586,0.146652951836586
gbert,Cannabis,325862962560,pre,0.3575257360935211,0.7406704425811768,0.6552788615226746,0.7414373159408569,0.8795710802078247,,,,,,0.14454253017902374,0.5065603256225586,0.34889718890190125,0.5672574043273926,0.5469258427619934,0.6024084091186523,0.14755257964134216,0.32077282667160034
gbert,Cannabis,325862962560,post,0.7144140005111694,0.9436281323432922,0.6115466356277466,0.60841304063797,0.9104410409927368,,,,,,0.4474297761917114,0.5175172686576843,0.03505289927124977,0.4830441474914551,0.7397952675819397,0.7976772785186768,0.4115089476108551,0.5475722551345825
gbert,Cannabis,325973500380,pre,0.6123496294021606,0.9724787473678589,0.6795335412025452,0.47181496024131775,0.955322802066803,,,,,,0.7154026627540588,0.2697432339191437,0.014854068867862225,0.38652703166007996,0.6638261079788208,0.4020088315010071,0.48869413137435913,0.37111636996269226
gbert,Cannabis,325973500380,post,0.681023120880127,0.8826408982276917,0.781125545501709,0.6517109274864197,0.8575151562690735,,,,,,0.6672999858856201,0.31890326738357544,0.013796733692288399,0.5543826818466187,0.5543553829193115,0.6613237261772156,0.4159109890460968,0.8164955973625183
gbert,Cannabis,326105443980,pre,0.735396683216095,0.9019026756286621,0.541879415512085,0.7151988744735718,0.8762080073356628,,,,,,0.49671539664268494,0.48902663588523865,0.014258025214076042,0.6474884152412415,0.35763803124427795,0.7658411264419556,0.09479283541440964,0.10927259922027588
gbert,Cannabis,326105443980,post,0.6233202219009399,0.8956817984580994,0.6118072867393494,0.3752533197402954,0.5522276759147644,,,,,,0.722603440284729,0.2651861608028412,0.012210475280880928,0.6793563961982727,0.4588037431240082,0.08969748765230179,0.004599934909492731,0.8400983214378357
gbert,Cannabis,326118436560,pre,0.7722176909446716,0.8850818872451782,0.6217812895774841,0.601301372051239,0.9382625222206116,,,,,,0.05865417793393135,0.47826191782951355,0.4630838930606842,0.8557729125022888,0.7780863046646118,0.720306932926178,0.616806149482727,0.7543607354164124
gbert,Cannabis,326118436560,post,0.42720523476600647,0.8669967651367188,0.7311438918113708,0.5993451476097107,0.9113333225250244,,,,,,0.2102760374546051,0.7740285396575928,0.01569545269012451,0.7506027817726135,0.9086849689483643,0.6648610234260559,0.3609534800052643,0.5622868537902832
gbert,Cannabis,326166322716,pre,0.93021559715271,0.927465558052063,0.7627730369567871,0.8375274538993835,0.9425979852676392,,,,,,0.48845621943473816,0.47713297605514526,0.03441086411476135,0.8301100730895996,0.6603124141693115,0.8240113258361816,0.17763479053974152,0.7327189445495605
gbert,Cannabis,326166322716,post,0.93021559715271,0.927465558052063,0.7627730369567871,0.8375274538993835,0.9425979852676392,,,,,,0.48845621943473816,0.47713297605514526,0.03441086411476135,0.8301100730895996,0.6603124141693115,0.8240113258361816,0.17763479053974152,0.7327189445495605
gbert,Cannabis,326278086264,pre,0.38936084508895874,0.9273546934127808,0.6276810765266418,0.32884177565574646,0.7832575440406799,,,,,,0.3030994236469269,0.6617119908332825,0.03518860414624214,0.7832484245300293,0.13299041986465454,0.10188847035169601,0.014162722043693066,0.620430052280426
gbert,Cannabis,326278086264,post,0.6179195642471313,0.942834198474884,0.527233362197876,0.6914764046669006,0.6905125379562378,,,,,,0.8491947650909424,0.13815024495124817,0.012654947116971016,0.835642397403717,0.43664148449897766,0.6174529790878296,0.21259380877017975,0.36229005455970764
gbert,Cannabis,326295594612,pre,0.48590999841690063,0.6986277103424072,0.6960347890853882,0.4129815101623535,0.46109557151794434,,,,,,0.8804590106010437,0.11076104640960693,0.008779983967542648,0.7246359586715698,0.5209881663322449,0.32405364513397217,0.008059309795498848,0.03384709730744362
gbert,Cannabis,326295594612,post,0.26574385166168213,0.8501939177513123,0.5480970144271851,0.4197481572628021,0.9201133847236633,,,,,,0.08173388987779617,0.2847559452056885,0.633510172367096,0.6261781454086304,0.24909517168998718,0.6996512413024902,0.28910914063453674,0.06408384442329407
gbert,Cannabis,326310098832,post,0.7021149396896362,0.463461697101593,0.7779893279075623,0.6711452007293701,0.8827259540557861,,,,,,0.02890610322356224,0.7216728925704956,0.24942103028297424,0.4956207275390625,0.21105776727199554,0.6574237942695618,0.29916441440582275,0.6073622107505798
gbert,Cannabis,326440400832,pre,0.8341716527938843,0.8869080543518066,0.8043465614318848,0.78700190782547,0.8814147114753723,,,,,,0.5612131953239441,0.4082815647125244,0.0305052250623703,0.7452998757362366,0.6798529624938965,0.7195454239845276,0.38225454092025757,0.10226153582334518
gbert,Cannabis,326440400832,post,0.8850420117378235,0.8908417224884033,0.7714676260948181,0.7412639260292053,0.8620566725730896,,,,,,0.5789344310760498,0.40086182951927185,0.020203733816742897,0.7783768773078918,0.549972414970398,0.003069324651733041,0.3417102098464966,0.0012305662967264652
gbert,Cannabis,326445730560,pre,0.5638757348060608,0.7937927842140198,0.6614149808883667,0.5951169729232788,0.6745700240135193,,,,,,0.5713157653808594,0.33271944522857666,0.09596477448940277,0.5924125909805298,0.8863909840583801,0.8206248879432678,0.30514511466026306,0.649434506893158
gbert,Cannabis,326445730560,post,0.6129712462425232,0.8660576343536377,0.6738171577453613,0.8510259389877319,0.6695606112480164,,,,,,0.6383042931556702,0.3108694851398468,0.050826214253902435,0.7399789690971375,0.34505006670951843,0.34042811393737793,0.2813127338886261,0.9100631475448608
gbert,Cannabis,326513041632,pre,0.8972595930099487,0.6754736304283142,0.8285502791404724,0.8094440698623657,0.5706745386123657,,,,,,0.5523993968963623,0.412624716758728,0.03497585281729698,0.7468838691711426,0.4460165798664093,0.5083739757537842,0.07282886654138565,0.43353670835494995
gbert,Cannabis,326513041632,post,0.4238959550857544,0.6908865571022034,0.7162028551101685,0.779209554195404,0.8573148250579834,,,,,,0.09593664109706879,0.767892599105835,0.13617078959941864,0.5082688927650452,0.4126932621002197,0.656010627746582,0.2823898494243622,0.47240835428237915
gbert,Cannabis,326513858328,pre,0.5163821578025818,0.8209155201911926,0.43009600043296814,0.6774049401283264,0.5191655158996582,,,,,,0.7421109676361084,0.23936116695404053,0.01852785423398018,0.5833442807197571,0.9161831736564636,0.11809631437063217,0.15183275938034058,0.040452633053064346
gbert,Cannabis,326513858328,post,0.02844308316707611,0.006743305362761021,0.20998232066631317,0.001041625626385212,0.32955020666122437,,,,,,0.4040607810020447,0.3493204414844513,0.24661873281002045,0.007795088924467564,0.15099123120307922,0.004808768164366484,0.0005557600525207818,0.8192920684814453
gbert,Cannabis,326591356896,pre,0.7956006526947021,0.7562147378921509,0.7522630095481873,0.7114203572273254,0.8005550503730774,,,,,,0.4221740961074829,0.5258344411849976,0.05199141800403595,0.8110180497169495,0.6582213640213013,0.6812092661857605,0.32966241240501404,0.20514753460884094
gbert,Cannabis,326591356896,post,0.4789749085903168,0.7490931749343872,0.24677245318889618,0.815357506275177,0.5967661142349243,,,,,,0.5896444320678711,0.39676499366760254,0.013590650632977486,0.6354565620422363,0.013070670887827873,0.8227879405021667,0.00048355513717979193,0.5578314661979675
gbert,Cannabis,326616460380,pre,0.46179741621017456,0.8317293524742126,0.4748350977897644,0.6420834064483643,0.9619578719139099,,,,,,0.08310943841934204,0.3293112516403198,0.5875793099403381,0.5425419211387634,0.7540609836578369,0.6151378154754639,0.21251791715621948,0.3574582040309906
gbert,Cannabis,326616460380,post,0.8956682682037354,0.931451141834259,0.8505522012710571,0.7828362584114075,0.9248598217964172,,,,,,0.3245683014392853,0.5039954781532288,0.17143626511096954,0.8059822916984558,0.6444968581199646,0.845811128616333,0.7985090017318726,0.9088574647903442
gbert,Cannabis,326668168044,pre,0.520219087600708,0.9350496530532837,0.6206149458885193,0.6430851817131042,0.9287900924682617,,,,,,0.038678932934999466,0.2812517583370209,0.6800692677497864,0.3458789587020874,0.6805160641670227,0.887027382850647,0.49641022086143494,0.24277423322200775
gbert,Cannabis,326668168044,post,0.4625149369239807,0.9408915638923645,0.6016920208930969,0.41508325934410095,0.9360812902450562,,,,,,0.052989840507507324,0.2532753348350525,0.6937348246574402,0.2980688512325287,0.2681248188018799,0.8851521015167236,0.04550236836075783,0.13413673639297485
gbert,Cannabis,326671658496,pre,0.3890475332736969,0.777708113193512,0.706575870513916,0.7649744749069214,0.10401605069637299,,,,,,0.4694816768169403,0.5216636061668396,0.00885472446680069,0.5337466597557068,0.24835820496082306,0.2790723443031311,0.0004347979265730828,0.8073247671127319
gbert,Cannabis,326687595012,pre,0.411291241645813,0.8136340379714966,0.25144481658935547,0.5983140468597412,0.755010187625885,,,,,,0.30677083134651184,0.29128268361091614,0.40194642543792725,0.6613660454750061,0.5873798727989197,0.7469045519828796,0.14087346196174622,0.0017667178763076663
gbert,Cannabis,326687595012,post,0.8453031182289124,0.9198044538497925,0.6640499830245972,0.6713406443595886,0.9737496972084045,,,,,,0.011879516765475273,0.20750929415225983,0.7806112170219421,0.39851391315460205,0.6756606101989746,0.627960741519928,0.2960664927959442,0.16872534155845642
gbert,Cannabis,326813589864,pre,0.2972080707550049,0.8830713629722595,0.6761860251426697,0.5262128114700317,0.830086350440979,,,,,,0.23367591202259064,0.748126208782196,0.018197888508439064,0.8885399699211121,0.737189769744873,0.6629316806793213,0.012578372843563557,0.13856524229049683
gbert,Cannabis,326813589864,post,0.49170395731925964,0.747514009475708,0.759922444820404,0.8138352036476135,0.9753386378288269,,,,,,0.014896580018103123,0.7629300355911255,0.22217342257499695,0.6795992851257324,0.9518678188323975,0.8201322555541992,0.21230578422546387,0.0255222637206316
gbert,Cannabis,326914750044,pre,0.572088897228241,0.924031674861908,0.5704869031906128,0.6990879774093628,0.9520643949508667,,,,,,0.03564811870455742,0.245822474360466,0.7185294032096863,0.450609028339386,0.6156305074691772,0.7322573661804199,0.6471982002258301,0.4266188442707062
gbert,Cannabis,326914750044,post,0.7036160230636597,0.869463324546814,0.6568418741226196,0.6397809386253357,0.959175705909729,,,,,,0.012755226343870163,0.2491695135831833,0.738075315952301,0.7642626166343689,0.324808269739151,0.28098157048225403,0.05976236239075661,0.356220006942749
gbert,Cannabis,326915164548,pre,0.5535403490066528,0.8954592347145081,0.7912356853485107,0.920785129070282,0.9591789841651917,,,,,,0.021102964878082275,0.8749431371688843,0.10395383834838867,0.4711954593658447,0.5717584490776062,0.9608922004699707,0.7408002614974976,0.3996651768684387
gbert,Cannabis,326915164548,post,0.6631428003311157,0.7597973346710205,0.3417156934738159,0.7441762089729309,0.720040500164032,,,,,,0.4675007164478302,0.5179966688156128,0.014502587728202343,0.8291459679603577,0.12746146321296692,0.2790593206882477,0.11008542031049728,0.2021719068288803
gbert,Cannabis,328337065116,pre,0.8461025357246399,0.9307649731636047,0.5029630661010742,0.524592936038971,0.8667427897453308,,,,,,0.4706575572490692,0.5067805051803589,0.02256196178495884,0.686863124370575,0.8345409035682678,0.7966375350952148,0.25869399309158325,0.044776104390621185
gbert,Cannabis,328337065116,post,0.6597208380699158,0.8714569211006165,0.38830438256263733,0.1263306438922882,0.0862237960100174,,,,,,0.8905965685844421,0.0824614092707634,0.026942100375890732,0.06638450175523758,0.567967414855957,0.13496007025241852,0.01838640123605728,0.9189745187759399
gbert,Cannabis,328362096096,pre,0.8609026074409485,0.955100953578949,0.8041971921920776,0.77805095911026,0.9558255076408386,,,,,,0.2932475209236145,0.5438218116760254,0.1629306972026825,0.86245197057724,0.358300119638443,0.732801616191864,0.08422370254993439,0.024488424882292747
gbert,Cannabis,328362096096,post,0.6646557450294495,0.8620587587356567,0.3116304576396942,0.30159834027290344,0.846899688243866,,,,,,0.07964124530553818,0.5415469408035278,0.3788118362426758,0.8986567258834839,0.31910040974617004,0.3359588086605072,0.10290443897247314,0.0018987563671544194
gbert,Cannabis,328386378096,pre,0.6441916227340698,0.8909463286399841,0.6460931301116943,0.5662562251091003,0.961367130279541,,,,,,0.009005069732666016,0.1662655919790268,0.824729323387146,0.773565948009491,0.7094293236732483,0.669175386428833,0.35935527086257935,0.5124964714050293
gbert,Cannabis,328386378096,post,0.8605639934539795,0.8328183889389038,0.5314006209373474,0.6422555446624756,0.8302369713783264,,,,,,0.023968609049916267,0.30591315031051636,0.6701182126998901,0.5675492882728577,0.2140052616596222,0.5665212273597717,0.3384546637535095,0.07761823385953903
gbert,Cannabis,328405054716,pre,0.258118212223053,0.8475872278213501,0.5644450783729553,0.7093765735626221,0.8565125465393066,,,,,,0.18996591866016388,0.7684004902839661,0.04163359850645065,0.8313424587249756,0.9224385023117065,0.8720276951789856,0.3345146179199219,0.004925530403852463
gbert,Cannabis,328405054716,post,0.20541732013225555,0.7690283060073853,0.48623934388160706,0.1824832260608673,0.7435474395751953,,,,,,0.12116952240467072,0.5402378439903259,0.3385925889015198,0.5637030601501465,0.006654639728367329,0.8644212484359741,0.006930570118129253,0.007685938384383917
gbert,Cannabis,328670034264,pre,0.13971315324306488,0.8705065846443176,0.7594786882400513,0.6824053525924683,0.9514702558517456,,,,,,0.03714720904827118,0.5311663746833801,0.4316863715648651,0.7059472799301147,0.554226279258728,0.813612163066864,0.4812771677970886,0.08116435259580612
gbert,Cannabis,328670034264,post,0.14152519404888153,0.9008216261863708,0.667306125164032,0.7795230746269226,0.9424560070037842,,,,,,0.13661260902881622,0.23072338104248047,0.6326640248298645,0.696186363697052,0.598799467086792,0.939020037651062,0.8829978704452515,0.003712543984875083
gbert,Cannabis,329088025296,pre,0.7152732610702515,0.8576442003250122,0.5835911631584167,0.8166722655296326,0.6961296796798706,,,,,,0.6026844382286072,0.36441513895988464,0.032900407910346985,0.8759735822677612,0.33393123745918274,0.6382120251655579,0.18608753383159637,0.8228341937065125
gbert,Cannabis,329088025296,post,0.6454830765724182,0.9548306465148926,0.5703356266021729,0.4634803831577301,0.8733885884284973,,,,,,0.21251603960990906,0.6602780222892761,0.12720592319965363,0.8458890914916992,0.2533046007156372,0.6935453414916992,0.016553886234760284,0.0025569330900907516
gbert,Cannabis,329266000728,pre,0.654874861240387,0.8226752877235413,0.7286425232887268,0.6912142634391785,0.8746125102043152,,,,,,0.026083512231707573,0.3290384113788605,0.644878089427948,0.846386194229126,0.7994654178619385,0.6355917453765869,0.3187873363494873,0.3665861487388611
gbert,Cannabis,329266000728,post,0.7944375276565552,0.9605937600135803,0.7518770098686218,0.8679596781730652,0.9599087834358215,,,,,,0.022648029029369354,0.2592759132385254,0.7180760502815247,0.928745448589325,0.7496034502983093,0.8091684579849243,0.73944491147995,0.8116719722747803
gbert,Cannabis,329277080844,pre,0.5674975514411926,0.8812512755393982,0.769997775554657,0.5826576352119446,0.800014078617096,,,,,,0.35926973819732666,0.6094864010810852,0.031243856996297836,0.4935929775238037,0.8474072217941284,0.6658222675323486,0.35274654626846313,0.37357068061828613
gbert,Cannabis,329277080844,post,0.4678511619567871,0.9374861717224121,0.654929518699646,0.9146115779876709,0.9437317848205566,,,,,,0.0314505472779274,0.9393401145935059,0.02920934185385704,0.8519889712333679,0.4515458643436432,0.9103858470916748,0.13149920105934143,0.008782487362623215
gbert,Cannabis,329286656160,pre,0.8905508518218994,0.9355151057243347,0.7361934185028076,0.7910937070846558,0.8453803658485413,,,,,,0.46686169505119324,0.5064743161201477,0.026663972064852715,0.6448839902877808,0.5109999775886536,0.6432490944862366,0.2090080827474594,0.5420946478843689
gbert,Cannabis,329286656160,post,0.6946432590484619,0.910977840423584,0.9409676790237427,0.8777576684951782,0.6171361207962036,,,,,,0.7247520089149475,0.2556670904159546,0.01958087831735611,0.8763164281845093,0.2295467108488083,0.3588833510875702,0.046009037643671036,0.9766731858253479
gbert,Cannabis,329313745980,pre,0.8335667252540588,0.7564488053321838,0.7898082137107849,0.7714593410491943,0.6235960125923157,,,,,,0.4111950993537903,0.5764174461364746,0.012387470342218876,0.8586363792419434,0.43927091360092163,0.5075247883796692,0.3259853720664978,0.18503747880458832
gbert,Cannabis,329313745980,post,0.6596251130104065,0.7736890316009521,0.5652008652687073,0.8650079369544983,0.08357150852680206,,,,,,0.44776856899261475,0.5273460149765015,0.024885382503271103,0.6392172574996948,0.4010297656059265,0.6387932300567627,0.1742364466190338,0.014889105223119259
gbert,Cannabis,329325577812,pre,0.8367204666137695,0.9195554256439209,0.695229172706604,0.7136430740356445,0.9397262334823608,,,,,,0.31956157088279724,0.6655792593955994,0.014859114773571491,0.6735531687736511,0.2503109574317932,0.8768755197525024,0.1333237737417221,0.045046981424093246
gbert,Cannabis,329325577812,post,0.8108189105987549,0.8714991807937622,0.6707513928413391,0.5001745223999023,0.9693801403045654,,,,,,0.009308856911957264,0.2646070122718811,0.7260841131210327,0.6446162462234497,0.03120010532438755,0.874377429485321,0.08600994944572449,0.627926766872406
gbert,Cannabis,329344181928,post,0.9115718603134155,0.598979651927948,0.6582481861114502,0.6904869079589844,0.7564358115196228,,,,,,0.5117718577384949,0.47456565499305725,0.013662489131093025,0.9193762540817261,0.42846208810806274,0.49894824624061584,0.5280219912528992,0.007655203342437744
gbert,Cannabis,329345483580,pre,0.8140792846679688,0.8909417986869812,0.6823731064796448,0.6859949827194214,0.85951828956604,,,,,,0.24505464732646942,0.7007463574409485,0.054198965430259705,0.7300945520401001,0.8538199067115784,0.6272844672203064,0.013979583978652954,0.39254552125930786
gbert,Cannabis,329345483580,post,0.3758322596549988,0.6073420643806458,0.7400481104850769,0.539103627204895,0.6466382145881653,,,,,,0.6443117260932922,0.3359937369823456,0.019694553688168526,0.4616110622882843,0.17286795377731323,0.6761155724525452,0.00614228704944253,0.0017966122832149267
gbert,Cannabis,329356699812,pre,0.8208398818969727,0.6001049280166626,0.6270220875740051,0.5855319499969482,0.6942217946052551,,,,,,0.3917239010334015,0.549342691898346,0.058933358639478683,0.6396932005882263,0.8083275556564331,0.4797165095806122,0.1770680695772171,0.3872470259666443
gbert,Cannabis,329356699812,post,0.6463190317153931,0.8352712392807007,0.7528833746910095,0.4675458073616028,0.7698187232017517,,,,,,0.8457906246185303,0.1478097289800644,0.006399603094905615,0.817979633808136,0.5565401911735535,0.5579482316970825,0.057096321135759354,0.6745826601982117
gbert,Cannabis,329362716960,pre,0.020730430260300636,0.42033079266548157,0.13133957982063293,0.5924094319343567,0.12215889245271683,,,,,,0.574371874332428,0.4035205841064453,0.022107504308223724,0.5058625340461731,0.015036821365356445,0.13073401153087616,0.0005471582408063114,0.012597774155437946
gbert,Cannabis,329362716960,post,0.8133358955383301,0.9091858267784119,0.7653704285621643,0.7511247992515564,0.6251406073570251,,,,,,0.6488587260246277,0.3376528024673462,0.01348845660686493,0.3697301745414734,0.0686548724770546,0.8090961575508118,0.0012422867584973574,0.684062659740448
gbert,Cannabis,329385221928,pre,0.8980180621147156,0.9492015838623047,0.7352764010429382,0.7828464508056641,0.9808999300003052,,,,,,0.028521159663796425,0.5901808142662048,0.3812980353832245,0.8759227395057678,0.8679196238517761,0.7392256855964661,0.2297612428665161,0.6480416059494019
gbert,Cannabis,329385221928,post,0.8870187401771545,0.8741092085838318,0.6034823656082153,0.8838294744491577,0.7925574779510498,,,,,,0.7044054269790649,0.27236759662628174,0.02322700247168541,0.910244345664978,0.8031871318817139,0.563327968120575,0.11629625409841537,0.613710343837738
gbert,Cannabis,329391793116,pre,0.6191881895065308,0.7511481046676636,0.07124452292919159,0.2174070030450821,0.8490061163902283,,,,,,0.5115644335746765,0.4296470582485199,0.05878853797912598,0.6470513343811035,0.4733680784702301,0.5665611028671265,0.0013310645008459687,0.03361458703875542
gbert,Cannabis,329391793116,post,0.6140796542167664,0.9300820827484131,0.23468518257141113,0.5804014801979065,0.6952913999557495,,,,,,0.593902587890625,0.3970230519771576,0.00907437689602375,0.2610962986946106,0.009950632229447365,0.8171038031578064,0.0005302021745592356,0.0714779868721962
gbert,Cannabis,329421818664,pre,0.8681060075759888,0.8707736730575562,0.6193400621414185,0.7340524196624756,0.7483222484588623,,,,,,0.7154614925384521,0.2678811550140381,0.016657354310154915,0.46013525128364563,0.6828155517578125,0.0010308182099834085,0.6048415899276733,0.040092095732688904
gbert,Cannabis,329421818664,post,0.7554196119308472,0.20781202614307404,0.4084742069244385,0.7430358529090881,0.005511174909770489,,,,,,0.8196793794631958,0.16972066462039948,0.010599926114082336,0.8607850670814514,0.4329071640968323,0.35423678159713745,0.37009987235069275,0.6181691884994507
gbert,Cannabis,329435021232,pre,0.0034927413798868656,0.8636803030967712,0.3512413501739502,0.12448382377624512,0.1486317664384842,,,,,,0.8418142199516296,0.14992022514343262,0.00826554000377655,0.9755417704582214,0.9748337268829346,0.037631794810295105,0.015713056549429893,0.9829877018928528
gbert,Cannabis,329435021232,post,0.713583767414093,0.8431688547134399,0.6194740533828735,0.2346036434173584,0.7631844878196716,,,,,,0.425491601228714,0.44159284234046936,0.13291552662849426,0.9474308490753174,0.7975530028343201,0.6907827854156494,0.011103637516498566,0.3981464207172394
gbert,Cannabis,329454786096,pre,0.7489402890205383,0.8872770667076111,0.6467199921607971,0.7829363346099854,0.7821244597434998,,,,,,0.27387353777885437,0.5783730149269104,0.14775346219539642,0.7513526678085327,0.36820724606513977,0.9365413188934326,0.12401820719242096,0.5964015126228333
gbert,Cannabis,329454786096,post,0.7435325384140015,0.592125654220581,0.6270960569381714,0.7747230529785156,0.761845588684082,,,,,,0.42532557249069214,0.5479676723480225,0.026706766337156296,0.8192026615142822,0.006190675776451826,0.9333587288856506,0.0042010038159787655,0.15615762770175934
gbert,Cannabis,329485223412,pre,0.028108414262533188,0.7613656520843506,0.6150782108306885,0.5768316984176636,0.2638566195964813,,,,,,0.7307762503623962,0.2559838593006134,0.013239900581538677,0.019523967057466507,0.3566048741340637,0.3749067783355713,0.004247807897627354,0.9945281147956848
gbert,Cannabis,329485223412,post,0.0010520322248339653,0.6258938312530518,0.5332016944885254,0.6196422576904297,0.06688838452100754,,,,,,0.5872882604598999,0.3921183943748474,0.020593272522091866,0.00830145739018917,0.33149558305740356,0.39081665873527527,0.2431459128856659,0.9918550252914429
gbert,Cannabis,329562035244,pre,0.13840794563293457,0.7838886380195618,0.38375359773635864,0.0742679163813591,0.4813087284564972,,,,,,0.28048256039619446,0.6985771656036377,0.020940294489264488,0.5457584261894226,0.0004543217655736953,0.02703414112329483,0.00024639416369609535,0.008968356996774673
gbert,Cannabis,329562035244,post,0.44581958651542664,0.8538289666175842,0.5538871884346008,0.6933406591415405,0.7021772861480713,,,,,,0.3678344786167145,0.6146666407585144,0.017498858273029327,0.3304557204246521,0.23907053470611572,0.8826125860214233,0.23593273758888245,0.1072523221373558
gbert,Cannabis,329587821360,pre,0.6576763391494751,0.8215287327766418,0.7624301314353943,0.8178921937942505,0.8310108780860901,,,,,,0.08621517568826675,0.7539377212524414,0.15984709560871124,0.794175386428833,0.41482171416282654,0.6653295159339905,0.4932505190372467,0.5985590815544128
gbert,Cannabis,329587821360,post,0.6989640593528748,0.8821704387664795,0.522711992263794,0.6495070457458496,0.8960812091827393,,,,,,0.3320659101009369,0.6333280205726624,0.03460608050227165,0.553979218006134,0.23039138317108154,0.22237202525138855,0.0007927826372906566,0.4713801145553589
gbert,Cannabis,329589326160,pre,0.773712158203125,0.8441706299781799,0.8180839419364929,0.6290247440338135,0.9056709408760071,,,,,,0.6744887232780457,0.30769550800323486,0.017815759405493736,0.7925646305084229,0.38311925530433655,0.5868108868598938,0.31843534111976624,0.7251721024513245
gbert,Cannabis,329589326160,post,0.800694465637207,0.8827031850814819,0.7919605374336243,0.7080940008163452,0.8691630959510803,,,,,,0.2965196967124939,0.5409557819366455,0.16252455115318298,0.7487349510192871,0.23508384823799133,0.5321139693260193,0.4116156995296478,0.7306094169616699
gbert,Cannabis,330411837528,pre,0.8101160526275635,0.7994108200073242,0.8002812266349792,0.7409627437591553,0.8302539587020874,,,,,,0.4772869348526001,0.42218008637428284,0.10053300112485886,0.6868566870689392,0.23608987033367157,0.6282246708869934,0.02197996713221073,0.22901026904582977
gbert,Cannabis,330411837528,post,0.8513302206993103,0.9149760007858276,0.7354063987731934,0.7836198210716248,0.94464111328125,,,,,,0.3326908349990845,0.5334265232086182,0.13388271629810333,0.7661117911338806,0.5190373659133911,0.6926812529563904,0.5476477742195129,0.7443993091583252
gbert,Cannabis,330538103244,pre,0.4421709477901459,0.8956747651100159,0.6022294163703918,0.7629578113555908,0.951610267162323,,,,,,0.018989136442542076,0.45229843258857727,0.5287123918533325,0.35070160031318665,0.3366756737232208,0.7277478575706482,0.3319869637489319,0.38912534713745117
gbert,Cannabis,330538103244,post,0.2826111316680908,0.5988761782646179,0.6185861825942993,0.3259895145893097,0.8854963183403015,,,,,,0.037483181804418564,0.2830617427825928,0.6794551014900208,0.44332748651504517,0.17757892608642578,0.3905293941497803,0.34026432037353516,0.09906385838985443
gbert,Cannabis,330632295516,pre,0.7201968431472778,0.8929219841957092,0.3767222464084625,0.7607599496841431,0.8712725639343262,,,,,,0.2408391684293747,0.5165472626686096,0.24261364340782166,0.5200220346450806,0.5270421504974365,0.945152223110199,0.2786761224269867,0.2831316888332367
gbert,Cannabis,330632295516,post,0.7277998328208923,0.8853858709335327,0.6427687406539917,0.7612504363059998,0.8440133333206177,,,,,,0.17176352441310883,0.6472799777984619,0.18095655739307404,0.6431461572647095,0.47939592599868774,0.6503027081489563,0.1555832475423813,0.1214936226606369
gbert,Cannabis,330682908780,pre,0.531243622303009,0.6466619372367859,0.7196092009544373,0.8248904347419739,0.9206064343452454,,,,,,0.14602135121822357,0.6167194843292236,0.23725920915603638,0.5505163669586182,0.30000394582748413,0.7495274543762207,0.5152143239974976,0.5081903338432312
gbert,Cannabis,330682908780,post,0.07679326087236404,0.002771393395960331,0.35257330536842346,0.3940154016017914,0.6722545027732849,,,,,,0.051296256482601166,0.9037337303161621,0.044970035552978516,0.49924227595329285,0.265356183052063,0.4440802037715912,0.40021437406539917,0.7222822904586792
gbert,Cannabis,330730649244,pre,0.5968120694160461,0.17634619772434235,0.6496191024780273,0.6227826476097107,0.6075365543365479,,,,,,0.11132427304983139,0.6014803647994995,0.2871953248977661,0.3692042827606201,0.19872747361660004,0.5908119678497314,0.20532357692718506,0.028519218787550926
gbert,Cannabis,330730649244,post,0.8281419277191162,0.8541381359100342,0.656227171421051,0.6045153141021729,0.3518107831478119,,,,,,0.27816563844680786,0.4759777784347534,0.24585658311843872,0.6131115555763245,0.5246560573577881,0.5151994228363037,0.37864893674850464,0.4065384864807129
gbert,Cannabis,330737286096,pre,0.41767898201942444,0.9056645631790161,0.6375709772109985,0.2356058806180954,0.9315615892410278,,,,,,0.0162868220359087,0.19051802158355713,0.7931951284408569,0.6927424669265747,0.6150593161582947,0.3911323845386505,0.2729281485080719,0.7242299318313599
gbert,Cannabis,330737286096,post,0.6502716541290283,0.941932737827301,0.7252317667007446,0.5102686882019043,0.9500168561935425,,,,,,0.01310082245618105,0.2723487615585327,0.7145503759384155,0.34864968061447144,0.6532351970672607,0.5938789248466492,0.26289528608322144,0.6190727949142456
gbert,Cannabis,330822715644,post,0.6647862195968628,0.0011992037761956453,0.042413130402565,0.05330381914973259,0.02781824953854084,,,,,,0.134986013174057,0.8187124729156494,0.04630146920681,0.5712535381317139,0.39911124110221863,0.6264646053314209,0.0005361176445148885,0.548987627029419
gbert,Cannabis,330853152960,pre,0.7635904550552368,0.8943346738815308,0.675901472568512,0.7058660984039307,0.8797603845596313,,,,,,0.26920562982559204,0.7027310729026794,0.028063273057341576,0.621115505695343,0.418865442276001,0.6694546937942505,0.4058893918991089,0.4690026044845581
gbert,Cannabis,330853152960,post,0.666041374206543,0.8814420104026794,0.4706994295120239,0.16903120279312134,0.06345964968204498,,,,,,0.8419434428215027,0.13982777297496796,0.01822873391211033,0.5603516697883606,0.991057276725769,0.22739757597446442,0.27950751781463623,0.11685936897993088
gbert,Cannabis,330983937864,pre,0.6309277415275574,0.7542769312858582,0.7665121555328369,0.6812835335731506,0.9387638568878174,,,,,,0.13952544331550598,0.6770397424697876,0.18343478441238403,0.6054395437240601,0.1777762621641159,0.7056413292884827,0.17480336129665375,0.5921854972839355
gbert,Cannabis,330983937864,post,0.843380868434906,0.817169725894928,0.7588281035423279,0.7669199705123901,0.9376931190490723,,,,,,0.20792625844478607,0.5552432537078857,0.23683048784732819,0.6350021958351135,0.2848713994026184,0.5749965310096741,0.24267855286598206,0.5503754019737244
gbert,Cannabis,330992489232,pre,0.261874258518219,0.18119752407073975,0.11001332849264145,0.612933874130249,0.8068710565567017,,,,,,0.03403176739811897,0.7549547553062439,0.211013525724411,0.17134010791778564,0.14920593798160553,0.35069867968559265,0.11721732467412949,0.006637949962168932
gbert,Cannabis,330992489232,post,0.261874258518219,0.18119752407073975,0.11001332849264145,0.612933874130249,0.8068710565567017,,,,,,0.03403176739811897,0.7549547553062439,0.211013525724411,0.17134010791778564,0.14920593798160553,0.35069867968559265,0.11721732467412949,0.006637949962168932
gbert,Cannabis,331066087632,pre,0.55609130859375,0.8508507013320923,0.5987344980239868,0.5256494879722595,0.8640314340591431,,,,,,0.89431232213974,0.09748958051204681,0.008198079653084278,0.41539621353149414,0.5586678981781006,0.4157942831516266,0.02099592611193657,0.8539254069328308
gbert,Cannabis,331066087632,post,0.7285158038139343,0.9000256657600403,0.5475090742111206,0.7092640399932861,0.33308517932891846,,,,,,0.7127800583839417,0.27994057536125183,0.007279419340193272,0.01681160368025303,0.7086398005485535,0.24809762835502625,0.007891754619777203,0.876818835735321
gbert,Cannabis,331199533980,pre,0.5423012375831604,0.6479659676551819,0.7183980941772461,0.8483408689498901,0.7965601086616516,,,,,,0.29639795422554016,0.4422776699066162,0.26132434606552124,0.6543252468109131,0.41593968868255615,0.718874990940094,0.46668097376823425,0.3919316530227661
gbert,Cannabis,331199533980,post,0.7185524106025696,0.8193695545196533,0.7759775519371033,0.6183886528015137,0.8563517332077026,,,,,,0.3213346600532532,0.6216488480567932,0.057016521692276,0.5795285701751709,0.8332548141479492,0.9294154644012451,0.3621460497379303,0.6383209228515625
gbert,Cannabis,331428197232,pre,0.41689860820770264,0.9356544613838196,0.5496036410331726,0.5875729918479919,0.8728720545768738,,,,,,0.8358942270278931,0.15526238083839417,0.0088434349745512,0.9188289642333984,0.8294234275817871,0.14501525461673737,0.012227128259837627,0.46354034543037415
gbert,Cannabis,331428197232,post,0.8206407427787781,0.8053471446037292,0.6964119076728821,0.6069948673248291,0.5945276021957397,,,,,,0.7985557913780212,0.18209964036941528,0.019344579428434372,0.8441743850708008,0.9124534726142883,0.7317712306976318,0.10514436662197113,0.6437624096870422
gbert,Cannabis,331497006264,pre,0.8084639310836792,0.9035531282424927,0.36900514364242554,0.7291635274887085,0.9346544146537781,,,,,,0.7586349248886108,0.22315789759159088,0.018207216635346413,0.7172084450721741,0.14907515048980713,0.5604532361030579,0.015744220465421677,0.06930910795927048
gbert,Cannabis,331497006264,post,0.71820467710495,0.9182405471801758,0.5193904638290405,0.5477674007415771,0.9457023739814758,,,,,,0.09804533421993256,0.3814502954483032,0.5205044150352478,0.5130257606506348,0.4267607033252716,0.7305783629417419,0.2445746660232544,0.09110619127750397
gbert,Cannabis,331558564212,pre,0.7472707629203796,0.8825670480728149,0.6631940007209778,0.7481182813644409,0.6304259300231934,,,,,,0.49043580889701843,0.4879768192768097,0.021587297320365906,0.4191889762878418,0.42318832874298096,0.6786473989486694,0.036140426993370056,0.27401214838027954
gbert,Cannabis,331558564212,post,0.30953341722488403,0.9083952903747559,0.7909531593322754,0.4485097825527191,0.8854731917381287,,,,,,0.8125240802764893,0.18019907176494598,0.007276908494532108,0.9248619079589844,0.9528286457061768,0.56882643699646,0.11936571449041367,0.7553035616874695
gbert,Cannabis,331646387760,pre,0.5845400094985962,0.8417067527770996,0.4041733145713806,0.6158916354179382,0.7918339371681213,,,,,,0.15437942743301392,0.710303544998169,0.13531695306301117,0.4829380214214325,0.4883824586868286,0.714942455291748,0.07270292937755585,0.8210297226905823
gbert,Cannabis,331646387760,post,0.6494588255882263,0.8373905420303345,0.5260452628135681,0.8730246424674988,0.8917751312255859,,,,,,0.06118585914373398,0.8845147490501404,0.05429934710264206,0.6749261617660522,0.30091211199760437,0.8830656409263611,0.0025411576498299837,0.08474911004304886
gbert,Cannabis,331664859864,pre,0.009750708937644958,0.7181376218795776,0.37197941541671753,0.7024047374725342,0.3030702769756317,,,,,,0.24843056499958038,0.7319907546043396,0.01957866922020912,0.002577767940238118,0.000589818402659148,0.5032441020011902,0.0004066546098329127,0.9165547490119934
gbert,Cannabis,331664859864,post,0.4908798336982727,0.7954534292221069,0.01761055178940296,0.4082120358943939,0.058872323483228683,,,,,,0.5408433079719543,0.4354197084903717,0.023737028241157532,0.6085885167121887,0.00043695708154700696,0.8403066992759705,0.00046582031063735485,0.6278104186058044
gbert,Cannabis,331683325812,pre,0.6020321249961853,0.17895205318927765,0.18931975960731506,0.09389450401067734,0.8783829212188721,,,,,,0.023892341181635857,0.16345913708209991,0.8126484751701355,0.05255796015262604,0.06586144119501114,0.2980242371559143,0.3137982487678528,0.001301319571211934
gbert,Cannabis,331683325812,post,0.5069896578788757,0.8279936909675598,0.5345596075057983,0.4331406354904175,0.8453238606452942,,,,,,0.012948844581842422,0.18068188428878784,0.8063693046569824,0.06885873526334763,0.29369574785232544,0.5927934646606445,0.7291170954704285,0.4011865556240082
gbert,Cannabis,332476016148,post,0.5682299137115479,0.873871386051178,0.6590131521224976,0.6837061643600464,0.5013728737831116,,,,,,0.32995638251304626,0.6267364025115967,0.04330720379948616,0.5428400039672852,0.5886588096618652,0.9684838652610779,0.04813947528600693,0.5506371855735779
gbert,Cannabis,332533810728,pre,0.6539808511734009,0.5791669487953186,0.6967334151268005,0.4238760471343994,0.8815798163414001,,,,,,0.15193966031074524,0.2946304380893707,0.5534298419952393,0.7311234474182129,0.4790206551551819,0.5901117920875549,0.26184648275375366,0.8449414968490601
gbert,Cannabis,332533810728,post,0.6082189083099365,0.8430096507072449,0.6994110345840454,0.39563143253326416,0.8246747255325317,,,,,,0.5306397676467896,0.30946430563926697,0.15989594161510468,0.46061965823173523,0.6212396025657654,0.4300333857536316,0.01600336842238903,0.5362967848777771
gbert,Cannabis,332551598148,pre,0.0011301381746307015,0.929999589920044,0.426436185836792,0.4028064012527466,0.5246453881263733,,,,,,0.576785147190094,0.4015102982521057,0.02170458249747753,0.013797647319734097,0.32045912742614746,0.5194198489189148,0.0014294617576524615,0.9191094636917114
gbert,Cannabis,332551598148,post,0.6735022664070129,0.9013559222221375,0.6511752009391785,0.5929617285728455,0.6642335057258606,,,,,,0.8938983678817749,0.09698275476694107,0.00911887176334858,0.6837895512580872,0.733282208442688,0.7501028776168823,0.0023061668034642935,0.0013122489908710122
gbert,Cannabis,332579913696,pre,0.7590152025222778,0.8800510168075562,0.6005367636680603,0.600123941898346,0.28643250465393066,,,,,,0.733780026435852,0.2437511682510376,0.022468771785497665,0.21469449996948242,0.4681001901626587,0.42180880904197693,0.030170399695634842,0.7736350297927856
gbert,Cannabis,332579913696,post,0.7641139030456543,0.8563350439071655,0.7126482725143433,0.6712896227836609,0.7420204281806946,,,,,,0.6783300042152405,0.3106740713119507,0.01099593099206686,0.44816845655441284,0.4984179735183716,0.44422703981399536,0.014955242164433002,0.783667802810669
gbert,Cannabis,332724581064,pre,0.6455931067466736,0.014632952399551868,0.5948562622070312,0.6935878396034241,0.8492095470428467,,,,,,0.12220998853445053,0.807718813419342,0.07007116824388504,0.31912800669670105,0.3783680498600006,0.7404088377952576,0.1074519082903862,0.3750264048576355
gbert,Cannabis,332724581064,post,0.37131714820861816,0.820166289806366,0.734268844127655,0.621738612651825,0.9571335911750793,,,,,,0.3758513629436493,0.3727532923221588,0.2513953149318695,0.286409854888916,0.3653724789619446,0.6460667252540588,0.3600160479545593,0.43252429366111755
gbert,Cannabis,332796813516,pre,0.6415959596633911,0.858512818813324,0.47293636202812195,0.7186219692230225,0.8549211025238037,,,,,,0.029333071783185005,0.19001762568950653,0.7806493043899536,0.7082204818725586,0.18029674887657166,0.5600045323371887,0.3808146119117737,0.46112415194511414
gbert,Cannabis,332796813516,post,0.7528942823410034,0.8794172406196594,0.8156096935272217,0.5789973735809326,0.84340500831604,,,,,,0.135905921459198,0.34458911418914795,0.519504964351654,0.6650533676147461,0.5991573333740234,0.5002073645591736,0.3667433559894562,0.25374117493629456
gbert,Cannabis,332922253644,pre,0.5519371032714844,0.777744710445404,0.6266884207725525,0.7460358142852783,0.986058235168457,,,,,,0.008127156645059586,0.5173850059509277,0.474487841129303,0.49942663311958313,0.011857559904456139,0.882305920124054,0.1165710836648941,0.09468866884708405
gbert,Cannabis,332922253644,post,0.7616870403289795,0.6563485264778137,0.6916072964668274,0.6998641490936279,0.7596944570541382,,,,,,0.40533313155174255,0.5777404308319092,0.016926519572734833,0.6800976395606995,0.012034652754664421,0.9360752701759338,0.04883120208978653,0.34453731775283813
gbert,Cannabis,333132449580,pre,0.5119189023971558,0.8793190121650696,0.5817209482192993,0.860994815826416,0.8413494229316711,,,,,,0.24152441322803497,0.6026374697685242,0.15583813190460205,0.9857813715934753,0.9538986682891846,0.9684088826179504,0.3355068862438202,0.6036463975906372
gbert,Cannabis,333132449580,post,0.3903495967388153,0.8344817757606506,0.6536656022071838,0.5946232080459595,0.8635454773902893,,,,,,0.6122043132781982,0.37167662382125854,0.01611899584531784,0.9235820770263672,0.33962759375572205,0.8776066303253174,0.03458065167069435,0.10854558646678925
gbert,Cannabis,333186824160,pre,0.6309277415275574,0.7542769312858582,0.7665120959281921,0.6812835335731506,0.9387638568878174,,,,,,0.13952544331550598,0.6770397424697876,0.18343478441238403,0.6054394841194153,0.1777762621641159,0.7056413292884827,0.17480336129665375,0.5921854972839355
gbert,Cannabis,333186824160,post,0.8361040353775024,0.853289783000946,0.8456908464431763,0.7124879360198975,0.955930233001709,,,,,,0.04899907112121582,0.7395198345184326,0.21148107945919037,0.48374682664871216,0.3290506899356842,0.6539533138275146,0.4163059592247009,0.30427613854408264
gbert,Cannabis,333303379128,pre,0.7914741039276123,0.9116798043251038,0.6951678991317749,0.648071825504303,0.876868724822998,,,,,,0.6475653052330017,0.34097760915756226,0.011457105167210102,0.5734659433364868,0.6931272149085999,0.4707754850387573,0.4167460799217224,0.21979251503944397
gbert,Cannabis,333303379128,post,0.8786510229110718,0.7756975889205933,0.7449958920478821,0.6477372646331787,0.07743790000677109,,,,,,0.5509994029998779,0.41171813011169434,0.03728247061371803,0.5687515735626221,0.40236106514930725,0.2703704535961151,0.2150961309671402,0.839391827583313
gbert,Cannabis,333382381812,pre,0.6647040843963623,0.8002538681030273,0.7901027798652649,0.8233178853988647,0.7954723238945007,,,,,,0.4196873903274536,0.5392200946807861,0.041092533618211746,0.8573458194732666,0.769528329372406,0.7249755263328552,0.12588723003864288,0.8035924434661865
gbert,Cannabis,333382381812,post,0.7717151045799255,0.8644430041313171,0.720785915851593,0.8036038875579834,0.8998544216156006,,,,,,0.4338876008987427,0.5154353976249695,0.05067701265215874,0.8048607707023621,0.521794319152832,0.5397463440895081,0.040933869779109955,0.006195536814630032
gbert,Cannabis,333419387580,pre,0.8339596390724182,0.9035025238990784,0.684366762638092,0.3413705825805664,0.8630837202072144,,,,,,0.27051982283592224,0.5933706164360046,0.1361095905303955,0.6733537316322327,0.13560935854911804,0.44359269738197327,0.002824194263666868,0.3199511766433716
gbert,Cannabis,333419387580,post,0.8718521595001221,0.8941975831985474,0.7291658520698547,0.7578636407852173,0.9296724200248718,,,,,,0.2211998701095581,0.6950690746307373,0.08373104780912399,0.961144745349884,0.5611559748649597,0.7129119038581848,0.13113325834274292,0.7855843901634216
gbert,Cannabis,333509673528,pre,0.5695962905883789,0.9218518733978271,0.5890362858772278,0.47398078441619873,0.8478370904922485,,,,,,0.5795578360557556,0.40284380316734314,0.01759832724928856,0.612946093082428,0.8400365710258484,0.3991653025150299,0.06532112509012222,0.5250938534736633
gbert,Cannabis,333509673528,post,0.7974560856819153,0.9347968101501465,0.8068358302116394,0.5092076063156128,0.8978213667869568,,,,,,0.5791365504264832,0.4030038118362427,0.01785958558320999,0.6209495663642883,0.5935748219490051,0.6458081007003784,0.1426478773355484,0.2317788302898407
gbert,Cannabis,333524107980,pre,0.6055441498756409,0.9283161163330078,0.840610146522522,0.7747957706451416,0.5609896183013916,,,,,,0.4278801381587982,0.5544297695159912,0.01769004948437214,0.48371002078056335,0.5888476371765137,0.45159247517585754,0.32191014289855957,0.23606371879577637
gbert,Cannabis,333524107980,post,0.7455019354820251,0.924803614616394,0.655459463596344,0.89432293176651,0.9442453384399414,,,,,,0.06636063009500504,0.8866133689880371,0.04702603071928024,0.6948152184486389,0.7009181380271912,0.41135841608047485,0.45712846517562866,0.10201779007911682
gbert,Cannabis,333524655864,post,0.7439402937889099,0.9598924517631531,0.666864275932312,0.5193290114402771,0.9146654009819031,,,,,,0.5499922633171082,0.43295755982398987,0.017050176858901978,0.7077916264533997,0.42602241039276123,0.6650074124336243,0.18555009365081787,0.9307034015655518
gbert,Cannabis,333621101232,pre,0.872390866279602,0.9148430824279785,0.8737284541130066,0.8232043385505676,0.9092370867729187,,,,,,0.3837323486804962,0.44559377431869507,0.17067384719848633,0.8444879055023193,0.9239828586578369,0.9073221683502197,0.7350962162017822,0.8135216236114502
gbert,Cannabis,333621101232,post,0.8304703235626221,0.9003238081932068,0.7099856734275818,0.7906163930892944,0.8984254002571106,,,,,,0.4140114486217499,0.40311524271965027,0.18287330865859985,0.7962686419487,0.6148536205291748,0.7763298749923706,0.69610196352005,0.7959163784980774
gbert,Cannabis,333674999748,post,0.346137136220932,0.5416885614395142,0.1748606264591217,0.9170771241188049,0.9395482540130615,,,,,,0.05800267681479454,0.6110098361968994,0.33098751306533813,0.4750140607357025,0.0632404088973999,0.7934390306472778,0.5825678110122681,0.0024405682925134897
gbert,Cannabis,333757626264,pre,0.6569661498069763,0.1630631387233734,0.6920142769813538,0.7518739104270935,0.8380143642425537,,,,,,0.14662402868270874,0.748778223991394,0.1045977771282196,0.3260883688926697,0.19446414709091187,0.6893896460533142,0.3332501947879791,0.5417697429656982
gbert,Cannabis,333757626264,post,0.7979146838188171,0.7895169258117676,0.6703997850418091,0.33477962017059326,0.9066158533096313,,,,,,0.07132875174283981,0.6798102855682373,0.24886097013950348,0.30590593814849854,0.12825436890125275,0.5418004989624023,0.20008070766925812,0.33047807216644287
gbert,Cannabis,335869337412,pre,0.7135682702064514,0.8419655561447144,0.7493535280227661,0.7554025053977966,0.9066740274429321,,,,,,0.16903084516525269,0.33925488591194153,0.4917142689228058,0.8732062578201294,0.8117402195930481,0.8811848759651184,0.6682986617088318,0.07452494651079178
gbert,Cannabis,335869337412,post,0.7728829979896545,0.8712064027786255,0.6573649644851685,0.8061099052429199,0.8688414096832275,,,,,,0.1500217169523239,0.4126625061035156,0.43731579184532166,0.9419417977333069,0.812244176864624,0.8584132790565491,0.7639033198356628,0.3488473892211914
gbert,Cannabis,335891226096,pre,0.717065691947937,0.5793262720108032,0.7348844408988953,0.6666220426559448,0.9334181547164917,,,,,,0.06392352283000946,0.7109905481338501,0.22508588433265686,0.34755903482437134,0.1808527112007141,0.5536253452301025,0.36141830682754517,0.5096383094787598
gbert,Cannabis,335891226096,post,0.8510051369667053,0.8817697167396545,0.7809991836547852,0.7276101112365723,0.8705099821090698,,,,,,0.258309006690979,0.7253207564353943,0.016370266675949097,0.5634164810180664,0.20355883240699768,0.6831672787666321,0.4385673403739929,0.8050062656402588
gbert,Cannabis,335905795296,pre,0.11071206629276276,0.8161910772323608,0.7442710995674133,0.8399330973625183,0.8184847235679626,,,,,,0.369974821805954,0.6090264320373535,0.020998720079660416,0.7604665756225586,0.8214908838272095,0.879542350769043,0.4621288776397705,0.7532782554626465
gbert,Cannabis,335905795296,post,0.4066165089607239,0.8680150508880615,0.7771623730659485,0.9490880966186523,0.007512102369219065,,,,,,0.7056142091751099,0.2860861122608185,0.00829972606152296,0.4741196036338806,0.3212883770465851,0.4491317570209503,0.007415300235152245,0.9247497320175171
gbert,Cannabis,335907029232,pre,0.7792094349861145,0.9494725465774536,0.6212074756622314,0.5691925883293152,0.7497456669807434,,,,,,0.6582667231559753,0.3301768898963928,0.011556386016309261,0.6408199071884155,0.38801586627960205,0.6743223071098328,0.029635945335030556,0.002540791407227516
gbert,Cannabis,335907029232,post,0.7642320990562439,0.8925158381462097,0.6571335196495056,0.5819985270500183,0.7205723524093628,,,,,,0.3547426760196686,0.6289592385292053,0.01629815064370632,0.7597910761833191,0.4978882372379303,0.6153843402862549,0.03878258541226387,0.26656219363212585
gbert,Cannabis,335939244948,pre,0.2150942087173462,0.7713522911071777,0.6415954232215881,0.5621629357337952,0.5709119439125061,,,,,,0.5097589492797852,0.4717475473880768,0.018493497744202614,0.7686384916305542,0.4751608669757843,0.1827688068151474,0.0015102240722626448,0.8950802683830261
gbert,Cannabis,335939244948,post,0.2563142776489258,0.5870210528373718,0.002316009718924761,0.747929036617279,0.44632115960121155,,,,,,0.5111114382743835,0.36510440707206726,0.1237841472029686,0.5630930662155151,0.002868880284950137,0.7610024213790894,0.000419133371906355,0.027747957035899162
gbert,Cannabis,335953130148,pre,0.5840494632720947,0.8492457866668701,0.25511714816093445,0.7309637069702148,0.8615347743034363,,,,,,0.1945238709449768,0.7211201786994934,0.084355928003788,0.7091199159622192,0.5685455203056335,0.7502133250236511,0.4949546456336975,0.5523744821548462
gbert,Cannabis,335953130148,post,0.7825251221656799,0.8785280585289001,0.7573067545890808,0.7809361815452576,0.9898566007614136,,,,,,0.02092420682311058,0.7134397625923157,0.26563602685928345,0.7161872386932373,0.2713397741317749,0.6320202350616455,0.4165700376033783,0.39355650544166565
gbert,Cannabis,335992182444,pre,0.58266282081604,0.914947509765625,0.47475874423980713,0.5753028392791748,0.8862057328224182,,,,,,0.04325173422694206,0.4080044627189636,0.5487437844276428,0.4037730395793915,0.47478780150413513,0.8220751881599426,0.32487380504608154,0.29315972328186035
gbert,Cannabis,335992182444,post,0.8080585598945618,0.7372221350669861,0.7574349641799927,0.5840586423873901,0.8980554342269897,,,,,,0.05319215729832649,0.24923047423362732,0.6975773572921753,0.5573776960372925,0.6120279431343079,0.7899290323257446,0.2989746630191803,0.17115174233913422
gbert,Cannabis,336050532432,post,0.5610942244529724,0.8449395298957825,0.690898060798645,0.5935221910476685,0.7756473422050476,,,,,,0.11504074186086655,0.33256661891937256,0.5523926615715027,0.8604467511177063,0.4468952417373657,0.5776738524436951,0.23792529106140137,0.0034609653521329165
gbert,Cannabis,336066055128,pre,0.6630522608757019,0.8932264447212219,0.7137872576713562,0.6941012740135193,0.8953953385353088,,,,,,0.42741215229034424,0.5656886100769043,0.006899216212332249,0.38989681005477905,0.2848753333091736,0.6217396855354309,0.017274461686611176,0.4009314775466919
gbert,Cannabis,336066055128,post,0.5872958898544312,0.8754947781562805,0.6307195425033569,0.21115894615650177,0.7298399806022644,,,,,,0.20824995636940002,0.6760642528533936,0.11568573117256165,0.47595182061195374,0.24163039028644562,0.6594566106796265,0.153638556599617,0.5322747826576233
gbert,Cannabis,336092047812,pre,0.5910617113113403,0.8550170063972473,0.537415087223053,0.683360755443573,0.9493410587310791,,,,,,0.005593948066234589,0.08894740045070648,0.9054585695266724,0.7776943445205688,0.6117991209030151,0.8770559430122375,0.6580861806869507,0.6221559643745422
gbert,Cannabis,336092047812,post,0.47292420268058777,0.7508935332298279,0.7568873167037964,0.30802398920059204,0.8904258608818054,,,,,,0.07860914617776871,0.683325469493866,0.23806540668010712,0.8423060774803162,0.8562908172607422,0.7874709367752075,0.16742642223834991,0.14756657183170319
gbert,Cannabis,336209078844,post,0.8250152468681335,0.8862603902816772,0.7690114974975586,0.7092105150222778,0.1209522932767868,,,,,,0.8618418574333191,0.12141364067792892,0.01674450933933258,0.7473723292350769,0.4006619453430176,0.742554247379303,0.369297593832016,0.9133133888244629
gbert,Cannabis,336213594612,pre,0.6288087368011475,0.822892963886261,0.839042067527771,0.6605951189994812,0.9518103003501892,,,,,,0.026502471417188644,0.6045250296592712,0.3689725697040558,0.6443966031074524,0.27242234349250793,0.6633133888244629,0.43323075771331787,0.13242891430854797
gbert,Cannabis,336213594612,post,0.6225009560585022,0.9168562889099121,0.5466094017028809,0.4452599287033081,0.9424622058868408,,,,,,0.006582267116755247,0.05845306068658829,0.9349647164344788,0.47491535544395447,0.7158147096633911,0.025103289633989334,0.5633890628814697,0.02508026733994484
gbert,Cannabis,336220230780,pre,0.4642258584499359,0.8343344926834106,0.7377133369445801,0.8770838379859924,0.8742939233779907,,,,,,0.1425793319940567,0.7393741011619568,0.11804657429456711,0.655959963798523,0.37992316484451294,0.7800135612487793,0.0868300199508667,0.3572154641151428
gbert,Cannabis,336220230780,post,0.6755728125572205,0.8253894448280334,0.5475118160247803,0.8256410360336304,0.6134174466133118,,,,,,0.46075382828712463,0.5237783193588257,0.015467805787920952,0.8397420644760132,0.11890824139118195,0.48459333181381226,0.0862702950835228,0.7669762969017029
gbert,Cannabis,336312157644,pre,0.7425533533096313,0.8980367183685303,0.5763446092605591,0.8688597083091736,0.8727868795394897,,,,,,0.011991108767688274,0.7715912461280823,0.21641768515110016,0.621476411819458,0.4477215111255646,0.8370286226272583,0.21363773941993713,0.1770751178264618
gbert,Cannabis,336312157644,post,0.8437000513076782,0.9177336692810059,0.7438138723373413,0.82349693775177,0.8694426417350769,,,,,,0.018475795164704323,0.6063264012336731,0.3751978278160095,0.8710198402404785,0.8568706512451172,0.6743931174278259,0.08079418540000916,0.09343282878398895
gbert,Cannabis,336365716212,pre,0.45188358426094055,0.900851845741272,0.6469921469688416,0.45610910654067993,0.8156482577323914,,,,,,0.8218914866447449,0.17213304340839386,0.005975473206490278,0.5030854344367981,0.5107744932174683,0.559631884098053,0.03041791543364525,0.8524066805839539
gbert,Cannabis,336365716212,post,0.24487456679344177,0.9098184108734131,0.7110403776168823,0.3300023674964905,0.6955947279930115,,,,,,0.7881783246994019,0.20357824862003326,0.008243451826274395,0.4084993302822113,0.5165465474128723,0.3159441351890564,0.09482599049806595,0.9501944184303284
gbert,Cannabis,336368866716,pre,0.7513460516929626,0.40924355387687683,0.8063193559646606,0.8578301072120667,0.8403297662734985,,,,,,0.17721541225910187,0.48785609006881714,0.3349285125732422,0.9198755025863647,0.8334257006645203,0.7365478873252869,0.5141118764877319,0.7470777630805969
gbert,Cannabis,336368866716,post,0.794478714466095,0.7913146018981934,0.7831777930259705,0.776578962802887,0.8269032835960388,,,,,,0.5013861656188965,0.46633127331733704,0.032282620668411255,0.8566668629646301,0.7172255516052246,0.7695187330245972,0.1410539448261261,0.01113063097000122
gbert,Cannabis,336436920612,pre,0.8248581886291504,0.8430667519569397,0.7001381516456604,0.8357674479484558,0.8161472082138062,,,,,,0.38306623697280884,0.5099311470985413,0.10700271278619766,0.6916613578796387,0.341592401266098,0.6831082105636597,0.013563952408730984,0.6010881066322327
gbert,Cannabis,336436920612,post,0.359902560710907,0.5272241830825806,0.6202940940856934,0.7375944256782532,0.4483017921447754,,,,,,0.5934730768203735,0.3849049508571625,0.021622033789753914,0.6198195219039917,0.602374792098999,0.800247848033905,0.0017374817980453372,0.6665199398994446
gbert,Cannabis,336453335928,pre,0.01663903519511223,0.9402831196784973,0.4641532003879547,0.48351383209228516,0.9422101378440857,,,,,,0.8824033737182617,0.1077883243560791,0.009808284230530262,0.03822215273976326,0.3899342119693756,0.24461416900157928,0.01018102839589119,0.9941384196281433
gbert,Cannabis,336453335928,post,0.7609719038009644,0.8755407929420471,0.9127820134162903,0.7455873489379883,0.1049671545624733,,,,,,0.4201131761074066,0.5627463459968567,0.01714048907160759,0.6619898676872253,0.5350822806358337,0.6013278961181641,0.03455943614244461,0.9443031549453735
gbert,Cannabis,337439599632,post,0.7860406041145325,0.8624221086502075,0.5397292375564575,0.7043482661247253,0.7363288998603821,,,,,,0.5985421538352966,0.38851824402809143,0.012939645908772945,0.8322851657867432,0.1799709051847458,0.8706052899360657,0.1959754228591919,0.23789028823375702
gbert,Cannabis,337490487180,pre,0.3347248136997223,0.8136040568351746,0.3944122791290283,0.06652189791202545,0.8367235660552979,,,,,,0.10620498657226562,0.7586462497711182,0.13514874875545502,0.3964886963367462,0.21299752593040466,0.283198744058609,0.018461080268025398,0.44061604142189026
gbert,Cannabis,337490487180,post,0.2960403263568878,0.888279378414154,0.6332199573516846,0.6545083522796631,0.3464992642402649,,,,,,0.7556804418563843,0.23053890466690063,0.013780621811747551,0.07761120051145554,0.09432559460401535,0.35222184658050537,0.0023940764367580414,0.9221699833869934
gbert,Cannabis,337500337464,pre,0.7565765976905823,0.8682986497879028,0.6753385066986084,0.9124922156333923,0.7572009563446045,,,,,,0.05822830647230148,0.6417691707611084,0.3000025451183319,0.6677575707435608,0.6637042760848999,0.9212773442268372,0.5151287913322449,0.8447033762931824
gbert,Cannabis,337500337464,post,0.7788851857185364,0.9042313694953918,0.7643401026725769,0.6918794512748718,0.9816327691078186,,,,,,0.024575375020503998,0.6224433779716492,0.35298123955726624,0.682762086391449,0.24444766342639923,0.7098108530044556,0.4803599715232849,0.1723552942276001
gbert,Cannabis,337523113296,pre,0.8039389252662659,0.9141098260879517,0.6857424378395081,0.5268400311470032,0.8621583580970764,,,,,,0.7060810923576355,0.2841360569000244,0.009782833978533745,0.6794381141662598,0.33265790343284607,0.4317573606967926,0.06997909396886826,0.11541943997144699
gbert,Cannabis,337523113296,post,0.6955790519714355,0.9126394987106323,0.6787013411521912,0.5069763660430908,0.9057332277297974,,,,,,0.7828800082206726,0.20854568481445312,0.008574300445616245,0.6408990025520325,0.21861916780471802,0.3664376139640808,0.01177015621215105,0.7249664664268494
gbert,Cannabis,337564903644,pre,0.33330604434013367,0.5260376930236816,0.15255755186080933,0.003815355710685253,0.823400616645813,,,,,,0.1481284648180008,0.3447212278842926,0.5071502923965454,0.09861245006322861,0.1260983943939209,0.14052683115005493,0.02228955738246441,0.33396026492118835
gbert,Cannabis,337564903644,post,0.17657321691513062,0.5697930455207825,0.17159083485603333,0.0017978607211261988,0.20262624323368073,,,,,,0.6345425844192505,0.17181268334388733,0.19364476203918457,0.006334260571748018,0.11376766115427017,0.09983620047569275,0.031188391149044037,0.8737701773643494
gbert,Cannabis,337689875232,post,0.13936245441436768,0.0007374127744697034,0.04831180348992348,0.017604203894734383,0.2222585380077362,,,,,,0.16742920875549316,0.623500406742096,0.20907039940357208,0.13457971811294556,0.11546123772859573,0.1349964439868927,0.021689817309379578,0.12107165157794952
gbert,Cannabis,337924757412,pre,0.46148785948753357,0.9032319188117981,0.7419868111610413,0.7383342385292053,0.7665488123893738,,,,,,0.5175964832305908,0.46352052688598633,0.018882952630519867,0.7412654161453247,0.6320224404335022,0.8551802039146423,0.2843916416168213,0.9125704169273376
gbert,Cannabis,337924757412,post,0.5709893703460693,0.865603506565094,0.7948299050331116,0.46517881751060486,0.8921354413032532,,,,,,0.6839277148246765,0.29774224758148193,0.018330136314034462,0.43481194972991943,0.6957157254219055,0.7736397385597229,0.5805434584617615,0.0468561016023159
gbert,Cannabis,338387077116,pre,0.6149131655693054,0.819249153137207,0.6643319725990295,0.5158985257148743,0.8938700556755066,,,,,,0.07960031926631927,0.8455802798271179,0.0748194009065628,0.4215104579925537,0.6009292006492615,0.7420506477355957,0.33758485317230225,0.4302440285682678
gbert,Cannabis,338424079464,pre,0.669991672039032,0.9160074591636658,0.7606487274169922,0.7512039542198181,0.943091630935669,,,,,,0.7483791708946228,0.24291805922985077,0.008702769875526428,0.76584392786026,0.0014902735128998756,0.8731642961502075,0.0008267115917988122,0.262783020734787
gbert,Cannabis,338559034716,pre,0.8939552307128906,0.9193409085273743,0.7562371492385864,0.7881523966789246,0.7811101078987122,,,,,,0.8574652075767517,0.1329021155834198,0.009632701985538006,0.9374337196350098,0.7581738829612732,0.468786358833313,0.3469489514827728,0.7361473441123962
gbert,Cannabis,338559034716,post,0.8228089213371277,0.9118893146514893,0.7918268442153931,0.7683676481246948,0.7991516590118408,,,,,,0.4652380347251892,0.5180031061172485,0.016758812591433525,0.6249672174453735,0.41363680362701416,0.6759604215621948,0.27780991792678833,0.6959368586540222
gbert,Cannabis,339360065748,pre,0.5637421011924744,0.8934088945388794,0.5361483693122864,0.5875837802886963,0.9740447402000427,,,,,,0.008907007053494453,0.2023308426141739,0.7887622117996216,0.5284274220466614,0.2598803639411926,0.643896222114563,0.539286732673645,0.045230526477098465
gbert,Cannabis,339360065748,post,0.6296414136886597,0.864435076713562,0.625334620475769,0.2755107581615448,0.8410444259643555,,,,,,0.03123524785041809,0.5402910113334656,0.42847371101379395,0.12329348176717758,0.1907118856906891,0.6436842679977417,0.10698463767766953,0.0011425446718931198
gbert,Cannabis,339400418328,pre,0.7342441082000732,0.9059488773345947,0.8865113258361816,0.8052356243133545,0.9697862863540649,,,,,,0.0463862270116806,0.6907788515090942,0.26283490657806396,0.5165755748748779,0.3634650409221649,0.6855217218399048,0.4271717071533203,0.3559223413467407
gbert,Cannabis,339400418328,post,0.8841553330421448,0.8818832635879517,0.8742517828941345,0.8129247426986694,0.902809739112854,,,,,,0.15694458782672882,0.5044113993644714,0.3386440575122833,0.6142972111701965,0.37487906217575073,0.6389493346214294,0.4698029160499573,0.9206584095954895
gbert,Cannabis,339412460148,pre,0.6307946443557739,0.7281858921051025,0.6273165345191956,0.6017249822616577,0.025743193924427032,,,,,,0.8450689911842346,0.13777853548526764,0.017152488231658936,0.7939192056655884,0.6024754643440247,0.6141999363899231,0.004166110884398222,0.0014942302368581295
gbert,Cannabis,339412460148,post,0.7045137882232666,0.7963426113128662,0.5952274799346924,0.7206616401672363,0.0839562937617302,,,,,,0.7217613458633423,0.2594848871231079,0.01875375024974346,0.9190191030502319,0.4975694417953491,0.6266718506813049,0.026246849447488785,0.013900509104132652
gbert,Cannabis,339468139116,pre,0.5197787880897522,0.8568557500839233,0.4919106662273407,0.3909493684768677,0.9098841547966003,,,,,,0.024986909702420235,0.23808377981185913,0.7369293570518494,0.8462696075439453,0.6188383102416992,0.7082892060279846,0.3334062099456787,0.29489919543266296
gbert,Cannabis,339468139116,post,0.7520659565925598,0.7916342616081238,0.6257991194725037,0.7223642468452454,0.8699445724487305,,,,,,0.005248603411018848,0.0876234695315361,0.9071279764175415,0.8894373774528503,0.5028790831565857,0.8910853862762451,0.337190717458725,0.4415428638458252
gbert,Cannabis,339512253696,pre,0.6616060137748718,0.8578658699989319,0.7602844834327698,0.6762571930885315,0.9685770273208618,,,,,,0.011642873287200928,0.16908563673496246,0.819271445274353,0.7092374563217163,0.25947898626327515,0.7079549431800842,0.7723717093467712,0.25350698828697205
gbert,Cannabis,339512253696,post,0.5396111607551575,0.8156677484512329,0.6880511045455933,0.6571495532989502,0.8940810561180115,,,,,,0.15361511707305908,0.4514331817626953,0.3949517011642456,0.46351388096809387,0.6460676789283752,0.9145810604095459,0.35279831290245056,0.29762062430381775
gbert,Cannabis,339572310264,pre,0.07943281531333923,0.01734269969165325,0.014229132793843746,0.0008609970682300627,0.062276311218738556,,,,,,0.138240247964859,0.6654646396636963,0.1962950974702835,0.026280881837010384,0.08315327763557434,0.04062160104513168,0.004280618391931057,0.2406281679868698
gbert,Cannabis,339572310264,post,0.11171308904886246,0.028230449184775352,0.1316620111465454,0.010962571948766708,0.388744592666626,,,,,,0.04994099959731102,0.5992356538772583,0.3508233428001404,0.08114659786224365,0.0758867859840393,0.2028270810842514,0.043992917984724045,0.03788292035460472
gbert,Cannabis,339637903812,pre,0.8723965287208557,0.8644632697105408,0.6876258850097656,0.4891444742679596,0.028196778148412704,,,,,,0.7083295583724976,0.2609380781650543,0.030732417479157448,0.818486750125885,0.6879162192344666,0.45839253067970276,0.1727268248796463,0.9402990341186523
gbert,Cannabis,339637903812,post,0.8092535138130188,0.8558403849601746,0.8373135328292847,0.8635112047195435,0.7976571917533875,,,,,,0.5308074355125427,0.45227453112602234,0.016917981207370758,0.7300889492034912,0.6061894297599792,0.7310873866081238,0.5570275187492371,0.9394421577453613
gbert,Cannabis,339838728948,pre,0.5172111988067627,0.903994083404541,0.38491082191467285,0.5485022068023682,0.915276825428009,,,,,,0.17356713116168976,0.8006954193115234,0.025737471878528595,0.2967115342617035,0.5145120620727539,0.9214574098587036,0.28501856327056885,0.09127282351255417
gbert,Cannabis,339838728948,post,0.6669543981552124,0.021755734458565712,0.5723763704299927,0.14997757971286774,0.6559573411941528,,,,,,0.03292135149240494,0.7728661894798279,0.1942124366760254,0.29556804895401,0.12352500855922699,0.5890223979949951,0.16128940880298615,0.35040482878685
gbert,Cannabis,339960888612,pre,0.6642691493034363,0.912416934967041,0.5732851624488831,0.6258962750434875,0.9096811413764954,,,,,,0.0408889539539814,0.4912567734718323,0.4678542912006378,0.308404803276062,0.17657260596752167,0.7028543949127197,0.023562222719192505,0.05338924378156662
gbert,Cannabis,339960888612,post,0.7216829657554626,0.922730565071106,0.5772807598114014,0.6881709098815918,0.8453192710876465,,,,,,0.15677596628665924,0.5487287044525146,0.2944954037666321,0.38802552223205566,0.06481491029262543,0.5920265913009644,0.41999542713165283,0.0009361893753521144
gbert,Cannabis,340026146316,pre,0.10240432620048523,0.010052991099655628,0.30170324444770813,0.09067467600107193,0.6412472724914551,,,,,,0.03596547618508339,0.7170358300209045,0.24699871242046356,0.1860741376876831,0.07629484683275223,0.35189515352249146,0.07384675741195679,0.06893377006053925
gbert,Cannabis,340026146316,post,0.42769184708595276,0.9223145842552185,0.30450141429901123,0.4944571554660797,0.9401220679283142,,,,,,0.03402789309620857,0.2606258690357208,0.7053462266921997,0.24495910108089447,0.6808669567108154,0.8593230247497559,0.8335115909576416,0.4583078920841217
gbert,Cannabis,340120874160,post,0.5309812426567078,0.8009575605392456,0.5932591557502747,0.7177925109863281,0.5494048595428467,,,,,,0.5753247141838074,0.4063150882720947,0.01836026832461357,0.3877878189086914,0.339876264333725,0.05514374002814293,0.19413268566131592,0.7010728120803833
gbert,Cannabis,340237222560,pre,0.5803484320640564,0.9455434083938599,0.7154660224914551,0.477846622467041,0.7956904172897339,,,,,,0.8835493922233582,0.11110775172710419,0.005342819727957249,0.6988945007324219,0.8032368421554565,0.3253302574157715,0.24979129433631897,0.8400167226791382
gbert,Cannabis,340237222560,post,0.7661402821540833,0.9476544857025146,0.6024223566055298,0.6781628131866455,0.9699087142944336,,,,,,0.7499160766601562,0.24391649663448334,0.006167369429022074,0.6669065356254578,0.5615907311439514,0.4758688807487488,0.09485214203596115,0.9627969264984131
gbert,Cannabis,340243723296,pre,0.7430906891822815,0.8777919411659241,0.8037438988685608,0.7783253788948059,0.9055945873260498,,,,,,0.4606402814388275,0.4832630753517151,0.056096676737070084,0.9915628433227539,0.5863850712776184,0.5494256019592285,0.20808111131191254,0.27335312962532043
gbert,Cannabis,340243723296,post,0.33943331241607666,0.7730789184570312,0.5771341323852539,0.8322128653526306,0.552180290222168,,,,,,0.1926708221435547,0.7750179767608643,0.03231117129325867,0.8266505599021912,0.5859231948852539,0.5991237163543701,0.41147100925445557,0.36159375309944153
gbert,Cannabis,340245912780,pre,0.6254981160163879,0.9294965863227844,0.48997655510902405,0.7058157920837402,0.8543336987495422,,,,,,0.28801229596138,0.6302769780158997,0.08171077817678452,0.8669416904449463,0.672808051109314,0.5798913836479187,0.2515197694301605,0.7164186835289001
gbert,Cannabis,340245912780,post,0.43814849853515625,0.8634317517280579,0.5043875575065613,0.673617422580719,0.6205698847770691,,,,,,0.24233879148960114,0.6846262812614441,0.07303497940301895,0.4991055428981781,0.46682798862457275,0.7171267867088318,0.03254561871290207,0.685459554195404
gbert,Cannabis,340410140496,post,0.7905752658843994,0.9243894219398499,0.7746457457542419,0.7511776089668274,0.8670916557312012,,,,,,0.019594736397266388,0.7274106740951538,0.252994567155838,0.8869601488113403,0.6822944283485413,0.8933745622634888,0.33502060174942017,0.015414084307849407
gbert,Cannabis,340416364896,pre,0.5216981768608093,0.8507681488990784,0.6017115712165833,0.3441605567932129,0.8319620490074158,,,,,,0.2164222002029419,0.6400827169418335,0.14349506795406342,0.1594376564025879,0.26286494731903076,0.3333412706851959,0.2126818150281906,0.09280672669410706
gbert,Cannabis,340416364896,post,0.6866356730461121,0.9110515117645264,0.3701351284980774,0.6060821413993835,0.9737306833267212,,,,,,0.0135488361120224,0.3772640526294708,0.609187126159668,0.542840301990509,0.0022705928422510624,0.8256542086601257,0.011559780687093735,0.10795088857412338
gbert,Cannabis,340552889928,pre,0.470974862575531,0.8645281791687012,0.24763421714305878,0.45607128739356995,0.13886767625808716,,,,,,0.6664172410964966,0.320664644241333,0.012918074615299702,0.636002779006958,0.0005266709486022592,0.8144378662109375,0.0004016695893369615,0.6587115526199341
gbert,Cannabis,340634619720,pre,0.2779460847377777,0.8973512649536133,0.7520859241485596,0.834416925907135,0.8969712257385254,,,,,,0.26113757491111755,0.5220669507980347,0.21679550409317017,0.579480767250061,0.823026180267334,0.9600101709365845,0.5729434490203857,0.5990456938743591
gbert,Cannabis,340634619720,post,0.8183785676956177,0.7872216701507568,0.7901062965393066,0.7360127568244934,0.7512545585632324,,,,,,0.4985353946685791,0.3691929280757904,0.1322716623544693,0.46296238899230957,0.4690132439136505,0.5671769976615906,0.5004786849021912,0.785860538482666
gbert,Cannabis,340636960368,pre,0.8073192238807678,0.8749252557754517,0.7705183625221252,0.6811094284057617,0.07283303141593933,,,,,,0.8525938391685486,0.12840040028095245,0.019005708396434784,0.6857307553291321,0.3992804288864136,0.7112587094306946,0.38743236660957336,0.8998618125915527
gbert,Cannabis,340636960368,post,0.8220868706703186,0.8387132287025452,0.7574430704116821,0.6996288299560547,0.03347470611333847,,,,,,0.7432055473327637,0.22387970983982086,0.03291473910212517,0.6015559434890747,0.42371153831481934,0.24780867993831635,0.13415861129760742,0.8950749039649963
gbert,Cannabis,340639446708,post,0.811042845249176,0.8008422255516052,0.48027366399765015,0.7983017563819885,0.5365763902664185,,,,,,0.3798534572124481,0.6073088645935059,0.012837710790336132,0.8124310374259949,0.0004127903375774622,0.5176814794540405,0.016876770183444023,0.37875548005104065
gbert,Cannabis,340640571888,post,0.8591295480728149,0.9107811450958252,0.7643043994903564,0.7639029026031494,0.9010671973228455,,,,,,0.30057185888290405,0.5358931422233582,0.1635349988937378,0.7872175574302673,0.608788013458252,0.8049817681312561,0.6640912890434265,0.8670592308044434
gbert,Cannabis,340640868744,pre,0.8449587225914001,0.8531314730644226,0.6028806567192078,0.8613439202308655,0.8289111852645874,,,,,,0.5011069774627686,0.46587860584259033,0.03301437571644783,0.9526069164276123,0.8364939093589783,0.3540511131286621,0.3561929762363434,0.09960562735795975
gbert,Cannabis,340640868744,post,0.7981765270233154,0.8799411058425903,0.6925933361053467,0.7088056206703186,0.6969940662384033,,,,,,0.48086175322532654,0.4756619930267334,0.04347621276974678,0.7665788531303406,0.7485077977180481,0.8025060296058655,0.06667070090770721,0.5729868412017822
gbert,Cannabis,340641067104,pre,0.41800764203071594,0.9071754217147827,0.6867761611938477,0.6943901181221008,0.9131726622581482,,,,,,0.02462109737098217,0.6411006450653076,0.33427825570106506,0.19776651263237,0.5923445224761963,0.8750297427177429,0.26301249861717224,0.03266511857509613
gbert,Cannabis,340641067104,post,0.7685828804969788,0.8918263912200928,0.5213850140571594,0.8547667860984802,0.8890355229377747,,,,,,0.023689541965723038,0.7426254749298096,0.2336849868297577,0.2358613759279251,0.5524945259094238,0.9790236949920654,0.3190975487232208,0.039702385663986206
gbert,Cannabis,340641527436,pre,0.66291743516922,0.8847912549972534,0.821898877620697,0.7787432074546814,0.7745878100395203,,,,,,0.5030351877212524,0.480579137802124,0.01638570986688137,0.9156782627105713,0.07931969314813614,0.9302710294723511,0.005981458351016045,0.9183565378189087
gbert,Cannabis,340641527436,post,0.9263428449630737,0.9340530633926392,0.6574591398239136,0.5119248628616333,0.9089597463607788,,,,,,0.42971208691596985,0.5543094277381897,0.015978500247001648,0.6694647073745728,0.996870219707489,0.41546061635017395,0.008922215551137924,0.012065545655786991
gbert,Cannabis,340641934416,pre,0.5443841814994812,0.942473292350769,0.48214858770370483,0.4708347022533417,0.9623990654945374,,,,,,0.02758951298892498,0.2668331563472748,0.7055773735046387,0.12540405988693237,0.5048933029174805,0.8025221824645996,0.29581886529922485,0.3764248490333557
gbert,Cannabis,340641934416,post,0.38870948553085327,0.7607643008232117,0.5279662609100342,0.40522733330726624,0.8407884836196899,,,,,,0.07012277096509933,0.6562662124633789,0.27361100912094116,0.2674989104270935,0.267990380525589,0.4787575602531433,0.07035700976848602,0.13422714173793793
gbert,Cannabis,340641935100,pre,0.3224729597568512,0.8505061268806458,0.7101169228553772,0.49445751309394836,0.9194002151489258,,,,,,0.8267889022827148,0.1670127511024475,0.006198282353579998,0.7252868413925171,0.9490541219711304,0.3059844374656677,0.012088116258382797,0.9665952324867249
gbert,Cannabis,340641935100,post,0.8379433155059814,0.9018294215202332,0.5303236842155457,0.6301395297050476,0.8180441856384277,,,,,,0.8315038681030273,0.15990398824214935,0.008592135272920132,0.6154487729072571,0.48521602153778076,0.6719921231269836,0.06606202572584152,0.6799907088279724
gbert,Cannabis,340642271628,pre,0.8665685057640076,0.8420470952987671,0.7363492250442505,0.6662889122962952,0.07748322933912277,,,,,,0.48863548040390015,0.47821691632270813,0.033147554844617844,0.6878937482833862,0.43132704496383667,0.29841122031211853,0.17264148592948914,0.894159734249115
gbert,Cannabis,340642271628,post,0.8133324980735779,0.8173712491989136,0.7567077279090881,0.5945357084274292,0.0634741336107254,,,,,,0.4843601882457733,0.48051318526268005,0.03512665629386902,0.6525535583496094,0.4476911425590515,0.37017741799354553,0.14308129251003265,0.9021418690681458
gbert,Cannabis,340642298304,pre,0.40350422263145447,0.0044906469993293285,0.5397554039955139,0.5240583419799805,0.925426185131073,,,,,,0.07390344142913818,0.7514679431915283,0.17462857067584991,0.5772241353988647,0.15051081776618958,0.3664714992046356,0.15707765519618988,0.5730409622192383
gbert,Cannabis,340642298304,post,0.2049543857574463,0.07394015043973923,0.4417750835418701,0.22046242654323578,0.646558940410614,,,,,,0.25284647941589355,0.6054695248603821,0.14168401062488556,0.2468024641275406,0.11990644782781601,0.2924859821796417,0.15130530297756195,0.5018962621688843
gbert,Cannabis,340642943316,pre,0.5935670137405396,0.8571990132331848,0.7686240673065186,0.5706416368484497,0.8389899134635925,,,,,,0.29767829179763794,0.4689459204673767,0.23337580263614655,0.26136332750320435,0.32720959186553955,0.5527474284172058,0.5226611495018005,0.8560450077056885
gbert,Cannabis,340642943316,post,0.7909114956855774,0.9233709573745728,0.5175385475158691,0.6569280028343201,0.962127149105072,,,,,,0.009902600198984146,0.1502975970506668,0.8397998213768005,0.4637078046798706,0.39357659220695496,0.5608764290809631,0.3832886219024658,0.10280566662549973
gbert,Cannabis,340643476152,pre,0.8564526438713074,0.9280100464820862,0.4896916151046753,0.6140267848968506,0.9735385179519653,,,,,,0.010395058430731297,0.1640879064798355,0.8255169987678528,0.34702378511428833,0.4088214337825775,0.7827934622764587,0.14559145271778107,0.4395983815193176
gbert,Cannabis,340643476152,post,0.8217122554779053,0.9403092265129089,0.6186337471008301,0.7120792865753174,0.9717590808868408,,,,,,0.01059860922396183,0.22932517528533936,0.7600761651992798,0.3825422525405884,0.48878318071365356,0.7592929601669312,0.2145272046327591,0.1296520084142685
gbert,Cannabis,340644762756,pre,0.9129404425621033,0.9096173644065857,0.5395085215568542,0.3413998484611511,0.4364219605922699,,,,,,0.9201385378837585,0.07365112006664276,0.006210357416421175,0.412589967250824,0.33222484588623047,0.25245341658592224,0.001530549954622984,0.6452207565307617
gbert,Cannabis,340644762756,post,0.9110686182975769,0.9375972747802734,0.6516502499580383,0.48641595244407654,0.7770499587059021,,,,,,0.939956545829773,0.05442872643470764,0.0056146918796002865,0.5412883162498474,0.48932018876075745,0.373456746339798,0.012437799014151096,0.7407963871955872
gbert,Cannabis,340646687532,pre,0.5684045553207397,0.8918984532356262,0.6783377528190613,0.4854612946510315,0.9648226499557495,,,,,,0.04033353179693222,0.41573402285575867,0.5439324975013733,0.4431169033050537,0.3286493122577667,0.7780110836029053,0.06714558601379395,0.13351337611675262
gbert,Cannabis,340646687532,post,0.6774346232414246,0.9006862044334412,0.619880199432373,0.7516049742698669,0.7648916840553284,,,,,,0.10015970468521118,0.4864180386066437,0.41342225670814514,0.2847825288772583,0.46522021293640137,0.9678508043289185,0.20923668146133423,0.22329795360565186
gbert,Cannabis,340646807916,pre,0.6324548125267029,0.924362301826477,0.7711151838302612,0.6949419975280762,0.9671337604522705,,,,,,0.01023253332823515,0.1556757241487503,0.83409184217453,0.41143327951431274,0.2561647891998291,0.8958796858787537,0.6484886407852173,0.4637705385684967
