model,topic,pid,wave,generic__Moral,generic__Konflikt,generic__Betroffenheit,generic__Wirtschaftlichkeit,generic__Verantwortung,issue__Bildungschancen,issue__Armutsbekaempfung,issue__Buerokratie,issue__Umsetzung,issue__Finanzierung,stance__pro,stance__ambivalent,stance__contra,issue__Freiheit,issue__Gesundheit,issue__Jugendschutz,issue__Kriminalitaet,issue__Regulierung
mdeberta,Child support,273726366948,post,0.9953272938728333,0.8759728074073792,0.3260568082332611,0.260436475276947,0.00022124566021375358,0.9639160633087158,0.9507092833518982,0.7045668363571167,0.0134153226390481,0.0008830457809381187,0.8497976660728455,0.14024101197719574,0.009961316362023354,,,,,
mdeberta,Child support,273908992896,post,0.9875803589820862,0.9996132850646973,0.9997316002845764,0.998221218585968,0.007496886886656284,0.9958174228668213,0.17569713294506073,0.932489812374115,0.9505947828292847,0.9269572496414185,0.003977648448199034,0.9752013087272644,0.020821042358875275,,,,,
mdeberta,Child support,273971922264,pre,0.9907229542732239,0.11023145914077759,0.5654786825180054,0.024703869596123695,0.000689194945152849,0.996593713760376,0.004248079378157854,0.06427068263292313,0.08366550505161285,0.005271082744002342,0.7676569223403931,0.18131351470947266,0.05102957785129547,,,,,
mdeberta,Child support,273971922264,post,0.9519972801208496,0.9750121831893921,0.9597808718681335,0.9765577912330627,0.00041326196515001357,0.9842637181282043,0.9757103323936462,0.7331653833389282,0.6258955597877502,0.7694268822669983,0.5467334985733032,0.3121664822101593,0.14110004901885986,,,,,
mdeberta,Child support,273984233580,pre,0.8007699251174927,0.9848291873931885,0.6806132793426514,0.8823264837265015,0.9782655835151672,0.9537081122398376,0.9393038153648376,0.6085940599441528,0.2867680788040161,0.8862236142158508,0.10353156179189682,0.45479968190193176,0.4416687786579132,,,,,
mdeberta,Child support,273984233580,post,0.9620184302330017,0.9684082865715027,0.9398720264434814,0.6353356242179871,0.0010649627074599266,0.8713107109069824,0.9099195599555969,0.49560558795928955,0.24816958606243134,0.2965523898601532,0.16249755024909973,0.5155973434448242,0.32190510630607605,,,,,
mdeberta,Child support,274024999980,pre,0.9806549549102783,0.9682313799858093,0.9230479001998901,0.9790757894515991,0.0018458481645211577,0.9998103976249695,0.9563726186752319,0.8981540203094482,0.33171480894088745,0.3132096529006958,0.08291669934988022,0.898868978023529,0.018214382231235504,,,,,
mdeberta,Child support,274024999980,post,0.9889917969703674,0.9618575572967529,0.9737446904182434,0.9452227354049683,0.007417380344122648,0.9967900514602661,0.9899086952209473,0.8486588597297668,0.7588681578636169,0.18535663187503815,0.47109460830688477,0.5173962116241455,0.011509179137647152,,,,,
mdeberta,Child support,274131498096,post,0.9467999935150146,0.9060105681419373,0.9708678126335144,0.5777336359024048,0.03879259154200554,0.9958660006523132,0.7917405962944031,0.7327831387519836,0.8050197958946228,0.14940723776817322,0.1014350950717926,0.6938603520393372,0.20470453798770905,,,,,
mdeberta,Child support,274350928032,pre,0.9458637833595276,0.9795310497283936,0.9632823467254639,0.8005360960960388,0.0017007223796099424,0.9488580822944641,0.8691047430038452,0.8526290059089661,0.7813306450843811,0.23213604092597961,0.22579479217529297,0.6088488101959229,0.16535641252994537,,,,,
mdeberta,Child support,274350928032,post,0.9323301911354065,0.8168085813522339,0.8308345079421997,0.4265604615211487,0.0007808886002749205,0.8782098293304443,0.7181992530822754,0.5947866439819336,0.0028839590959250927,0.3089194595813751,0.2439407855272293,0.6912000775337219,0.06485918164253235,,,,,
mdeberta,Child support,274397163696,pre,0.7880128026008606,0.9987910389900208,0.9898695945739746,0.6138733625411987,0.015291642397642136,0.9059937000274658,0.30881521105766296,0.7504613399505615,0.4775541424751282,0.26303109526634216,0.04155776649713516,0.5346047878265381,0.42383745312690735,,,,,
mdeberta,Child support,274502024316,pre,0.9942082166671753,0.3029579222202301,0.9707987308502197,0.9676862359046936,0.001204238273203373,0.9996353387832642,0.05915587395429611,0.9137054085731506,0.8495191931724548,0.14336751401424408,0.952147901058197,0.04300465062260628,0.0048474217765033245,,,,,
mdeberta,Child support,274502024316,post,0.9229350686073303,0.8725375533103943,0.9941118359565735,0.8331634402275085,0.001619805465452373,0.9973321557044983,0.45350387692451477,0.9421425461769104,0.916857123374939,0.3380771279335022,0.5026724338531494,0.23983435332775116,0.2574932277202606,,,,,
mdeberta,Child support,274518574380,pre,0.9978718757629395,0.993384599685669,0.9994916915893555,0.9823046922683716,0.0013939503114670515,0.9999151825904846,0.10608711838722229,0.9162830114364624,0.9104658365249634,0.054223764687776566,0.5465188026428223,0.40972357988357544,0.043757643550634384,,,,,
mdeberta,Child support,274518574380,post,0.8740234971046448,0.880832314491272,0.802710235118866,0.19574777781963348,0.015130729414522648,0.20252203941345215,0.03572898358106613,0.1527891606092453,0.4958496689796448,0.14620910584926605,0.287224143743515,0.5771007537841797,0.1356750875711441,,,,,
mdeberta,Child support,274526852832,pre,0.975095272064209,0.8564224243164062,0.8762642741203308,0.5872331857681274,0.00032950876629911363,0.8844391107559204,0.9416407346725464,0.5976078510284424,0.6755505800247192,0.4016878008842468,0.4231646656990051,0.48344624042510986,0.09338913857936859,,,,,
mdeberta,Child support,274526852832,post,0.9951890110969543,0.988073468208313,0.9745681881904602,0.9650697708129883,0.00021194232976995409,0.9745925068855286,0.9846106171607971,0.7794896960258484,0.88373863697052,0.78116375207901,0.6984097361564636,0.2742617726325989,0.02732851542532444,,,,,
mdeberta,Child support,274533484212,pre,0.9687528610229492,0.9055731296539307,0.992251992225647,0.4000459909439087,0.0003059457230847329,0.9968702793121338,0.6669307947158813,0.4693986475467682,0.22033196687698364,0.15586382150650024,0.5786027312278748,0.349540114402771,0.0718570426106453,,,,,
mdeberta,Child support,274533484212,post,0.9746890068054199,0.8513050079345703,0.9683699607849121,0.6410853862762451,0.0003951153776142746,0.9583140015602112,0.9294083118438721,0.8489722013473511,0.3868792653083801,0.18862271308898926,0.28552496433258057,0.5425592064857483,0.17191587388515472,,,,,
mdeberta,Child support,274653049464,pre,0.7875638604164124,0.948076069355011,0.9105055928230286,0.7902067303657532,0.00214894930832088,0.8342719078063965,0.6164741516113281,0.8822250962257385,0.9723622798919678,0.3261640965938568,0.14205440878868103,0.6994724273681641,0.1584731489419937,,,,,
mdeberta,Child support,274653049464,post,0.5786862969398499,0.9950321912765503,0.6851599812507629,0.5746334791183472,0.005070175044238567,0.9767379760742188,0.8024007678031921,0.766643226146698,0.9784052968025208,0.5674572587013245,0.10036601126194,0.5049014091491699,0.3947325348854065,,,,,
mdeberta,Child support,274671650160,pre,0.980820894241333,0.7328308820724487,0.938322126865387,0.3342633843421936,0.0023231625091284513,0.9619794487953186,0.9808301329612732,0.52220219373703,0.20295611023902893,0.07255452126264572,0.7219731211662292,0.26951831579208374,0.008508536033332348,,,,,
mdeberta,Child support,274671650160,post,0.9882675409317017,0.6066440939903259,0.9819446802139282,0.27656838297843933,0.004117917735129595,0.9956133961677551,0.9934802055358887,0.554229199886322,0.030329257249832153,0.030286207795143127,0.9781812429428101,0.017898526042699814,0.003920282237231731,,,,,
mdeberta,Child support,274758455232,post,0.7132319211959839,0.019428648054599762,0.7414868474006653,0.7910150289535522,0.0038319318555295467,0.9673138856887817,0.3019792139530182,0.7795736789703369,0.40239208936691284,0.640186071395874,0.4285057485103607,0.5255292057991028,0.04596509784460068,,,,,
mdeberta,Child support,274788345348,post,0.9275275468826294,0.8661183714866638,0.9696994423866272,0.053280044347047806,0.0006918905419297516,0.9978739619255066,0.5739172101020813,0.04236419498920441,0.045099567621946335,0.03004336915910244,0.4846890866756439,0.46312206983566284,0.05218890681862831,,,,,
mdeberta,Child support,274880751012,pre,0.4632014036178589,0.0031850608065724373,0.04027567058801651,0.24103128910064697,8.836162305669859e-05,0.9733802080154419,0.9973112940788269,0.022158868610858917,0.011018822900950909,0.023655617609620094,0.5120730400085449,0.4234883189201355,0.06443863362073898,,,,,
mdeberta,Child support,274880751012,post,0.6774740219116211,0.14217232167720795,0.41834044456481934,0.24598954617977142,0.0008279718458652496,0.9335293173789978,0.9983353614807129,0.10029330849647522,0.040171992033720016,0.33829569816589355,0.21784457564353943,0.7301087379455566,0.05204669386148453,,,,,
mdeberta,Child support,274948399980,pre,0.9929609298706055,0.9689003825187683,0.9841698408126831,0.4863315522670746,0.0019839033484458923,0.9965603947639465,0.8559414744377136,0.8910549879074097,0.8043290972709656,0.025298967957496643,0.8495267629623413,0.11070152372121811,0.03977171331644058,,,,,
mdeberta,Child support,274948399980,post,0.9958820939064026,0.9314936399459839,0.966945230960846,0.0698900818824768,0.003356951754540205,0.9997448325157166,0.011519263498485088,0.0854799821972847,0.11731907725334167,0.006015262566506863,0.5260210037231445,0.4673960506916046,0.006582941394299269,,,,,
mdeberta,Child support,275780146716,post,0.9270151257514954,0.9947748184204102,0.9845532178878784,0.8495972156524658,0.0010965896071866155,0.947502613067627,0.12100894749164581,0.774071455001831,0.8276193141937256,0.5389832258224487,0.023686189204454422,0.6781607270240784,0.2981530725955963,,,,,
mdeberta,Child support,275794438896,pre,0.9743250608444214,0.9501340985298157,0.9960469007492065,0.9828232526779175,0.005934067070484161,0.9997310638427734,0.23739908635616302,0.8563324213027954,0.7526153326034546,0.9195793867111206,0.07216422259807587,0.7002274990081787,0.22760824859142303,,,,,
mdeberta,Child support,275794438896,post,0.9713473320007324,0.8945075869560242,0.9503879547119141,0.9355234503746033,0.09041372686624527,0.9981684684753418,0.9947697520256042,0.8964895606040955,0.9177460670471191,0.9615699052810669,0.07044019550085068,0.43472355604171753,0.4948362708091736,,,,,
mdeberta,Child support,275865368328,post,0.9844862222671509,0.987289547920227,0.9122799634933472,0.6379335522651672,0.001758038648404181,0.989976704120636,0.8410438895225525,0.6013594269752502,0.5590493083000183,0.5428632497787476,0.14029960334300995,0.5924164652824402,0.26728391647338867,,,,,
mdeberta,Child support,275910784560,pre,0.3699977397918701,0.3322562575340271,0.11377638578414917,0.7980294227600098,0.015174446627497673,0.9964203238487244,0.8759329915046692,0.1170160248875618,0.17820382118225098,0.019475216045975685,0.5168320536613464,0.3906971514225006,0.09247078001499176,,,,,
mdeberta,Child support,275910784560,post,0.7602059245109558,0.23988313972949982,0.47438767552375793,0.8621196746826172,0.0018350845202803612,0.9897612929344177,0.6943026185035706,0.48651450872421265,0.5867596864700317,0.012088717892765999,0.4577791094779968,0.45399489998817444,0.0882260650396347,,,,,
mdeberta,Child support,276109219116,pre,0.997478723526001,0.9960623383522034,0.9438154697418213,0.9374402761459351,0.0012448433553799987,0.9949199557304382,0.6943026781082153,0.8212772011756897,0.09268777072429657,0.45544081926345825,0.14630302786827087,0.7961374521255493,0.05755947157740593,,,,,
mdeberta,Child support,276109219116,post,0.9958499073982239,0.9679296016693115,0.9748451709747314,0.9527612924575806,0.0026939143426716328,0.9982143044471741,0.9659798741340637,0.8906633257865906,0.43458127975463867,0.20681394636631012,0.6715378165245056,0.29105454683303833,0.03740764036774635,,,,,
mdeberta,Child support,276126931980,pre,0.48535576462745667,0.1637544482946396,0.9961003661155701,0.0013070537243038416,0.0001339421287411824,0.5696132779121399,0.13181450963020325,0.02630528062582016,0.06118519976735115,0.05651557818055153,0.221409872174263,0.7484715580940247,0.030118588358163834,,,,,
mdeberta,Child support,276126931980,post,0.8167720437049866,0.9996273517608643,0.9958174824714661,0.9738443493843079,0.873214840888977,0.9981288313865662,0.8165801763534546,0.9671940207481384,0.8256951570510864,0.9883127212524414,0.00044073277967981994,0.007846581749618053,0.9917126893997192,,,,,
mdeberta,Child support,276150871980,pre,0.9969956874847412,0.8330531120300293,0.8629013895988464,0.5938742756843567,0.009633651934564114,0.9989413022994995,0.9825071692466736,0.5776144862174988,0.8325942158699036,0.6836307048797607,0.8070828318595886,0.1760847419500351,0.016832459717988968,,,,,
mdeberta,Child support,276150871980,post,0.3466518521308899,0.9831984043121338,0.9791356921195984,0.7696001529693604,0.003861870151013136,0.8370879888534546,0.8467045426368713,0.37524843215942383,0.4863315224647522,0.40262696146965027,0.9710929989814758,0.024453701451420784,0.004453349858522415,,,,,
mdeberta,Child support,276190955064,pre,0.9888419508934021,0.8298714756965637,0.5692541003227234,0.729616105556488,0.0022738955449312925,0.9723745584487915,0.3291221261024475,0.50146484375,0.3926860988140106,0.39770445227622986,0.38613811135292053,0.3826541006565094,0.23120775818824768,,,,,
mdeberta,Child support,276190955064,post,0.2471233755350113,0.9198497533798218,0.3639293909072876,0.8997066617012024,0.0008969394257292151,0.8862728476524353,0.004074098076671362,0.36229208111763,0.15856485068798065,0.010008730925619602,0.059293732047080994,0.6609224081039429,0.27978381514549255,,,,,
mdeberta,Child support,276272487864,pre,0.026925094425678253,0.09451042115688324,0.0008830458973534405,0.009046505205333233,0.00040765260928310454,0.039548326283693314,0.0434938445687294,0.13223417103290558,0.1770981401205063,0.022941771894693375,0.06003396213054657,0.6127203106880188,0.32724568247795105,,,,,
mdeberta,Child support,276272487864,post,0.20271927118301392,0.8241348266601562,0.0015397267416119576,0.008585793897509575,0.0005703156930394471,0.004093958530575037,0.05164182558655739,0.006062154658138752,0.10022174566984177,0.013649976812303066,0.04495352879166603,0.3953706622123718,0.5596758723258972,,,,,
mdeberta,Child support,276321326148,pre,0.5417724847793579,0.9266529679298401,0.11240508407354355,0.939185380935669,0.0001308397768298164,0.939038872718811,0.5426209568977356,0.8676537871360779,0.6265813112258911,0.2512800693511963,0.07957935333251953,0.41678789258003235,0.5036328434944153,,,,,
mdeberta,Child support,276321326148,post,0.8557457327842712,0.9887228608131409,0.9858003258705139,0.8669072985649109,0.051749538630247116,0.9828644394874573,0.07795523852109909,0.8629302382469177,0.3809892237186432,0.3956010937690735,0.09606059640645981,0.5897368788719177,0.31420251727104187,,,,,
mdeberta,Child support,276479328780,pre,0.9993410110473633,0.9456822276115417,0.9990746378898621,0.48791739344596863,0.049865905195474625,0.9996388554573059,0.07897026836872101,0.09318171441555023,0.32327327132225037,0.048316068947315216,0.8283646702766418,0.16359324753284454,0.008042081259191036,,,,,
mdeberta,Child support,276479328780,post,0.999326765537262,0.8816149234771729,0.9362266659736633,0.0333368219435215,0.006890459917485714,0.9995353817939758,0.9761291146278381,0.08620800822973251,0.6985865831375122,0.01945657469332218,0.6977254748344421,0.27875834703445435,0.023516185581684113,,,,,
mdeberta,Child support,276821393760,pre,0.960648238658905,0.7590467929840088,0.8872534036636353,0.7258429527282715,0.0014550628839060664,0.9998681545257568,0.9987863302230835,0.6469064950942993,0.18278993666172028,0.6537903547286987,0.24148592352867126,0.5096057653427124,0.24890831112861633,,,,,
mdeberta,Child support,276821393760,post,0.9168850183486938,0.9835811853408813,0.9970963001251221,0.8997397422790527,0.002115703420713544,0.9930793642997742,0.88725346326828,0.7662936449050903,0.17269441485404968,0.4366220235824585,0.14935675263404846,0.5189570784568787,0.33168619871139526,,,,,
mdeberta,Child support,277792883064,pre,0.992575466632843,0.8930531740188599,0.9618933796882629,0.9402022361755371,0.00043648143764585257,0.9942166209220886,0.9366626143455505,0.8062049746513367,0.7667306065559387,0.4130035936832428,0.4495164752006531,0.4703996479511261,0.08008389919996262,,,,,
mdeberta,Child support,277792883064,post,0.9889811873435974,0.38890811800956726,0.9851861000061035,0.2539650797843933,0.0002332232252229005,0.9746106266975403,0.9991065263748169,0.3858373761177063,0.19417673349380493,0.0974440649151802,0.8382428884506226,0.13204771280288696,0.02970941737294197,,,,,
mdeberta,Child support,277902182844,pre,0.9914059042930603,0.9741412401199341,0.549595296382904,0.7082125544548035,0.0004765612829942256,0.994835376739502,0.22841455042362213,0.7708100080490112,0.16089129447937012,0.3699977397918701,0.3602132201194763,0.5471181869506836,0.09266863763332367,,,,,
mdeberta,Child support,277948352160,pre,0.9768133759498596,0.17652960121631622,0.9231777787208557,0.6975058913230896,0.0019494022708386183,0.993222177028656,0.5879431366920471,0.6844750046730042,0.0636567622423172,0.2632204592227936,0.9744808077812195,0.021900175139307976,0.003619014285504818,,,,,
mdeberta,Child support,277948352160,post,0.5905430912971497,0.16950896382331848,0.18057581782341003,0.5600120425224304,0.00016410437820013613,0.5141564011573792,0.6535692811012268,0.45713672041893005,0.26038944721221924,0.21733751893043518,0.2194039523601532,0.6694075465202332,0.11118851602077484,,,,,
mdeberta,Child support,277955127180,pre,0.96490478515625,0.7530128359794617,0.9075583219528198,0.8649961352348328,0.0004793605185113847,0.9935148358345032,0.7981868386268616,0.21477890014648438,0.11907481402158737,0.003999501466751099,0.4608556926250458,0.5005900859832764,0.03855426609516144,,,,,
mdeberta,Child support,277955127180,post,0.9890342950820923,0.9326069355010986,0.942321240901947,0.2182733565568924,0.0014409429859369993,0.995566189289093,0.7645401954650879,0.5333974361419678,0.19286218285560608,0.05208601802587509,0.34952905774116516,0.5943512916564941,0.05611960217356682,,,,,
mdeberta,Child support,277967714148,pre,0.9977786540985107,0.9888635277748108,0.9367784261703491,0.317214697599411,0.0001621928095119074,0.9993773698806763,0.6057990193367004,0.6646491289138794,0.02600678615272045,0.19536373019218445,0.8804426789283752,0.11238754540681839,0.007169801276177168,,,,,
mdeberta,Child support,277967714148,post,0.9960237145423889,0.9635404944419861,0.9392480850219727,0.6232622265815735,0.0005043191486038268,0.9977437853813171,0.013729090802371502,0.6042822003364563,0.04035123810172081,0.13454832136631012,0.3687193989753723,0.547732949256897,0.08354762196540833,,,,,
mdeberta,Child support,278016416316,pre,0.7345006465911865,0.8873998522758484,0.029619427397847176,0.25443950295448303,0.0018858588300645351,0.900704562664032,0.03551328554749489,0.6104534864425659,0.4704933166503906,0.1800345778465271,0.04711255803704262,0.5491381883621216,0.4037492275238037,,,,,
mdeberta,Child support,278016416316,post,0.9692224264144897,0.9966691136360168,0.9991322755813599,0.9640178084373474,0.0008864989504218102,0.9943361282348633,0.8516445755958557,0.9295283555984497,0.661048173904419,0.561455249786377,0.022757917642593384,0.3062869608402252,0.6709550619125366,,,,,
mdeberta,Child support,278076262896,pre,0.9990321397781372,0.9949690699577332,0.9990691542625427,0.9960160851478577,0.048226337879896164,0.9997257590293884,0.5785672664642334,0.889096200466156,0.9724931716918945,0.4804481863975525,0.98471999168396,0.014253546483814716,0.0010264911688864231,,,,,
mdeberta,Child support,278076262896,post,0.9954261779785156,0.9936733841896057,0.9941969513893127,0.8442806601524353,0.7337858080863953,0.9968519806861877,0.9888688921928406,0.4315842092037201,0.8620325922966003,0.8426609635353088,0.9497984647750854,0.045788057148456573,0.004413499031215906,,,,,
mdeberta,Child support,278168810148,pre,0.0806918814778328,0.017045317217707634,0.2670257091522217,0.14033624529838562,0.0002953798102680594,0.23231014609336853,0.09977680444717407,0.5443170070648193,0.22388571500778198,0.17838266491889954,0.06329583376646042,0.7965502142906189,0.1401539295911789,,,,,
mdeberta,Child support,278168810148,post,0.9638310670852661,0.9798612594604492,0.9421085119247437,0.5438324809074402,0.0004793605185113847,0.9221674799919128,0.9293602705001831,0.7751796245574951,0.4678179919719696,0.05458170548081398,0.22430074214935303,0.6554049849510193,0.12029425799846649,,,,,
mdeberta,Child support,278441178948,pre,0.998490035533905,0.9832466840744019,0.9986461997032166,0.9842154383659363,0.0018494504038244486,0.9998948574066162,0.997295618057251,0.7578391432762146,0.18765315413475037,0.5443169474601746,0.8561738729476929,0.13091441988945007,0.012911748141050339,,,,,
mdeberta,Child support,278441178948,post,0.9737696647644043,0.9144818186759949,0.961929202079773,0.8290080428123474,0.011915022507309914,0.9996416568756104,0.9942194819450378,0.0005941796698607504,0.4068619906902313,0.00974610447883606,0.26148420572280884,0.6995118260383606,0.03900399059057236,,,,,
mdeberta,Child support,278572228560,pre,0.9553191065788269,0.9355823397636414,0.9527942538261414,0.46526598930358887,0.012957890518009663,0.9992327094078064,0.013261103071272373,0.7123322486877441,0.7973201870918274,0.23642809689044952,0.12950673699378967,0.4554847776889801,0.4150084853172302,,,,,
mdeberta,Child support,278572228560,post,0.9952494502067566,0.47049328684806824,0.9957684278488159,0.055643267929553986,0.0009417798137292266,0.9998660683631897,0.7983440160751343,0.9156676530838013,0.008339973166584969,0.17227627336978912,0.9651995897293091,0.0325152724981308,0.0022851608227938414,,,,,
mdeberta,Child support,278622229644,pre,0.9239961504936218,0.971238374710083,0.7607395648956299,0.776707649230957,0.0006550929974764585,0.9852890372276306,0.9954394102096558,0.3828333914279938,0.5585678219795227,0.3127897083759308,0.326777845621109,0.6051591634750366,0.06806294620037079,,,,,
mdeberta,Child support,278622229644,post,0.9229220151901245,0.8467124104499817,0.9413583874702454,0.8180837035179138,0.0004547479038592428,0.9935681819915771,0.9402708411216736,0.9668260216712952,0.4104017913341522,0.7773844003677368,0.8908403515815735,0.08371508121490479,0.02544453926384449,,,,,
mdeberta,Child support,278633794032,pre,0.9828068017959595,0.9091032147407532,0.9826410412788391,0.9831337332725525,0.0006667023408226669,0.999718189239502,0.9975962042808533,0.3185911178588867,0.2666913866996765,0.769280731678009,0.07323405891656876,0.11967137455940247,0.8070945739746094,,,,,
mdeberta,Child support,278633794032,post,0.9147106409072876,0.9793738126754761,0.9973734617233276,0.9881537556648254,0.030996832996606827,0.9997783303260803,0.9678081274032593,0.8451772332191467,0.4689730107784271,0.879871129989624,0.1519646793603897,0.29971960186958313,0.548315703868866,,,,,
mdeberta,Child support,278659579464,post,0.9750121831893921,0.9714693427085876,0.9905325770378113,0.6128890514373779,0.0014241791795939207,0.8907701969146729,0.8439594507217407,0.6083614230155945,0.5729617476463318,0.1548546701669693,0.22037455439567566,0.5509192943572998,0.22870613634586334,,,,,
mdeberta,Child support,278660944728,pre,0.9987305998802185,0.7816641330718994,0.9295684099197388,0.5324251055717468,0.0010628869058564305,0.9995883703231812,0.8699356913566589,0.8661466836929321,0.04903962463140488,0.31362995505332947,0.9061667919158936,0.09060315042734146,0.003230072557926178,,,,,
mdeberta,Child support,278660944728,post,0.9952632784843445,0.9774569869041443,0.9894090890884399,0.9016178846359253,0.00031565441167913377,0.9984222650527954,0.9763041734695435,0.9037411212921143,0.44673603773117065,0.7903685569763184,0.597979724407196,0.39795157313346863,0.004068695940077305,,,,,
mdeberta,Child support,278693504496,pre,0.9399546980857849,0.9703524708747864,0.7290377616882324,0.8521375060081482,0.024727409705519676,0.9023087620735168,0.21535073220729828,0.7778066396713257,0.8470211029052734,0.43518128991127014,0.41774359345436096,0.5406663417816162,0.04159005358815193,,,,,
mdeberta,Child support,278693504496,post,0.07928157597780228,0.026056302711367607,0.0074461945332586765,0.0027415556833148003,0.0027097021229565144,0.011563826352357864,0.00911681167781353,0.0027522563468664885,0.8595459461212158,0.001249709283001721,0.9542168974876404,0.032145291566848755,0.013637783005833626,,,,,
mdeberta,Child support,278872026444,pre,0.9992902874946594,0.998228132724762,0.99946528673172,0.9956600666046143,0.0003320922260172665,0.9999121427536011,0.9996451735496521,0.9906960725784302,0.7480763792991638,0.9456759691238403,0.9549124240875244,0.04261663556098938,0.002470914740115404,,,,,
mdeberta,Child support,278872026444,post,0.9992386102676392,0.9947032928466797,0.9997097849845886,0.9897316098213196,0.02260761335492134,0.999897301197052,0.14384791254997253,0.7862948179244995,0.5244860053062439,0.9266031384468079,0.9517675042152405,0.04442789778113365,0.003804657608270645,,,,,
mdeberta,Child support,278911290096,pre,0.9052018523216248,0.9583821892738342,0.9830362796783447,0.9858412742614746,0.0006589400582015514,0.9991975426673889,0.046516068279743195,0.5820159912109375,0.5704509615898132,0.701508641242981,0.08322948217391968,0.509096086025238,0.4076744019985199,,,,,
mdeberta,Child support,278911290096,post,0.9853561520576477,0.951515257358551,0.999657392501831,0.9988004565238953,0.405331015586853,0.999858021736145,0.015708882361650467,0.5136684775352478,0.15431226789951324,0.9102067947387695,0.0336700938642025,0.046689264476299286,0.9196406602859497,,,,,
mdeberta,Child support,279013821696,pre,0.9592879414558411,0.7918612957000732,0.9946358799934387,0.3372035324573517,0.00015446468023583293,0.9370957612991333,0.742888331413269,0.001299427472986281,0.00955939944833517,0.0019684946164488792,0.5677393674850464,0.35894399881362915,0.07331662625074387,,,,,
mdeberta,Child support,279013821696,post,0.9636433124542236,0.09522318094968796,0.8681575655937195,0.0027308969292789698,0.0005172813544049859,0.8007699251174927,0.019889742136001587,0.008461998775601387,0.2492644488811493,0.0007279067649506032,0.04287613555788994,0.46191948652267456,0.4952043890953064,,,,,
mdeberta,Child support,280442421360,pre,0.9951420426368713,0.9188451170921326,0.9218162894248962,0.6052159070968628,0.0002668610541149974,0.999605655670166,0.006718869786709547,0.5755879878997803,0.0007027786341495812,0.023098256438970566,0.8241797089576721,0.17024526000022888,0.005575014278292656,,,,,
mdeberta,Child support,280442421360,post,0.9973113536834717,0.9860845804214478,0.9941459894180298,0.9164373278617859,0.0007321812445297837,0.9962891340255737,0.9720754027366638,0.1490352898836136,0.26894140243530273,0.2525683343410492,0.6028795838356018,0.38773077726364136,0.009389651007950306,,,,,
mdeberta,Child support,280499878728,pre,0.8812704682350159,0.9171357750892639,0.43062618374824524,0.8260111808776855,0.2286728322505951,0.9510513544082642,0.8954769968986511,0.7595822811126709,0.4916999936103821,0.49145594239234924,0.03856000676751137,0.9112464189529419,0.05019359663128853,,,,,
mdeberta,Child support,280499878728,post,0.9715707302093506,0.8460060954093933,0.9052751660346985,0.689514696598053,0.0006337125087156892,0.9419218897819519,0.9307421445846558,0.9389968514442444,0.18100972473621368,0.15316878259181976,0.4545919597148895,0.4212507903575897,0.12415722012519836,,,,,
mdeberta,Child support,280752412212,pre,0.8801612257957458,0.9584600329399109,0.9935681819915771,0.6301161050796509,0.001227960572578013,0.9940080642700195,0.100690558552742,0.6634509563446045,0.9163157343864441,0.23458196222782135,0.33589500188827515,0.5561683177947998,0.10793666541576385,,,,,
mdeberta,Child support,280752412212,post,0.9620363116264343,0.8429924249649048,0.8731337189674377,0.6806663870811462,0.004331502132117748,0.9914349317550659,0.013020489364862442,0.3199707567691803,0.8624095916748047,0.17996250092983246,0.05389648675918579,0.536419689655304,0.4096837639808655,,,,,
mdeberta,Child support,281166779412,post,0.4287116825580597,0.9317153096199036,0.8134607672691345,0.48999157547950745,0.0006499982555396855,0.9086787104606628,0.10937238484621048,0.8541561961174011,0.27405983209609985,0.17314834892749786,0.043469104915857315,0.7907084822654724,0.16582244634628296,,,,,
mdeberta,Child support,281236409928,pre,0.987116813659668,0.9985562562942505,0.9986382722854614,0.9620363116264343,0.004991961643099785,0.9996317028999329,0.047030385583639145,0.3816803991794586,0.8523373007774353,0.56817626953125,0.09217972308397293,0.8304620385169983,0.07735823839902878,,,,,
mdeberta,Child support,281236409928,post,0.99183589220047,0.9978469014167786,0.9996288418769836,0.9859364032745361,0.004755199886858463,0.99894118309021,0.9424802660942078,0.8957509398460388,0.9991289973258972,0.9793145060539246,0.9558404088020325,0.04177173599600792,0.002387874061241746,,,,,
mdeberta,Child support,281257755516,post,0.646460235118866,0.9464731216430664,0.18707697093486786,0.11014768481254578,0.10922976583242416,0.9781771898269653,0.26317310333251953,0.2756168842315674,0.18720696866512299,0.3260568082332611,0.02967485412955284,0.4285554587841034,0.5417696833610535,,,,,
mdeberta,Child support,281279369916,post,0.4407099485397339,0.9528655409812927,0.7116313576698303,0.760205864906311,0.006877107545733452,0.8642531633377075,0.42679935693740845,0.6708239316940308,0.4860875606536865,0.3697701096534729,0.05887346714735031,0.45701077580451965,0.4841157793998718,,,,,
mdeberta,Child support,281337505812,pre,0.9894396662712097,0.9964618682861328,0.8733769059181213,0.9326682686805725,0.027117658406496048,0.999796986579895,0.9542014598846436,0.854763388633728,0.23775286972522736,0.8238958716392517,0.8105536103248596,0.17495247721672058,0.014493941329419613,,,,,
mdeberta,Child support,281337505812,post,0.9711769223213196,0.35734325647354126,0.8384153246879578,0.87103670835495,0.000605891749728471,0.9756175875663757,0.7634837627410889,0.9669881463050842,0.750552773475647,0.18097352981567383,0.5446702837944031,0.43680092692375183,0.018528707325458527,,,,,
mdeberta,Child support,281345780160,post,0.6359010338783264,0.8701841235160828,0.42966869473457336,0.47706687450408936,0.002260640962049365,0.7511008977890015,0.7489036321640015,0.5292633771896362,0.04387504234910011,0.10118906199932098,0.935440182685852,0.05678426846861839,0.007775502745062113,,,,,
mdeberta,Child support,281408440032,post,0.9975225925445557,0.9721779823303223,0.9919458031654358,0.9657222032546997,0.0013380080927163363,0.9998506307601929,0.49853515625,0.922114908695221,0.13341520726680756,0.8290080428123474,0.5016307830810547,0.43412527441978455,0.06424401700496674,,,,,
mdeberta,Child support,281426425812,pre,0.9976311326026917,0.8227149844169617,0.9836755394935608,0.9926184415817261,0.00010310211655450985,0.999416172504425,0.6519091129302979,0.9548425674438477,0.59702068567276,0.7397986054420471,0.8597111105918884,0.12354358285665512,0.01674533821642399,,,,,
mdeberta,Child support,281426425812,post,0.9749287366867065,0.08479540795087814,0.6996136903762817,0.3099106252193451,0.0010063779773190618,0.9923933148384094,0.9993094205856323,0.6504403948783875,0.23118001222610474,0.030792169272899628,0.5459413528442383,0.44536685943603516,0.008691755123436451,,,,,
mdeberta,Child support,281433058560,pre,0.9995025396347046,0.9984692931175232,0.9988530874252319,0.9972557425498962,0.11587315052747726,0.9994395971298218,0.8773389458656311,0.9461506605148315,0.994630753993988,0.9977830052375793,0.5223262906074524,0.460051953792572,0.0176217220723629,,,,,
mdeberta,Child support,281433058560,post,0.9890130758285522,0.9763330817222595,0.9843513369560242,0.956063449382782,0.044203948229551315,0.9993410706520081,0.7250406742095947,0.9000092148780823,0.5556764006614685,0.5843897461891174,0.9340905547142029,0.06154981628060341,0.004359624348580837,,,,,
mdeberta,Child support,281464595748,pre,0.9931296110153198,0.9886518716812134,0.9877409934997559,0.8843392729759216,0.0002658209123183042,0.9408169388771057,0.9523752331733704,0.6800292134284973,0.8489722013473511,0.4493926465511322,0.687680721282959,0.27369076013565063,0.038628529757261276,,,,,
mdeberta,Child support,281464595748,post,0.9518516659736633,0.9129031300544739,0.9169501066207886,0.842345118522644,0.4659949541091919,0.9190269708633423,0.7791538834571838,0.8392075300216675,0.6513548493385315,0.21800270676612854,0.6417826414108276,0.2112889587879181,0.14692841470241547,,,,,
mdeberta,Child support,281526837012,pre,0.9285546541213989,0.7732056379318237,0.8211786150932312,0.6959583163261414,0.00013605112326331437,0.9629441499710083,0.7512833476066589,0.7352616786956787,0.2636941969394684,0.3559987246990204,0.5723239779472351,0.3989616930484772,0.028714312240481377,,,,,
mdeberta,Child support,281526837012,post,0.9711427688598633,0.9233853220939636,0.7622913718223572,0.9270461201667786,0.0015669887652620673,0.9733592867851257,0.8767399191856384,0.6187804341316223,0.1571045219898224,0.47706693410873413,0.6780543327331543,0.2984704077243805,0.02347523719072342,,,,,
mdeberta,Child support,281546467812,pre,0.985848069190979,0.9995425939559937,0.7520580887794495,0.0384661890566349,0.11377637833356857,0.9997051954269409,0.9972099661827087,0.9477208256721497,0.039471887052059174,0.01640303246676922,0.4321102797985077,0.5121424198150635,0.05574731528759003,,,,,
mdeberta,Child support,281546467812,post,0.9269180297851562,0.6334102749824524,0.7265529632568359,0.6157090663909912,0.06617584079504013,0.9998043775558472,0.9993499517440796,0.19310933351516724,0.3340461254119873,0.15130190551280975,0.5738717913627625,0.3247348368167877,0.10139335691928864,,,,,
mdeberta,Child support,281646404316,pre,0.9905051589012146,0.9122506976127625,0.7953006625175476,0.02527489885687828,0.00179965456482023,0.9668084383010864,0.6584175229072571,0.011093567125499249,0.257951945066452,0.004158161114901304,0.509690523147583,0.44859394431114197,0.04171555116772652,,,,,
mdeberta,Child support,281646404316,post,0.9932941794395447,0.9801198244094849,0.8367547392845154,0.23117999732494354,0.0015427324688062072,0.991144061088562,0.733738124370575,0.024307018145918846,0.2845759987831116,0.006127225235104561,0.30927762389183044,0.6409805417060852,0.04974185675382614,,,,,
mdeberta,Child support,281672870328,pre,0.9937828779220581,0.9673023223876953,0.9689150452613831,0.8677553534507751,0.0002586526970844716,0.9932681322097778,0.501220703125,0.8244795799255371,0.07871317118406296,0.37433314323425293,0.5738298296928406,0.357715368270874,0.06845476478338242,,,,,
mdeberta,Child support,281672870328,post,0.9920079708099365,0.2691574692726135,0.9823216795921326,0.5059811472892761,0.021206118166446686,0.9969156384468079,0.9152045845985413,0.8271310925483704,0.0854799821972847,0.003671357873827219,0.8529764413833618,0.13492752611637115,0.012095972895622253,,,,,
mdeberta,Child support,281709125064,pre,0.9902727007865906,0.972714364528656,0.9214990139007568,0.5997196435928345,0.0004442183708306402,0.9801055192947388,0.8739697337150574,0.13808362185955048,0.019475216045975685,0.10540030151605606,0.4370808005332947,0.5324589610099792,0.030460229143500328,,,,,
mdeberta,Child support,281709125064,post,0.9908920526504517,0.9460510015487671,0.9949297904968262,0.8566324710845947,0.0020789150148630142,0.9904821515083313,0.9925394058227539,0.8374953866004944,0.3421386778354645,0.5369199514389038,0.33853578567504883,0.5210803151130676,0.14038389921188354,,,,,
mdeberta,Child support,281793327516,pre,0.8572012186050415,0.5101742744445801,0.5536259412765503,0.2742055654525757,0.0017856743652373552,0.9394428133964539,0.008140463382005692,0.2367146760225296,0.28348374366760254,0.17384852468967438,0.24077394604682922,0.5331563353538513,0.22606973350048065,,,,,
mdeberta,Child support,281793327516,post,0.845886766910553,0.9345446825027466,0.9456508755683899,0.4601069390773773,0.028925716876983643,0.49060168862342834,0.6523521542549133,0.8815511465072632,0.3748193085193634,0.3540421426296234,0.9683899879455566,0.025167398154735565,0.00644264742732048,,,,,
mdeberta,Child support,282569457528,pre,0.8601049780845642,0.995685338973999,0.9916033148765564,0.6004226803779602,0.006576997693628073,0.9992833733558655,0.08790580183267593,0.7534666657447815,0.10365785658359528,0.3459886610507965,0.08816684782505035,0.6246795654296875,0.28715357184410095,,,,,
mdeberta,Child support,282569457528,post,0.9831660389900208,0.8688268065452576,0.9990264773368835,0.48938149213790894,0.002062769839540124,0.9708333015441895,0.9990782141685486,0.49853515625,0.33214789628982544,0.2421160191297531,0.9822282195091248,0.014771210961043835,0.003000587224960327,,,,,
mdeberta,Child support,282651334380,pre,0.9954261779785156,0.9876161813735962,0.9970247149467468,0.9965301156044006,0.0013885232619941235,0.9997962117195129,0.18593797087669373,0.8284536004066467,0.013020490296185017,0.95945805311203,0.8881697654724121,0.09974724799394608,0.012083001434803009,,,,,
mdeberta,Child support,282651334380,post,0.9893320202827454,0.9963499903678894,0.9983959197998047,0.9953993558883667,0.010944576933979988,0.9983059167861938,0.5350984334945679,0.9510286450386047,0.8875218033790588,0.6838418841362,0.5417842268943787,0.4544494152069092,0.00376639305613935,,,,,
mdeberta,Child support,282693195180,post,0.9450708031654358,0.8060523867607117,0.7423925399780273,0.6136996746063232,0.00027212293935008347,0.9286680221557617,0.8828830122947693,0.6746938228607178,0.29310086369514465,0.3413628935813904,0.5674408674240112,0.3789673447608948,0.053591761738061905,,,,,
mdeberta,Child support,282727054548,pre,0.9911782741546631,0.8439288139343262,0.9166707396507263,0.6029970645904541,0.0007041515200398862,0.9925826787948608,0.7672541737556458,0.6930575966835022,0.19868533313274384,0.21900324523448944,0.8721799254417419,0.11623510718345642,0.011584948748350143,,,,,
mdeberta,Child support,282727054548,post,0.9760608077049255,0.9623383283615112,0.8660033345222473,0.6413100957870483,0.0031726830638945103,0.9839438796043396,0.9514701962471008,0.5832033157348633,0.26521387696266174,0.33003920316696167,0.653736412525177,0.19136615097522736,0.15489737689495087,,,,,
mdeberta,Child support,282756805128,pre,0.5567610859870911,0.9937888979911804,0.9912970662117004,0.05893883854150772,0.011222866363823414,0.9839091897010803,0.023286305367946625,0.2622568905353546,0.6557770371437073,0.12450544536113739,0.001027865568175912,0.006170134525746107,0.9928019642829895,,,,,
mdeberta,Child support,282756805128,post,0.9939201474189758,0.9982692003250122,0.9993905425071716,0.9993107914924622,0.00876212865114212,0.9994274377822876,0.7176059484481812,0.9750121831893921,0.7832847833633423,0.8626412153244019,0.0033481158316135406,0.1661173701286316,0.8305345773696899,,,,,
mdeberta,Child support,282825414432,pre,0.991101086139679,0.9984452128410339,0.991305410861969,0.998472273349762,0.13229018449783325,0.9967077970504761,0.7899637818336487,0.9638480544090271,0.43552637100219727,0.9994632005691528,0.0008507787133567035,0.8058618903160095,0.19328735768795013,,,,,
mdeberta,Child support,282825414432,post,0.8849620819091797,0.6552257537841797,0.9626905918121338,0.9428760409355164,0.0005872613983228803,0.7321612238883972,0.5200697779655457,0.33247295022010803,0.19698064029216766,0.88912034034729,0.023213986307382584,0.3584813177585602,0.6183047294616699,,,,,
mdeberta,Child support,282839092380,pre,0.9956600666046143,0.978569746017456,0.8309030532836914,0.0534033328294754,0.002153141424059868,0.9994797110557556,0.016521621495485306,0.07042362540960312,0.1405738890171051,0.4916999936103821,0.8304770588874817,0.1534728705883026,0.01605003885924816,,,,,
mdeberta,Child support,282839092380,post,0.3071501851081848,0.6092917323112488,0.19617091119289398,0.005235360935330391,0.0008409994770772755,0.045884039252996445,0.0395367331802845,0.05194757506251335,0.0486200749874115,0.008694535121321678,0.10277240723371506,0.6884015798568726,0.2088259756565094,,,,,
mdeberta,Child support,282882728844,post,0.9982316493988037,0.9794722199440002,0.9698426127433777,0.5773762464523315,0.00031875111744739115,0.9592211842536926,0.9279204607009888,0.8060142397880554,0.6125414967536926,0.006507182493805885,0.4593644440174103,0.44927138090133667,0.09136419743299484,,,,,
mdeberta,Child support,282911935644,pre,0.14990434050559998,0.672331690788269,0.012383784167468548,0.0948452427983284,0.005819960031658411,0.0029235428664833307,0.007740521337836981,0.27386561036109924,0.014447853900492191,0.2415788322687149,0.016907772049307823,0.1857459396123886,0.7973462343215942,,,,,
mdeberta,Child support,282911935644,post,0.13632069528102875,0.9719792008399963,0.6311966180801392,0.8712559342384338,0.009746103547513485,0.4436003863811493,0.31999731063842773,0.652130663394928,0.02981654182076454,0.35465654730796814,0.013410510495305061,0.08422072976827621,0.9023687243461609,,,,,
mdeberta,Child support,282993196896,pre,0.9951749444007874,0.8254930377006531,0.8308172821998596,0.4455295503139496,0.0003406293399166316,0.9994786381721497,0.9958900809288025,0.8530579805374146,0.12047114968299866,0.017934536561369896,0.8621523976325989,0.1321508139371872,0.005696778651326895,,,,,
mdeberta,Child support,282993196896,post,0.9994240999221802,0.890960156917572,0.9825239777565002,0.45241495966911316,0.0035518843214958906,0.9998602271080017,0.0350126251578331,0.9490118622779846,0.23278942704200745,0.09459402412176132,0.609426736831665,0.38511204719543457,0.00546123506501317,,,,,
mdeberta,Child support,283032939348,pre,0.21837753057479858,0.8597447276115417,0.8900077939033508,0.7739326357841492,0.0008215337875299156,0.007246801164001226,0.11096392571926117,0.19872422516345978,0.14157786965370178,0.013835280202329159,0.048266615718603134,0.18332743644714355,0.7684059739112854,,,,,
mdeberta,Child support,283032939348,post,0.9221324324607849,0.00806199200451374,0.10356716066598892,0.29563647508621216,0.0005316133028827608,0.9424802660942078,0.576780378818512,0.34191203117370605,0.14854057133197784,0.13817080855369568,0.26130321621894836,0.41254550218582153,0.3261512219905853,,,,,
mdeberta,Child support,283098805128,pre,0.927987813949585,0.8892887234687805,0.594668984413147,0.8768454194068909,0.013033044524490833,0.9825658798217773,0.3326355218887329,0.7164170742034912,0.5338835120201111,0.6727617979049683,0.13231806457042694,0.2659229338169098,0.6017590165138245,,,,,
mdeberta,Child support,283098805128,post,0.8643104434013367,0.942321240901947,0.84903484582901,0.6668222546577454,0.01912403479218483,0.9745984673500061,0.00934002548456192,0.454472154378891,0.5426208972930908,0.5331544280052185,0.08078593760728836,0.4827025830745697,0.43651148676872253,,,,,
mdeberta,Child support,283103593128,pre,0.32167306542396545,0.0008592475787736475,0.022618403658270836,0.00801138672977686,0.00012363577843643725,0.25945019721984863,0.08240150660276413,0.16830943524837494,0.20721469819545746,0.03433135896921158,0.19356733560562134,0.722445547580719,0.08398720622062683,,,,,
mdeberta,Child support,283103593128,post,0.852014422416687,0.7919015884399414,0.8258707523345947,0.9727111458778381,0.00015000566781964153,0.9318046569824219,0.9123190641403198,0.9575949311256409,0.5341265201568604,0.5708099007606506,0.10367229580879211,0.7546244859695435,0.14170321822166443,,,,,
mdeberta,Child support,283103661528,pre,0.469033807516098,0.9289787411689758,0.9016395807266235,0.6766198873519897,0.044597577303647995,0.6329566240310669,0.37731119990348816,0.5822535753250122,0.527073085308075,0.30881521105766296,0.12626774609088898,0.49213653802871704,0.3815956711769104,,,,,
mdeberta,Child support,283103661528,post,0.4260828197002411,0.8087478280067444,0.6737285852432251,0.8221177458763123,0.0021531416568905115,0.6876299977302551,0.7316341996192932,0.5796384215354919,0.19821934401988983,0.15241031348705292,0.037662047892808914,0.2132268249988556,0.7491110563278198,,,,,
mdeberta,Child support,283129720560,pre,0.7483063340187073,0.8704596757888794,0.2954331636428833,0.17180679738521576,0.0008727670065127313,0.40627291798591614,0.4472188651561737,0.24908174574375153,0.23217955231666565,0.008736720308661461,0.14706335961818695,0.3282317519187927,0.5247049331665039,,,,,
mdeberta,Child support,283129720560,post,0.2597082853317261,0.9452226758003235,0.12100895494222641,0.17472688853740692,0.0017580387648195028,0.5600120425224304,0.031232351437211037,0.298082560300827,0.2698063254356384,0.05992140248417854,0.06614238023757935,0.5850043296813965,0.34885331988334656,,,,,
mdeberta,Child support,283218440832,pre,0.44299790263175964,0.9833589196205139,0.5509093999862671,0.9653158187866211,0.0003187510883435607,0.999220609664917,0.8817422389984131,0.9682313799858093,0.9092645049095154,0.5888891220092773,0.027125360444188118,0.8438453078269958,0.1290292888879776,,,,,
mdeberta,Child support,283218440832,post,0.4875514507293701,0.5181804299354553,0.27808523178100586,0.9188814163208008,0.0002541469584684819,0.4532618522644043,0.010802783071994781,0.08197791874408722,0.02052287943661213,0.08135539293289185,0.0451638326048851,0.8036813735961914,0.1511547863483429,,,,,
mdeberta,Child support,283254009516,pre,0.9989287853240967,0.9896867871284485,0.9810401201248169,0.9929609894752502,0.06322159618139267,0.9997503161430359,0.8551267385482788,0.9770007133483887,0.7354516983032227,0.5330974459648132,0.10882660746574402,0.6792944073677063,0.21187904477119446,,,,,
mdeberta,Child support,283254009516,post,0.991635799407959,0.9976125955581665,0.9988328218460083,0.9637458324432373,0.1174202412366867,0.9993080496788025,0.7728362083435059,0.9969780445098877,0.8223318457603455,0.9702681303024292,0.2897258698940277,0.6346762180328369,0.07559796422719955,,,,,
mdeberta,Child support,283567484664,pre,0.017729297280311584,0.2234194278717041,0.0007808886002749205,0.006127225700765848,0.0007824141066521406,0.0003288660373073071,0.37125059962272644,0.0026834397576749325,0.03308597952127457,0.0011581579456105828,0.050025574862957,0.3105105757713318,0.6394638419151306,,,,,
mdeberta,Child support,283567484664,post,0.1267041116952896,0.33676716685295105,0.0007978334906511009,0.2792384624481201,0.0008882305701263249,0.017793186008930206,0.7498206496238708,0.1732182502746582,0.30259713530540466,0.0190737247467041,0.04116864129900932,0.3123249113559723,0.6465064287185669,,,,,
mdeberta,Child support,283830482664,post,0.9561454057693481,0.37685245275497437,0.7492706775665283,0.5708099007606506,0.0017375926254317164,0.9827737808227539,0.9286841750144958,0.9915543794631958,0.40333181619644165,0.1870584338903427,0.7800205945968628,0.18315735459327698,0.03682207688689232,,,,,
mdeberta,Child support,284818927644,post,0.9990014433860779,0.8082942962646484,0.9939260482788086,0.5183023810386658,0.0001086844495148398,0.9945888519287109,0.9813419580459595,0.9531497955322266,0.23837286233901978,0.3366580903530121,0.7827259302139282,0.19829101860523224,0.018983010202646255,,,,,
mdeberta,Child support,284853542148,pre,0.856272280216217,0.986409068107605,0.7562113404273987,0.9162595868110657,0.0008778914343565702,0.9671087265014648,0.9647473692893982,0.650245189666748,0.5280466675758362,0.29828691482543945,0.06280124187469482,0.7110428214073181,0.22615595161914825,,,,,
mdeberta,Child support,284853542148,post,0.856272280216217,0.986409068107605,0.7562113404273987,0.9162595868110657,0.0008778914343565702,0.9671087265014648,0.9647473692893982,0.650245189666748,0.5280466675758362,0.29828691482543945,0.06280124187469482,0.7110428214073181,0.22615595161914825,,,,,
mdeberta,Child support,284916813516,post,0.9724801182746887,0.26326778531074524,0.9150528311729431,0.35767969489097595,0.0002647848450578749,0.996115505695343,0.8308687806129456,0.5619361400604248,0.08419107645750046,0.044214263558387756,0.6530330777168274,0.3178655207157135,0.029101446270942688,,,,,
mdeberta,Child support,285019478496,post,0.9518632292747498,0.9918120503425598,0.9493886232376099,0.8118997812271118,0.00307536986656487,0.9500994086265564,0.7752646803855896,0.563738226890564,0.7784388661384583,0.3607141971588135,0.10694468766450882,0.6413475871086121,0.2517077624797821,,,,,
mdeberta,Child support,285151150548,pre,0.9986114501953125,0.9948403835296631,0.9972261786460876,0.8362873196601868,0.0004156894574407488,0.9995092749595642,0.8639377951622009,0.784608006477356,0.9174137115478516,0.7784809470176697,0.48765450716018677,0.43277692794799805,0.07956854999065399,,,,,
mdeberta,Child support,285151150548,post,0.9943471550941467,0.9909971356391907,0.9877469539642334,0.7161194086074829,0.02243562415242195,0.9995867609977722,0.5229331254959106,0.7694269418716431,0.8459463715553284,0.7381031513214111,0.03361979499459267,0.1076880395412445,0.8586921095848083,,,,,
mdeberta,Child support,285153476148,pre,0.982151210308075,0.9986302852630615,0.9966625571250916,0.40524277091026306,0.005040702875703573,0.9918909668922424,0.45859119296073914,0.15241031348705292,0.14977993071079254,0.003835661569610238,0.17976197600364685,0.7923728823661804,0.027865121141076088,,,,,
mdeberta,Child support,285315995916,pre,0.9756117463111877,0.016898682340979576,0.16006900370121002,0.02489280141890049,0.000321878120303154,0.9968087077140808,0.03363708779215813,0.04183255881071091,0.020586777478456497,0.011408595368266106,0.9622741341590881,0.0305420383810997,0.0071838716976344585,,,,,
mdeberta,Child support,285315995916,post,0.8364877700805664,0.5538672208786011,0.994713544845581,0.6534586548805237,0.003273064736276865,0.9975032210350037,0.6893056035041809,0.7266196608543396,0.24990461766719818,0.042902279645204544,0.9561100006103516,0.03670317307114601,0.007186814211308956,,,,,
mdeberta,Child support,285326048664,pre,0.9972262382507324,0.7469243407249451,0.991118311882019,0.49584972858428955,0.0037727474700659513,0.9985191226005554,0.2687014937400818,0.917672336101532,0.20138096809387207,0.6417592167854309,0.7716359496116638,0.12766505777835846,0.10069900751113892,,,,,
mdeberta,Child support,285326048664,post,0.9857592582702637,0.9726755023002625,0.9831337332725525,0.9169314503669739,0.0037948342505842447,0.9991801381111145,0.8877044320106506,0.8512277007102966,0.24598956108093262,0.731442391872406,0.9587674736976624,0.03573383018374443,0.0054987226612865925,,,,,
mdeberta,Child support,285369343128,pre,0.2320055067539215,0.9413179159164429,0.3662779927253723,0.8469420075416565,0.002396730938926339,0.7083134651184082,0.12138599902391434,0.589834451675415,0.45120561122894287,0.09269547462463379,0.01928607188165188,0.1534099280834198,0.8273040056228638,,,,,
mdeberta,Child support,285369343128,post,0.8717395067214966,0.970771074295044,0.741533637046814,0.8644821643829346,0.0009181900531984866,0.8654516935348511,0.8875948786735535,0.826641857624054,0.3085026443004608,0.8080672025680542,0.6110965609550476,0.20994269847869873,0.17896075546741486,,,,,
mdeberta,Child support,285399848844,pre,0.5588085651397705,0.8571564555168152,0.39688602089881897,0.07263670861721039,0.0035796426236629486,0.7531944513320923,0.11392417550086975,0.06435883790254593,0.31205546855926514,0.028912005946040154,0.02585810236632824,0.4701325595378876,0.5040093064308167,,,,,
mdeberta,Child support,285399848844,post,0.9978801608085632,0.9843062162399292,0.9724016189575195,0.7118316888809204,0.002621440915390849,0.8294919729232788,0.9097868800163269,0.026963500306010246,0.12152928113937378,0.02239282988011837,0.9073328375816345,0.0890519842505455,0.0036150971427559853,,,,,
mdeberta,Child support,285510524148,pre,0.9899864792823792,0.6988178491592407,0.9046768546104431,0.32039588689804077,0.012077059596776962,0.9894702434539795,0.8815639019012451,0.9445489048957825,0.04813677445054054,0.009633652865886688,0.6168625354766846,0.3763447403907776,0.006792758591473103,,,,,
mdeberta,Child support,285510524148,post,0.9690471887588501,0.9872527718544006,0.9701411128044128,0.77390056848526,0.0034631439484655857,0.998428463935852,0.780829668045044,0.7590468525886536,0.9065084457397461,0.4838922917842865,0.14367058873176575,0.7068262100219727,0.14950323104858398,,,,,
mdeberta,Child support,285556695516,post,0.9940774440765381,0.9931495189666748,0.9982893466949463,0.9146773815155029,0.005426943302154541,0.9998273253440857,0.35031023621559143,0.9336617588996887,0.6790723204612732,0.5992506146430969,0.7812506556510925,0.21274936199188232,0.005999975372105837,,,,,
mdeberta,Child support,285613125516,pre,0.7401743531227112,0.6725468039512634,0.9303634166717529,0.9379253387451172,0.007303223945200443,0.9687972068786621,0.41324031352996826,0.7819972634315491,0.13954289257526398,0.6800292134284973,0.22736158967018127,0.5416964292526245,0.2309420108795166,,,,,
mdeberta,Child support,285613125516,post,0.020004289224743843,0.6780072450637817,0.0035796428564935923,0.6325027346611023,0.0031912680715322495,0.7641884088516235,0.20008835196495056,0.43758314847946167,0.6752294898033142,0.058965928852558136,0.04362018406391144,0.2293289452791214,0.7270509600639343,,,,,
mdeberta,Child support,285635829528,post,0.13128934800624847,0.672654390335083,0.00682395463809371,0.005021149758249521,0.0014721896732226014,0.010965741239488125,0.08155176043510437,0.005774930119514465,0.052692022174596786,0.008719821460545063,0.09546158462762833,0.45966649055480957,0.4448719024658203,,,,,
mdeberta,Child support,285771606948,pre,0.8413047790527344,0.07861916720867157,0.9689738750457764,0.7778066396713257,0.00016124539251904935,0.990767776966095,0.06797852367162704,0.8329172730445862,0.3123700022697449,0.21174263954162598,0.10016775876283646,0.1977069228887558,0.7021253705024719,,,,,
mdeberta,Child support,285771606948,post,0.1703699231147766,0.010704094544053078,0.0224785003811121,0.016777431592345238,0.00012006660836050287,0.13095079362392426,0.0072538298554718494,0.002741555916145444,0.28219619393348694,0.007823465391993523,0.24616745114326477,0.39869222044944763,0.3551402688026428,,,,,
mdeberta,Child support,285820032780,post,0.9772191047668457,0.2580921947956085,0.9264369606971741,0.08736898005008698,0.0007138378568924963,0.9995711445808411,0.8551872968673706,0.44577082991600037,0.03716929629445076,0.018806081265211105,0.9828778505325317,0.01585574261844158,0.0012664123205468059,,,,,
mdeberta,Child support,288042623064,pre,0.3279910981655121,0.1534857302904129,0.011288074776530266,0.12662309408187866,0.009340024553239346,0.040936682373285294,0.9186811447143555,0.10924164950847626,0.15002882480621338,0.01471444871276617,0.055217765271663666,0.601708710193634,0.3430735468864441,,,,,
mdeberta,Child support,288088104960,pre,0.9091435670852661,0.978985607624054,0.9517680406570435,0.637030839920044,0.00047563191037625074,0.8823264837265015,0.6381590366363525,0.6568784117698669,0.49218812584877014,0.3328523337841034,0.131460040807724,0.7912585735321045,0.07728137075901031,,,,,
mdeberta,Child support,288088104960,post,0.9449439644813538,0.9801102876663208,0.9847670793533325,0.465144544839859,0.013795365579426289,0.9906418919563293,0.059428222477436066,0.8253083229064941,0.528533399105072,0.23616372048854828,0.8045752644538879,0.14963299036026,0.045791734009981155,,,,,
mdeberta,Child support,288101380032,pre,0.9918121099472046,0.9825993180274963,0.9810219407081604,0.2956872880458832,0.00034802412847056985,0.9899524450302124,0.9656857848167419,0.4040370583534241,0.13846179842948914,0.04385456070303917,0.570854902267456,0.3586300313472748,0.07051507383584976,,,,,
mdeberta,Child support,288101380032,post,0.9738443493843079,0.734333872795105,0.9431908130645752,0.5426208972930908,0.0020870347507297993,0.9762900471687317,0.9046505093574524,0.46344423294067383,0.11216174066066742,0.15084008872509003,0.7490754723548889,0.23528660833835602,0.015637926757335663,,,,,
mdeberta,Child support,288142415928,pre,0.4493926465511322,0.9628831148147583,0.80935138463974,0.48559969663619995,0.00040211935993283987,0.5399537086486816,0.008981081657111645,0.43470126390457153,0.3396085500717163,0.1461481750011444,0.09189382195472717,0.584770679473877,0.3233354985713959,,,,,
mdeberta,Child support,288163964664,pre,0.7219392657279968,0.8937622904777527,0.5333974361419678,0.4644157290458679,0.001220795209519565,0.5585677623748779,0.4052133560180664,0.5696132779121399,0.6325027942657471,0.27376851439476013,0.3602656424045563,0.5069409012794495,0.13279344141483307,,,,,
mdeberta,Child support,288163964664,post,0.014913983643054962,0.5313310027122498,0.007267909590154886,0.03226800635457039,0.0005560252466239035,0.0001841438061092049,0.00458722235634923,0.011288073845207691,0.015335820615291595,0.0013912341091781855,0.06475953757762909,0.5474458336830139,0.3877946436405182,,,,,
mdeberta,Child support,288199733760,pre,0.9985840916633606,0.9964411854743958,0.9879578948020935,0.1801246851682663,0.029256707057356834,0.988244891166687,0.48291680216789246,0.17934183776378632,0.2690374255180359,0.05908627808094025,0.8767386674880981,0.09865596145391464,0.024605421349406242,,,,,
mdeberta,Child support,288199733760,post,0.9775429368019104,0.9692078232765198,0.8436376452445984,0.5904250144958496,0.0024438865948468447,0.8747742772102356,0.9086989164352417,0.2933538556098938,0.29818475246429443,0.15713684260845184,0.4478355050086975,0.5062199234962463,0.045944541692733765,,,,,
mdeberta,Child support,288220123116,pre,0.920173168182373,0.3592517375946045,0.8291464447975159,0.750826895236969,0.005021149758249521,0.9546685218811035,0.9973008632659912,0.661048173904419,0.045246995985507965,0.21683958172798157,0.3947710692882538,0.5856994390487671,0.01952953264117241,,,,,
mdeberta,Child support,288220123116,post,0.2655946612358093,0.01533581968396902,0.7244806289672852,0.017061686143279076,0.004895880818367004,0.6614856719970703,0.8025555610656738,0.5652986764907837,0.04979654401540756,0.004650075454264879,0.4430363178253174,0.3566856384277344,0.20027801394462585,,,,,
mdeberta,Child support,288271144044,post,0.8407825827598572,0.8109214901924133,0.6467949151992798,0.23057307302951813,0.00018667822587303817,0.7393283247947693,0.2802715003490448,0.06888117641210556,0.2913839817047119,0.053157031536102295,0.177851140499115,0.3438648283481598,0.47828400135040283,,,,,
mdeberta,Child support,288318753864,pre,0.9870045781135559,0.6819121837615967,0.9781145453453064,0.37068089842796326,0.0009811719646677375,0.9965969920158386,0.9903196692466736,0.6848966479301453,0.09539159387350082,0.37868884205818176,0.8813393115997314,0.10945410281419754,0.009206587448716164,,,,,
mdeberta,Child support,288318753864,post,0.9798611998558044,0.47029563784599304,0.9910666346549988,0.5314525365829468,0.0015885252505540848,0.9997305274009705,0.9863368272781372,0.7916600108146667,0.12923778593540192,0.39770445227622986,0.9522801637649536,0.04323170334100723,0.004488135688006878,,,,,
mdeberta,Child support,288351171360,pre,0.793906033039093,0.2973679006099701,0.10562495142221451,0.0059571536257863045,0.000523375638294965,0.4436004161834717,0.3223126530647278,0.02895316109061241,0.0983387902379036,0.033828072249889374,0.268690288066864,0.5550983548164368,0.1762113869190216,,,,,
mdeberta,Child support,288351171360,post,0.7559974789619446,0.029423579573631287,0.10729854553937912,0.04425555095076561,0.00034329999471083283,0.4756053388118744,0.5178147554397583,0.21460911631584167,0.02076474018394947,0.055285148322582245,0.8681464791297913,0.09922749549150467,0.03262602910399437,,,,,
mdeberta,Child support,288509588496,post,0.5638583302497864,0.03527754545211792,0.3091279864311218,0.1294027417898178,0.00048029719619080424,0.5041503310203552,0.296043336391449,0.4739006757736206,0.25935637950897217,0.0937194675207138,0.13461549580097198,0.6819252371788025,0.1834592968225479,,,,,
mdeberta,Child support,288511369632,pre,0.9690691232681274,0.8465777039527893,0.8954541087150574,0.6480209827423096,0.007176881656050682,0.8967949748039246,0.5175709128379822,0.726813554763794,0.29158568382263184,0.5192775726318359,0.2915633022785187,0.6678840517997742,0.040552638471126556,,,,,
mdeberta,Child support,288511369632,post,0.9921765327453613,0.8203255534172058,0.9329131245613098,0.7995206117630005,0.005786154419183731,0.999681293964386,0.9554440379142761,0.9430254697799683,0.008610767312347889,0.6735138893127441,0.31862398982048035,0.6262771487236023,0.05509885400533676,,,,,
mdeberta,Child support,288531952560,post,0.9459293484687805,0.1973477602005005,0.9750122427940369,0.8995192646980286,0.001201891340315342,0.9684409499168396,0.5087881684303284,0.8107787370681763,0.4068619906902313,0.6988435387611389,0.9909008145332336,0.006935827434062958,0.0021633573342114687,,,,,
mdeberta,Child support,288547276212,post,0.9036774039268494,0.9262370467185974,0.9987744092941284,0.8988553881645203,0.0011446805438026786,0.9905462861061096,0.8085211515426636,0.9610614776611328,0.8525676131248474,0.7352616786956787,0.03956121578812599,0.8855843544006348,0.07485438138246536,,,,,
mdeberta,Child support,289391882832,pre,0.9947289228439331,0.9783640503883362,0.9724278450012207,0.9591757655143738,0.0002350519789615646,0.995643138885498,0.8795870542526245,0.962478518486023,0.29844027757644653,0.5660185217857361,0.8138338327407837,0.16880735754966736,0.01735880598425865,,,,,
mdeberta,Child support,289391882832,post,0.8702117204666138,0.5061032176017761,0.21259962022304535,0.171963170170784,0.0010222099954262376,0.9752784967422485,0.9407897591590881,0.03958311304450035,0.26702573895454407,0.24835185706615448,0.2994723618030548,0.6474348902702332,0.05309281498193741,,,,,
mdeberta,Child support,289551044160,pre,0.2238857001066208,0.20565493404865265,0.6431612372398376,0.179890438914299,0.00023140870325732976,0.020517973229289055,0.021742189303040504,0.2227001190185547,0.13034076988697052,0.23952719569206238,0.06648248434066772,0.7630840539932251,0.1704334318637848,,,,,
mdeberta,Child support,289551044160,post,0.543832540512085,0.9798322916030884,0.04476431384682655,0.27318641543388367,0.0003193740558344871,0.0403500571846962,0.012497765012085438,0.12863455712795258,0.021812405437231064,0.26057758927345276,0.02653532475233078,0.3835136890411377,0.5899509191513062,,,,,
mdeberta,Child support,289596807180,pre,0.845862865447998,0.9005926847457886,0.8477157950401306,0.8524755239486694,0.0010322310263291001,0.9239705204963684,0.9099069833755493,0.42131373286247253,0.6570984721183777,0.18513554334640503,0.06005246192216873,0.7719574570655823,0.16799010336399078,,,,,
mdeberta,Child support,289642978548,post,0.9013143181800842,0.6099889278411865,0.8698804974555969,0.7490872144699097,0.0006512682302854955,0.9950249791145325,0.9311814308166504,0.7041601538658142,0.5588085651397705,0.1262994408607483,0.09180689603090286,0.7483208775520325,0.15987221896648407,,,,,
mdeberta,Child support,289656043632,pre,0.49853515625,0.9967141151428223,0.9419218897819519,0.4464947283267975,0.003429603762924671,0.9970073699951172,0.6304574012756348,0.6520198583602905,0.017712298780679703,0.4390257000923157,0.01568942703306675,0.9280310273170471,0.05627952516078949,,,,,
mdeberta,Child support,289656043632,post,0.9984899759292603,0.896975576877594,0.9945730566978455,0.32204607129096985,0.002575881313532591,0.9988440871238708,0.9997325539588928,0.0120537793263793,0.020626192912459373,0.7338335514068604,0.7144633531570435,0.27038639783859253,0.015150235965847969,,,,,
mdeberta,Child support,289870339464,pre,0.9619425535202026,0.9604354500770569,0.9897117018699646,0.9597532749176025,0.0029464049730449915,0.9978781342506409,0.9979572296142578,0.9442797303199768,0.9320833683013916,0.6006569266319275,0.10123170167207718,0.8891478180885315,0.009620500728487968,,,,,
mdeberta,Child support,289870339464,post,0.9803938269615173,0.06278920918703079,0.8468786478042603,0.14663629233837128,0.0001774367701727897,0.9800481200218201,0.6004226803779602,0.09191051870584488,0.03978780657052994,0.07940808683633804,0.7765688300132751,0.1917053461074829,0.03172583505511284,,,,,
mdeberta,Child support,289944143064,pre,0.9579516053199768,0.928732693195343,0.9847963452339172,0.26659590005874634,0.0010403185151517391,0.807612419128418,0.4160846769809723,0.48999154567718506,0.5480688214302063,0.10334637016057968,0.5167152881622314,0.430679053068161,0.05260567367076874,,,,,
mdeberta,Child support,289944143064,post,0.8878383040428162,0.4756052792072296,0.4042722284793854,0.8757869601249695,0.5363129377365112,0.9245174527168274,0.8198933601379395,0.690350353717804,0.9571202397346497,0.7203682661056519,0.028457511216402054,0.5871425271034241,0.38439998030662537,,,,,
mdeberta,Child support,290011993128,pre,0.9398650527000427,0.9563904404640198,0.8545207977294922,0.06432943791151047,0.022889841347932816,0.9995497465133667,0.7487457394599915,0.2828642725944519,0.03194934129714966,0.06998537480831146,0.14417438209056854,0.5840282440185547,0.2717973589897156,,,,,
mdeberta,Child support,290011993128,post,0.9950610995292664,0.8051347136497498,0.9964481592178345,0.9736947417259216,0.007438980508595705,0.9991255402565002,0.39654290676116943,0.9933459758758545,0.5563995838165283,0.7785651087760925,0.90281081199646,0.09515555948019028,0.0020336047746241093,,,,,
mdeberta,Child support,290634638328,pre,0.9325147867202759,0.9925609827041626,0.9960622787475586,0.8931231498718262,0.02019663341343403,0.8137569427490234,0.5853382349014282,0.1062261164188385,0.07159119844436646,0.3449949026107788,0.08477503806352615,0.7870348691940308,0.1281900852918625,,,,,
mdeberta,Child support,290634638328,post,0.9919536113739014,0.9946774840354919,0.9924667477607727,0.9979612827301025,0.12656909227371216,0.9966102242469788,0.9307106137275696,0.7813306450843811,0.8630456924438477,0.9330810904502869,0.011848224326968193,0.9495298862457275,0.03862186521291733,,,,,
mdeberta,Child support,290638059012,pre,0.9743372797966003,0.9631872177124023,0.9723885655403137,0.8663305044174194,0.0004044814850203693,0.9739870429039001,0.9331572651863098,0.6701767444610596,0.7696001529693604,0.08938750624656677,0.17724107205867767,0.5993061065673828,0.22345279157161713,,,,,
mdeberta,Child support,290638059012,post,0.9743372797966003,0.9631872177124023,0.9723885655403137,0.8663305044174194,0.0004044814850203693,0.9739870429039001,0.9331572651863098,0.6701767444610596,0.7696001529693604,0.08938750624656677,0.17724107205867767,0.5993061065673828,0.22345279157161713,,,,,
mdeberta,Child support,290681287128,pre,0.5281683802604675,0.23660442233085632,0.12283853441476822,0.03491377457976341,0.0009092752006836236,0.9017261266708374,0.03635666146874428,0.047470010817050934,0.14342749118804932,0.01625402271747589,0.0730099231004715,0.31605851650238037,0.6109315752983093,,,,,
mdeberta,Child support,290681287128,post,0.9908390045166016,0.9858821034431458,0.9963214993476868,0.9875202775001526,0.009717870503664017,0.9994995594024658,0.9780727028846741,0.9464235901832581,0.10105590522289276,0.9917324185371399,0.8872620463371277,0.10700826346874237,0.005729680880904198,,,,,
mdeberta,Child support,291584235528,post,0.9136283993721008,0.9211450815200806,0.41403234004974365,0.10706346482038498,0.0007480700151063502,0.9916195869445801,0.889192521572113,0.870597243309021,0.06952200829982758,0.24072997272014618,0.08176734298467636,0.8957638144493103,0.022468851879239082,,,,,
mdeberta,Child support,291621786444,post,0.8107038140296936,0.9944288730621338,0.9363669157028198,0.8416955471038818,0.0006745558348484337,0.9194619059562683,0.7004851698875427,0.7405498027801514,0.9191540479660034,0.5360700488090515,0.07834458351135254,0.9085050821304321,0.013150356709957123,,,,,
mdeberta,Child support,291758381244,pre,0.9639118313789368,0.9723753929138184,0.7558172345161438,0.5290200710296631,0.0014325365191325545,0.9835308790206909,0.8588370084762573,0.7199746370315552,0.06900654733181,0.06723979860544205,0.9190126061439514,0.07291119545698166,0.008076227270066738,,,,,
mdeberta,Child support,291758381244,post,0.8217604160308838,0.19923008978366852,0.7534666657447815,0.5117166042327881,0.01030820794403553,0.9874115586280823,0.9036774039268494,0.9918595552444458,0.09558136016130447,0.3832949995994568,0.6334033012390137,0.32846492528915405,0.03813180699944496,,,,,
mdeberta,Child support,291933006444,pre,0.9265949130058289,0.939428985118866,0.9886463284492493,0.9060313701629639,0.0005895585054531693,0.9897563457489014,0.47779780626296997,0.8410438895225525,0.7717574834823608,0.3631950318813324,0.26213496923446655,0.5881399512290955,0.14972509443759918,,,,,
mdeberta,Child support,291933006444,post,0.991439163684845,0.982473611831665,0.9984988570213318,0.9923933148384094,0.021553462371230125,0.9998313784599304,0.9996048808097839,0.7473739981651306,0.06333737075328827,0.17276421189308167,0.6439293026924133,0.3413209915161133,0.014749686233699322,,,,,
mdeberta,Child support,291945183012,pre,0.9919847249984741,0.9140991568565369,0.9798226356506348,0.2826167345046997,0.004503272473812103,0.9939025044441223,0.8119743466377258,0.7507811784744263,0.05136750638484955,0.03448852524161339,0.5110520720481873,0.44281890988349915,0.0461290143430233,,,,,
mdeberta,Child support,292037520960,pre,0.9917324185371399,0.1057172566652298,0.9802430868148804,0.6077213883399963,0.00047285447362810373,0.9995867013931274,0.9834863543510437,0.952838122844696,0.43890541791915894,0.10023826360702515,0.25086814165115356,0.7434884905815125,0.005643440410494804,,,,,
mdeberta,Child support,292037520960,post,0.9937222599983215,0.22303840517997742,0.9929609894752502,0.25552940368652344,0.0002576445695012808,0.9997398257255554,0.9746105670928955,0.3527590036392212,0.057235848158597946,0.0281274002045393,0.9567127227783203,0.033685505390167236,0.009601704776287079,,,,,
mdeberta,Child support,292134583980,pre,0.9974089860916138,0.9079058766365051,0.9747732281684875,0.004117917735129595,0.0023141263518482447,0.997908890247345,0.5056149959564209,0.00857748556882143,0.008711384609341621,0.002934951800853014,0.9531724452972412,0.02573828212916851,0.021089190617203712,,,,,
mdeberta,Child support,292134583980,post,0.9906870126724243,0.9549004435539246,0.6586645841598511,0.0016776673728600144,0.0029464049730449915,0.9962637424468994,0.08021324872970581,0.04250307008624077,0.03413260355591774,0.0019043302163481712,0.45145466923713684,0.500752866268158,0.04779253527522087,,,,,
mdeberta,Child support,292146350148,pre,0.9943745136260986,0.16465073823928833,0.9939964413642883,0.45786383748054504,0.0350952073931694,0.9997608065605164,0.9431253671646118,0.42202815413475037,0.1489114761352539,0.5063472986221313,0.6914075613021851,0.29304641485214233,0.015546065755188465,,,,,
mdeberta,Child support,292146350148,post,0.9982892870903015,0.9515377879142761,0.9978966116905212,0.6692856550216675,0.011823395267128944,0.9998706579208374,0.031768616288900375,0.2690974473953247,0.09720411151647568,0.8894748687744141,0.8031564354896545,0.15753430128097534,0.039309240877628326,,,,,
mdeberta,Child support,292249837296,pre,0.9845159649848938,0.9610980153083801,0.9677929282188416,0.60089111328125,0.0014325365191325545,0.9934325814247131,0.9704366326332092,0.707808792591095,0.4428774416446686,0.07905910164117813,0.7728625535964966,0.19641467928886414,0.030722755938768387,,,,,
mdeberta,Child support,292294294560,pre,0.9419218897819519,0.9092846512794495,0.9785082340240479,0.9981287717819214,0.017797451466321945,0.9868025779724121,0.04447291046380997,0.6220002174377441,0.3366580903530121,0.637482225894928,0.09894252568483353,0.3300119936466217,0.5710455179214478,,,,,
mdeberta,Child support,292294294560,post,0.9913725256919861,0.8905799984931946,0.9909971952438354,0.8801032900810242,0.005865338258445263,0.999420702457428,0.5115336179733276,0.4632014334201813,0.28756770491600037,0.24001671373844147,0.8381853103637695,0.12530961632728577,0.03650503233075142,,,,,
mdeberta,Child support,292295663928,pre,0.9905188679695129,0.9891527891159058,0.9597902894020081,0.7914989590644836,0.0003212502633687109,0.8679338693618774,0.9414660930633545,0.7531036734580994,0.593373715877533,0.1661335527896881,0.523374080657959,0.3419824242591858,0.13464348018169403,,,,,
mdeberta,Child support,292295663928,post,0.7097237706184387,0.9805899858474731,0.7308905720710754,0.7017130851745605,0.0006512682884931564,0.8801804780960083,0.9035285115242004,0.6297745704650879,0.35667070746421814,0.19170568883419037,0.0243269931524992,0.8360562920570374,0.1396167278289795,,,,,
mdeberta,Child support,292337935128,pre,0.9827075004577637,0.9991654753684998,0.9949396252632141,0.9780622720718384,0.013363719917833805,0.9993253946304321,0.7518303990364075,0.969956636428833,0.7538972496986389,0.78116375207901,0.028385015204548836,0.9155218601226807,0.05609315261244774,,,,,
mdeberta,Child support,292337935128,post,0.7043635249137878,0.9931694269180298,0.8794835805892944,0.9754719734191895,0.04130730405449867,0.9962601661682129,0.4356613755226135,0.9060105681419373,0.45943987369537354,0.6491338610649109,0.03351181745529175,0.8878062963485718,0.07868194580078125,,,,,
mdeberta,Child support,292380889644,pre,0.9581258296966553,0.13904528319835663,0.9067047834396362,0.17349815368652344,0.00023735813738312572,0.9998375177383423,0.060432277619838715,0.1294027417898178,0.0025311114732176065,0.0810093805193901,0.534390389919281,0.4206271469593048,0.04498248174786568,,,,,
mdeberta,Child support,292380889644,post,0.9917723536491394,0.7429349422454834,0.9936240315437317,0.6281793713569641,0.0004156894574407488,0.9985576272010803,0.9976540803909302,0.6873152256011963,0.7311545610427856,0.6503562331199646,0.8792955279350281,0.11427338421344757,0.006431143265217543,,,,,
mdeberta,Child support,292439852496,pre,0.3298232853412628,0.9578334093093872,0.3677242696285248,0.12685953080654144,0.0024107815697789192,0.3888500928878784,0.027435055002570152,0.07086440920829773,0.0917082279920578,0.007331598550081253,0.05526725575327873,0.4584738612174988,0.48625892400741577,,,,,
mdeberta,Child support,292439852496,post,0.8646715879440308,0.980280876159668,0.7785703539848328,0.62840735912323,0.002477445174008608,0.9882901310920715,0.873133659362793,0.6827324628829956,0.05051766708493233,0.3170032501220703,0.0628405287861824,0.2527613937854767,0.6843980550765991,,,,,
mdeberta,Child support,292516663644,pre,0.9626468420028687,0.8499711751937866,0.9549635052680969,0.7242856025695801,0.002256239764392376,0.9305213689804077,0.67640620470047,0.6522414684295654,0.2950267493724823,0.4397473633289337,0.12383639812469482,0.8396825194358826,0.036481063812971115,,,,,
mdeberta,Child support,292516663644,post,0.7962132096290588,0.33982759714126587,0.19752183556556702,0.008800379000604153,0.0006411776994355023,0.7836574912071228,0.13730095326900482,0.09289330244064331,0.008610767312347889,0.010955153964459896,0.08379056304693222,0.7811305522918701,0.13507895171642303,,,,,
mdeberta,Child support,292518036432,pre,0.9879578948020935,0.3986990749835968,0.6546187400817871,0.023043230175971985,0.026205413043498993,0.9921233057975769,0.9997091889381409,0.06253109872341156,0.19821931421756744,0.002123966347426176,0.9629231691360474,0.03489084914326668,0.0021860210690647364,,,,,
mdeberta,Child support,292518036432,post,0.992069661617279,0.7436104416847229,0.7761991024017334,0.414958119392395,0.011972645297646523,0.9950754642486572,0.9995818734169006,0.8810532093048096,0.7727022171020508,0.051605962216854095,0.5879939794540405,0.3977109491825104,0.014295142143964767,,,,,
mdeberta,Child support,292549427244,post,0.34334173798561096,0.9089417457580566,0.7111300826072693,0.7500038743019104,0.020177319645881653,0.9947696924209595,0.5805898904800415,0.5976079106330872,0.21210961043834686,0.5474640130996704,0.016874518245458603,0.40545254945755005,0.5776728987693787,,,,,
mdeberta,Child support,292623712380,post,0.9561454653739929,0.8827567100524902,0.9418148994445801,0.3711366355419159,0.00041568948654457927,0.6834195256233215,0.7183969020843506,0.7397986054420471,0.29158565402030945,0.021502036601305008,0.65488201379776,0.27246278524398804,0.07265517115592957,,,,,
mdeberta,Child support,292646490264,pre,0.9866749048233032,0.9384068250656128,0.9996873736381531,0.9643550515174866,0.020705251023173332,0.999657392501831,0.7246754169464111,0.9753724932670593,0.9919224381446838,0.6623598337173462,0.7096302509307861,0.2836530804634094,0.006716638803482056,,,,,
mdeberta,Child support,292646490264,post,0.6642919182777405,0.8434120416641235,0.9938727617263794,0.9452479481697083,0.002900857711210847,0.9975560903549194,0.07107367366552353,0.874800980091095,0.08381535857915878,0.5448013544082642,0.018805406987667084,0.10233341157436371,0.878861129283905,,,,,
mdeberta,Child support,292748060844,pre,0.9654626846313477,0.8214741945266724,0.8221891522407532,0.750552773475647,0.0020667945500463247,0.9792749285697937,0.47043249011039734,0.5380124449729919,0.040332335978746414,0.095307357609272,0.2661822438240051,0.6804673671722412,0.05335039645433426,,,,,
mdeberta,Child support,292748060844,post,0.9006063342094421,0.46288272738456726,0.5316956639289856,0.36251771450042725,0.0021033689845353365,0.9911783337593079,0.9930018186569214,0.19253934919834137,0.13629195094108582,0.5512113571166992,0.9530097246170044,0.03736952692270279,0.009620747528970242,,,,,
mdeberta,Child support,294136104096,pre,0.16178321838378906,0.9955142140388489,0.8254314661026001,0.5846269130706787,0.24558788537979126,0.948513388633728,0.36681652069091797,0.7577943801879883,0.4964600205421448,0.11255131661891937,0.013812245801091194,0.16679516434669495,0.8193926215171814,,,,,
mdeberta,Child support,294136104096,post,0.9980199337005615,0.8544600605964661,0.7629101276397705,0.993561863899231,0.0004214093496557325,0.9999114871025085,0.18572555482387543,0.2462160289287567,0.0055657243356108665,0.6076631546020508,0.5236616730690002,0.4662591814994812,0.010079135186970234,,,,,
mdeberta,Child support,294548351580,pre,0.9723228216171265,0.9751782417297363,0.9572778344154358,0.5297499895095825,0.00701179588213563,0.9972504377365112,0.6671476364135742,0.6791254878044128,0.368973970413208,0.020964240655303,0.2884666621685028,0.658535897731781,0.052997440099716187,,,,,
mdeberta,Child support,294548351580,post,0.4198858141899109,0.33690351247787476,0.465751975774765,0.047735653817653656,0.041852131485939026,0.12069769203662872,0.01084984466433525,0.11073533445596695,0.24117648601531982,0.03861093148589134,0.17223389446735382,0.5899239182472229,0.23784217238426208,,,,,
mdeberta,Child support,294601017528,pre,0.9767081141471863,0.9908390045166016,0.8669230937957764,0.9407897591590881,0.0039917281828820705,0.9996147751808167,0.9913390278816223,0.9720720648765564,0.930173397064209,0.8711052536964417,0.7740510702133179,0.18064969778060913,0.04529920592904091,,,,,
mdeberta,Child support,294601017528,post,0.9422016739845276,0.6566582918167114,0.8193519711494446,0.49121183156967163,0.0003897522983606905,0.9899013638496399,0.9290551543235779,0.8758401274681091,0.36954256892204285,0.5539879202842712,0.5647261738777161,0.42120853066444397,0.014065345749258995,,,,,
mdeberta,Child support,294637136832,pre,0.9902727007865906,0.8596637845039368,0.96065753698349,0.6490226984024048,0.0003640086797531694,0.9973657727241516,0.9765548706054688,0.4756052792072296,0.08092053979635239,0.12833385169506073,0.942197859287262,0.04613693058490753,0.011665243655443192,,,,,
mdeberta,Child support,294637136832,post,0.9932090640068054,0.9753900766372681,0.9570174217224121,0.4270382821559906,0.0032476764172315598,0.9993448853492737,0.9820569157600403,0.8224745392799377,0.6156657338142395,0.09376095235347748,0.4654949903488159,0.5220938920974731,0.012411080300807953,,,,,
mdeberta,Child support,294844178160,pre,0.7329742908477783,0.9727693796157837,0.6709317564964294,0.7549149990081787,0.000398213102016598,0.8238958716392517,0.5698526501655579,0.7273948788642883,0.5107405185699463,0.28477486968040466,0.06378009170293808,0.6865381002426147,0.2496817708015442,,,,,
mdeberta,Child support,294844178160,post,0.9450478553771973,0.9788039922714233,0.7338811755180359,0.8687154650688171,0.0025459476746618748,0.9697352647781372,0.897335946559906,0.8562723398208618,0.8761583566665649,0.5636181831359863,0.02810182049870491,0.3323036730289459,0.6395944952964783,,,,,
mdeberta,Child support,294981665580,post,0.7784809470176697,0.6608293652534485,0.8546421527862549,0.43470126390457153,0.00272558256983757,0.6356748938560486,0.7238954305648804,0.39770445227622986,0.0845116451382637,0.17766815423965454,0.8291159272193909,0.15662525594234467,0.014258763752877712,,,,,
mdeberta,Child support,294983786664,pre,0.969856858253479,0.9626028537750244,0.8919522762298584,0.4963379204273224,0.0019342610612511635,0.9989737868309021,0.21800272166728973,0.41063809394836426,0.10402136296033859,0.03670898452401161,0.12101105600595474,0.7968835830688477,0.0821053758263588,,,,,
mdeberta,Child support,294983786664,post,0.9872650504112244,0.994594156742096,0.997654139995575,0.9961004257202148,0.02608109824359417,0.9987106919288635,0.9822707176208496,0.9949690699577332,0.4191649258136749,0.8684367537498474,0.6456291675567627,0.3476112484931946,0.00675957603380084,,,,,
mdeberta,Child support,294992336664,post,0.9947289228439331,0.9865134358406067,0.9888203740119934,0.8428955078125,0.00016832373512443155,0.9892362952232361,0.9580105543136597,0.7657685875892639,0.3736472427845001,0.021399542689323425,0.540721595287323,0.39298924803733826,0.06628923863172531,,,,,
mdeberta,Child support,295039534032,pre,0.8945823907852173,0.9902632832527161,0.986610472202301,0.5827285051345825,0.0033309145364910364,0.9905509352684021,0.2839799225330353,0.23912718892097473,0.7241880893707275,0.6703925132751465,0.051387835294008255,0.6919399499893188,0.2566722333431244,,,,,
mdeberta,Child support,295039534032,post,0.9297758936882019,0.9794525504112244,0.9962855577468872,0.5338835716247559,0.013821962289512157,0.9759836792945862,0.48291683197021484,0.9683924317359924,0.7366848587989807,0.8532414436340332,0.025902025401592255,0.28956612944602966,0.6845318675041199,,,,,
mdeberta,Child support,295075850328,pre,0.7973201870918274,0.8540345430374146,0.5687751770019531,0.9897563457489014,0.0001398220774717629,0.9889546036720276,0.8656221628189087,0.9740950465202332,0.7900447845458984,0.5563995838165283,0.0437481515109539,0.7385902404785156,0.21766158938407898,,,,,
mdeberta,Child support,295075850328,post,0.9343277812004089,0.02723383530974388,0.8233639001846313,0.4973144829273224,0.0007824141066521406,0.937953770160675,0.9422946572303772,0.9487216472625732,0.39140596985816956,0.780829668045044,0.6671008467674255,0.2866889238357544,0.046210289001464844,,,,,
mdeberta,Child support,295087686948,pre,0.9892024397850037,0.9410611987113953,0.9986303448677063,0.6203916668891907,0.0034902107436209917,0.9971963167190552,0.834204375743866,0.9281487464904785,0.7639464139938354,0.6509112119674683,0.18210184574127197,0.751848578453064,0.06604960560798645,,,,,
mdeberta,Child support,295087686948,post,0.9943251609802246,0.966851532459259,0.48657551407814026,0.05037732794880867,0.0032730652019381523,0.9998172521591187,0.004468384198844433,0.00035488588036969304,0.0007947254925966263,0.3958345949649811,0.6489496827125549,0.24261319637298584,0.10843712836503983,,,,,
mdeberta,Child support,295124897916,pre,0.9725974798202515,0.9976904392242432,0.9980160593986511,0.9102267026901245,0.0030160662718117237,0.9960430264472961,0.7438837885856628,0.7725306749343872,0.801741898059845,0.5063473582267761,0.1677822768688202,0.3244170546531677,0.5078006982803345,,,,,
mdeberta,Child support,295124897916,post,0.9235061407089233,0.994060218334198,0.9544885754585266,0.9077629446983337,0.04827118664979935,0.9770801067352295,0.9553920030593872,0.860251784324646,0.10390764474868774,0.686580240726471,0.015335949137806892,0.9377477765083313,0.04691623896360397,,,,,
mdeberta,Child support,295147262664,pre,0.8763436675071716,0.9952308535575867,0.9394184947013855,0.9305650591850281,0.003758094273507595,0.998495876789093,0.08581456542015076,0.4484262466430664,0.8117506504058838,0.49609386920928955,0.010481865145266056,0.6862810850143433,0.30323702096939087,,,,,
mdeberta,Child support,295147262664,post,0.7166153788566589,0.9917163848876953,0.45048028230667114,0.9561082720756531,0.000355579424649477,0.9863713979721069,0.9755814671516418,0.9179669618606567,0.8874974250793457,0.9491180777549744,0.0345371775329113,0.6730117797851562,0.29245102405548096,,,,,
mdeberta,Child support,295148694960,pre,0.9830037355422974,0.968682587146759,0.9731388092041016,0.8382664322853088,0.00047470428398810327,0.9709212779998779,0.9427707195281982,0.6564380526542664,0.7586894631385803,0.13092300295829773,0.1354207545518875,0.6514413952827454,0.21313780546188354,,,,,
mdeberta,Child support,295148694960,post,0.9942474365234375,0.25525084137916565,0.97660231590271,0.9969066381454468,0.0022430878598243,0.9994525909423828,0.9584406018257141,0.7864588499069214,0.1406310498714447,0.8798711895942688,0.9068366885185242,0.08987671881914139,0.0032865724060684443,,,,,
mdeberta,Child support,295167711528,pre,0.9873993992805481,0.9739375114440918,0.9875622987747192,0.8551267981529236,0.00035006864345632493,0.9298236966133118,0.9323917627334595,0.8177200555801392,0.6570984721183777,0.10918228328227997,0.6997461318969727,0.2846275568008423,0.015626369044184685,,,,,
mdeberta,Child support,295167711528,post,0.978569746017456,0.9123581051826477,0.976691484451294,0.4709799289703369,0.006277706474065781,0.9581869840621948,0.9038897156715393,0.5139124393463135,0.45956119894981384,0.19698064029216766,0.605897068977356,0.3744232654571533,0.01967966929078102,,,,,
mdeberta,Child support,295290420444,pre,0.9649708867073059,0.99946528673172,0.9942808747291565,0.6082450747489929,0.049267835915088654,0.9903477430343628,0.7767499685287476,0.8887829184532166,0.8553685545921326,0.9080792665481567,0.0009416858083568513,0.05141430348157883,0.9476439952850342,,,,,
mdeberta,Child support,295290420444,post,0.17349816858768463,0.884912371635437,0.8177564740180969,0.35723111033439636,0.005332885310053825,0.5715275406837463,0.029901405796408653,0.13078418374061584,0.7019174098968506,0.17370831966400146,0.03966829553246498,0.22200950980186462,0.7383221983909607,,,,,
mdeberta,Child support,295334470044,pre,0.02546808123588562,0.9822025299072266,0.8535316586494446,0.48377034068107605,0.0013723686570301652,0.10430613160133362,0.04405976086854935,0.3704531192779541,0.7438198328018188,0.019994718953967094,0.017220091074705124,0.1530693918466568,0.8297104835510254,,,,,
mdeberta,Child support,295334470044,post,0.003429603995755315,0.9624310731887817,0.7307104468345642,0.018743114545941353,0.014913983643054962,0.021481499075889587,0.006784358527511358,0.07971034944057465,0.0384661927819252,0.003787457710132003,0.025876935571432114,0.28016284108161926,0.6939601898193359,,,,,
mdeberta,Child support,295412860548,pre,0.9899281859397888,0.9838587641716003,0.9857317805290222,0.8267118334770203,0.0017342079663649201,0.980315625667572,0.9667260646820068,0.6213111877441406,0.8241791129112244,0.04748484864830971,0.5402129888534546,0.4191547632217407,0.040632206946611404,,,,,
mdeberta,Child support,295412860548,post,0.4305064380168915,0.9789755344390869,0.7505298852920532,0.22931940853595734,0.0011225652415305376,0.40603742003440857,0.05101177841424942,0.2823445796966553,0.4455295503139496,0.03456176817417145,0.06588506698608398,0.3962963819503784,0.5378185510635376,,,,,
mdeberta,Child support,295443772560,pre,0.9852145910263062,0.9949690699577332,0.9958980679512024,0.8606328964233398,0.013519118539988995,0.9996806383132935,0.9984633326530457,0.9641783833503723,0.875853419303894,0.7189891934394836,0.8006947636604309,0.18944023549556732,0.009865022264420986,,,,,
mdeberta,Child support,295443772560,post,0.9645392298698425,0.8711463212966919,0.9778411388397217,0.3132621645927429,0.0008969393675215542,0.976057231426239,0.9835733771324158,0.01413149293512106,0.16218090057373047,0.046594638377428055,0.9415427446365356,0.05035888031125069,0.008098349906504154,,,,,
mdeberta,Child support,296236531296,pre,0.9318045973777771,0.9725030064582825,0.9560223817825317,0.878835141658783,0.0016072202706709504,0.959931492805481,0.9525299668312073,0.4639299511909485,0.6480209827423096,0.1838865578174591,0.04577750340104103,0.8043252229690552,0.1498972475528717,,,,,
mdeberta,Child support,296270392716,post,0.9469165802001953,0.8591622710227966,0.784886360168457,0.9745803475379944,0.0003528132801875472,0.9995843768119812,0.59702068567276,0.9052280783653259,0.3973536491394043,0.6647579669952393,0.47785326838493347,0.44621095061302185,0.0759357213973999,,,,,
mdeberta,Child support,296314442316,pre,0.21157966554164886,0.9003109335899353,0.02341994270682335,0.016545439139008522,0.0007808885420672596,0.07256273925304413,0.11734435707330704,0.00877910852432251,0.21280404925346375,0.027166005223989487,0.08361063152551651,0.4765864312648773,0.43980297446250916,,,,,
mdeberta,Child support,296314442316,post,0.5412876009941101,0.9440737962722778,0.0616496242582798,0.025371311232447624,0.0008409994770772755,0.13307687640190125,0.9262703657150269,0.01894170604646206,0.17365576326847076,0.02015801891684532,0.08734778314828873,0.4517306983470917,0.4609215259552002,,,,,
mdeberta,Child support,296431060896,post,0.037573304027318954,0.8318443298339844,0.006903838366270065,0.7816224694252014,0.0039917281828820705,0.8487216234207153,0.5338835716247559,0.8894808292388916,0.703345775604248,0.07061365246772766,0.09865786880254745,0.44263991713523865,0.4587021768093109,,,,,
mdeberta,Child support,296485300044,pre,0.9588471055030823,0.6247801780700684,0.7657685875892639,0.350640207529068,0.001616650028154254,0.5994851589202881,0.9202538132667542,0.01042845193296671,0.07140480726957321,0.00985032506287098,0.367069274187088,0.5921867489814758,0.04074398800730705,,,,,
mdeberta,Child support,296485300044,post,0.47025004029273987,0.10488919913768768,0.03229851648211479,0.0681798905134201,0.0007993921171873808,0.8679338693618774,0.5884162187576294,0.12069768458604813,0.07813090831041336,0.35488009452819824,0.5368455648422241,0.35414087772369385,0.10901354998350143,,,,,
mdeberta,Child support,296604729180,pre,0.873592734336853,0.7614498138427734,0.32060855627059937,0.3146820068359375,0.0006462033488787711,0.9661480188369751,0.5539879202842712,0.04080747440457344,0.18322797119617462,0.1675589233636856,0.09736495465040207,0.8530997633934021,0.04953527823090553,,,,,
mdeberta,Child support,296604729180,post,0.9494120478630066,0.8607792854309082,0.7584658861160278,0.4863315522670746,0.0008676725556142628,0.3259495198726654,0.928958535194397,0.016593176871538162,0.0838903859257698,0.10284408181905746,0.39812391996383667,0.590691864490509,0.011184151284396648,,,,,
mdeberta,Child support,296701859916,pre,0.9275850057601929,0.9848765730857849,0.9887010455131531,0.8381505608558655,0.0008778913761489093,0.9845401644706726,0.31027624011039734,0.7158215045928955,0.7168136835098267,0.42751622200012207,0.37335729598999023,0.594587504863739,0.032055146992206573,,,,,
mdeberta,Child support,296701859916,post,0.9880504012107849,0.9994610548019409,0.9971272349357605,0.9861113429069519,0.03219185397028923,0.9987599849700928,0.9734935164451599,0.798147439956665,0.8673564195632935,0.8696039319038391,0.23175077140331268,0.7598814964294434,0.00836765393614769,,,,,
mdeberta,Child support,296710409916,post,0.9908478260040283,0.6597888469696045,0.732113242149353,0.6722241044044495,0.004451041109859943,0.9959574341773987,0.6888871788978577,0.5705706477165222,0.10638557374477386,0.02623034454882145,0.32318979501724243,0.6569384336471558,0.019871752709150314,,,,,
mdeberta,Child support,297042555528,post,0.3709087073802948,0.2084205001592636,0.22824248671531677,0.24077458679676056,0.0007495314348489046,0.15215818583965302,0.06745448708534241,0.3225259780883789,0.1338108777999878,0.10585581511259079,0.0773526132106781,0.5457886457443237,0.37685877084732056,,,,,
mdeberta,Child support,297120463812,pre,0.9562680721282959,0.9978966116905212,0.9772842526435852,0.010580707341432571,0.0014437560457736254,0.16772925853729248,0.9594592452049255,0.010870827361941338,0.06884986907243729,0.05050559341907501,0.23587284982204437,0.7434057593345642,0.02072133682668209,,,,,
mdeberta,Child support,297120463812,post,0.904902994632721,0.9784052968025208,0.05675689876079559,0.005220125894993544,0.0059571536257863045,0.990731954574585,0.9925031065940857,0.01350610051304102,0.6004226803779602,0.01640303246676922,0.38332271575927734,0.5859261155128479,0.030751170590519905,,,,,
mdeberta,Child support,297211164948,pre,0.9983928203582764,0.9883352518081665,0.9992357492446899,0.9992861747741699,0.0003466678026597947,0.9996366500854492,0.9979007244110107,0.9924630522727966,0.8199344277381897,0.9086179137229919,0.9836806058883667,0.014004072174429893,0.0023153095971792936,,,,,
mdeberta,Child support,297211164948,post,0.9963215589523315,0.4408303201198578,0.9984840750694275,0.9456759691238403,0.0007598414085805416,0.9998485445976257,0.8969755172729492,0.7846647500991821,0.07899690419435501,0.6317079067230225,0.400154173374176,0.4867013096809387,0.11314455419778824,,,,,
mdeberta,Child support,297276141528,pre,0.9806363582611084,0.9156959056854248,0.20617389678955078,0.00333091476932168,0.0004907226539216936,0.9998846054077148,0.0005062919808551669,0.006109409965574741,0.012784186750650406,0.0013070537243038416,0.9457417130470276,0.050534095615148544,0.0037242299877107143,,,,,
mdeberta,Child support,297276141528,post,0.995685338973999,0.7561776041984558,0.411347359418869,0.08245689421892166,0.0013993984321132302,0.9998211860656738,0.015101650729775429,0.08985312283039093,0.06769099086523056,0.05082300677895546,0.7087852954864502,0.22576840221881866,0.06544620543718338,,,,,
mdeberta,Child support,297309799116,pre,0.995980978012085,0.9998286962509155,0.999497652053833,0.9502726793289185,0.0075919427908957005,0.9997925758361816,0.9964481592178345,0.7614498138427734,0.4437209367752075,0.9757103323936462,0.856700599193573,0.13125105202198029,0.012048357166349888,,,,,
mdeberta,Child support,297309799116,post,0.9348872900009155,0.4258439838886261,0.8882750868797302,0.19899649918079376,0.0009584648651070893,0.9983108639717102,0.9416272640228271,0.03654530644416809,0.2906787395477295,0.24328270554542542,0.951011061668396,0.046454936265945435,0.0025339804124087095,,,,,
mdeberta,Child support,297437978664,pre,0.3613337278366089,0.9851861596107483,0.9794918298721313,0.8791597485542297,0.00038446192047558725,0.998567521572113,0.45132651925086975,0.8755976557731628,0.04244350269436836,0.6485776901245117,0.006793833803385496,0.053372450172901154,0.9398336410522461,,,,,
mdeberta,Child support,297437978664,post,0.9223425388336182,0.8766871690750122,0.8986775875091553,0.99455726146698,0.0003958875313401222,0.9962382316589355,0.5786862969398499,0.6864751577377319,0.0070527102798223495,0.5380124449729919,0.0038669423665851355,0.04436298832297325,0.9517701268196106,,,,,
mdeberta,Child support,298225945296,pre,0.47244006395339966,0.9104359745979309,0.8555647730827332,0.1911766231060028,0.00040448151412419975,0.9441768527030945,0.5219585299491882,0.20426252484321594,0.31732046604156494,0.10970578342676163,0.0706741064786911,0.47478610277175903,0.4545397162437439,,,,,
mdeberta,Child support,298225945296,post,0.9495759010314941,0.8835880160331726,0.965266764163971,0.6406358480453491,0.07055959850549698,0.9968488216400146,0.9914308190345764,0.9872219562530518,0.5061032176017761,0.7283620238304138,0.7905094623565674,0.14273756742477417,0.06675291061401367,,,,,
mdeberta,Child support,298249883928,pre,0.9980770349502563,0.9993081092834473,0.9319286346435547,0.9506806135177612,0.015276945196092129,0.9819490313529968,0.47536176443099976,0.8345397114753723,0.7261344194412231,0.20347002148628235,0.06722548604011536,0.9172074198722839,0.015567132271826267,,,,,
mdeberta,Child support,298249883928,post,0.8482193946838379,0.661048173904419,0.5209837555885315,0.7139304876327515,0.008267596364021301,0.9585959315299988,0.027967670932412148,0.6680145263671875,0.012883163057267666,0.006097561679780483,0.09824180603027344,0.8235858678817749,0.07817236334085464,,,,,
mdeberta,Child support,298252892160,pre,0.9853984117507935,0.9960469007492065,0.9969544410705566,0.9936116337776184,0.09401017427444458,0.9997230768203735,0.9188814759254456,0.5859306454658508,0.25539007782936096,0.7245780825614929,0.30353984236717224,0.4420523941516876,0.25440773367881775,,,,,
mdeberta,Child support,298252892160,post,0.853011965751648,0.6983294486999512,0.725551426410675,0.7190878391265869,0.00033274127054028213,0.9904959201812744,0.7803278565406799,0.7487199306488037,0.09968911856412888,0.11621122807264328,0.15879933536052704,0.7866150736808777,0.05458560958504677,,,,,
mdeberta,Child support,298301049864,post,0.9835179448127747,0.8704321384429932,0.9085570573806763,0.6118459105491638,0.00034599160426296294,0.9924848675727844,0.4327824115753174,0.6213111877441406,0.6132365465164185,0.2590751349925995,0.6027501821517944,0.3382360339164734,0.059013862162828445,,,,,
mdeberta,Child support,298381419864,pre,0.9771646857261658,0.7007156610488892,0.5902479290962219,0.8540650010108948,0.00044857573811896145,0.9829628467559814,0.30228811502456665,0.7589575052261353,0.13718532025814056,0.4045073986053467,0.5821927189826965,0.3923955261707306,0.025411702692508698,,,,,
mdeberta,Child support,298381419864,post,0.333720326423645,0.4463740587234497,0.062238357961177826,0.3429015576839447,0.04126865044236183,0.7209579944610596,0.12137296795845032,0.3030094504356384,0.6595147848129272,0.11177334189414978,0.08647583425045013,0.39568743109703064,0.5178366899490356,,,,,
mdeberta,Child support,298394417916,pre,0.8863712549209595,0.3318839371204376,0.43765074014663696,0.8838138580322266,0.026835687458515167,0.9961568713188171,0.6938231587409973,0.4050956666469574,0.040692951530218124,0.6245225071907043,0.1256387084722519,0.4488118886947632,0.4255494177341461,,,,,
mdeberta,Child support,298394417916,post,0.7564924955368042,0.8518989682197571,0.4277552366256714,0.26478591561317444,0.0008710656547918916,0.8673169612884521,0.6081287860870361,0.43782350420951843,0.6118459105491638,0.016705095767974854,0.30205053091049194,0.6464259028434753,0.05152358487248421,,,,,
mdeberta,Child support,298519314264,post,0.992046594619751,0.8683809638023376,0.9970764517784119,0.282492995262146,0.002458212897181511,0.9996352791786194,0.9920735359191895,0.904194176197052,0.27796268463134766,0.7189891934394836,0.26697731018066406,0.4128972887992859,0.32012540102005005,,,,,
mdeberta,Child support,298562882328,post,0.9918200373649597,0.9549529552459717,0.9757161140441895,0.46004632115364075,0.00043478055158630013,0.9797428846359253,0.9543718099594116,0.5329113006591797,0.32874491810798645,0.08744200319051743,0.5960541367530823,0.34391850233078003,0.060027290135622025,,,,,
mdeberta,Child support,298592227296,pre,0.9847963452339172,0.9387727379798889,0.8652809858322144,0.4898085594177246,0.003370045917108655,0.8474634885787964,0.9474297165870667,0.005641908384859562,0.08331523090600967,0.019133199006319046,0.37552765011787415,0.5880537629127502,0.036418616771698,,,,,
mdeberta,Child support,298592227296,post,0.991700291633606,0.9013360142707825,0.8230441212654114,0.834204375743866,0.0024438865948468447,0.025662707164883614,0.7843191027641296,0.07159119844436646,0.11774954944849014,0.18899664282798767,0.2625628411769867,0.7078198194503784,0.02961738407611847,,,,,
mdeberta,Child support,298631968380,post,0.6170511841773987,0.651091456413269,0.8929219841957092,0.2707211673259735,0.014309455640614033,0.997279703617096,0.11646221578121185,0.2577650845050812,0.18184363842010498,0.4530198574066162,0.4548846185207367,0.4119585156440735,0.1331569105386734,,,,,
mdeberta,Child support,298778755464,pre,0.9521309733390808,0.9983482956886292,0.9524857997894287,0.6377078890800476,0.005050507839769125,0.9931095242500305,0.8441522717475891,0.9754953384399414,0.9943471550941467,0.32338011264801025,0.749667227268219,0.21667933464050293,0.033653389662504196,,,,,
mdeberta,Child support,298802216664,pre,0.8199654221534729,0.9521198868751526,0.8608670234680176,0.19613242149353027,0.002182716503739357,0.9965704083442688,0.7215470671653748,0.5282900333404541,0.7183968424797058,0.8595901131629944,0.06691505014896393,0.3195457458496094,0.6135392785072327,,,,,
mdeberta,Child support,298802216664,post,0.9879693984985352,0.9980882406234741,0.9990582466125488,0.858021080493927,0.017593754455447197,0.9988947510719299,0.2755681574344635,0.8802706003189087,0.9272316694259644,0.7444706559181213,0.005577110219746828,0.08402153104543686,0.9104014039039612,,,,,
mdeberta,Child support,298885935528,pre,0.9724146723747253,0.7405028939247131,0.863256573677063,0.6250948905944824,0.0002561397268436849,0.9690398573875427,0.7897205948829651,0.6839474439620972,0.08878078311681747,0.11230768263339996,0.5483910441398621,0.3626856505870819,0.08892334997653961,,,,,
mdeberta,Child support,298885935528,post,0.9417613744735718,0.3988746702671051,0.8290773034095764,0.832168459892273,0.0016776672564446926,0.6953380703926086,0.8253083229064941,0.7862948179244995,0.26779094338417053,0.15186414122581482,0.3443158268928528,0.574933648109436,0.0807504877448082,,,,,
mdeberta,Child support,299005499412,pre,0.9097066521644592,0.9417412877082825,0.90654456615448,0.5862860083580017,0.045884035527706146,0.7997552752494812,0.9022226333618164,0.5309661626815796,0.2192956954240799,0.18162581324577332,0.08469168841838837,0.5231238603591919,0.39218443632125854,,,,,
mdeberta,Child support,299005499412,post,0.9494354724884033,0.9563904404640198,0.9641361832618713,0.46320146322250366,0.008124709129333496,0.8473371267318726,0.04917643219232559,0.7174080610275269,0.7767075896263123,0.25367608666419983,0.01368563063442707,0.1462033987045288,0.8401109576225281,,,,,
mdeberta,Child support,299006529516,post,0.9791556596755981,0.9597243070602417,0.9994887113571167,0.9826076626777649,0.0005976693937554955,0.9997783899307251,0.9775000214576721,0.9453489780426025,0.3154459595680237,0.3674972355365753,0.7926056981086731,0.18716047704219818,0.02023385278880596,,,,,
mdeberta,Child support,299096813412,pre,0.9532750248908997,0.18587329983711243,0.9609517455101013,0.34334173798561096,0.0005431519821286201,0.9962637424468994,0.034716881811618805,0.45132651925086975,0.02858479879796505,0.05052059888839722,0.21392682194709778,0.6991310119628906,0.08694219589233398,,,,,
mdeberta,Child support,299096813412,post,0.998981773853302,0.9864286780357361,0.9982624053955078,0.04894861951470375,0.0016875097062438726,0.9999008774757385,0.9903008341789246,0.02130770869553089,0.007846239022910595,0.0028283363208174706,0.7205268144607544,0.27455151081085205,0.0049217031337320805,,,,,
mdeberta,Child support,299118362148,pre,0.9950562715530396,0.9952355027198792,0.9921385645866394,0.9922294020652771,0.014531522989273071,0.9901019930839539,0.305490106344223,0.8631898760795593,0.7209089398384094,0.7887662649154663,0.0010933408048003912,0.9881936311721802,0.010713071562349796,,,,,
mdeberta,Child support,299118362148,post,0.9958256483078003,0.41664084792137146,0.9803562164306641,0.4182216227054596,0.0006745558930560946,0.997406542301178,0.39606818556785583,0.5563995838165283,0.09229841083288193,0.04690471291542053,0.6374065279960632,0.3441910147666931,0.01840248703956604,,,,,
mdeberta,Child support,299135390328,pre,0.997593879699707,0.9922669529914856,0.952175498008728,0.9937708377838135,0.07443295419216156,0.9998568296432495,0.47682324051856995,0.8748812079429626,0.6143940091133118,0.8546421527862549,0.5538215637207031,0.42879679799079895,0.01738167740404606,,,,,
mdeberta,Child support,299135390328,post,0.9867771863937378,0.3937346041202545,0.977022647857666,0.1483553946018219,0.0008847707649692893,0.9998601675033569,0.003736220533028245,0.8845139741897583,0.04270223155617714,0.02606869861483574,0.5954596400260925,0.3886098265647888,0.015930568799376488,,,,,
mdeberta,Child support,299342574612,pre,0.9821169972419739,0.9808942079544067,0.9803562164306641,0.8235945701599121,0.0007643033168278635,0.9684540033340454,0.9266363978385925,0.7423283457756042,0.5454067587852478,0.09393223375082016,0.14188599586486816,0.5781359672546387,0.27997809648513794,,,,,
mdeberta,Child support,299342574612,post,0.9876400828361511,0.9786820411682129,0.9704926013946533,0.6713089942932129,0.00204276479780674,0.950829267501831,0.9076811075210571,0.6966810822486877,0.5037841200828552,0.046703215688467026,0.12051185220479965,0.5787322521209717,0.3007558584213257,,,,,
mdeberta,Child support,299405505348,post,0.9692951440811157,0.03919513151049614,0.41878604888916016,0.3484233617782593,0.0007748163770884275,0.971258819103241,0.4644157588481903,0.3265934884548187,0.013689476996660233,0.009807557798922062,0.8154818415641785,0.1664048433303833,0.01811336912214756,,,,,
mdeberta,Child support,299438609580,pre,0.9988686442375183,0.9894499182701111,0.9939261078834534,0.35188156366348267,0.0015700474614277482,0.9990618824958801,0.05951015651226044,0.21502089500427246,0.7334519028663635,0.05584888160228729,0.9064533114433289,0.08959556370973587,0.003951094578951597,,,,,
mdeberta,Child support,299438609580,post,0.9909096360206604,0.5667680501937866,0.9900057911872864,0.10311470180749893,0.0005658799782395363,0.9992706775665283,0.02096424251794815,0.5860490798950195,0.022889841347932816,0.004886374343186617,0.7463846206665039,0.23377344012260437,0.019841976463794708,,,,,
mdeberta,Child support,299465418960,pre,0.8589627742767334,0.8876922726631165,0.9749884009361267,0.10118906199932098,0.1038394644856453,0.9886023998260498,0.16344544291496277,0.3635339140892029,0.05310790613293648,0.03252822533249855,0.1015188917517662,0.7903620004653931,0.10811908543109894,,,,,
mdeberta,Child support,299465418960,post,0.9783639907836914,0.9956473708152771,0.9983707070350647,0.9988926649093628,0.12474515289068222,0.9959219098091125,0.9864808917045593,0.9594402313232422,0.7987760305404663,0.9082116484642029,0.034411102533340454,0.5024678111076355,0.46312108635902405,,,,,
mdeberta,Child support,299545516728,post,0.7518303990364075,0.7685595154762268,0.6352506875991821,0.21190565824508667,0.0006374341901391745,0.8474634885787964,0.9082116484642029,0.08604586869478226,0.042453423142433167,0.06077977269887924,0.12193527817726135,0.7725384831428528,0.10552618652582169,,,,,
mdeberta,Child support,299558447064,pre,0.9556514024734497,0.8253611326217651,0.5638583302497864,0.41253015398979187,0.003087369492277503,0.8520758748054504,0.333720326423645,0.502685546875,0.043721672147512436,0.056734029203653336,0.2538995146751404,0.7318183183670044,0.014282125979661942,,,,,
mdeberta,Child support,299558447064,post,0.9869920611381531,0.9561044573783875,0.9942362904548645,0.9088355898857117,0.039620254188776016,0.9996874332427979,0.9995609521865845,0.9990188479423523,0.4738398790359497,0.5845083594322205,0.8802233338356018,0.10888931155204773,0.010887306183576584,,,,,
mdeberta,Child support,299590045812,pre,0.9918120503425598,0.9753137826919556,0.9854544997215271,0.6377078890800476,0.0005043191486038268,0.9695412516593933,0.9076811671257019,0.5566405653953552,0.1156981810927391,0.019615571945905685,0.4485863447189331,0.43632668256759644,0.11508702486753464,,,,,
mdeberta,Child support,299590045812,post,0.07857165485620499,0.04294240102171898,0.01024860143661499,0.089643694460392,0.0014325366355478764,0.003953089937567711,0.7880943417549133,0.03493023291230202,0.1945207715034485,0.004962942097336054,0.07343248277902603,0.6491655111312866,0.2774020731449127,,,,,
mdeberta,Child support,301010033916,pre,0.9860845804214478,0.7038167119026184,0.9968885183334351,0.9315992593765259,0.0008830458973534405,0.9467076659202576,0.570331335067749,0.6641048192977905,0.025323059409856796,0.270865797996521,0.2454090714454651,0.6769347190856934,0.07765622437000275,,,,,
mdeberta,Child support,301031710560,pre,0.9826076030731201,0.7690802216529846,0.41176119446754456,0.226313054561615,0.0001376546424580738,0.999718189239502,0.0025708680041134357,0.20641373097896576,0.01824677549302578,0.01243165135383606,0.9138758778572083,0.07838558405637741,0.0077385189943015575,,,,,
mdeberta,Child support,301031710560,post,0.9959456324577332,0.6508557200431824,0.4512811601161957,0.17617496848106384,0.00019716944370884448,0.9980713725090027,0.007800757419317961,0.14875684678554535,0.001758038648404181,0.006615392863750458,0.6564357876777649,0.3226272761821747,0.020936883985996246,,,,,
mdeberta,Child support,301040330328,post,0.999299943447113,0.9919769763946533,0.9748331308364868,0.9212514162063599,0.0008247465011663735,0.9055730700492859,0.7285552024841309,0.7431680560112,0.8698804378509521,0.53946852684021,0.14597856998443604,0.6637224555015564,0.19029898941516876,,,,,
mdeberta,Child support,301139171748,pre,0.9790257215499878,0.9896718859672546,0.9890817999839783,0.8053261637687683,0.003565736347809434,0.998458743095398,0.9524333477020264,0.7037531137466431,0.2659757733345032,0.20165596902370453,0.08843515813350677,0.8116478323936462,0.09991700947284698,,,,,
mdeberta,Child support,301139171748,post,0.9866234064102173,0.663914144039154,0.996726930141449,0.9569772481918335,0.0017106997547671199,0.9980391263961792,0.9099870324134827,0.9935867786407471,0.48730742931365967,0.7021217942237854,0.4362781047821045,0.5504311323165894,0.013290759176015854,,,,,
mdeberta,Child support,301235681412,pre,0.972701370716095,0.9574969410896301,0.9948902726173401,0.4651445150375366,0.001183279906399548,0.9913474321365356,0.7308664917945862,0.6256668567657471,0.09530734270811081,0.1902722418308258,0.8742107152938843,0.10562743246555328,0.020161809399724007,,,,,
mdeberta,Child support,301235681412,post,0.9982926845550537,0.3192274868488312,0.9831256866455078,0.5278033018112183,0.00042637469596229494,0.9223425388336182,0.8839391469955444,0.829974889755249,0.3376401662826538,0.04867657274007797,0.9049501419067383,0.08583364635705948,0.009216227568686008,,,,,
mdeberta,Child support,301489654032,pre,0.9934738874435425,0.9454245567321777,0.9948303699493408,0.9739564061164856,0.00013083976227790117,0.9827605485916138,0.9439964294433594,0.935375988483429,0.713631272315979,0.6742650270462036,0.42622336745262146,0.4945182800292969,0.07925833761692047,,,,,
mdeberta,Child support,301489654032,post,0.9981685280799866,0.9975537657737732,0.9990358948707581,0.9844152331352234,0.00019185214478056878,0.9973963499069214,0.9898671507835388,0.9499370455741882,0.9387937784194946,0.9778437614440918,0.5090684294700623,0.39694714546203613,0.0939844474196434,,,,,
mdeberta,Child support,301530007296,pre,0.9849996566772461,0.9863894581794739,0.9625148773193359,0.6785399913787842,0.0005368274869397283,0.9783271551132202,0.9668495655059814,0.7857199311256409,0.6274948120117188,0.19713513553142548,0.49796363711357117,0.48500528931617737,0.01703106053173542,,,,,
mdeberta,Child support,301530007296,post,0.9932024478912354,0.9968702793121338,0.9839245676994324,0.8893968462944031,0.0022343622986227274,0.9977895021438599,0.9000036716461182,0.8811043500900269,0.30964964628219604,0.40239208936691284,0.2569285035133362,0.706291675567627,0.03677985072135925,,,,,
mdeberta,Child support,301673236896,post,0.7863768935203552,0.9854824542999268,0.910448431968689,0.6943026781082153,0.0023688743822276592,0.7652426362037659,0.0883275717496872,0.4790162444114685,0.6406358480453491,0.16277891397476196,0.04907398670911789,0.3716175854206085,0.5793083906173706,,,,,
mdeberta,Child support,301703880780,pre,0.9829218983650208,0.9473323225975037,0.952530026435852,0.9473323822021484,0.001004416379146278,0.9993306994438171,0.35667070746421814,0.60905921459198,0.023330768570303917,0.018779069185256958,0.3393499255180359,0.5964507460594177,0.06419932842254639,,,,,
mdeberta,Child support,301754976948,pre,0.9995626211166382,0.9996132850646973,0.9992958903312683,0.9789353013038635,0.5711687207221985,0.99969881772995,0.9889811277389526,0.9981827139854431,0.9122409224510193,0.770615816116333,0.5183835625648499,0.47942641377449036,0.0021900373976677656,,,,,
mdeberta,Child support,301754976948,post,0.986903965473175,0.403566837310791,0.7117816209793091,0.47438767552375793,0.00038221667637117207,0.9905132055282593,0.8869600296020508,0.3858373761177063,0.6779006123542786,0.031656134873628616,0.9055007696151733,0.09187253564596176,0.00262666423805058,,,,,
mdeberta,Child support,301780282212,pre,0.9882788062095642,0.7408780455589294,0.9289263486862183,0.9735316634178162,0.002015082398429513,0.9843739867210388,0.2952299118041992,0.6957516074180603,0.06255973875522614,0.10557883977890015,0.3801996409893036,0.5950065851211548,0.02479380927979946,,,,,
mdeberta,Child support,301780282212,post,0.9966299533843994,0.9917163848876953,0.9877232909202576,0.7441918253898621,0.0026163391303271055,0.9998133778572083,0.9951326251029968,0.47195330262184143,0.07963873445987701,0.06211378797888756,0.649746835231781,0.32448744773864746,0.025765690952539444,,,,,
mdeberta,Child support,301829874264,pre,0.9880849719047546,0.9738038778305054,0.9773275852203369,0.8931697010993958,0.000652540591545403,0.9739962816238403,0.9453237652778625,0.672331690788269,0.7723590135574341,0.13568955659866333,0.11491264402866364,0.6869477033615112,0.19813963770866394,,,,,
mdeberta,Child support,301829874264,post,0.9880849719047546,0.9738038778305054,0.9773275852203369,0.8931697010993958,0.000652540591545403,0.9739962816238403,0.9453237652778625,0.672331690788269,0.7723590135574341,0.13568955659866333,0.11491264402866364,0.6869477033615112,0.19813963770866394,,,,,
mdeberta,Child support,301856139864,pre,0.9987767934799194,0.9909971356391907,0.9753901362419128,0.07928158342838287,0.001680941553786397,0.930742084980011,0.5813031196594238,0.16031531989574432,0.4016878008842468,0.029809478670358658,0.32624930143356323,0.6207772493362427,0.05297344550490379,,,,,
mdeberta,Child support,301856139864,post,0.9991752505302429,0.6601724028587341,0.9481785297393799,0.08733005076646805,0.0005243984051048756,0.9927109479904175,0.9993187785148621,0.09082112461328506,0.08848497271537781,0.22815649211406708,0.5939623117446899,0.40150269865989685,0.004534957930445671,,,,,
mdeberta,Child support,301878235116,pre,0.9840782880783081,0.9416541457176208,0.9841394424438477,0.6306849122047424,0.0023231625091284513,0.8869110941886902,0.06951016187667847,0.922022819519043,0.42369645833969116,0.03094371221959591,0.6844845414161682,0.24963480234146118,0.06588071584701538,,,,,
mdeberta,Child support,301878235116,post,0.9949983358383179,0.7171605229377747,0.8547028303146362,0.6326445937156677,0.0008360903011634946,0.9834068417549133,0.045681390911340714,0.7710686922073364,0.24436300992965698,0.10205274075269699,0.580851674079895,0.36313289403915405,0.056015487760305405,,,,,
mdeberta,Child support,301903336548,post,0.997115969657898,0.9393907189369202,0.9979691505432129,0.6179738640785217,0.07477004826068878,0.9997817277908325,0.008412977680563927,0.917635440826416,0.002540992572903633,0.601944625377655,0.9081384539604187,0.08835110813379288,0.003510409966111183,,,,,
mdeberta,Child support,301953198096,post,0.9675638675689697,0.7491790056228638,0.9961079359054565,0.8872045874595642,0.00028462239424698055,0.9856465458869934,0.7636600136756897,0.8311858177185059,0.44625338912010193,0.3832949995994568,0.12132738530635834,0.7443099021911621,0.13436277210712433,,,,,
mdeberta,Child support,302043826044,post,0.9797162413597107,0.005395409185439348,0.7514201998710632,0.0119842030107975,0.00014147002366371453,0.9300940036773682,0.4440825581550598,0.13501808047294617,0.009946029633283615,0.04054073989391327,0.9105009436607361,0.08186400681734085,0.007635015528649092,,,,,
mdeberta,Child support,302066194896,pre,0.9277569651603699,0.35756751894950867,0.5867596864700317,0.047580525279045105,0.0010142631363123655,0.9997262954711914,0.010693758726119995,0.12415990233421326,0.008660931140184402,0.0008917039376683533,0.8028242588043213,0.1608888804912567,0.03628687560558319,,,,,
mdeberta,Child support,302066194896,post,0.983174204826355,0.9410881996154785,0.8554591536521912,0.9640854597091675,0.004801641218364239,0.9997851252555847,0.21354113519191742,0.02909075655043125,0.4691554307937622,0.28523504734039307,0.5216447114944458,0.4653216600418091,0.013033638708293438,,,,,
mdeberta,Child support,302239108044,pre,0.9933006763458252,0.9544872641563416,0.9955228567123413,0.6146253347396851,0.00010229984764009714,0.9973425269126892,0.987532377243042,0.9721449017524719,0.17023193836212158,0.1761041283607483,0.7753596305847168,0.2096554934978485,0.014984823763370514,,,,,
mdeberta,Child support,302239108044,post,0.9612619876861572,0.5847455263137817,0.930268406867981,0.011586173437535763,0.000374095601728186,0.9976768493652344,0.3296074867248535,0.013159261085093021,0.026455773040652275,0.003572682850062847,0.838277280330658,0.15287142992019653,0.008851329796016216,,,,,
mdeberta,Child support,303085973232,pre,0.9695844650268555,0.9851003885269165,0.9518632292747498,0.8645964860916138,0.04963507130742073,0.9764905571937561,0.9632824063301086,0.9625853300094604,0.155783548951149,0.9657222032546997,0.00982933770865202,0.5211691856384277,0.46900150179862976,,,,,
mdeberta,Child support,303085973232,post,0.9866876602172852,0.9737696051597595,0.9966495633125305,0.9079263210296631,0.05347742512822151,0.9259027242660522,0.9988259077072144,0.9108531475067139,0.5916053056716919,0.9322068691253662,0.09756026417016983,0.6438290476799011,0.25861069560050964,,,,,
mdeberta,Child support,303348214044,pre,0.972926914691925,0.5090322494506836,0.7671669721603394,0.1790994256734848,0.0006550928810611367,0.6542323231697083,0.13753247261047363,0.37662312388420105,0.18847329914569855,0.3600389063358307,0.7979159951210022,0.19292964041233063,0.009154357016086578,,,,,
mdeberta,Child support,303348214044,post,0.9980543851852417,0.9982892870903015,0.9817706942558289,0.9315247535705566,0.06105910986661911,0.9997488260269165,0.16640429198741913,0.9869669675827026,0.6923040747642517,0.9538372755050659,0.0011611601803451777,0.07897616922855377,0.9198626279830933,,,,,
mdeberta,Child support,303418463580,pre,0.9911953210830688,0.9864938855171204,0.9945253729820251,0.842215359210968,0.0008592476951889694,0.9565733671188354,0.9764372110366821,0.8079157471656799,0.6592954993247986,0.38537466526031494,0.055498745292425156,0.9214336276054382,0.023067640140652657,,,,,
mdeberta,Child support,303418463580,post,0.992452085018158,0.9650720357894897,0.9823724031448364,0.6953380703926086,0.0002472934720572084,0.9783844947814941,0.9178565740585327,0.685949444770813,0.036390893161296844,0.01539491955190897,0.5663789510726929,0.36909008026123047,0.06453090161085129,,,,,
mdeberta,Child support,303428110716,post,0.080447718501091,0.1573309749364853,0.05252167209982872,0.09968911856412888,0.007176882121711969,0.10818895697593689,0.6277230381965637,0.13198222219944,0.26445332169532776,0.05497991293668747,0.29952770471572876,0.2022751271724701,0.49819719791412354,,,,,
mdeberta,Child support,303481936728,pre,0.9937949776649475,0.9965903162956238,0.997383713722229,0.6668223142623901,0.0013993983156979084,0.9996922612190247,0.9593570828437805,0.898544192314148,0.9337486624717712,0.4941408932209015,0.7603879570960999,0.23786883056163788,0.001743167289532721,,,,,
mdeberta,Child support,303481936728,post,0.9972477555274963,0.9949789047241211,0.999347448348999,0.7323047518730164,0.0010712144430726767,0.9998300671577454,0.9978448152542114,0.9073943495750427,0.9959377646446228,0.7275885343551636,0.9406091570854187,0.057489700615406036,0.0019010875839740038,,,,,
mdeberta,Child support,303624554832,pre,0.9956516027450562,0.9136380553245544,0.9947899580001831,0.5740366578102112,0.0024343819823116064,0.9997726678848267,0.9178749918937683,0.7729594111442566,0.39443421363830566,0.5841525197029114,0.27985700964927673,0.6257596611976624,0.0943833589553833,,,,,
mdeberta,Child support,303624554832,post,0.994379997253418,0.9759005308151245,0.9107837677001953,0.661048173904419,0.0049245101399719715,0.9950706958770752,0.47584885358810425,0.10056902468204498,0.268461674451828,0.28120818734169006,0.17060713469982147,0.7848542332649231,0.044538646936416626,,,,,
mdeberta,Child support,303682488948,pre,0.9894499182701111,0.6656415462493896,0.9964203834533691,0.9580302238464355,0.0004945694818161428,0.9984145164489746,0.8631610870361328,0.3364400267601013,0.012253089807927608,0.7410654425621033,0.36899012327194214,0.5824905633926392,0.048519283533096313,,,,,
mdeberta,Child support,303682488948,post,0.9654626846313477,0.9922067523002625,0.9921233057975769,0.9947747588157654,0.010755923576653004,0.9972584247589111,0.6428809762001038,0.4098702073097229,0.3858373463153839,0.9944396615028381,0.9170558452606201,0.07553425431251526,0.007409840822219849,,,,,
mdeberta,Child support,303798632832,pre,0.9565492868423462,0.23361891508102417,0.686580240726471,0.5547116994857788,0.0007808885420672596,0.9438154697418213,0.7246754765510559,0.9590920805931091,0.15146659314632416,0.012194132432341576,0.42644667625427246,0.5552416443824768,0.01831166259944439,,,,,
mdeberta,Child support,303798632832,post,0.6745866537094116,0.3891982436180115,0.9121040105819702,0.9554179906845093,0.00042554308311082423,0.9007919430732727,0.9491298794746399,0.9564261436462402,0.06142403930425644,0.48999157547950745,0.696044921875,0.2755189538002014,0.028436124324798584,,,,,
mdeberta,Child support,304167717864,pre,0.9732534289360046,0.9424273371696472,0.9841394424438477,0.991169810295105,0.10466019809246063,0.9997949600219727,0.9986903667449951,0.9991440773010254,0.9067770838737488,0.9889492392539978,0.8593726754188538,0.06659206748008728,0.07403533160686493,,,,,
mdeberta,Child support,304167717864,post,0.9771755933761597,0.9960928559303284,0.9982143044471741,0.97933429479599,0.022694088518619537,0.9987006187438965,0.45834869146347046,0.9499254822731018,0.257951945066452,0.9307263493537903,0.11321578174829483,0.5575397610664368,0.329244464635849,,,,,
mdeberta,Child support,304277772780,post,0.9742517471313477,0.7068991661071777,0.7946440577507019,0.19796724617481232,0.023353030905127525,0.99436354637146,0.997607946395874,0.3029578924179077,0.4260827898979187,0.21153895556926727,0.42726975679397583,0.5359163284301758,0.036813970655202866,,,,,
mdeberta,Child support,304323598044,pre,0.7930157780647278,0.913058340549469,0.41569918394088745,0.3077999949455261,0.003983970731496811,0.7790697813034058,0.7531036734580994,0.7829530239105225,0.5284117460250854,0.3376401960849762,0.2875007688999176,0.5733711123466492,0.13912814855575562,,,,,
mdeberta,Child support,304323598044,post,0.8994199633598328,0.9924740195274353,0.9132713079452515,0.41917237639427185,0.002273895312100649,0.8464508056640625,0.633183479309082,0.9486443996429443,0.7512834072113037,0.35197901725769043,0.4813717007637024,0.40783727169036865,0.11079099774360657,,,,,
mdeberta,Child support,305108492832,pre,0.9431122541427612,0.9953814148902893,0.9938190579414368,0.7653303742408752,0.004015091806650162,0.973596453666687,0.9314936995506287,0.6931614875793457,0.6608293056488037,0.4763360619544983,0.2425261288881302,0.573329746723175,0.18414412438869476,,,,,
mdeberta,Child support,305108492832,post,0.646683394908905,0.41276684403419495,0.7762414813041687,0.21109136939048767,0.0006487307837232947,0.9984021186828613,0.22151903808116913,0.11177334934473038,0.5097643733024597,0.24400252103805542,0.032955095171928406,0.19166824221611023,0.7753766775131226,,,,,
mdeberta,Child support,305161161516,post,0.9858003258705139,0.875361442565918,0.9912548065185547,0.8947435021400452,0.0003583672805689275,0.9441382884979248,0.8107787370681763,0.9776765704154968,0.7627776265144348,0.491211861371994,0.712205171585083,0.24632689356803894,0.04146796464920044,,,,,
mdeberta,Child support,305308765296,pre,0.9248066544532776,0.43458127975463867,0.9086609482765198,0.7179027199745178,0.006957609206438065,0.9753783345222473,0.9939261078834534,0.5029296875,0.43170398473739624,0.06899674981832504,0.6096411347389221,0.3545602560043335,0.03579862788319588,,,,,
mdeberta,Child support,305308765296,post,0.9679296016693115,0.9851861000061035,0.9760836362838745,0.6961649060249329,0.019681410863995552,0.9899961352348328,0.963911771774292,0.8300265669822693,0.12064587324857712,0.500732421875,0.30762314796447754,0.662463366985321,0.02991347573697567,,,,,
mdeberta,Child support,305448165180,pre,0.9972044825553894,0.9765129089355469,0.8319637775421143,0.03225276246666908,0.0010242064017802477,0.9716985821723938,0.2705765962600708,0.033526163548231125,0.29128316044807434,0.007025407627224922,0.1812538206577301,0.749444305896759,0.06930191814899445,,,,,
mdeberta,Child support,305448165180,post,0.9635748267173767,0.9737696647644043,0.8123840093612671,0.16715069115161896,0.0012943680630996823,0.9980006217956543,0.7800766825675964,0.08555635064840317,0.02588338777422905,0.0032350558321923018,0.3501012325286865,0.6027830839157104,0.047115739434957504,,,,,
mdeberta,Child support,305573133348,pre,0.4946290850639343,0.04622727259993553,0.18790915608406067,0.10614791512489319,0.0006878512213006616,0.35197901725769043,0.04535258561372757,0.047835636883974075,0.030646778643131256,0.019624963402748108,0.2904054820537567,0.6453947424888611,0.06419984251260757,,,,,
mdeberta,Child support,305573133348,post,0.9705764055252075,0.9888741970062256,0.9713201522827148,0.9844862222671509,0.04358917102217674,0.9873445630073547,0.8433475494384766,0.7002290487289429,0.04048379510641098,0.8150761127471924,0.027814440429210663,0.4875169098377228,0.48466867208480835,,,,,
mdeberta,Child support,305611706160,pre,0.880000114440918,0.951935887336731,0.6885731220245361,0.8551267385482788,0.005139611195772886,0.9064048528671265,0.56193608045578,0.8079157471656799,0.8388778567314148,0.537041425704956,0.04375430569052696,0.4608544409275055,0.49539127945899963,,,,,
mdeberta,Child support,305611706160,post,0.9950128793716431,0.9664738774299622,0.9994505047798157,0.9203970432281494,0.003517488483339548,0.999887228012085,0.9835101366043091,0.8768520951271057,0.16402210295200348,0.9221149682998657,0.9893010258674622,0.008289435878396034,0.002409503096714616,,,,,
mdeberta,Child support,305637566832,pre,0.34246155619621277,0.9845495223999023,0.9439964294433594,0.7543725371360779,0.0060328044928610325,0.9733612537384033,0.13568955659866333,0.9501804113388062,0.6406358480453491,0.35465654730796814,0.017314551398158073,0.29105812311172485,0.6916273832321167,,,,,
mdeberta,Child support,305740711980,pre,0.952838122844696,0.6806133389472961,0.6592954993247986,0.7638362646102905,0.013222821056842804,0.9907945990562439,0.3020821511745453,0.6433292627334595,0.6963714361190796,0.6838419437408447,0.5821548700332642,0.2853868901729584,0.13245826959609985,,,,,
mdeberta,Child support,305740711980,post,0.9858821034431458,0.8624095916748047,0.9729980826377869,0.25963789224624634,0.008364237844944,0.9919652342796326,0.8837888240814209,0.5578452944755554,0.017844460904598236,0.25832599401474,0.962800145149231,0.03566795215010643,0.0015318657970055938,,,,,
mdeberta,Child support,305854117128,pre,0.9017910361289978,0.7552762031555176,0.2748255133628845,0.05510690063238144,0.8577085733413696,0.8338664174079895,0.9028026461601257,0.05079945549368858,0.47268348932266235,0.045005038380622864,0.18625298142433167,0.5199419856071472,0.2938050627708435,,,,,
mdeberta,Child support,305854117128,post,0.32167306542396545,0.1438930332660675,0.6480209827423096,0.18308186531066895,0.00017468635633122176,0.5910152792930603,0.33524200320243835,0.499755859375,0.3643251061439514,0.2516476809978485,0.06672479212284088,0.48556724190711975,0.4477079212665558,,,,,
mdeberta,Child support,305892698148,pre,0.9980581998825073,0.025528747588396072,0.49578866362571716,0.0009697519126348197,0.0021531416568905115,0.9998089075088501,0.0034429808147251606,0.0018785204738378525,0.027272669598460197,0.004046455025672913,0.9093524813652039,0.08641982823610306,0.004227619152516127,,,,,
mdeberta,Child support,305892698148,post,0.9855104088783264,0.26951780915260315,0.6856864094734192,0.12603028118610382,0.04655127227306366,0.9962891340255737,0.26454833149909973,0.41182035207748413,0.11316239833831787,0.006764645222574472,0.9263331890106201,0.06906461715698242,0.0046022552996873856,,,,,
mdeberta,Child support,305925391980,pre,0.9252468943595886,0.9891501665115356,0.9834068417549133,0.9435429573059082,0.0016009643441066146,0.9785569906234741,0.9626116156578064,0.6601723432540894,0.6714705228805542,0.297061949968338,0.03356831520795822,0.8045961260795593,0.16183555126190186,,,,,
mdeberta,Child support,305925391980,post,0.9935179948806763,0.7209088802337646,0.9569370150566101,0.507323682308197,0.002477445174008608,0.9980083107948303,0.9971467852592468,0.5365557670593262,0.6156657338142395,0.7721013426780701,0.9346960783004761,0.06198190897703171,0.0033220199402421713,,,,,
mdeberta,Child support,305971564032,pre,0.9831902980804443,0.996720552444458,0.9993081092834473,0.9884250164031982,0.03070485033094883,0.9973477125167847,0.94438236951828,0.9304424524307251,0.9077629446983337,0.9897909164428711,0.004325062036514282,0.0784432664513588,0.9172316193580627,,,,,
mdeberta,Child support,305971564032,post,0.993320107460022,0.9995243549346924,0.9990188479423523,0.851150393486023,0.12252320349216461,0.9996380805969238,0.9972370266914368,0.9832627773284912,0.9419218897819519,0.8252379298210144,0.007262042257934809,0.33518823981285095,0.6575497388839722,,,,,
mdeberta,Child support,306046189116,pre,0.858807384967804,0.9678689241409302,0.9788545966148376,0.730740487575531,0.007410193327814341,0.9684409499168396,0.023712066933512688,0.8388283252716064,0.6482436656951904,0.9329285025596619,0.05150875076651573,0.3462029695510864,0.6022882461547852,,,,,
mdeberta,Child support,306046189116,post,0.18434497714042664,0.9840553402900696,0.8910253643989563,0.7721872925758362,0.002560870721936226,0.8553081750869751,0.7532852292060852,0.90473473072052,0.9248236417770386,0.47536176443099976,0.02521602250635624,0.6541514992713928,0.32063254714012146,,,,,
mdeberta,Child support,306075936960,pre,0.9878058433532715,0.7834091186523438,0.9105851650238037,0.6387225985527039,0.004547263961285353,0.9974589943885803,0.6691235303878784,0.7795212268829346,0.05577168986201286,0.08438894897699356,0.6440366506576538,0.3133806884288788,0.04258265718817711,,,,,
mdeberta,Child support,306075936960,post,0.9473079442977905,0.7887459397315979,0.9252300262451172,0.20173458755016327,0.0015792594058439136,0.9891475439071655,0.9456006288528442,0.650245189666748,0.14730969071388245,0.08569014817476273,0.7274687886238098,0.2542302906513214,0.018300967290997505,,,,,
mdeberta,Child support,306151934148,pre,0.965560257434845,0.9010751843452454,0.4058607518672943,0.4816976487636566,0.001396671636030078,0.9920079708099365,0.8121234774589539,0.49145591259002686,0.06376963108778,0.15739572048187256,0.06781322509050369,0.809512734413147,0.12267402559518814,,,,,
mdeberta,Child support,306151934148,post,0.9814978241920471,0.29930996894836426,0.9445408582687378,0.31869715452194214,0.00012558253365568817,0.992742657661438,0.6062653660774231,0.7170118689537048,0.377540647983551,0.04090014845132828,0.6579660773277283,0.31621626019477844,0.025817571207880974,,,,,
mdeberta,Child support,306376282044,pre,0.9742761850357056,0.9991752505302429,0.10150035470724106,0.9937949776649475,0.08162949979305267,0.9994568824768066,0.9336126446723938,0.9927109479904175,0.9643550515174866,0.9921385049819946,0.009270651265978813,0.2656879127025604,0.7250413298606873,,,,,
mdeberta,Child support,306376282044,post,0.9957519769668579,0.9982195496559143,0.9977437853813171,0.9657222032546997,0.5226894617080688,0.9997949600219727,0.16599832475185394,0.8949043154716492,0.9432692527770996,0.9978635907173157,0.0038143424317240715,0.32129573822021484,0.6748899221420288,,,,,
mdeberta,Child support,306384353244,post,0.967868983745575,0.9507550001144409,0.9458512663841248,0.9405171871185303,0.012870748527348042,0.9860308766365051,0.749454140663147,0.90548175573349,0.0952863022685051,0.4481847286224365,0.13043735921382904,0.7881758213043213,0.08138682693243027,,,,,
mdeberta,Child support,308006390160,pre,0.315947026014328,0.8749346137046814,0.3361130952835083,0.8316906094551086,0.01609087362885475,0.7343100905418396,0.2041831612586975,0.5165954232215881,0.4605315327644348,0.30902373790740967,0.07776565104722977,0.4452219009399414,0.4770124554634094,,,,,
mdeberta,Child support,308006390160,post,0.9736446738243103,0.9528600573539734,0.965368926525116,0.9603239297866821,0.012395733036100864,0.9837715029716492,0.9517960548400879,0.9017477631568909,0.6957516074180603,0.8424747586250305,0.045094046741724014,0.9209003448486328,0.0340055488049984,,,,,
mdeberta,Child support,308492647812,pre,0.5095203518867493,0.45713672041893005,0.41739019751548767,0.00657699815928936,0.00469093257561326,0.2581389248371124,0.5039061307907104,0.08038453757762909,0.01019919104874134,0.06310602277517319,0.9250338673591614,0.06681319326162338,0.008152992464601994,,,,,
mdeberta,Child support,308492647812,post,0.9338166117668152,0.30556780099868774,0.9755653142929077,0.4455295205116272,0.0022872276604175568,0.9753570556640625,0.9856284260749817,0.5571225881576538,0.0037580940406769514,0.0659724548459053,0.9663262367248535,0.03155167028307915,0.0021221034694463015,,,,,
mdeberta,Child support,308495727864,pre,0.8474634885787964,0.4641728401184082,0.7878496050834656,0.8545207977294922,0.004166256636381149,0.10026028007268906,0.5075677633285522,0.5489153265953064,0.6209664344787598,0.05310483276844025,0.20282253623008728,0.6938889026641846,0.10328856855630875,,,,,
mdeberta,Child support,308495727864,post,0.705246090888977,0.9950659275054932,0.9665370583534241,0.9430205225944519,0.039676032960414886,0.9979169964790344,0.9727790951728821,0.9928508996963501,0.9491062760353088,0.9524747729301453,0.07087117433547974,0.8695221543312073,0.059606704860925674,,,,,
mdeberta,Child support,308510639748,pre,0.977022647857666,0.937325656414032,0.7933462262153625,0.10132236778736115,0.00031258779927156866,0.9849055409431458,0.4028618633747101,0.2674559950828552,0.10445448756217957,0.026531340554356575,0.2785338759422302,0.7079694867134094,0.013496629893779755,,,,,
mdeberta,Child support,308510639748,post,0.982151210308075,0.9514533281326294,0.9520279169082642,0.9641994833946228,0.008404834195971489,0.9393316507339478,0.8569320440292358,0.83601975440979,0.7407374382019043,0.49755859375,0.6094431281089783,0.3160977363586426,0.07445915043354034,,,,,
mdeberta,Child support,308613650832,pre,0.9890660047531128,0.40812933444976807,0.7257458567619324,0.21382829546928406,0.008251599036157131,0.9687491655349731,0.703141987323761,0.15329548716545105,0.13175863027572632,0.045394882559776306,0.6946629285812378,0.2090599536895752,0.09627709537744522,,,,,
mdeberta,Child support,308613650832,post,0.9971019625663757,0.9708263874053955,0.9897116422653198,0.6647579669952393,0.011288073845207691,0.9968550205230713,0.7399864792823792,0.9083793759346008,0.9498557448387146,0.45713672041893005,0.6180097460746765,0.3583758771419525,0.02361437864601612,,,,,
mdeberta,Child support,308641552560,post,0.727878749370575,0.959516167640686,0.9596676826477051,0.05026066675782204,0.0006550928810611367,0.5836780071258545,0.18716982007026672,0.05648304149508476,0.050541095435619354,0.07419362664222717,0.08132446557283401,0.8145583868026733,0.10411719977855682,,,,,
mdeberta,Child support,308671922160,pre,0.9831822514533997,0.2006751447916031,0.9932419061660767,0.2538610100746155,0.0003829636552836746,0.9989473819732666,0.7954992651939392,0.8658775091171265,0.4637477993965149,0.44975513219833374,0.9380373358726501,0.05984971672296524,0.0021129532251507044,,,,,
mdeberta,Child support,308671922160,post,0.99263995885849,0.9909797310829163,0.9870420694351196,0.06796304881572723,0.0038468721322715282,0.9970507621765137,0.9490177631378174,0.3650038540363312,0.14083771407604218,0.29828691482543945,0.5826389789581299,0.40083280205726624,0.016528194770216942,,,,,
mdeberta,Child support,308779242444,post,0.9803749918937683,0.9876876473426819,0.986336886882782,0.1057865172624588,0.005876738112419844,0.9826326966285706,0.3974705636501312,0.1505081206560135,0.04535258188843727,0.11858908832073212,0.26083195209503174,0.232396200299263,0.5067718625068665,,,,,
mdeberta,Child support,309001268160,pre,0.9599876999855042,0.9699282050132751,0.9950177669525146,0.25583142042160034,0.009467381052672863,0.9899232983589172,0.1989186704158783,0.17820382118225098,0.00677120964974165,0.03372051566839218,0.24745257198810577,0.7252644300460815,0.027282975614070892,,,,,
mdeberta,Child support,309001268160,post,0.9943908452987671,0.9972477555274963,0.9393316507339478,0.010818447917699814,0.002601094078272581,0.9610340595245361,0.5214711427688599,0.0010024585062637925,0.07575768977403641,0.00667987996712327,0.3725225031375885,0.6162886023521423,0.011188945733010769,,,,,
mdeberta,Child support,309007154664,post,0.5329113602638245,0.5314525961875916,0.9838548898696899,0.7579735517501831,0.0011402228847146034,0.9693187475204468,0.6529056429862976,0.8829839825630188,0.31257978081703186,0.45810624957084656,0.007300781086087227,0.19219090044498444,0.8005083203315735,,,,,
mdeberta,Child support,309010917348,pre,0.9777244925498962,0.826261043548584,0.9623117446899414,0.9220272302627563,0.0012843081494793296,0.9898155927658081,0.7953006029129028,0.883537769317627,0.3209277093410492,0.7690802216529846,0.8960070610046387,0.08824148774147034,0.01575145497918129,,,,,
mdeberta,Child support,309010917348,post,0.9738568067550659,0.8690353035926819,0.8695069551467896,0.8037135601043701,0.0005953406216576695,0.9888311624526978,0.9748091697692871,0.6473524570465088,0.49047964811325073,0.6413100361824036,0.925321102142334,0.06634622812271118,0.008332636207342148,,,,,
mdeberta,Child support,309083079348,pre,0.7702056169509888,0.8697699308395386,0.23174460232257843,0.1045687273144722,0.004783010575920343,0.4809662401676178,0.31615808606147766,0.18046747148036957,0.3565586805343628,0.07881946116685867,0.03366836532950401,0.26997944712638855,0.6963521838188171,,,,,
mdeberta,Child support,309083079348,post,0.803289532661438,0.8987886905670166,0.33829569816589355,0.08844560384750366,0.006326631642878056,0.41679662466049194,0.113481305539608,0.09940462559461594,0.26759952306747437,0.0705115795135498,0.05432539060711861,0.30905431509017944,0.636620283126831,,,,,
mdeberta,Child support,309102981696,pre,0.879561185836792,0.8997176885604858,0.9506405591964722,0.48877137899398804,0.0033050787169486284,0.9465225338935852,0.8247444033622742,0.5551940202713013,0.6359010338783264,0.15034043788909912,0.08479279279708862,0.7436699271202087,0.17153725028038025,,,,,
mdeberta,Child support,309102981696,post,0.9849563241004944,0.6347697377204895,0.8804506063461304,0.6618135571479797,0.0002152792294509709,0.994718611240387,0.08488544821739197,0.378459095954895,0.16498680412769318,0.033407703042030334,0.8012245893478394,0.19233937561511993,0.006436098366975784,,,,,
mdeberta,Child support,309120765696,post,0.9833987951278687,0.5609592795372009,0.9933459758758545,0.8877166509628296,0.000534735678229481,0.9825261235237122,0.9801102876663208,0.9942530393600464,0.6128890514373779,0.5774953365325928,0.8372102975845337,0.12203329801559448,0.040756456553936005,,,,,
mdeberta,Child support,309889927116,pre,0.9994847178459167,0.9963214993476868,0.9985133409500122,0.9988597631454468,0.030763035640120506,0.9997704029083252,0.9234543442726135,0.95735764503479,0.5329113602638245,0.9150718450546265,0.8650877475738525,0.12933944165706635,0.005572863854467869,,,,,
mdeberta,Child support,309889927116,post,0.9964961409568787,0.9992692470550537,0.9994876980781555,0.9901401400566101,0.07517640292644501,0.9993228316307068,0.8733566999435425,0.9988905191421509,0.9926256537437439,0.9294724464416504,0.9304522275924683,0.06148996204137802,0.008057854138314724,,,,,
mdeberta,Child support,309980008548,post,0.16033175587654114,0.6349961161613464,0.0030160662718117237,0.21866938471794128,0.00033996489946730435,0.0582922101020813,0.07159119844436646,0.1552705019712448,0.23828423023223877,0.04243358224630356,0.04150968790054321,0.5895107388496399,0.3689795732498169,,,,,
mdeberta,Child support,310130760096,pre,0.6732990741729736,0.6432172656059265,0.018779071047902107,0.2986958920955658,0.00016931274149101228,0.7092205882072449,0.462473064661026,0.3372035324573517,0.27884554862976074,0.04107348993420601,0.19074863195419312,0.7003535628318787,0.10889777541160583,,,,,
mdeberta,Child support,310130760096,post,0.9345895051956177,0.9526292085647583,0.20537588000297546,0.5554352402687073,0.0696682333946228,0.8030193448066711,0.6417592167854309,0.38618454337120056,0.6148566007614136,0.05817338079214096,0.17237314581871033,0.5264291167259216,0.30119773745536804,,,,,
mdeberta,Child support,310464070560,pre,0.9842305779457092,0.8444089889526367,0.9510059356689453,0.2839799225330353,0.0020748667884618044,0.9610980749130249,0.7943849563598633,0.5479479432106018,0.3731902539730072,0.2979804277420044,0.49635931849479675,0.4521610140800476,0.05147965997457504,,,,,
mdeberta,Child support,310464070560,post,0.8481565117835999,0.04296247288584709,0.7338334918022156,0.08725225180387497,0.03581319376826286,0.9956516027450562,0.9404625296592712,0.9961079359054565,0.483648419380188,0.873862087726593,0.18736638128757477,0.4799191653728485,0.3327144980430603,,,,,
mdeberta,Child support,310472966664,pre,0.9980334639549255,0.9950177073478699,0.9959613680839539,0.9131358861923218,0.0013458604225888848,0.9998655319213867,0.5023956298828125,0.8606036305427551,0.5751108527183533,0.6224592924118042,0.7396835684776306,0.2420235425233841,0.018292944878339767,,,,,
mdeberta,Child support,310472966664,post,0.9984391331672668,0.9983288645744324,0.9990034103393555,0.9822366833686829,0.07204689085483551,0.9996793866157532,0.9150149822235107,0.9229697585105896,0.7628743052482605,0.814495861530304,0.4573773741722107,0.541031539440155,0.0015910211950540543,,,,,
mdeberta,Child support,310513113360,pre,0.9540464282035828,0.9595351219177246,0.9437766075134277,0.86200350522995,0.0008864989504218102,0.960416853427887,0.9198587536811829,0.8927963972091675,0.23318210244178772,0.6428809762001038,0.4782468378543854,0.5110836029052734,0.010669536888599396,,,,,
mdeberta,Child support,310513113360,post,0.9814000725746155,0.9881480932235718,0.9447754621505737,0.3254133462905884,0.0006190416170284152,0.9419218301773071,0.87103670835495,0.7977932095527649,0.47682327032089233,0.05880357697606087,0.4355257749557495,0.46896523237228394,0.09550895541906357,,,,,
mdeberta,Child support,310542183360,post,0.13454832136631012,0.9275932312011719,0.019032657146453857,0.7201715111732483,0.0003611769643612206,0.8373541831970215,0.7749242186546326,0.7846492528915405,0.6242935061454773,0.6315943002700806,0.0320947989821434,0.6273728013038635,0.34053242206573486,,,,,
mdeberta,Child support,310634528148,pre,0.9943471550941467,0.975669801235199,0.9707432985305786,0.9743617177009583,0.000205022151931189,0.9988236427307129,0.07118658721446991,0.8770167231559753,0.004727549850940704,0.006944126449525356,0.3305007219314575,0.6141830682754517,0.05531623587012291,,,,,
mdeberta,Child support,310634528148,post,0.9935619235038757,0.939024806022644,0.9888203740119934,0.014009566977620125,0.0006300125387497246,0.9990187883377075,0.03462342917919159,0.0541987307369709,0.005911068990826607,0.059893906116485596,0.5277358889579773,0.35747647285461426,0.11478757113218307,,,,,
mdeberta,Child support,310788697644,pre,0.998595118522644,0.9788748025894165,0.9618217349052429,0.9864417314529419,0.01829933375120163,0.9998537302017212,0.40856802463531494,0.9786515235900879,0.17706257104873657,0.9087343811988831,0.8613184094429016,0.11253991723060608,0.026141658425331116,,,,,
mdeberta,Child support,310788697644,post,0.9597243070602417,0.9742149114608765,0.6345150470733643,0.5718861222267151,0.0028173401951789856,0.9904197454452515,0.18271701037883759,0.49755859375,0.3118458390235901,0.060141827911138535,0.15709158778190613,0.7536622285842896,0.0892462432384491,,,,,
mdeberta,Child support,310832068716,pre,0.9977959394454956,0.9964892864227295,0.9982590079307556,0.9963994026184082,0.4401082694530487,0.9776499271392822,0.6247515082359314,0.7434940338134766,0.9758775234222412,0.9857043027877808,0.3421964645385742,0.5587037801742554,0.0990997776389122,,,,,
mdeberta,Child support,310832068716,post,0.1766715943813324,0.03547750413417816,0.004773722495883703,0.025383388623595238,0.00020184421737212688,0.3849121630191803,0.5375269651412964,0.02190636657178402,0.029215136542916298,0.011915022507309914,0.44995632767677307,0.44776463508605957,0.10227908194065094,,,,,
mdeberta,Child support,310852586664,post,0.44975510239601135,0.16899405419826508,0.5405600666999817,0.3255205452442169,0.0011559008853510022,0.04893725365400314,0.31027624011039734,0.22282694280147552,0.044059764593839645,0.060076307505369186,0.04705994948744774,0.3114927113056183,0.6414473056793213,,,,,
mdeberta,Child support,310867357644,pre,0.9822238683700562,0.9728307723999023,0.9972262382507324,0.9969956278800964,0.32118046283721924,0.9993712306022644,0.9918121099472046,0.9368651509284973,0.9854964017868042,0.6904025077819824,0.017185429111123085,0.631171464920044,0.35164305567741394,,,,,
mdeberta,Child support,310867357644,post,0.9852643013000488,0.8773717880249023,0.9907856583595276,0.8029420971870422,0.006145091727375984,0.9998898506164551,0.9966036081314087,0.5820159316062927,0.9762199521064758,0.19705788791179657,0.7956059575080872,0.19478130340576172,0.009612731635570526,,,,,
mdeberta,Child support,310956209928,pre,0.9930626153945923,0.899827778339386,0.9925393462181091,0.7177048921585083,0.006097562611103058,0.9958255887031555,0.9990187883377075,0.8485962152481079,0.06486049294471741,0.01428193412721157,0.846760094165802,0.1491703987121582,0.004069527145475149,,,,,
mdeberta,Child support,310956209928,post,0.9919302463531494,0.188323974609375,0.7926047444343567,0.16932861506938934,0.00014710471441503614,0.9996659159660339,0.02422608993947506,0.815232515335083,0.35510367155075073,0.12445222586393356,0.6654075384140015,0.32200583815574646,0.012586519122123718,,,,,
mdeberta,Child support,311914424844,pre,0.9924448132514954,0.9970478415489197,0.9949690699577332,0.9440318942070007,0.0029235428664833307,0.9998798966407776,0.9762426614761353,0.3703392744064331,0.1924634575843811,0.4330221712589264,0.45867806673049927,0.420906662940979,0.12041525542736053,,,,,
mdeberta,Child support,311914424844,post,0.9699708819389343,0.8113772869110107,0.9930558800697327,0.5886526703834534,0.0003844619495794177,0.9998012781143188,0.4562886357307434,0.02015802077949047,0.18771828711032867,0.3911733329296112,0.5512878894805908,0.37769362330436707,0.0710185244679451,,,,,
mdeberta,Child support,312036589980,pre,0.9640347361564636,0.9237300157546997,0.9687380790710449,0.5043944120407104,0.007861458696424961,0.995309054851532,0.9022871851921082,0.9956261515617371,0.1710914969444275,0.34620964527130127,0.04128160700201988,0.766102135181427,0.1926163136959076,,,,,
mdeberta,Child support,312036589980,post,0.9356852769851685,0.7579287886619568,0.9942362904548645,0.4591367840766907,0.0028449096716940403,0.999191164970398,0.9743837714195251,0.9878996014595032,0.6586371064186096,0.007331598550081253,0.9329469799995422,0.06324032694101334,0.003812741255387664,,,,,
mdeberta,Child support,312063130548,pre,0.49316444993019104,0.4527778923511505,0.5416512489318848,0.5921950340270996,0.0023322338238358498,0.8450494408607483,0.7453984022140503,0.5822535157203674,0.09230481088161469,0.7409248948097229,0.2116083800792694,0.6150059103965759,0.17338569462299347,,,,,
mdeberta,Child support,312063130548,post,0.9468891024589539,0.9315248727798462,0.5834407210350037,0.14445030689239502,0.003409635741263628,0.997961163520813,0.8450654745101929,0.29370826482772827,0.5036620497703552,0.5886526703834534,0.07280591875314713,0.29021140933036804,0.6369826793670654,,,,,
mdeberta,Child support,312089803128,pre,0.920128345489502,0.9460261464118958,0.9574571251869202,0.773847222328186,0.0020547446329146624,0.9949788451194763,0.7233095169067383,0.7398925423622131,0.5048826932907104,0.3242354094982147,0.45012763142585754,0.4882512092590332,0.06162118911743164,,,,,
mdeberta,Child support,312089803128,post,0.6541494727134705,0.9608415961265564,0.36857613921165466,0.09301680326461792,0.002174225402995944,0.9905691742897034,0.3654566705226898,0.1629786342382431,0.20091021060943604,0.031173311173915863,0.46532273292541504,0.43077361583709717,0.10390360653400421,,,,,
mdeberta,Child support,312227975232,pre,0.990044355392456,0.9964272975921631,0.9962088465690613,0.8484392762184143,0.005469274241477251,0.9991204738616943,0.7223556637763977,0.952164351940155,0.4312248229980469,0.2959415912628174,0.28368356823921204,0.7103999257087708,0.005916483234614134,,,,,
mdeberta,Child support,312227975232,post,0.9986249804496765,0.8636792898178101,0.9921689629554749,0.04088399186730385,0.002309621311724186,0.9969927072525024,0.7470627427101135,0.9071272611618042,0.04556445777416229,0.009840806014835835,0.8705981969833374,0.12074930965900421,0.008652535267174244,,,,,
mdeberta,Child support,312294663864,pre,0.9664738774299622,0.9877172708511353,0.9619470834732056,0.9304582476615906,0.0007110568112693727,0.9960813522338867,0.9311814308166504,0.9488935470581055,0.9144436717033386,0.537041425704956,0.05888216942548752,0.8763219714164734,0.0647958368062973,,,,,
mdeberta,Child support,312294663864,post,0.9929609298706055,0.22059419751167297,0.9955489635467529,0.2948998510837555,0.001995538594201207,0.9866684675216675,0.999509334564209,0.04046483710408211,0.04237409681081772,0.056262265890836716,0.8298308849334717,0.165814608335495,0.004354552831500769,,,,,
mdeberta,Child support,312381322560,post,0.9957062602043152,0.9975465536117554,0.9841394424438477,0.29818472266197205,0.0011247574584558606,0.997188150882721,0.9873262643814087,0.2283715307712555,0.24981309473514557,0.017925936728715897,0.8851152062416077,0.10934754461050034,0.005537256132811308,,,,,
mdeberta,Child support,312419011644,pre,0.5429844856262207,0.9683811664581299,0.6777939796447754,0.319121390581131,0.0015854305820539594,0.7000752687454224,0.0032794431317597628,0.4564097821712494,0.20761606097221375,0.025148896500468254,0.011353517882525921,0.5567441582679749,0.43190234899520874,,,,,
mdeberta,Child support,312419011644,post,0.6715782880783081,0.9645057916641235,0.8715841770172119,0.9485849142074585,0.0362541638314724,0.9182056188583374,0.014700298197567463,0.47317031025886536,0.5914873480796814,0.3195458948612213,0.01606564410030842,0.10420635342597961,0.8797280192375183,,,,,
mdeberta,Child support,312511287348,post,0.11729379743337631,0.004618542268872261,0.003135835751891136,0.0021033689845353365,0.0031054564751684666,0.958615243434906,0.4171527326107025,0.002992665395140648,0.005149607080966234,0.32477056980133057,0.3937494456768036,0.5125440359115601,0.09370652586221695,,,,,
mdeberta,Child support,312593093748,pre,0.9929814338684082,0.8206670880317688,0.9768907427787781,0.21568095684051514,0.0004646189627237618,0.9975537657737732,0.9486443996429443,0.449634313583374,0.1622680127620697,0.05975658446550369,0.9394991993904114,0.05274474248290062,0.007756040431559086,,,,,
mdeberta,Child support,312593093748,post,0.9678537249565125,0.988385796546936,0.7529220581054688,0.9840131998062134,0.0006424304447136819,0.9915503263473511,0.9445360898971558,0.9968396425247192,0.7793218493461609,0.5655387043952942,0.3214428424835205,0.6627861857414246,0.01577097550034523,,,,,
mdeberta,Child support,312646511412,post,0.9536110162734985,0.6569885015487671,0.9828068017959595,0.8090497851371765,0.001492425100877881,0.9841394424438477,0.7568072080612183,0.7114309072494507,0.2433726042509079,0.24454337358474731,0.6698985695838928,0.2935425341129303,0.036558847874403,,,,,
mdeberta,Child support,312735843180,pre,0.996714174747467,0.824695885181427,0.9866233468055725,0.9764905571937561,0.00030894720111973584,0.996720552444458,0.9295363426208496,0.5879430770874023,0.48755142092704773,0.2091464400291443,0.9044724106788635,0.09195883572101593,0.003568679094314575,,,,,
mdeberta,Child support,312735843180,post,0.985868513584137,0.994168758392334,0.9796676635742188,0.7373473644256592,0.0005636750138364732,0.9956747889518738,0.9747637510299683,0.16609974205493927,0.19004666805267334,0.5411663055419922,0.9392839074134827,0.054141562432050705,0.006574534345418215,,,,,
mdeberta,Child support,312744733128,pre,0.9828397631645203,0.8280194997787476,0.9757738709449768,0.7572562098503113,0.0003125878283753991,0.9929847717285156,0.9991735816001892,0.5727227926254272,0.2818007171154022,0.3995772898197174,0.9013200402259827,0.09145394712686539,0.007226020563393831,,,,,
mdeberta,Child support,312744733128,post,0.9873140454292297,0.5981948375701904,0.9564261436462402,0.7138307690620422,0.0014579035341739655,0.99484783411026,0.987098217010498,0.7199746966362,0.17426970601081848,0.7505527138710022,0.9960156083106995,0.0030546148773282766,0.0009297871729359031,,,,,
mdeberta,Child support,312797949012,pre,0.9864156246185303,0.9949690699577332,0.9984114766120911,0.9891605973243713,0.35236892104148865,0.9904866814613342,0.9180037379264832,0.9248575568199158,0.9640178084373474,0.9898695945739746,0.0741797611117363,0.7236612439155579,0.20215904712677002,,,,,
mdeberta,Child support,312797949012,post,0.8490582704544067,0.9925826191902161,0.16735470294952393,0.5147662162780762,0.9973061084747314,0.9294643998146057,0.9117314219474792,0.267904669046402,0.9420286417007446,0.33867835998535156,0.033645838499069214,0.23635908961296082,0.7299951314926147,,,,,
mdeberta,Child support,312849797580,post,0.9967269897460938,0.9906509518623352,0.9992707371711731,0.8339678645133972,0.03296123817563057,0.997607946395874,0.992371141910553,0.9209320545196533,0.8784707188606262,0.8892165422439575,0.9012435674667358,0.08984728902578354,0.008909127674996853,,,,,
mdeberta,Child support,312901643412,pre,0.9808576107025146,0.938010573387146,0.9084962010383606,0.40344932675361633,0.0015457436675205827,0.9988062977790833,0.8241790533065796,0.6907677054405212,0.501708984375,0.08477646112442017,0.940109133720398,0.05119887739419937,0.008691992610692978,,,,,
mdeberta,Child support,312901643412,post,0.8703701496124268,0.0753123015165329,0.3745618760585785,0.23952718079090118,0.002234362531453371,0.8643104434013367,0.2735744118690491,0.9972423315048218,0.012007350102066994,0.01949387416243553,0.8136898279190063,0.17010122537612915,0.0162089504301548,,,,,
mdeberta,Child support,312926952780,pre,0.9777138233184814,0.8694653511047363,0.9308679103851318,0.42131370306015015,0.0002874147321563214,0.8207569718360901,0.6069645285606384,0.366362988948822,0.17567944526672363,0.04117216169834137,0.16345711052417755,0.7523201704025269,0.0842227190732956,,,,,
mdeberta,Child support,312926952780,post,0.929751992225647,0.975623369216919,0.816800594329834,0.7663373351097107,0.0036146442871540785,0.7942253947257996,0.034586213529109955,0.26454833149909973,0.5980774760246277,0.2274993360042572,0.014481032267212868,0.0803752988576889,0.9051436185836792,,,,,
mdeberta,Child support,314759321748,pre,0.9937161803245544,0.9936240911483765,0.9919302463531494,0.9803091287612915,0.004166256170719862,0.9998458623886108,0.9798805117607117,0.9856905341148376,0.34171977639198303,0.8169911503791809,0.9609174132347107,0.027506479993462563,0.011576104909181595,,,,,
mdeberta,Child support,314759321748,post,0.9962162375450134,0.9314001798629761,0.9982419013977051,0.996616780757904,0.00025814815307967365,0.9999086856842041,0.9998869895935059,0.9985562562942505,0.004485794343054295,0.4941408932209015,0.9339597225189209,0.05652854964137077,0.009511668235063553,,,,,
mdeberta,Child support,315062397360,pre,0.8599727153778076,0.8897446393966675,0.770389199256897,0.2709622383117676,0.0026061655953526497,0.4260827898979187,0.26020145416259766,0.17279909551143646,0.2999247610569,0.03778022155165672,0.3260844349861145,0.5930631160736084,0.08085238933563232,,,,,
mdeberta,Child support,315062397360,post,0.9935054779052734,0.9505380988121033,0.930474042892456,0.9542226791381836,0.0011626856867223978,0.887984037399292,0.7989721894264221,0.7118316888809204,0.3885020315647125,0.0796208456158638,0.3282266855239868,0.5923137664794922,0.07945950329303741,,,,,
mdeberta,Child support,315110072160,pre,0.9339447617530823,0.9484894871711731,0.9480584859848022,0.005565723869949579,0.0007885457598604262,0.9907990097999573,0.8149380683898926,0.3696563243865967,0.11790180951356888,0.02878888137638569,0.31101834774017334,0.646992564201355,0.04198911786079407,,,,,
mdeberta,Child support,315110072160,post,0.888275146484375,0.9782188534736633,0.8861251473426819,0.42679935693740845,0.012920473702251911,0.9111402034759521,0.21617695689201355,0.6062653660774231,0.32050222158432007,0.12702862918376923,0.22374938428401947,0.6843343377113342,0.0919162854552269,,,,,
mdeberta,Child support,315115068780,pre,0.8789910674095154,0.4393864870071411,0.9834226965904236,0.9428662061691284,0.0007364808116108179,0.9908919930458069,0.4012185037136078,0.8327133059501648,0.38237205147743225,0.27396270632743835,0.9642807245254517,0.030090799555182457,0.005628414452075958,,,,,
mdeberta,Child support,315115068780,post,0.9564982056617737,0.9562681317329407,0.9832305908203125,0.8540953993797302,0.01245565339922905,0.9964756965637207,0.40474268794059753,0.7285552024841309,0.5156198740005493,0.7647159695625305,0.9143491387367249,0.07907988131046295,0.006570997182279825,,,,,
mdeberta,Child support,315163084212,post,0.9988190531730652,0.9709368348121643,0.6340903043746948,0.05124866962432861,0.00457386439666152,0.5741559863090515,0.3745618760585785,0.1708751916885376,0.18415690958499908,0.0310408603399992,0.10669269412755966,0.5657920241355896,0.32751527428627014,,,,,
mdeberta,Child support,315212672160,pre,0.6520198583602905,0.6884945631027222,0.5175709128379822,0.5481898188591003,0.00048123576561920345,0.9169687032699585,0.516839325428009,0.7284586429595947,0.5526604056358337,0.3005402684211731,0.6669596433639526,0.2785397171974182,0.05450066924095154,,,,,
mdeberta,Child support,315212672160,post,0.9667888283729553,0.9990600347518921,0.9975273609161377,0.6062071323394775,0.004596149083226919,0.9996678829193115,0.6837363243103027,0.9355234503746033,0.8351477384567261,0.5856936573982239,0.06078421324491501,0.3383656144142151,0.6008502244949341,,,,,
mdeberta,Child support,315253513116,pre,0.9941175580024719,0.9986672401428223,0.9745803475379944,0.4897475242614746,0.002327693859115243,0.9847798943519592,0.7759445905685425,0.24812403321266174,0.12353073805570602,0.0456601046025753,0.326910138130188,0.6382254958152771,0.034864362329244614,,,,,
mdeberta,Child support,315253513116,post,0.9932680726051331,0.9585959315299988,0.9503188133239746,0.3916386067867279,0.0011604196624830365,0.9961380958557129,0.5036620497703552,0.37731119990348816,0.3394990861415863,0.1137271523475647,0.730659544467926,0.2582134008407593,0.011127029545605183,,,,,
mdeberta,Child support,315374991516,pre,0.9887446165084839,0.9701693654060364,0.9518967866897583,0.793906033039093,0.0004068574926350266,0.9763104915618896,0.9588711857795715,0.9471615552902222,0.20378674566745758,0.6779006123542786,0.557831346988678,0.40598151087760925,0.03618718683719635,,,,,
mdeberta,Child support,315374991516,post,0.9905417561531067,0.9449375867843628,0.95865398645401,0.7579735517501831,0.0006798428948968649,0.9259362816810608,0.8773191571235657,0.8454326391220093,0.4797474145889282,0.10187948495149612,0.2306199073791504,0.6430107951164246,0.12636928260326385,,,,,
mdeberta,Child support,315405361116,pre,0.9975608587265015,0.9838626384735107,0.9967712163925171,0.9834227561950684,0.0008917039376683533,0.9990189075469971,0.9871416687965393,0.9228612184524536,0.7378199100494385,0.4356614053249359,0.8385736346244812,0.14231184124946594,0.019114598631858826,,,,,
mdeberta,Child support,315610355232,pre,0.990532636642456,0.9995810389518738,0.9987767934799194,0.9994058012962341,0.3038867115974426,0.9992889165878296,0.24166831374168396,0.9943196177482605,0.9933201670646667,0.9931528568267822,0.0092838229611516,0.5885650515556335,0.4021511673927307,,,,,
mdeberta,Child support,315610355232,post,0.9139121174812317,0.24188931286334991,0.02520282194018364,0.8271310925483704,0.006615392863750458,0.9898303151130676,0.7869504690170288,0.13916222751140594,0.6783269643783569,0.7658560872077942,0.15539000928401947,0.8007802367210388,0.04382976144552231,,,,,
mdeberta,Child support,315641477232,post,0.9221674799919128,0.9929472804069519,0.9876401424407959,0.6706082820892334,0.004256348591297865,0.9237644076347351,0.9133486151695251,0.33434486389160156,0.5788053274154663,0.11389952898025513,0.06384558975696564,0.7102713584899902,0.22588302195072174,,,,,
mdeberta,Child support,315705226032,post,0.6145097017288208,0.9734812378883362,0.7262557744979858,0.9063634872436523,0.0016356753185391426,0.7314424514770508,0.8733769059181213,0.7940657734870911,0.35611069202423096,0.21535073220729828,0.01820741593837738,0.8428507447242737,0.13894185423851013,,,,,
mdeberta,Child support,315792773928,pre,0.971698522567749,0.358072429895401,0.34816017746925354,0.05414869263768196,0.001771802781149745,0.9783018827438354,0.9698425531387329,0.6453434824943542,0.041365355253219604,0.02844952791929245,0.9188451766967773,0.07126141339540482,0.009893398731946945,,,,,
mdeberta,Child support,315792773928,post,0.9596487879753113,0.03484802320599556,0.6180315017700195,0.35992640256881714,0.002132261637598276,0.9967333078384399,0.9807841181755066,0.6555565595626831,0.016044557094573975,0.5350984334945679,0.8902157545089722,0.1010567918419838,0.008727367967367172,,,,,
mdeberta,Child support,315832038948,post,0.8093513250350952,0.4808443486690521,0.9930424094200134,0.0835532695055008,0.0017961491830646992,0.9817882180213928,0.9562885165214539,0.03680407255887985,0.0026061655953526497,0.12724198400974274,0.1759994775056839,0.5191574096679688,0.3048431873321533,,,,,
mdeberta,Child support,315871844328,pre,0.9789755344390869,0.9842986464500427,0.9713473320007324,0.7388104200363159,0.00048785709077492356,0.9738320112228394,0.9412841796875,0.6943026781082153,0.6863700747489929,0.05647003650665283,0.15534450113773346,0.4339759051799774,0.41067954897880554,,,,,
mdeberta,Child support,316700919360,pre,0.7509182691574097,0.9229698181152344,0.984737753868103,0.6442251205444336,0.00041731575038284063,0.9564530849456787,0.4736572206020355,0.6916015148162842,0.8298025131225586,0.21321329474449158,0.2970578670501709,0.4601203203201294,0.2428217977285385,,,,,
mdeberta,Child support,316700919360,post,0.8446013331413269,0.991280198097229,0.9909315705299377,0.8440880179405212,0.014928337186574936,0.9957971572875977,0.003968500066548586,0.8127186894416809,0.9849128127098083,0.7627776861190796,0.01229359582066536,0.3583954870700836,0.6293109059333801,,,,,
mdeberta,Child support,316718361360,pre,0.8274101614952087,0.945922315120697,0.9247981309890747,0.7431679964065552,0.00040844923933036625,0.6963714361190796,0.43254271149635315,0.579400360584259,0.28437718749046326,0.5525397062301636,0.029189689084887505,0.5682523250579834,0.40255793929100037,,,,,
mdeberta,Child support,316718361360,post,0.08268807828426361,0.2610011398792267,0.2299240231513977,0.011082857847213745,0.0003604724770411849,0.012395733967423439,0.09995236992835999,0.001383117400109768,0.01928960159420967,0.013982614502310753,0.10386230051517487,0.372018963098526,0.5241187810897827,,,,,
mdeberta,Child support,316867954212,post,0.9831661581993103,0.9989697933197021,0.9941346645355225,0.9977656602859497,0.3857271075248718,0.9984176754951477,0.9743860363960266,0.9976904392242432,0.6757646203041077,0.9982281923294067,0.24308906495571136,0.6911450624465942,0.0657658502459526,,,,,
mdeberta,Child support,316893197916,pre,0.9442282915115356,0.31373506784439087,0.9584988355636597,0.08725224435329437,0.001364361960440874,0.9908079504966736,0.7042109370231628,0.18162579834461212,0.06409472227096558,0.014608640223741531,0.9604692459106445,0.03744199872016907,0.0020887432619929314,,,,,
mdeberta,Child support,316893197916,post,0.9936549067497253,0.8867027759552002,0.9835811853408813,0.8434200882911682,0.02673386223614216,0.9798420071601868,0.8642244935035706,0.8310744762420654,0.635448694229126,0.21908676624298096,0.37955549359321594,0.5786117911338806,0.041832711547613144,,,,,
mdeberta,Child support,316902020148,pre,0.8761582970619202,0.9562578797340393,0.997236967086792,0.8768454194068909,0.013402405194938183,0.9212159514427185,0.212558776140213,0.18162579834461212,0.29752734303474426,0.7175843119621277,0.18045449256896973,0.67276531457901,0.1467801183462143,,,,,
mdeberta,Child support,316902020148,post,0.9985533952713013,0.9800816774368286,0.9966917037963867,0.9767469763755798,0.16119590401649475,0.9990197420120239,0.9912165999412537,0.9561044573783875,0.9230044484138489,0.9914391040802002,0.002341581042855978,0.08206134289503098,0.9155970811843872,,,,,
mdeberta,Child support,316926303516,pre,0.7949427366256714,0.9980044364929199,0.7233094573020935,0.9557031393051147,0.9896218180656433,0.9892958998680115,0.3227393925189972,0.7601168155670166,0.942135214805603,0.7725306749343872,0.007125167176127434,0.13483649492263794,0.8580383658409119,,,,,
mdeberta,Child support,316926303516,post,0.9616014957427979,0.993636429309845,0.9989012479782104,0.9847230911254883,0.01051954086869955,0.9950898289680481,0.14730969071388245,0.9862046837806702,0.8746471405029297,0.6281793117523193,0.36055290699005127,0.6241974830627441,0.015249592252075672,,,,,
mdeberta,Child support,316958656032,pre,0.9977872967720032,0.9979190826416016,0.9960622787475586,0.9845308661460876,0.07751765847206116,0.9997584223747253,0.033557817339897156,0.6684475541114807,0.8033666610717773,0.8347439169883728,0.0010792769026011229,0.12450405210256577,0.8744166493415833,,,,,
mdeberta,Child support,316958656032,post,0.9916519522666931,0.9967806339263916,0.9853138327598572,0.9683213829994202,0.1424703598022461,0.999430775642395,0.13609807193279266,0.9341853260993958,0.9452226758003235,0.7506555914878845,0.016423391178250313,0.2667968273162842,0.7167797684669495,,,,,
mdeberta,Child support,316965700548,pre,0.05566893145442009,0.07473627477884293,0.04455598443746567,0.2699746787548065,0.0015761828981339931,0.9915051460266113,0.23405632376670837,0.023021256551146507,0.24550308287143707,0.08181271702051163,0.009677216410636902,0.059396035969257355,0.9309267401695251,,,,,
mdeberta,Child support,316965700548,post,0.9160345792770386,0.40465444326400757,0.1114344447851181,0.41399529576301575,0.0004974744515493512,0.9997851252555847,0.038865480571985245,0.19783161580562592,0.0070595527067780495,0.00037702854024246335,0.3387627601623535,0.5525914430618286,0.10864579677581787,,,,,
mdeberta,Child support,317025893916,pre,0.7017130851745605,0.8165526986122131,0.8514285683631897,0.8168268203735352,0.007274958770722151,0.9986955523490906,0.23684705793857574,0.6620867252349854,0.9185259342193604,0.2897357940673828,0.014691238291561604,0.3196828365325928,0.6656259298324585,,,,,
mdeberta,Child support,317025893916,post,0.4297882914543152,0.9832547307014465,0.9857454895973206,0.7801185250282288,0.004365325905382633,0.9950850605964661,0.0047644516453146935,0.5700920224189758,0.8949847221374512,0.3444434404373169,0.002718753879889846,0.057284221053123474,0.9399970769882202,,,,,
mdeberta,Child support,317039093064,pre,0.9963071942329407,0.9845159649848938,0.9978468418121338,0.5110303163528442,0.004848532844334841,0.9996787905693054,0.8495035767555237,0.687839686870575,0.4754226505756378,0.7216451168060303,0.3105982840061188,0.5949055552482605,0.09449613839387894,,,,,
mdeberta,Child support,317039093064,post,0.9981968402862549,0.9207184314727783,0.9986435770988464,0.4678179919719696,0.006718869786709547,0.9990977644920349,0.7415804266929626,0.0033766122069209814,0.17663609981536865,0.13580411672592163,0.8283584117889404,0.1569221168756485,0.014719489961862564,,,,,
mdeberta,Child support,317153595348,pre,0.7233094573020935,0.9564845561981201,0.6635599732398987,0.7757747173309326,0.0021869742777198553,0.9163345098495483,0.9439964294433594,0.5112285614013672,0.6187804341316223,0.13500383496284485,0.031712114810943604,0.6730870008468628,0.29520079493522644,,,,,
mdeberta,Child support,317230338096,post,0.9786106944084167,0.9249253869056702,0.9349912405014038,0.04236419126391411,0.0003912771353498101,0.9970334768295288,0.6284074187278748,0.13957220315933228,0.0837029442191124,0.06941547244787216,0.6253008842468262,0.33905842900276184,0.0356406532227993,,,,,
mdeberta,Child support,317245731516,pre,0.7364954352378845,0.7920624613761902,0.5226895213127136,0.4598037004470825,0.0002705336082726717,0.930157482624054,0.09672712534666061,0.5485525727272034,0.12074951082468033,0.039305608719587326,0.09398059546947479,0.6217217445373535,0.2842977046966553,,,,,
mdeberta,Child support,317245731516,post,0.8231863379478455,0.7063930630683899,0.24725967645645142,0.7167145609855652,0.009268012829124928,0.7613611221313477,0.6302298307418823,0.2485341876745224,0.5774953365325928,0.14915917813777924,0.006960980128496885,0.9526671767234802,0.0403718501329422,,,,,
mdeberta,Child support,317303528148,pre,0.528533399105072,0.7901763319969177,0.34809091687202454,0.11149489879608154,0.00023597174731548876,0.00886449869722128,0.5595307350158691,0.03035799041390419,0.17004235088825226,0.027331020683050156,0.04267209395766258,0.3234937787055969,0.6338341236114502,,,,,
mdeberta,Child support,317304006264,post,0.9893166422843933,0.9959377646446228,0.990578293800354,0.8533331155776978,0.0005792916635982692,0.9404078722000122,0.8321003317832947,0.8337311148643494,0.8393392562866211,0.6078959703445435,0.7320004105567932,0.16917560994625092,0.0988239198923111,,,,,
mdeberta,Child support,317450653812,pre,0.9131212830543518,0.9366626143455505,0.8180110454559326,0.4491509795188904,0.005544145591557026,0.8514594435691833,0.8358858227729797,0.5865228176116943,0.5394684672355652,0.10818895697593689,0.9209129214286804,0.06491129845380783,0.01417581457644701,,,,,
mdeberta,Child support,317450653812,post,0.9884752035140991,0.8073087930679321,0.9693241715431213,0.6926419734954834,0.0002874147321563214,0.9548162817955017,0.9276915192604065,0.7803278565406799,0.036700353026390076,0.4751182198524475,0.8543044328689575,0.12980200350284576,0.015893537551164627,,,,,
mdeberta,Child support,317769196032,pre,0.9816127419471741,0.9384914636611938,0.8120768070220947,0.9170243740081787,0.8840392827987671,0.9977060556411743,0.7324004769325256,0.8670358061790466,0.500732421875,0.8037905693054199,0.012855174951255322,0.31084465980529785,0.6763001680374146,,,,,
mdeberta,Child support,317769196032,post,0.9795114398002625,0.9859634637832642,0.9957436323165894,0.8005360960960388,0.0015307450667023659,0.9955662488937378,0.9987056255340576,0.4153730273246765,0.7061904072761536,0.328529417514801,0.7212275862693787,0.2541655898094177,0.02460685558617115,,,,,
mdeberta,Child support,317988002160,pre,0.6211962699890137,0.8494880199432373,0.7214489579200745,0.5102524757385254,0.8892075419425964,0.8812065720558167,0.9187722206115723,0.49584972858428955,0.45786386728286743,0.1561049073934555,0.013209406286478043,0.7412018179893494,0.24558880925178528,,,,,
mdeberta,Child support,317988002160,post,0.27125170826911926,0.27231472730636597,0.0018858588300645351,0.0006324768182821572,0.00072507094591856,0.00033535013790242374,0.10785960406064987,0.03228325769305229,0.076218381524086,0.0014214043039828539,0.13793246448040009,0.52630215883255,0.33576536178588867,,,,,
mdeberta,Child support,318880282212,pre,0.9896519184112549,0.7758596539497375,0.9908566474914551,0.979393482208252,0.0010796069400385022,0.9998849630355835,0.9919536113739014,0.9545839428901672,0.11956225335597992,0.87103670835495,0.460000604391098,0.47076550126075745,0.06923385709524155,,,,,
mdeberta,Child support,318880282212,post,0.9821726083755493,0.8714748620986938,0.9823046922683716,0.9563701152801514,0.7499580979347229,0.9992446303367615,0.9986249208450317,0.8265018463134766,0.7994423508644104,0.9876400828361511,0.42138808965682983,0.5063093900680542,0.07230251282453537,,,,,
mdeberta,Child support,318887057916,post,0.7793638110160828,0.6300306916236877,0.3358815908432007,0.07514245808124542,0.0004381889884825796,0.7745833992958069,0.24944724142551422,0.39840641617774963,0.26454833149909973,0.020705251023173332,0.19014090299606323,0.44286051392555237,0.3669986128807068,,,,,
mdeberta,Child support,318951623412,pre,0.9973060488700867,0.9972370266914368,0.9986593723297119,0.9129807949066162,0.004348381422460079,0.9939142465591431,0.016497835516929626,0.8563323616981506,0.6703385710716248,0.8024007678031921,0.0015654637245461345,0.15766724944114685,0.8407673239707947,,,,,
mdeberta,Child support,318951623412,post,0.10259655863046646,0.0933443009853363,0.08910225331783295,0.19072403013706207,0.0005442132242023945,0.1317167431116104,0.16718468070030212,0.09211450070142746,0.21721294522285461,0.026714812964200974,0.0342661552131176,0.1150231882929802,0.8507107496261597,,,,,
mdeberta,Child support,319158263232,pre,0.9797453284263611,0.9709393978118896,0.9821512699127197,0.8232573866844177,0.00020462219254113734,0.9696204662322998,0.9403803944587708,0.631367027759552,0.7010994553565979,0.10951515287160873,0.12914852797985077,0.5799351334571838,0.290916383266449,,,,,
mdeberta,Child support,319158263232,post,0.9691786170005798,0.6086521744728088,0.955026388168335,0.05126054212450981,0.00026426833937875926,0.9790012836456299,0.5136684775352478,0.47122326493263245,0.23541586101055145,0.27845296263694763,0.39163094758987427,0.4761602282524109,0.13220879435539246,,,,,
mdeberta,Child support,319216674780,pre,0.9982792735099792,0.9510740637779236,0.9990014433860779,0.8918110728263855,0.003135835751891136,0.9998815655708313,0.9988752603530884,0.8923399448394775,0.7342981696128845,0.0998426005244255,0.9049605131149292,0.09280937165021896,0.0022300679702311754,,,,,
mdeberta,Child support,319216674780,post,0.9973374009132385,0.9771155714988708,0.9993039965629578,0.2195466011762619,0.00048217613948509097,0.999673068523407,0.9922595024108887,0.019775837659835815,0.4707365930080414,0.13683712482452393,0.8322579860687256,0.1586841642856598,0.009057875722646713,,,,,
mdeberta,Child support,319309766496,post,0.9746769666671753,0.945813775062561,0.925213098526001,0.7545534372329712,0.00026582094142213464,0.9309934377670288,0.6284074187278748,0.689723789691925,0.566977858543396,0.4137139916419983,0.05655132234096527,0.4097787141799927,0.5336698889732361,,,,,
mdeberta,Child support,319406073696,pre,0.9968641996383667,0.7465319037437439,0.9975128769874573,0.9847670197486877,7.662102143513039e-05,0.9987081289291382,0.9813375473022461,0.9576753973960876,0.027324529364705086,0.729519784450531,0.8951766490936279,0.10161994397640228,0.003203386440873146,,,,,
mdeberta,Child support,319406073696,post,0.9851289987564087,0.08525123447179794,0.3968275785446167,0.20142023265361786,0.00014009539154358208,0.987514317035675,0.26798248291015625,0.3081902265548706,0.030114594846963882,0.9297758936882019,0.7961063981056213,0.15950366854667664,0.0443899966776371,,,,,
mdeberta,Child support,319484393064,post,0.9917083382606506,0.9239361882209778,0.21027937531471252,0.364551305770874,0.00010804954945342615,0.9955315589904785,0.5504261255264282,0.7803279161453247,0.12108688056468964,0.6486889719963074,0.6380862593650818,0.3177415728569031,0.044172123074531555,,,,,
mdeberta,Child support,319508809812,pre,0.5148881673812866,0.9751071929931641,0.7799719572067261,0.8511349558830261,0.0015792594058439136,0.7668179273605347,0.5585678219795227,0.814643383026123,0.6254381537437439,0.4624730348587036,0.041519299149513245,0.20139333605766296,0.7570873498916626,,,,,
mdeberta,Child support,319508809812,post,0.771025538444519,0.98778235912323,0.7599833011627197,0.3907082676887512,0.0021699920762330294,0.0032540052197873592,0.05155819281935692,0.6745866537094116,0.20602910220623016,0.25525084137916565,0.045320745557546616,0.29516783356666565,0.659511387348175,,,,,
mdeberta,Child support,319817226096,post,0.9728695154190063,0.8117506504058838,0.9114953279495239,0.3265935182571411,0.007953389547765255,0.9952471256256104,0.9497218132019043,0.3408142030239105,0.1368425190448761,0.08280158042907715,0.8940030336380005,0.08787232637405396,0.018124626949429512,,,,,
mdeberta,Child support,319984871760,pre,0.9913641810417175,0.7395164966583252,0.9898793697357178,0.7525585293769836,0.00031319871777668595,0.9948152303695679,0.6570985317230225,0.7579735517501831,0.47804147005081177,0.06535087525844574,0.9066981673240662,0.0876956358551979,0.005606194492429495,,,,,
mdeberta,Child support,319984871760,post,0.9013142585754395,0.9912716746330261,0.987899661064148,0.3993430435657501,0.009652306325733662,0.9551311731338501,0.7086160182952881,0.5603729486465454,0.48681947588920593,0.060197047889232635,0.05719231069087982,0.6534934639930725,0.2893142104148865,,,,,
mdeberta,Child support,320071743180,pre,0.8216888308525085,0.9784259796142578,0.965907633304596,0.9409595727920532,0.8550662994384766,0.6233768463134766,0.9132906794548035,0.9598796963691711,0.3726193606853485,0.40474268794059753,0.08023599535226822,0.5668248534202576,0.35293909907341003,,,,,
mdeberta,Child support,320071743180,post,0.9951466917991638,0.969295084476471,0.9988553524017334,0.7194821834564209,0.0007166297291405499,0.9978489875793457,0.9805806279182434,0.6555565595626831,0.16620120406150818,0.18513554334640503,0.9865832924842834,0.010659119114279747,0.002757611684501171,,,,,
mdeberta,Child support,320088088044,pre,0.997468888759613,0.9891606569290161,0.9888204336166382,0.7467858195304871,0.0009622125653550029,0.991101086139679,0.9175984859466553,0.3911733329296112,0.8463873267173767,0.02772972732782364,0.20076242089271545,0.3442682921886444,0.45496925711631775,,,,,
mdeberta,Child support,320088088044,post,0.9954615235328674,0.9805434942245483,0.9873262643814087,0.9494588971138,0.9928092360496521,0.9981086254119873,0.875521183013916,0.8015477657318115,0.7262314558029175,0.272024542093277,0.17440836131572723,0.42156243324279785,0.4040292799472809,,,,,
mdeberta,Child support,320098008096,pre,0.9224168658256531,0.9817707538604736,0.9954038262367249,0.8090120553970337,0.01849331147968769,0.9911355376243591,0.8892406225204468,0.5302364826202393,0.35220181941986084,0.02839558944106102,0.00460925605148077,0.1948455423116684,0.8005452752113342,,,,,
mdeberta,Child support,320098008096,post,0.9981933236122131,0.9968149662017822,0.9977037906646729,0.9995149970054626,0.40049657225608826,0.9988948106765747,0.9982385635375977,0.9794771075248718,0.9346938729286194,0.9972690343856812,0.0701725110411644,0.8959025740623474,0.033924926072359085,,,,,
mdeberta,Child support,321496653348,pre,0.9984114170074463,0.9777137637138367,0.9983256459236145,0.9679901599884033,0.0016549242427572608,0.9999158382415771,0.3573712706565857,0.49072372913360596,0.01077672652900219,0.033305369317531586,0.802790105342865,0.17364467680454254,0.023565247654914856,,,,,
mdeberta,Child support,321496653348,post,0.9986087679862976,0.5715274810791016,0.9955748319625854,0.8647679090499878,0.010101075284183025,0.9911011457443237,0.996882438659668,0.4277552664279938,0.3080081045627594,0.09130105376243591,0.39429908990859985,0.5608910918235779,0.04480981454253197,,,,,
mdeberta,Child support,321515327232,pre,0.9453205466270447,0.9270130395889282,0.9862179160118103,0.9396162629127502,0.058399517089128494,0.9909709692001343,0.783160388469696,0.9151667356491089,0.8390757441520691,0.09713316708803177,0.48370811343193054,0.3071822226047516,0.2091096192598343,,,,,
mdeberta,Child support,321515327232,post,0.952175498008728,0.9975845813751221,0.9766246676445007,0.7341195344924927,0.9972154498100281,0.9976380467414856,0.19185706973075867,0.5997195839881897,0.9283276796340942,0.6238353252410889,0.01234461273998022,0.4749084711074829,0.5127468705177307,,,,,
mdeberta,Child support,321593645232,pre,0.9714287519454956,0.9197507500648499,0.9452479481697083,0.8709269762039185,0.0616496279835701,0.9565734267234802,0.9531334042549133,0.8973809480667114,0.2798776924610138,0.6734064817428589,0.943939208984375,0.04101062938570976,0.015050179325044155,,,,,
mdeberta,Child support,321593645232,post,0.5853381752967834,0.9765129089355469,0.9879926443099976,0.8567748665809631,0.24744148552417755,0.9758315682411194,0.6959583163261414,0.651133120059967,0.637454092502594,0.9442057609558105,0.673888623714447,0.10626085102558136,0.21985049545764923,,,,,
mdeberta,Child support,321781061232,pre,0.8099533915519714,0.9861180186271667,0.8311430811882019,0.7622471451759338,0.02142000012099743,0.6772605776786804,0.8495972156524658,0.6971967220306396,0.02693789079785347,0.25608712434768677,0.029601257294416428,0.8016282320022583,0.1687704622745514,,,,,
mdeberta,Child support,321781061232,post,0.9818230271339417,0.9021876454353333,0.9800148010253906,0.4469774663448334,0.0002006652212003246,0.9516839385032654,0.979191780090332,0.2579519748687744,0.2508210241794586,0.16271238029003143,0.7281277179718018,0.26178595423698425,0.010086314752697945,,,,,
mdeberta,Child support,321941185632,pre,0.9992548227310181,0.9832627773284912,0.999362587928772,0.9593831896781921,0.03082132525742054,0.999555766582489,0.997607946395874,0.8272009491920471,0.9267359375953674,0.9325761795043945,0.5690873861312866,0.3880838453769684,0.04282882809638977,,,,,
mdeberta,Child support,321941185632,post,0.9961680769920349,0.9724408984184265,0.998977780342102,0.8290771842002869,0.004125935025513172,0.9997497797012329,0.9996214509010315,0.2887069284915924,0.015845362097024918,0.8037906289100647,0.49987757205963135,0.4330306351184845,0.06709183752536774,,,,,
mdeberta,Child support,322066149012,post,0.9825658798217773,0.7725306153297424,0.9667888283729553,0.5846269130706787,0.0009399439441040158,0.999919056892395,0.6996650099754333,0.7931059002876282,0.7977144122123718,0.08107756823301315,0.9877733588218689,0.009524350054562092,0.0027022534050047398,,,,,
mdeberta,Child support,322114509180,pre,0.9503303170204163,0.9482534527778625,0.9310169816017151,0.6660624742507935,0.0018602987984195352,0.8575893044471741,0.760650634765625,0.6104534864425659,0.23828420042991638,0.33350321650505066,0.22080208361148834,0.6308135390281677,0.14838433265686035,,,,,
mdeberta,Child support,322114509180,post,0.9799382090568542,0.7490413188934326,0.9702116847038269,0.15568724274635315,0.0003199982747901231,0.9870733022689819,0.9840706586837769,0.4323030412197113,0.021004367619752884,0.0850040540099144,0.6435139179229736,0.3334433436393738,0.023042811080813408,,,,,
mdeberta,Child support,322259859864,pre,0.9945836067199707,0.5364342927932739,0.9029096364974976,0.0005930210463702679,0.12043880671262741,0.9998623132705688,0.003736220533028245,0.003389783203601837,0.17384852468967438,0.0015099907759577036,0.610964298248291,0.14314621686935425,0.24588949978351593,,,,,
mdeberta,Child support,322259859864,post,0.9987863302230835,0.22375847399234772,0.8039060235023499,0.018959863111376762,0.008950711227953434,0.9994956851005554,0.03277498483657837,0.003649987280368805,0.0042233653366565704,0.009746103547513485,0.7481908798217773,0.24077647924423218,0.011032674461603165,,,,,
mdeberta,Child support,322300761012,pre,0.9934801459312439,0.9918437600135803,0.9963358044624329,0.973036527633667,0.004264634568244219,0.9997517466545105,0.18776482343673706,0.9301019906997681,0.8536689281463623,0.2417578101158142,0.018603190779685974,0.0944056287407875,0.8869912028312683,,,,,
mdeberta,Child support,322300761012,post,0.9254113435745239,0.9927672147750854,0.9873993992805481,0.7583540678024292,0.27252039313316345,0.9928716421127319,0.960212230682373,0.8408806324005127,0.5983709096908569,0.8502822518348694,0.9334920048713684,0.055299311876297,0.011208710260689259,,,,,
mdeberta,Child support,322305278148,pre,0.9321682453155518,0.8544601202011108,0.9554543495178223,0.8153795599937439,0.0005647764191962779,0.11493851989507675,0.1751144826412201,0.26454833149909973,0.4366220235824585,0.060905322432518005,0.06798602640628815,0.8942294120788574,0.03778453543782234,,,,,
mdeberta,Child support,322305278148,post,0.9954261183738708,0.9986462593078613,0.999509334564209,0.7632191777229309,0.10438597947359085,0.9995443820953369,0.0858241394162178,0.9823046922683716,0.9672868847846985,0.60964035987854,0.0017988274339586496,0.16129398345947266,0.836907148361206,,,,,
mdeberta,Child support,322309516212,post,0.13753247261047363,0.9969780445098877,0.9978760480880737,0.974531888961792,0.329647958278656,0.9949396848678589,0.9868787527084351,0.9237300753593445,0.5094593167304993,0.8110782504081726,0.009717434644699097,0.23178188502788544,0.7585006356239319,,,,,
mdeberta,Child support,322356578148,pre,0.7878088355064392,0.982674241065979,0.3585776090621948,0.38006842136383057,0.007800756953656673,0.9357146620750427,0.7140302062034607,0.24762336909770966,0.21766993403434753,0.17217183113098145,0.13574208319187164,0.7986173033714294,0.06564057618379593,,,,,
mdeberta,Child support,322356578148,post,0.9759005308151245,0.7483522891998291,0.9887771010398865,0.9877232313156128,0.00020662981842178851,0.9952907562255859,0.9983124732971191,0.9605095982551575,0.3298232853412628,0.8858538269996643,0.8951460719108582,0.0918588787317276,0.012995004653930664,,,,,
mdeberta,Child support,322359929748,pre,0.6145097017288208,0.28706780076026917,0.003999501001089811,0.8991213440895081,0.00010431733244331554,0.905739963054657,0.8432508111000061,0.7041600942611694,0.3656831681728363,0.35667070746421814,0.08872033655643463,0.7252840399742126,0.1859956830739975,,,,,
mdeberta,Child support,322359929748,post,0.9810583591461182,0.9245004653930664,0.9847962856292725,0.32199275493621826,0.00046826136531308293,0.9440479874610901,0.8393393158912659,0.86200350522995,0.3647775650024414,0.06083554029464722,0.3084152936935425,0.5908685922622681,0.10071618854999542,,,,,
mdeberta,Child support,322388382096,pre,0.5498219132423401,0.9865069389343262,0.9869292378425598,0.6526843309402466,0.356278657913208,0.989957332611084,0.37182068824768066,0.9819273352622986,0.4103426933288574,0.9922143816947937,0.010491638444364071,0.30392763018608093,0.6855806708335876,,,,,
mdeberta,Child support,322388382096,post,0.2557152211666107,0.9846346974372864,0.9723097085952759,0.6110338568687439,0.013597484678030014,0.964695930480957,0.022382142022252083,0.4472188353538513,0.3496992886066437,0.9784671068191528,0.03909200802445412,0.04651366546750069,0.9143942594528198,,,,,
mdeberta,Child support,322434896832,post,0.9928786158561707,0.0652465745806694,0.9887446165084839,0.5355842709541321,0.0017477857181802392,0.9511876106262207,0.9764456748962402,0.981979250907898,0.20821917057037354,0.06817988306283951,0.8959007859230042,0.09058836102485657,0.013510859571397305,,,,,
mdeberta,Child support,322599736044,pre,0.42679935693740845,0.985482394695282,0.8453688621520996,0.9037411212921143,0.02165667712688446,0.7343100905418396,0.029479408636689186,0.7420480251312256,0.28616926074028015,0.1243724450469017,0.021706704050302505,0.4128381907939911,0.5654551386833191,,,,,
mdeberta,Child support,322599736044,post,0.8158568739891052,0.9920850396156311,0.9881423711776733,0.8394051194190979,0.031559016555547714,0.978071391582489,0.33415472507476807,0.7991290092468262,0.5251253247261047,0.5363128781318665,0.06619974970817566,0.8988130688667297,0.03498716652393341,,,,,
mdeberta,Child support,322693443360,post,0.9961493611335754,0.3444296717643738,0.6804009675979614,0.8628119230270386,0.00313583598472178,0.99362713098526,0.9381806254386902,0.7970833778381348,0.14255985617637634,0.10071265697479248,0.8694695830345154,0.05264130234718323,0.07788906991481781,,,,,
mdeberta,Child support,322694606844,post,0.9927602410316467,0.5977693200111389,0.9960315227508545,0.9477207660675049,0.0001553722540847957,0.9986005425453186,0.7701408267021179,0.8095396161079407,0.08989305049180984,0.3388424217700958,0.5770065188407898,0.3821236193180084,0.04086984694004059,,,,,
mdeberta,Child support,322808223348,post,0.9708263874053955,0.9839592576026917,0.9318124055862427,0.9444079995155334,0.0003640086797531694,0.979287326335907,0.9790595173835754,0.6813028454780579,0.9863434433937073,0.9064877033233643,0.6222832202911377,0.36014989018440247,0.017566829919815063,,,,,
mdeberta,Child support,322846727760,post,0.9247429370880127,0.7514658570289612,0.9540812373161316,0.7392578125,0.0006275578634813428,0.927132785320282,0.5836780667304993,0.8798454403877258,0.2075357586145401,0.3501991331577301,0.946444571018219,0.045238155871629715,0.008317298255860806,,,,,
mdeberta,Child support,323585037360,pre,0.9984053373336792,0.9559504985809326,0.958675742149353,0.8688824772834778,0.0005614787223748863,0.8959786295890808,0.769946277141571,0.8006920218467712,0.4814538359642029,0.332852303981781,0.17073647677898407,0.6239184737205505,0.205345019698143,,,,,
mdeberta,Child support,323585037360,post,0.2065124660730362,0.9579909443855286,0.935043215751648,0.29665428400039673,0.0007138378568924963,0.008787610568106174,0.7762839198112488,0.6520198583602905,0.07105755060911179,0.1291828602552414,0.03221958875656128,0.357759952545166,0.6100204586982727,,,,,
mdeberta,Child support,323620058160,pre,0.8898642063140869,0.9909971952438354,0.9890342950820923,0.8115173578262329,0.001220795209519565,0.9860778450965881,0.4347012937068939,0.7620037198066711,0.8002240657806396,0.1306038796901703,0.033012524247169495,0.3959397077560425,0.5710477828979492,,,,,
mdeberta,Child support,323620058160,post,0.6957257986068726,0.6792851090431213,0.022243667393922806,0.00524044968187809,0.0020308545790612698,0.9290069341659546,0.06108710914850235,0.004953306168317795,0.04379317909479141,0.012359919026494026,0.43738940358161926,0.5153707265853882,0.04723985865712166,,,,,
mdeberta,Child support,323660345760,post,0.4208375811576843,0.9571778178215027,0.8066433072090149,0.12268079072237015,0.0007962780073285103,0.4741441607475281,0.02735699526965618,0.2997197210788727,0.12836116552352905,0.13061773777008057,0.040057096630334854,0.7100290060043335,0.24991388618946075,,,,,
mdeberta,Child support,323689213296,post,0.9947289228439331,0.9904313683509827,0.8483450412750244,0.9412504434585571,0.0007222463027574122,0.9996756315231323,0.3775406777858734,0.9501688480377197,0.09751924872398376,0.429668664932251,0.31753623485565186,0.6014297008514404,0.08103404194116592,,,,,
mdeberta,Child support,323733401748,pre,0.49047964811325073,0.6908720135688782,0.03308597952127457,0.31615808606147766,0.00018023047596216202,0.5009766221046448,0.8079156875610352,0.3015677034854889,0.11439325660467148,0.10683027654886246,0.010086524300277233,0.9655749797821045,0.024338506162166595,,,,,
mdeberta,Child support,323733401748,post,0.9698140025138855,0.06253109872341156,0.8573207855224609,0.577971875667572,0.00037263764534145594,0.9728497266769409,0.776114284992218,0.9343053102493286,0.4525359272956848,0.058064792305231094,0.7683016657829285,0.1924632340669632,0.039235152304172516,,,,,
mdeberta,Child support,323789900832,pre,0.9613346457481384,0.7239441871643066,0.993255078792572,0.6263527870178223,0.00015812712081242353,0.9797405004501343,0.9646393060684204,0.6531269550323486,0.1672101616859436,0.08868207782506943,0.9153883457183838,0.07616470754146576,0.008446916937828064,,,,,
mdeberta,Child support,323789900832,post,0.9746286869049072,0.16566058993339539,0.9093047976493835,0.7760294675827026,0.0002611903182696551,0.997945249080658,0.867204487323761,0.9967301487922668,0.40863069891929626,0.3304711878299713,0.8222216963768005,0.16558274626731873,0.012195567600429058,,,,,
mdeberta,Child support,323790307128,pre,0.9946150779724121,0.4587729871273041,0.29619598388671875,0.8514748215675354,0.0003668626013677567,0.9951960444450378,0.9905874729156494,0.6295468807220459,0.10921789705753326,0.8365545868873596,0.5218262076377869,0.047251246869564056,0.4309225082397461,,,,,
mdeberta,Child support,323790307128,post,0.9957602024078369,0.9892441034317017,0.9975031614303589,0.4816976487636566,0.002178466646000743,0.9930458068847656,0.9983158111572266,0.2808135747909546,0.3812195658683777,0.4615021347999573,0.8952527642250061,0.10044458508491516,0.004302582703530788,,,,,
mdeberta,Child support,323845780896,pre,0.990971028804779,0.9486086964607239,0.9545204043388367,0.543347954750061,0.0017409834545105696,0.9314313530921936,0.3021851181983948,0.808936595916748,0.6203916668891907,0.18286289274692535,0.7965278625488281,0.1413872092962265,0.06208499148488045,,,,,
mdeberta,Child support,323845780896,post,0.9125093221664429,0.9450200796127319,0.9202000498771667,0.6517982482910156,0.005291604436933994,0.5158637762069702,0.8447934985160828,0.5698526501655579,0.03901166468858719,0.341143399477005,0.09109160304069519,0.710915207862854,0.1979932337999344,,,,,
mdeberta,Child support,323896669128,post,0.9737322330474854,0.6406639218330383,0.9231085181236267,0.8477157950401306,0.0008151457295753062,0.9997703433036804,0.8259409666061401,0.5961980819702148,0.021450728178024292,0.6406358480453491,0.9730979800224304,0.020415369421243668,0.00648662680760026,,,,,
mdeberta,Child support,323935043580,post,0.9975031614303589,0.9895715713500977,0.9937344789505005,0.5652987957000732,0.000954731716774404,0.9959298968315125,0.9778807759284973,0.3807013928890228,0.7748389840126038,0.02075481228530407,0.423359215259552,0.525786817073822,0.05085397884249687,,,,,
mdeberta,Child support,324016918380,post,0.9868026375770569,0.919081449508667,0.9284088015556335,0.04700850695371628,0.0007748163770884275,0.006731917150318623,0.6668223142623901,0.22093018889427185,0.009936418384313583,0.008536062203347683,0.35941243171691895,0.5961259007453918,0.04446164146065712,,,,,
mdeberta,Child support,324062475516,post,0.9482864141464233,0.9908478260040283,0.9626204371452332,0.8456876873970032,0.0003618828486651182,0.9214283227920532,0.2473505735397339,0.5943158268928528,0.5722447633743286,0.1292378008365631,0.07625006139278412,0.8709330558776855,0.05281687527894974,,,,,
mdeberta,Child support,324099064044,post,0.8860758543014526,0.9937828779220581,0.9000696539878845,0.43278244137763977,0.037029750645160675,0.9670596122741699,0.9708893895149231,0.4653874933719635,0.4000460207462311,0.29462072253227234,0.04278356954455376,0.7162470817565918,0.24096935987472534,,,,,
mdeberta,Child support,324228274380,pre,0.9866234064102173,0.20540577173233032,0.9336731433868408,0.926835298538208,0.000888230511918664,0.9928682446479797,0.07450025528669357,0.8913272023200989,0.07399682700634003,0.2508210241794586,0.2121904492378235,0.7484334707260132,0.03937606140971184,,,,,
mdeberta,Child support,324228274380,post,0.9911868572235107,0.9142141342163086,0.986151397228241,0.9556514620780945,0.27904194593429565,0.9998329877853394,0.9094506502151489,0.9384632110595703,0.6519091129302979,0.950456976890564,0.8043258190155029,0.15993542969226837,0.03573872894048691,,,,,
mdeberta,Child support,324382650444,pre,0.9992266893386841,0.953144371509552,0.9416541457176208,0.003442980581894517,0.0026730059180408716,0.9999035000801086,0.23458196222782135,0.47883346676826477,0.005030916538089514,0.005384937860071659,0.5133653879165649,0.4533822536468506,0.03325236216187477,,,,,
mdeberta,Child support,324382650444,post,0.9958418011665344,0.47298774123191833,0.9493885636329651,0.12220858037471771,0.0012918456923216581,0.9981468915939331,0.9945412874221802,0.6450640559196472,0.4000459909439087,0.002952148439362645,0.8781791925430298,0.10506294667720795,0.016757842153310776,,,,,
mdeberta,Child support,324383265360,pre,0.688258945941925,0.023419944569468498,0.0020667945500463247,0.0012497095158323646,0.0001409185497323051,0.995643138885498,0.07019223272800446,0.0018031664658337831,0.0239506084471941,0.00013552077871281654,0.6357863545417786,0.32149365544319153,0.0427200049161911,,,,,
mdeberta,Child support,324383265360,post,0.7755197882652283,0.13633506000041962,0.0925646647810936,0.003678509034216404,7.18386800144799e-05,0.9898204803466797,0.13904528319835663,0.0797148272395134,0.11112058162689209,0.0003521250910125673,0.621456503868103,0.3567635416984558,0.021779991686344147,,,,,
mdeberta,Child support,324482381064,post,0.29757198691368103,0.5278033018112183,0.04424522444605827,0.09059459716081619,0.0017409839201718569,0.054941873997449875,0.2825919985771179,0.0952863022685051,0.05279570445418358,0.025029465556144714,0.0730176717042923,0.6240367889404297,0.3029455244541168,,,,,
mdeberta,Child support,325705305348,pre,0.9966102242469788,0.9022226333618164,0.9007919430732727,0.7524902820587158,0.002463006880134344,0.9990545511245728,0.9760379791259766,0.022911692038178444,0.055056072771549225,0.10491212457418442,0.3543643653392792,0.6422979235649109,0.0033377157524228096,,,,,
mdeberta,Child support,325705305348,post,0.9626247882843018,0.8706247806549072,0.7138057947158813,0.7641003727912903,0.0014579034177586436,0.9993267059326172,0.715523362159729,0.40450745820999146,0.3270232081413269,0.3900110721588135,0.6472853422164917,0.34018057584762573,0.012534079141914845,,,,,
mdeberta,Child support,325791216432,pre,0.9776285886764526,0.982355535030365,0.9789554476737976,0.016434572637081146,0.003396387677639723,0.9625765085220337,0.9546949863433838,0.5326682329177856,0.30642324686050415,0.005560321733355522,0.20473867654800415,0.7689120769500732,0.02634929120540619,,,,,
mdeberta,Child support,325791216432,post,0.9918752312660217,0.9677777290344238,0.9787533283233643,0.03164868429303169,0.0036713576409965754,0.9865084886550903,0.45810624957084656,0.454472154378891,0.2429233193397522,0.003456409554928541,0.2853807508945465,0.683173656463623,0.03144556283950806,,,,,
mdeberta,Child support,325862962560,post,0.44408249855041504,0.08941483497619629,0.4256052076816559,0.17444543540477753,0.00023140870325732976,0.9348352551460266,0.9974491000175476,0.24328269064426422,0.1860211044549942,0.10999225080013275,0.4409082233905792,0.22364605963230133,0.335445761680603,,,,,
mdeberta,Child support,325894494960,pre,0.9852288365364075,0.9462010860443115,0.9505488276481628,0.7940658330917358,0.0001922271476360038,0.9317114949226379,0.9153938293457031,0.8490974307060242,0.5664982795715332,0.11211312562227249,0.7521971464157104,0.23607616126537323,0.01172666810452938,,,,,
mdeberta,Child support,325894494960,post,0.9874357581138611,0.6849756836891174,0.9817006587982178,0.007636216469109058,0.001237579621374607,0.9809725284576416,0.4042722284793854,0.003930085804313421,0.03142498806118965,0.009367170743644238,0.8319361209869385,0.16502216458320618,0.0030417332891374826,,,,,
mdeberta,Child support,325957425012,pre,0.9949249029159546,0.9441253542900085,0.9850140810012817,0.9764904975891113,0.0023459072690457106,0.9998183250427246,0.986336886882782,0.6476868391036987,0.07671838253736496,0.09025322645902634,0.23865218460559845,0.5673486590385437,0.19399917125701904,,,,,
mdeberta,Child support,325957425012,post,0.9464769959449768,0.8863711953163147,0.9850140810012817,0.9845457673072815,0.0018639287445694208,0.9997783303260803,0.9893165826797485,0.13138900697231293,0.21321329474449158,0.6650843620300293,0.1642417460680008,0.5494512319564819,0.2863069772720337,,,,,
mdeberta,Child support,325998600444,post,0.9712622761726379,0.9703840613365173,0.8714748024940491,0.7902067303657532,0.009072806686162949,0.9088608622550964,0.8758931756019592,0.7988153100013733,0.9560223817825317,0.5355842709541321,0.19452321529388428,0.7633671164512634,0.04210969805717468,,,,,
mdeberta,Child support,326105443980,pre,0.8982767462730408,0.6634781956672668,0.7544177770614624,0.0005725465598516166,0.00027212293935008347,0.9383503794670105,0.06471256911754608,0.0017683517653495073,0.008694534189999104,0.02046896703541279,0.37177225947380066,0.5521331429481506,0.0760946273803711,,,,,
mdeberta,Child support,326105443980,post,0.9305529594421387,0.11124121397733688,0.45856085419654846,0.05805144086480141,0.00022167809947859496,0.5329113006591797,0.3381864130496979,0.18032306432724,0.003953089471906424,0.04693200811743736,0.7176117300987244,0.24692006409168243,0.03546814247965813,,,,,
mdeberta,Child support,326166322716,pre,0.5226894617080688,0.1532321274280548,0.40474268794059753,0.15713685750961304,0.006705848034471273,0.3900110721588135,0.018815092742443085,0.1678997427225113,0.25692519545555115,0.10715686529874802,0.30939605832099915,0.5518274903297424,0.13877645134925842,,,,,
mdeberta,Child support,326166322716,post,0.5743947625160217,0.1331261694431305,0.19907434284687042,0.03812452033162117,0.0020829709246754646,0.7076067924499512,0.10048072785139084,0.03582584112882614,0.07326411455869675,0.07555068284273148,0.523192286491394,0.4333711564540863,0.04343656077980995,,,,,
mdeberta,Child support,326295594612,pre,0.9877587556838989,0.9687677025794983,0.9937708377838135,0.9726495146751404,0.016246216371655464,0.9996718168258667,0.997708261013031,0.8785147070884705,0.38390111923217773,0.836387574672699,0.45101913809776306,0.3891826570034027,0.1597982496023178,,,,,
mdeberta,Child support,326295594612,post,0.9739189743995667,0.9977699518203735,0.9956346750259399,0.9722834825515747,0.007518718019127846,0.99083012342453,0.9796481132507324,0.966529130935669,0.78220534324646,0.9093047380447388,0.020895933732390404,0.9266229867935181,0.05248109623789787,,,,,
mdeberta,Child support,326310098832,pre,0.7730022072792053,0.9930961728096008,0.8959217667579651,0.8004581332206726,0.005786154884845018,0.8447934985160828,0.6636689901351929,0.3967691659927368,0.15332718193531036,0.03321509435772896,0.022454896941781044,0.8753244876861572,0.10222065448760986,,,,,
mdeberta,Child support,326440400832,pre,0.9785493016242981,0.9541266560554504,0.9721779823303223,0.9233507513999939,0.0028063873760402203,0.9988752007484436,0.47609248757362366,0.9432561993598938,0.9237042665481567,0.49609383940696716,0.007614807691425085,0.9751914143562317,0.017193783074617386,,,,,
mdeberta,Child support,326440400832,post,0.9747371077537537,0.7353329062461853,0.9964168667793274,0.39280256628990173,0.00010229985491605476,0.9949812889099121,0.9497626423835754,0.889816403388977,0.1440284103155136,0.19513355195522308,0.8357612490653992,0.1515360325574875,0.012702763080596924,,,,,
mdeberta,Child support,326445730560,post,0.8256600499153137,0.987562358379364,0.9265367388725281,0.7780596613883972,0.15304216742515564,0.9757854342460632,0.359813928604126,0.7959754467010498,0.754191517829895,0.4421546757221222,0.04154996946454048,0.3663739562034607,0.5920760631561279,,,,,
mdeberta,Child support,326513041632,pre,0.992919921875,0.9955791234970093,0.992251992225647,0.905447781085968,0.0012521495809778571,0.9843777418136597,0.9696510434150696,0.9071375727653503,0.6234915256500244,0.5190337300300598,0.15493880212306976,0.792628288269043,0.052432890981435776,,,,,
mdeberta,Child support,326513041632,post,0.9723491072654724,0.859545886516571,0.7929844856262207,0.019197450950741768,0.0018315102206543088,0.7426084280014038,0.9329742789268494,0.18193502724170685,0.28636878728866577,0.047824520617723465,0.24624237418174744,0.7423582673072815,0.011399419978260994,,,,,
mdeberta,Child support,326513858328,post,0.47950366139411926,0.06418263912200928,0.16465073823928833,0.006419389043003321,0.0012231790460646152,0.4153730571269989,0.07727358490228653,0.016657043248414993,0.3991088569164276,0.0473569855093956,0.01283982116729021,0.03456306457519531,0.9525970816612244,,,,,
mdeberta,Child support,326519469864,pre,0.8833712339401245,0.7439361810684204,0.8496595621109009,0.23213604092597961,0.005911068059504032,0.9806270599365234,0.45181018114089966,0.5214712023735046,0.2927974760532379,0.024434726685285568,0.38545873761177063,0.4864334762096405,0.12810774147510529,,,,,
mdeberta,Child support,326519469864,post,0.9532151818275452,0.52220219373703,0.07024005055427551,0.08764677494764328,0.00016282752039842308,0.7759445309638977,0.9432169795036316,0.13785132765769958,0.01941005140542984,0.19079940021038055,0.5556983947753906,0.36693572998046875,0.07736589014530182,,,,,
mdeberta,Child support,326591356896,pre,0.9715234637260437,0.1839781552553177,0.9065342545509338,0.9266197681427002,0.002103368751704693,0.997593879699707,0.9583627581596375,0.5588085651397705,0.5506073832511902,0.2260993868112564,0.9247584939002991,0.0535251758992672,0.021716400980949402,,,,,
mdeberta,Child support,326591356896,post,0.7983636856079102,0.7204666137695312,0.33366602659225464,0.8695207834243774,0.0002556400722824037,0.970520555973053,0.3048688769340515,0.7790698409080505,0.28308719396591187,0.2626526653766632,0.546440839767456,0.3064506947994232,0.14710846543312073,,,,,
mdeberta,Child support,326640673980,pre,0.894950270652771,0.18687285482883453,0.8573505878448486,0.8162599205970764,0.0030634168069809675,0.6529056429862976,0.6667138338088989,0.9726900458335876,0.5273165106773376,0.06646307557821274,0.679781973361969,0.2851797938346863,0.03503824397921562,,,,,
mdeberta,Child support,326640673980,post,0.9644221067428589,0.9537296295166016,0.9763668775558472,0.9592307209968567,0.0011291545815765858,0.9827365279197693,0.7008947730064392,0.8885655403137207,0.24981309473514557,0.296043336391449,0.7507862448692322,0.2273891717195511,0.021824540570378304,,,,,
mdeberta,Child support,326668168044,pre,0.9927812814712524,0.9892441034317017,0.9849128723144531,0.7819491624832153,0.004820343106985092,0.9926896691322327,0.9798033237457275,0.643721342086792,0.8172100782394409,0.0587630569934845,0.4384191930294037,0.5395282506942749,0.022052576765418053,,,,,
mdeberta,Child support,326668168044,post,0.019985150545835495,0.9228481650352478,0.01681775413453579,0.8002240657806396,0.005260852165520191,0.7487199306488037,0.6658452749252319,0.993518054485321,0.6783269643783569,0.2163424789905548,0.143124520778656,0.4495496451854706,0.4073258340358734,,,,,
mdeberta,Child support,326671658496,pre,0.2963232696056366,0.5830846428871155,0.06427068263292313,0.001842253259383142,0.007770581170916557,0.001863928628154099,0.49365267157554626,0.28462570905685425,0.03319549933075905,0.01711088791489601,0.09166476130485535,0.5005201697349548,0.4078150987625122,,,,,
mdeberta,Child support,326687595012,pre,0.9924886226654053,0.7648916244506836,0.8230174779891968,0.8989884853363037,0.0004974744515493512,0.9979149699211121,0.03237491101026535,0.9009227156639099,0.014392336830496788,0.4137140214443207,0.2264639437198639,0.741821825504303,0.03171422705054283,,,,,
mdeberta,Child support,326687595012,post,0.9969956278800964,0.27601003646850586,0.9214460849761963,0.8974258899688721,0.00016346469055861235,0.9989877343177795,0.007673306856304407,0.9574621915817261,0.1773473471403122,0.6060321927070618,0.4210987091064453,0.5440371632575989,0.034864142537117004,,,,,
mdeberta,Child support,326810305980,pre,0.9816655516624451,0.6817002892494202,0.9480584263801575,0.5792813897132874,0.0014550628839060664,0.9874175786972046,0.9980882406234741,0.07647662609815598,0.17500869929790497,0.03743230178952217,0.43948718905448914,0.5088814496994019,0.05163135007023811,,,,,
mdeberta,Child support,326810305980,post,0.9336731433868408,0.9892441034317017,0.28120818734169006,0.6479931473731995,0.012241275049746037,0.7960547804832458,0.12710988521575928,0.03488088771700859,0.11561078578233719,0.6814751029014587,0.07123029977083206,0.7990303039550781,0.12973938882350922,,,,,
mdeberta,Child support,326813589864,pre,0.9870296716690063,0.5439536571502686,0.9994725584983826,0.9923489689826965,0.0015099906595423818,0.9998673796653748,0.9795310497283936,0.6002469658851624,0.03146960213780403,0.7860690951347351,0.9850828051567078,0.013901316560804844,0.0010158976074308157,,,,,
mdeberta,Child support,326813589864,post,0.9951796531677246,0.8044827580451965,0.9931095838546753,0.7280238270759583,0.48948827385902405,0.999869704246521,0.9693241715431213,0.9743494987487793,0.5343087911605835,0.7622028589248657,0.9391406774520874,0.05968650430440903,0.0011728286044672132,,,,,
mdeberta,Child support,326914750044,pre,0.9947595000267029,0.9828067421913147,0.9464977979660034,0.42441195249557495,0.010130411945283413,0.9967045783996582,0.6916015148162842,0.9204328060150146,0.3551037013530731,0.2726050913333893,0.6303175091743469,0.3501400053501129,0.01954248733818531,,,,,
mdeberta,Child support,326914750044,post,0.9906055927276611,0.973869264125824,0.9853562116622925,0.4615021049976349,0.004972596652805805,0.9998551607131958,0.5034179091453552,0.03197956085205078,0.1446918547153473,0.035244327038526535,0.9392102956771851,0.05288323014974594,0.007906582206487656,,,,,
mdeberta,Child support,328337065116,pre,0.9971047639846802,0.6452875733375549,0.997945249080658,0.026031533256173134,0.000590710376854986,0.9990854263305664,0.9212159514427185,0.46879062056541443,0.04705227538943291,0.026130754500627518,0.9028032422065735,0.08995883911848068,0.007237911690026522,,,,,
mdeberta,Child support,328337065116,post,0.9969484806060791,0.8589950799942017,0.9987106323242188,0.052618950605392456,0.003396387677639723,0.9994104504585266,0.7076067924499512,0.26769521832466125,0.009922018274664879,0.0350126288831234,0.9887760877609253,0.010503636673092842,0.0007202610722742975,,,,,
mdeberta,Child support,328362096096,pre,0.917635440826416,0.5874106884002686,0.920414924621582,0.7282654047012329,0.0008025182178243995,0.9126310348510742,0.6870003938674927,0.297265887260437,0.1262994408607483,0.4049780070781708,0.8493719100952148,0.1158091351389885,0.03481892868876457,,,,,
mdeberta,Child support,328362096096,post,0.9947544932365417,0.9749407172203064,0.9956978559494019,0.9657222032546997,0.009232213720679283,0.9925176501274109,0.9993500113487244,0.882541835308075,0.3112174868583679,0.9508236050605774,0.9727072715759277,0.023763936012983322,0.0035287460777908564,,,,,
mdeberta,Child support,328405054716,pre,0.9699708223342896,0.4189346134662628,0.9766246676445007,0.9832306504249573,0.0008135565440170467,0.9993881583213806,0.029340028762817383,0.36829209327697754,0.4332619607448578,0.2567388117313385,0.34740138053894043,0.627835214138031,0.02476342022418976,,,,,
mdeberta,Child support,328405054716,post,0.9606205224990845,0.4427871108055115,0.9214637279510498,0.8362205028533936,0.001504112733528018,0.9831337332725525,0.0023459072690457106,0.6462370157241821,0.005437495652586222,0.3832949697971344,0.20550157129764557,0.7382349967956543,0.056263357400894165,,,,,
mdeberta,Child support,328411619064,pre,0.9982792735099792,0.9548583626747131,0.9921916723251343,0.14721772074699402,0.0004356301506049931,0.999605655670166,0.9992144703865051,0.377139151096344,0.49774169921875,0.41040176153182983,0.3879258930683136,0.5907947421073914,0.02127937227487564,,,,,
mdeberta,Child support,328411619064,post,0.9874236583709717,0.9865198731422424,0.997593879699707,0.9089820981025696,0.002487117424607277,0.9990415573120117,0.9689738154411316,0.8024781942367554,0.11199166625738144,0.8034824132919312,0.15307462215423584,0.4179835915565491,0.4289417266845703,,,,,
mdeberta,Child support,328670034264,pre,0.9800816178321838,0.8630456924438477,0.9920157194137573,0.438785195350647,0.0004859560576733202,0.9983223080635071,0.9149008989334106,0.8668104410171509,0.003456409787759185,0.3265935182571411,0.9493167400360107,0.048573896288871765,0.0021093240939080715,,,,,
mdeberta,Child support,328670034264,post,0.9939847588539124,0.9837459921836853,0.9980238080024719,0.9925176501274109,0.29239320755004883,0.9997796416282654,0.9687084555625916,0.9994776248931885,0.976680338382721,0.6252093315124512,0.849560022354126,0.1416987031698227,0.008741295896470547,,,,,
mdeberta,Child support,329088025296,post,0.8479048013687134,0.7701191902160645,0.19004665315151215,0.28826844692230225,0.008677717298269272,0.9994986057281494,0.96365886926651,0.6752294301986694,0.03745870292186737,0.4680611193180084,0.5896685719490051,0.3239806294441223,0.08635079860687256,,,,,
mdeberta,Child support,329159776896,post,0.9897215962409973,0.6699607968330383,0.5220803618431091,0.6349961757659912,0.03374836966395378,0.9965368509292603,0.9634203314781189,0.6165318489074707,0.15954449772834778,0.8699909448623657,0.5590941309928894,0.4249212145805359,0.0159846730530262,,,,,
mdeberta,Child support,329277080844,pre,0.9624245166778564,0.86200350522995,0.9160345196723938,0.5183023810386658,0.018020739778876305,0.7617157697677612,0.8025555610656738,0.35711899399757385,0.1257079392671585,0.6297746300697327,0.1403118073940277,0.7314328551292419,0.12825536727905273,,,,,
mdeberta,Child support,329277080844,post,0.9493591785430908,0.172938734292984,0.9906237721443176,0.3579041063785553,0.0008247465593740344,0.9924007058143616,0.9995425939559937,0.8085211515426636,0.07376295328140259,0.0033963879104703665,0.9359655380249023,0.04947132244706154,0.014563125558197498,,,,,
mdeberta,Child support,329313745980,pre,0.9918041229248047,0.9415064454078674,0.9823216199874878,0.5340050458908081,0.0001899880589917302,0.971408486366272,0.9178565740585327,0.6125414371490479,0.026797456666827202,0.012600626796483994,0.6449741125106812,0.3093864321708679,0.045639462769031525,,,,,
mdeberta,Child support,329313745980,post,0.9918041229248047,0.9415064454078674,0.9823216199874878,0.5340050458908081,0.0001899880589917302,0.971408486366272,0.9178565740585327,0.6125414371490479,0.026797456666827202,0.012600626796483994,0.6449741125106812,0.3093864321708679,0.045639462769031525,,,,,
mdeberta,Child support,329322982716,post,0.9398581981658936,0.5202221274375916,0.9338241815567017,0.2990795969963074,0.0011649561347439885,0.9299828410148621,0.9801625609397888,0.7815391421318054,0.5151320695877075,0.02745460718870163,0.7105976343154907,0.2539287209510803,0.03547371178865433,,,,,
mdeberta,Child support,329333853528,pre,0.969425618648529,0.42578428983688354,0.49389681220054626,0.042009055614471436,0.0001188999303849414,0.9938009977340698,0.0036111287772655487,0.021064693108201027,0.022042786702513695,0.08377788215875626,0.2935399115085602,0.5298478007316589,0.17661230266094208,,,,,
mdeberta,Child support,329333853528,post,0.9947697520256042,0.9803186058998108,0.9951796531677246,0.9333701133728027,0.017917346209287643,0.9971854090690613,0.9919066429138184,0.46101680397987366,0.7979088425636292,0.9753783345222473,0.12181086093187332,0.8480157256126404,0.03017342835664749,,,,,
mdeberta,Child support,329344181928,pre,0.2255871742963791,0.9890660047531128,0.9949396848678589,0.4905407130718231,0.002580904169008136,0.38239723443984985,0.002453428227454424,0.21009700000286102,0.5691344141960144,0.1773117184638977,0.08572421222925186,0.48152849078178406,0.4327472746372223,,,,,
mdeberta,Child support,329344181928,post,0.9831013083457947,0.37589260935783386,0.8847257494926453,0.04410091042518616,0.0027202789206057787,0.7437267899513245,0.08848497271537781,0.7035494446754456,0.054393041878938675,0.00590533297508955,0.5661279559135437,0.41413748264312744,0.01973462663590908,,,,,
mdeberta,Child support,329356699812,pre,0.8985691666603088,0.9169687032699585,0.3015162944793701,0.909874439239502,0.01529164332896471,0.9998552203178406,0.9931095242500305,0.7725950479507446,0.7858278155326843,0.9339447617530823,0.02689681574702263,0.20226646959781647,0.7708367705345154,,,,,
mdeberta,Child support,329356699812,post,0.8537908792495728,0.9918279051780701,0.9701975584030151,0.658197820186615,0.0011247574584558606,0.9894970059394836,0.03759538382291794,0.4938967823982239,0.8605450391769409,0.11047115921974182,0.008575869724154472,0.2676355540752411,0.7237885594367981,,,,,
mdeberta,Child support,329362716960,pre,0.9526787996292114,0.9497101902961731,0.9590009450912476,0.7789857387542725,0.001356401713564992,0.9135994911193848,0.7023258805274963,0.7453984022140503,0.15241031348705292,0.3223126530647278,0.535732626914978,0.3823104202747345,0.08195693045854568,,,,,
mdeberta,Child support,329362716960,post,0.9745076298713684,0.8142005801200867,0.9792352318763733,0.08626572787761688,0.0004994205082766712,0.9968519806861877,0.6130049824714661,0.4948732256889343,0.05720292404294014,0.019662577658891678,0.8547571897506714,0.13692831993103027,0.008314533159136772,,,,,
mdeberta,Child support,329379682212,pre,0.9410070180892944,0.930647611618042,0.7801185846328735,0.8642818331718445,0.006863780785351992,0.9984633326530457,0.02409944497048855,0.43830427527427673,0.015648597851395607,0.5290200710296631,0.3674485683441162,0.4755137860774994,0.1570376753807068,,,,,
mdeberta,Child support,329379682212,post,0.5682960152626038,0.634882926940918,0.6785399913787842,0.3475371301174164,0.00027053357916884124,0.25478696823120117,0.7102265357971191,0.16398026049137115,0.5153759717941284,0.11536139994859695,0.3061521053314209,0.6712329387664795,0.02261499874293804,,,,,
mdeberta,Child support,329385221928,pre,0.9982590079307556,0.9961380958557129,0.9882448315620422,0.9324225187301636,0.004905405454337597,0.9982538819313049,0.9788748621940613,0.8796032667160034,0.8274101614952087,0.04885777831077576,0.6977587342262268,0.27859726548194885,0.023643961176276207,,,,,
mdeberta,Child support,329385221928,post,0.9761177897453308,0.8749746680259705,0.8905324935913086,0.5268296599388123,0.009020279161632061,0.8226170539855957,0.9535569548606873,0.49121183156967163,0.47536176443099976,0.21900326013565063,0.6630867123603821,0.1884322464466095,0.14848104119300842,,,,,
mdeberta,Child support,329398291116,pre,0.996182918548584,0.9968854784965515,0.9941175580024719,0.304843008518219,0.007547922898083925,0.9995810985565186,0.6404109597206116,0.3770817816257477,0.28036999702453613,0.128060981631279,0.18608246743679047,0.7323855757713318,0.08153191953897476,,,,,
mdeberta,Child support,329398291116,post,0.9977038502693176,0.6896976232528687,0.7114794254302979,0.07541438937187195,0.0004173157794866711,0.9997851252555847,0.5333974957466125,0.5893619060516357,0.034423548728227615,0.06253109872341156,0.9813249111175537,0.01752832531929016,0.0011467713629826903,,,,,
mdeberta,Child support,329421818664,pre,0.4131219685077667,0.05741395801305771,0.6613762974739075,0.0021074723917990923,0.0006550929974764585,0.004556113854050636,0.024203015491366386,0.0011402228847146034,0.03185885772109032,0.0009811719646677375,0.6521568298339844,0.29845163226127625,0.04939156770706177,,,,,
mdeberta,Child support,329421818664,post,0.7103269696235657,0.1559963971376419,0.2660234570503235,0.03764399513602257,0.0008693674462847412,0.3553273677825928,0.2252887487411499,0.003154205624014139,0.022846195846796036,0.0038393947761505842,0.15713541209697723,0.7871635556221008,0.05570102855563164,,,,,
mdeberta,Child support,329435021232,pre,0.9937708377838135,0.44420307874679565,0.9502266049385071,0.7661187052726746,0.0016166499117389321,0.9992489814758301,0.9459012746810913,0.9004422426223755,0.39001110196113586,0.6230328679084778,0.5105226039886475,0.4506446421146393,0.03883271664381027,,,,,
mdeberta,Child support,329435021232,post,0.9967460036277771,0.7924642562866211,0.9969425797462463,0.8946053981781006,0.0007422528578899801,0.9982143640518188,0.9855242967605591,0.5910152792930603,0.5553146600723267,0.11976799368858337,0.9366291165351868,0.05518793687224388,0.008182952180504799,,,,,
mdeberta,Child support,329454786096,pre,0.9917883276939392,0.9704366326332092,0.9798033833503723,0.6352224349975586,0.00039899128023535013,0.9863696694374084,0.24698711931705475,0.9003108739852905,0.6845804452896118,0.13747455179691315,0.8008451461791992,0.1746385395526886,0.024516329169273376,,,,,
mdeberta,Child support,329454786096,post,0.5642185807228088,0.8630457520484924,0.7379143238067627,0.9382373094558716,0.0027202789206057787,0.9979966878890991,0.16762703657150269,0.9165214896202087,0.7627776265144348,0.7399865388870239,0.4645058512687683,0.47107258439064026,0.06442161649465561,,,,,
mdeberta,Child support,329485223412,pre,0.9810764193534851,0.8911970257759094,0.8933559656143188,0.718051016330719,0.001734208082780242,0.7063930034637451,0.873160719871521,0.8124212622642517,0.35667070746421814,0.03664860129356384,0.3064589202404022,0.6410096287727356,0.05253143981099129,,,,,
mdeberta,Child support,329485223412,post,0.9948803186416626,0.9926826357841492,0.9952816367149353,0.6454551815986633,0.004618542268872261,0.9903243184089661,0.9267317652702332,0.6228035092353821,0.7388575673103333,0.0427621528506279,0.2671278119087219,0.6798072457313538,0.05306493118405342,,,,,
mdeberta,Child support,329562035244,pre,0.9992145299911499,0.9728049635887146,0.9957020282745361,0.9957354068756104,0.19129934906959534,0.9992504715919495,0.9645642638206482,0.9291837811470032,0.7478922605514526,0.9866748452186584,0.002519879722967744,0.1840086430311203,0.8134714961051941,,,,,
mdeberta,Child support,329562035244,post,0.1192542016506195,0.8557305932044983,0.30564549565315247,0.02595735713839531,0.010408313944935799,0.8936346769332886,0.01851104572415352,0.034456025809049606,0.03908495232462883,0.022846197709441185,0.014219454489648342,0.08254966139793396,0.9032309055328369,,,,,
mdeberta,Child support,329587821360,pre,0.9776445627212524,0.998332142829895,0.9904313683509827,0.8559715747833252,0.002396730938926339,0.9975441694259644,0.9772326946258545,0.837619960308075,0.4052133560180664,0.9121822118759155,0.20658428966999054,0.6237121820449829,0.16970358788967133,,,,,
mdeberta,Child support,329587821360,post,0.9514701962471008,0.9230304956436157,0.984215497970581,0.8078399300575256,0.035111747682094574,0.991574764251709,0.925259530544281,0.7300012111663818,0.7560875415802002,0.5527811646461487,0.1100967675447464,0.7571659088134766,0.13273723423480988,,,,,
mdeberta,Child support,329589326160,pre,0.9931095242500305,0.7640783786773682,0.9556720852851868,0.6682310700416565,0.0013354008551687002,0.995340883731842,0.9957602024078369,0.7468782067298889,0.1865392029285431,0.07652837038040161,0.94625324010849,0.05128873512148857,0.0024580913595855236,,,,,
mdeberta,Child support,329589326160,post,0.9992489814758301,0.9942920207977295,0.9265699982643127,0.09687654674053192,0.0021784668788313866,0.999139130115509,0.396301805973053,0.44987595081329346,0.14490348100662231,0.05740074813365936,0.9501076340675354,0.03694776073098183,0.01294457633048296,,,,,
mdeberta,Child support,329679411696,pre,0.9943140745162964,0.9969366192817688,0.9843664169311523,0.7904090285301208,0.011419613845646381,0.9997091889381409,0.03618598356842995,0.5327897667884827,0.0007628131425008178,0.04600710794329643,0.512523889541626,0.46731388568878174,0.02016226202249527,,,,,
mdeberta,Child support,329679411696,post,0.9887228012084961,0.9381240606307983,0.9607681035995483,0.15228420495986938,0.0007166297873482108,0.9977786540985107,0.50146484375,0.38144993782043457,0.39501747488975525,0.037318117916584015,0.5966095328330994,0.3494465947151184,0.05394379422068596,,,,,
mdeberta,Child support,330411837528,post,0.995866060256958,0.9913725256919861,0.9819965362548828,0.9652831554412842,0.000642430386506021,0.9974860548973083,0.9292079210281372,0.9069420099258423,0.6164164543151855,0.26731252670288086,0.524179995059967,0.3887537121772766,0.08706623315811157,,,,,
mdeberta,Child support,330505338960,pre,0.966195821762085,0.04035123810172081,0.4532618522644043,0.03879259154200554,0.0007408055826090276,0.9995188117027283,0.007338708732277155,0.11999984085559845,0.006545171607285738,0.004399413242936134,0.9584389328956604,0.03947267308831215,0.0020884028635919094,,,,,
mdeberta,Child support,330505338960,post,0.8945521712303162,0.9098869562149048,0.8868498802185059,0.6995623707771301,0.001353758736513555,0.4882833957672119,0.1559762805700302,0.34709432721138,0.2523840367794037,0.41182032227516174,0.05813241004943848,0.6665908694267273,0.275276780128479,,,,,
mdeberta,Child support,330632295516,pre,0.9439447522163391,0.8865432739257812,0.8931987881660461,0.43518126010894775,0.0032986511941999197,0.8995192646980286,0.8659058809280396,0.6880493760108948,0.524151086807251,0.11037521809339523,0.3669663369655609,0.5866969227790833,0.04633669555187225,,,,,
mdeberta,Child support,330632295516,post,0.7165161967277527,0.44613271951675415,0.24965299665927887,0.295738160610199,0.003027834929525852,0.9448676705360413,0.8401442766189575,0.24571794271469116,0.30280324816703796,0.1059020459651947,0.11255264282226562,0.7337563037872314,0.15369106829166412,,,,,
mdeberta,Child support,330682908780,post,0.1205940842628479,0.009531700983643532,0.03974119946360588,0.12743528187274933,0.000530576566234231,0.1173696517944336,0.1651887148618698,0.2626526653766632,0.04922211542725563,0.018626727163791656,0.07096248120069504,0.542975127696991,0.3860624134540558,,,,,
mdeberta,Child support,330730649244,pre,0.9061975479125977,0.15980656445026398,0.6682040095329285,0.1122346967458725,0.00044421839993447065,0.9962382912635803,0.7648916244506836,0.7969253659248352,0.11733891069889069,0.07537183165550232,0.7765085101127625,0.2150568813085556,0.008434636518359184,,,,,
mdeberta,Child support,330730649244,post,0.9915788769721985,0.5396201610565186,0.9906328320503235,0.4444442093372345,0.004086002707481384,0.9858787059783936,0.8484392762184143,0.9876579642295837,0.37513402104377747,0.01752636581659317,0.666040301322937,0.3167732059955597,0.017186490818858147,,,,,
mdeberta,Child support,330737286096,pre,0.939024806022644,0.7904090285301208,0.9005298018455505,0.8033281564712524,0.0009381115669384599,0.9939846992492676,0.7325918674468994,0.9244834184646606,0.2798284888267517,0.45859113335609436,0.13880068063735962,0.3884217441082001,0.47277751564979553,,,,,
mdeberta,Child support,330737286096,post,0.8964555263519287,0.9989288449287415,0.9964893460273743,0.7348574995994568,0.003057457972317934,0.9815950989723206,0.8639234900474548,0.8781314492225647,0.5024413466453552,0.27973008155822754,0.023252135142683983,0.5169568657875061,0.459790974855423,,,,,
mdeberta,Child support,330822715644,post,0.9905965328216553,0.719876229763031,0.9720190763473511,0.7020195722579956,0.0007613258785568178,0.9066118001937866,0.9026525020599365,0.7757747769355774,0.5389832258224487,0.04063104838132858,0.4190126657485962,0.4834595322608948,0.09752780199050903,,,,,
mdeberta,Child support,330983937864,pre,0.9900250434875488,0.9714236855506897,0.9761860370635986,0.8661324977874756,0.0003089471720159054,0.9496694207191467,0.9345744848251343,0.6408606171607971,0.6846858263015747,0.27727723121643066,0.597786545753479,0.32059764862060547,0.08161579817533493,,,,,
mdeberta,Child support,330983937864,post,0.982954740524292,0.9890976548194885,0.9756582379341125,0.7771307229995728,0.00019073148723691702,0.9724277853965759,0.961592435836792,0.7697731852531433,0.592430830001831,0.11004005372524261,0.3787289559841156,0.6117433905601501,0.009527701884508133,,,,,
mdeberta,Child support,330992489232,pre,0.9932287931442261,0.9864938855171204,0.9684708118438721,0.59702068567276,0.001325022429227829,0.9515940546989441,0.7405498027801514,0.615319013595581,0.26076579093933105,0.14223189651966095,0.3044002056121826,0.6890397071838379,0.0065600755624473095,,,,,
mdeberta,Child support,330992489232,post,0.9976768493652344,0.9854404926300049,0.9486324787139893,0.8108161687850952,0.0011763748480007052,0.9870997667312622,0.8491598963737488,0.6220002174377441,0.5309661626815796,0.3830641508102417,0.23509962856769562,0.7559521794319153,0.008948220871388912,,,,,
mdeberta,Child support,331066087632,pre,0.9770663976669312,0.9307735562324524,0.0934295579791069,0.009802816435694695,0.0001298216957366094,0.9997730851173401,0.1402479112148285,0.8230974674224854,0.0006512682302854955,0.003930085804313421,0.5861753225326538,0.3819907009601593,0.031833939254283905,,,,,
mdeberta,Child support,331066087632,post,0.9647889137268066,0.18742994964122772,0.9928717017173767,0.8221177458763123,0.0018566754879429936,0.9495759010314941,0.9834108352661133,0.8188092112541199,0.8372319936752319,0.3985234797000885,0.9268290996551514,0.06503390520811081,0.008136967197060585,,,,,
mdeberta,Child support,331199533980,pre,0.9597243666648865,0.38851654529571533,0.939470648765564,0.28056707978248596,0.029451483860611916,0.980994701385498,0.9986853003501892,0.640186071395874,0.4561675190925598,0.7576375007629395,0.8470836281776428,0.12976184487342834,0.023154519498348236,,,,,
mdeberta,Child support,331199533980,post,0.9672250151634216,0.9845754504203796,0.9915952086448669,0.8772666454315186,0.00026738259475678205,0.9882107973098755,0.2417578101158142,0.791126012802124,0.3922204375267029,0.8041753768920898,0.7796034216880798,0.19955989718437195,0.020836684852838516,,,,,
mdeberta,Child support,331428197232,pre,0.9857866764068604,0.9934484958648682,0.9984782338142395,0.20817893743515015,0.007800756953656673,0.9992563128471375,0.9957560300827026,0.8155999183654785,0.674693763256073,0.3949008285999298,0.8926839828491211,0.10374011844396591,0.0035758865997195244,,,,,
mdeberta,Child support,331428197232,post,0.9741104245185852,0.9988620281219482,0.9420219659805298,0.8581845760345459,0.003216216806322336,0.9985840916633606,0.8667822480201721,0.8931347727775574,0.8670638799667358,0.5741560459136963,0.014548441395163536,0.3288652002811432,0.6565863490104675,,,,,
mdeberta,Child support,331497006264,pre,0.8579169511795044,0.7004852294921875,0.9919847249984741,0.9556928277015686,0.0005571117508225143,0.9896568655967712,0.42036160826683044,0.9388639330863953,0.7566273808479309,0.17462129890918732,0.38598546385765076,0.4789833128452301,0.1350313127040863,,,,,
mdeberta,Child support,331497006264,post,0.953686535358429,0.9424272775650024,0.9989371299743652,0.8607792854309082,0.010150016285479069,0.9956134557723999,0.44453462958335876,0.7966881990432739,0.9450454711914062,0.8025555610656738,0.00542051438242197,0.3379855453968048,0.6565938591957092,,,,,
mdeberta,Child support,331558564212,post,0.9258524179458618,0.20847086608409882,0.8438307642936707,0.6101050972938538,0.012395734898746014,0.8779745697975159,0.01945657469332218,0.24346253275871277,0.22184550762176514,0.21866938471794128,0.4777553677558899,0.34715205430984497,0.17509253323078156,,,,,
mdeberta,Child support,331646387760,pre,0.9832949042320251,0.9037624001502991,0.9195342063903809,0.4440825283527374,0.013636835850775242,0.9996812343597412,0.023464657366275787,0.29731690883636475,0.056262265890836716,0.013841943815350533,0.40513426065444946,0.45506006479263306,0.13980570435523987,,,,,
mdeberta,Child support,331646387760,post,0.9739932417869568,0.7656371593475342,0.8142467737197876,0.5743947625160217,0.0003675795451272279,0.9995073676109314,0.931189239025116,0.8291464447975159,0.07339683175086975,0.19231171905994415,0.9221788644790649,0.07080762833356857,0.007013472728431225,,,,,
mdeberta,Child support,332476016148,post,0.9191001653671265,0.8621341586112976,0.9448930621147156,0.8654090166091919,0.05926467478275299,0.9043975472450256,0.6864226460456848,0.8167720437049866,0.7940458059310913,0.1686343401670456,0.18494170904159546,0.6986446380615234,0.11641368269920349,,,,,
mdeberta,Child support,332533810728,pre,0.9776712656021118,0.8413699865341187,0.9213399291038513,0.371934711933136,0.016737205907702446,0.988323986530304,0.29320207238197327,0.6957516670227051,0.5824910402297974,0.22312304377555847,0.13402795791625977,0.8067148923873901,0.0592571422457695,,,,,
mdeberta,Child support,332533810728,post,0.5964551568031311,0.9960660338401794,0.9892648458480835,0.7070002555847168,0.09438513964414597,0.9976903200149536,0.7393754124641418,0.7567846775054932,0.7205649614334106,0.9974762797355652,0.0036246718373149633,0.05776126682758331,0.9386140704154968,,,,,
mdeberta,Child support,332541130212,pre,0.703345775604248,0.7185943722724915,0.609524130821228,0.9402434229850769,0.00010910978016909212,0.9692150950431824,0.7714993953704834,0.8568122982978821,0.7324005365371704,0.4002804160118103,0.15290534496307373,0.635324239730835,0.21177038550376892,,,,,
mdeberta,Child support,332541130212,post,0.47414419054985046,0.8607207536697388,0.6377643942832947,0.8230441212654114,0.00019185213022865355,0.9240047931671143,0.7682119607925415,0.7834919095039368,0.4522939920425415,0.4445647597312927,0.04492069035768509,0.5063670873641968,0.44871219992637634,,,,,
mdeberta,Child support,332551598148,post,0.5813031196594238,0.9712520837783813,0.16359572112560272,0.9373972415924072,0.009974921122193336,0.9785627722740173,0.550365686416626,0.8253787159919739,0.671470582485199,0.502197265625,0.048457954078912735,0.6536847949028015,0.29785725474357605,,,,,
mdeberta,Child support,332579913696,pre,0.9917324185371399,0.9254323244094849,0.9953634738922119,0.6610482335090637,0.0001837845629779622,0.9684185981750488,0.9854544401168823,0.45471426844596863,0.2867680788040161,0.06117994338274002,0.7574151754379272,0.22106710076332092,0.021517712622880936,,,,,
mdeberta,Child support,332579913696,post,0.9929404854774475,0.4706815183162689,0.9572378396987915,0.17956651747226715,0.0002468110469635576,0.9744924902915955,0.9931395053863525,0.34953275322914124,0.3517563045024872,0.274545818567276,0.9094089865684509,0.0859202891588211,0.004670707508921623,,,,,
mdeberta,Child support,332597764728,post,0.8728901147842407,0.7558454275131226,0.41810286045074463,0.20173458755016327,0.0007524628308601677,0.9060729742050171,0.7213507890701294,0.7092205882072449,0.08218025416135788,0.008821701630949974,0.558070719242096,0.35996583104133606,0.08196340501308441,,,,,
mdeberta,Child support,332701188264,pre,0.9399203062057495,0.9136765599250793,0.746508777141571,0.8467044830322266,0.002895213896408677,0.8413048386573792,0.5506073832511902,0.45519858598709106,0.8091252446174622,0.48267295956611633,0.03564835339784622,0.8416162133216858,0.12273544073104858,,,,,
mdeberta,Child support,332724581064,pre,0.9943636059761047,0.9913306832313538,0.9937949180603027,0.909826934337616,0.002828336087986827,0.9998214840888977,0.9893474578857422,0.8202535510063171,0.7733020186424255,0.3925696909427643,0.9230272173881531,0.06871740520000458,0.008255352266132832,,,,,
mdeberta,Child support,332724581064,post,0.9975608587265015,0.9669452905654907,0.9986222982406616,0.5961393117904663,0.00039280796772800386,0.9995592832565308,0.9962198734283447,0.29838913679122925,0.7631309032440186,0.003787457710132003,0.9490005970001221,0.048890795558691025,0.002108621643856168,,,,,
mdeberta,Child support,332734017528,pre,0.9914886355400085,0.9659317135810852,0.13375429809093475,0.08351588994264603,0.0008899656240828335,0.9534650444984436,0.06963659077882767,0.14045411348342896,0.1646171659231186,0.02163599617779255,0.32294130325317383,0.48758170008659363,0.18947698175907135,,,,,
mdeberta,Child support,332734017528,post,0.9959060549736023,0.9856353402137756,0.9904590249061584,0.731298565864563,0.012467670254409313,0.9957062602043152,0.4739006757736206,0.8642101883888245,0.45919737219810486,0.06650853157043457,0.6638256907463074,0.31204167008399963,0.02413266710937023,,,,,
mdeberta,Child support,332796813516,pre,0.4259633719921112,0.983738124370575,0.014785407111048698,0.01096574030816555,0.0009850083151832223,0.00377641967497766,0.05818508565425873,0.021969227120280266,0.10874374955892563,0.011938038282096386,0.0760488212108612,0.5299818515777588,0.39396926760673523,,,,,
mdeberta,Child support,332821778832,pre,0.9975079894065857,0.9522199034690857,0.9966949224472046,0.9646392464637756,0.0028449096716940403,0.9986060261726379,0.4263215959072113,0.8229730129241943,0.8649534583091736,0.5720057487487793,0.9211392402648926,0.0670250728726387,0.011835684068500996,,,,,
mdeberta,Child support,332821778832,post,0.981577455997467,0.9860979318618774,0.9668514728546143,0.0845305323600769,0.011597361415624619,0.9797258973121643,0.7945444583892822,0.16786563396453857,0.5309661626815796,0.09924627840518951,0.9685176014900208,0.028232909739017487,0.003249499714002013,,,,,
mdeberta,Child support,332922253644,post,0.6296038031578064,0.9202896356582642,0.5141564011573792,0.13318957388401031,0.0012743262341246009,0.4851118326187134,0.39817240834236145,0.21190567314624786,0.3549919128417969,0.028966892510652542,0.06461050361394882,0.23119910061359406,0.7041904330253601,,,,,
mdeberta,Child support,333103718160,pre,0.7013040781021118,0.9986059665679932,0.9929060935974121,0.930505633354187,0.09623762220144272,0.9975273609161377,0.3293108344078064,0.6408606171607971,0.7812680602073669,0.9661559462547302,0.0032843351364135742,0.07622545212507248,0.9204902052879333,,,,,
mdeberta,Child support,333103718160,post,0.4153730571269989,0.8264318108558655,0.9327525496482849,0.757659912109375,0.019400760531425476,0.9930860996246338,0.0022606407292187214,0.6890964508056641,0.6284074187278748,0.9288052916526794,0.0017897195648401976,0.08993175625801086,0.9082785248756409,,,,,
mdeberta,Child support,333186824160,pre,0.9857866764068604,0.9810764193534851,0.9421883821487427,0.8711600303649902,0.03185885399580002,0.9509831666946411,0.4576214551925659,0.7735586762428284,0.9062287211418152,0.647129476070404,0.013394352979958057,0.8368114829063416,0.14979413151741028,,,,,
mdeberta,Child support,333186824160,post,0.22688531875610352,0.10975348204374313,0.034521061927080154,0.3324187695980072,0.002693914109840989,0.8220463395118713,0.2233770489692688,0.3319854140281677,0.40568414330482483,0.11136195063591003,0.04270443692803383,0.10456518083810806,0.8527303338050842,,,,,
mdeberta,Child support,333303379128,pre,0.8285923004150391,0.9285061359405518,0.9037411212921143,0.8989246487617493,0.007011794950813055,0.9520642161369324,0.6874201893806458,0.6139312386512756,0.6728693246841431,0.2071545571088791,0.007081085816025734,0.0896141454577446,0.9033047556877136,,,,,
mdeberta,Child support,333303379128,post,0.5153760313987732,0.9874721169471741,0.9704506993293762,0.8251675367355347,0.010776725597679615,0.9857969284057617,0.2780607044696808,0.6930575966835022,0.4131219685077667,0.3745618760585785,0.002467944985255599,0.032524675130844116,0.9650073647499084,,,,,
mdeberta,Child support,333367402896,pre,0.9676098227500916,0.7714993953704834,0.7994325160980225,0.7695568203926086,0.0006602274952456355,0.9976078867912292,0.9976125955581665,0.5264645218849182,0.20459257066249847,0.8526289463043213,0.766738772392273,0.17889945209026337,0.05436180531978607,,,,,
mdeberta,Child support,333367402896,post,0.9507550597190857,0.39770445227622986,0.9595872163772583,0.3455468416213989,0.000191104321856983,0.7814974188804626,0.9354645013809204,0.8565725088119507,0.05848684161901474,0.24184732139110565,0.8956047296524048,0.09636953473091125,0.008025752380490303,,,,,
mdeberta,Child support,333382381812,pre,0.9673794507980347,0.8969078660011292,0.9933459758758545,0.9889064431190491,0.0007793660624884069,0.9992649555206299,0.987466037273407,0.39875760674476624,0.7595376372337341,0.9283113479614258,0.32783645391464233,0.6492802500724792,0.022883256897330284,,,,,
mdeberta,Child support,333382381812,post,0.979383647441864,0.7845461368560791,0.7964508533477783,0.4804786741733551,0.004086002707481384,0.9950898289680481,0.21568095684051514,0.5209837555885315,0.36161547899246216,0.07147769629955292,0.19753122329711914,0.7016781568527222,0.1007906049489975,,,,,
mdeberta,Child support,333419387580,pre,0.9898989200592041,0.6416276693344116,0.7250162959098816,0.2658804655075073,0.002467810409143567,0.999796986579895,0.006850479636341333,0.05665242671966553,0.43062615394592285,0.03302355110645294,0.7748251557350159,0.2185494750738144,0.0066254520788788795,,,,,
mdeberta,Child support,333419387580,post,0.9946045875549316,0.9834386706352234,0.9958337545394897,0.753648042678833,0.0029121784027665854,0.9969514608383179,0.7980294227600098,0.7512834072113037,0.9375475645065308,0.6761924028396606,0.5610984563827515,0.42644456028938293,0.012456957250833511,,,,,
mdeberta,Child support,333621101232,pre,0.9856353402137756,0.987899661064148,0.9808942675590515,0.8863958120346069,0.0010322310263291001,0.9819316864013672,0.9539633989334106,0.8214741945266724,0.5847455263137817,0.1542167216539383,0.1478508710861206,0.5989211797714233,0.25322797894477844,,,,,
mdeberta,Child support,333621101232,post,0.9885913729667664,0.9862311482429504,0.9882221221923828,0.7892844676971436,0.0008830458391457796,0.9752460718154907,0.9262370467185974,0.7152251601219177,0.5549529194831848,0.07774491608142853,0.14097633957862854,0.5521537065505981,0.3068699836730957,,,,,
mdeberta,Child support,333674999748,post,0.5254905223846436,0.9708126187324524,0.9399271011352539,0.7150261998176575,0.0011672310065478086,0.8353493213653564,0.033557821065187454,0.5527811050415039,0.40333181619644165,0.24328269064426422,0.016234392300248146,0.11623776704072952,0.8675278425216675,,,,,
mdeberta,Child support,333757626264,pre,0.10576342046260834,0.9994000196456909,0.9780307412147522,0.0018675659084692597,0.757928729057312,0.2715413570404053,0.003728957613930106,0.4981689453125,0.6608840227127075,0.05341567471623421,0.01924784667789936,0.6162839531898499,0.36446818709373474,,,,,
mdeberta,Child support,333757626264,post,0.0665995329618454,0.987817645072937,0.4086897075176239,0.025736059993505478,0.1989186853170395,0.5784481763839722,0.005405900068581104,0.6085940599441528,0.5078119039535522,0.976197361946106,0.018409082666039467,0.3320143520832062,0.6495766043663025,,,,,
mdeberta,Child support,335424943296,pre,0.9854124784469604,0.5869853496551514,0.7986583113670349,0.6804540753364563,0.000758359965402633,0.9964446425437927,0.8212413191795349,0.9973785281181335,0.0652167946100235,0.235371932387352,0.9615987539291382,0.028913969174027443,0.0094872135668993,,,,,
mdeberta,Child support,335424943296,post,0.8775554895401001,0.5443775653839111,0.9149959087371826,0.14327757060527802,0.04232459142804146,0.9994406700134277,0.9576358199119568,0.52220219373703,0.3691445291042328,0.928958535194397,0.852122962474823,0.11144722253084183,0.03642979636788368,,,,,
mdeberta,Child support,335891226096,pre,0.983238697052002,0.9765437245368958,0.96617192029953,0.9086584448814392,0.011926524341106415,0.9873353838920593,0.9791634678840637,0.8168451189994812,0.2952299118041992,0.5183023810386658,0.08705548942089081,0.8876408338546753,0.025303684175014496,,,,,
mdeberta,Child support,335905795296,pre,0.9706077575683594,0.9272316098213196,0.9738506078720093,0.8613050580024719,0.0001339421287411824,0.9152803421020508,0.7520126104354858,0.923316240310669,0.29219120740890503,0.4335017800331116,0.028913291171193123,0.9389573931694031,0.032129354774951935,,,,,
mdeberta,Child support,335905795296,post,0.9954083561897278,0.9993797540664673,0.998757541179657,0.9987980723381042,0.010590936057269573,0.9997851252555847,0.9124361276626587,0.185541033744812,0.052134253084659576,0.9753783941268921,0.022563986480236053,0.9317440986633301,0.045691922307014465,,,,,
mdeberta,Child support,335907029232,post,0.9765353202819824,0.9763105511665344,0.9760151505470276,0.6037566065788269,0.010693756863474846,0.9795371294021606,0.999317467212677,0.5561585426330566,0.12580859661102295,0.2041831612586975,0.832078218460083,0.15574760735034943,0.01217417698353529,,,,,
mdeberta,Child support,335939244948,post,0.9219108819961548,0.4596824645996094,0.7646281123161316,0.44963425397872925,0.005797401070594788,0.9533076286315918,0.5648187398910522,0.40615516901016235,0.03841204568743706,0.008937726728618145,0.1589062660932541,0.7380946278572083,0.10299915820360184,,,,,
mdeberta,Child support,336028571244,pre,0.9961418509483337,0.9862642884254456,0.9870046377182007,0.9046874046325684,0.00021909605129621923,0.9841145873069763,0.9595446586608887,0.78116375207901,0.4561675190925598,0.012698198668658733,0.6681953072547913,0.2862667739391327,0.04553791508078575,,,,,
mdeberta,Child support,336028571244,post,0.9942808747291565,0.9488936066627502,0.9834545254707336,0.989108145236969,0.0006411776994355023,0.992134690284729,0.9737509489059448,0.7609172463417053,0.10874375700950623,0.08325465023517609,0.1964598447084427,0.771343469619751,0.032196711748838425,,,,,
mdeberta,Child support,336050532432,post,0.9598656296730042,0.20645372569561005,0.05948283150792122,0.00903775542974472,0.0004512105952017009,0.9992944598197937,0.9990053176879883,0.035712163895368576,0.06596493721008301,0.09195128083229065,0.6381980180740356,0.3244907259941101,0.03731118515133858,,,,,
mdeberta,Child support,336066055128,pre,0.5467381477355957,0.703956663608551,0.27904197573661804,0.5978426933288574,0.015431969426572323,0.9254323840141296,0.8224745392799377,0.5893619060516357,0.7275885343551636,0.5209837555885315,0.08268294483423233,0.6236075162887573,0.29370957612991333,,,,,
mdeberta,Child support,336066055128,post,0.8377527594566345,0.8484078645706177,0.287567675113678,0.6932653188705444,0.18257121741771698,0.8754679560661316,0.6428809762001038,0.4639299511909485,0.30673468112945557,0.2404177337884903,0.058979474008083344,0.8673321008682251,0.07368842512369156,,,,,
mdeberta,Child support,336092047812,pre,0.7446563839912415,0.8532109260559082,0.8703942894935608,0.6938879489898682,0.00023413581948261708,0.6953380703926086,0.33524203300476074,0.5672175288200378,0.5051267743110657,0.24059611558914185,0.19985869526863098,0.5197880864143372,0.28035327792167664,,,,,
mdeberta,Child support,336092047812,post,0.9743372797966003,0.8809508085250854,0.8989884853363037,0.32487764954566956,0.002238720888271928,0.9989182949066162,0.9905692338943481,0.9695123434066772,0.14720238745212555,0.0883275642991066,0.7975123524665833,0.18119318783283234,0.02129453606903553,,,,,
mdeberta,Child support,336093073128,pre,0.9936426281929016,0.9097667932510376,0.9010316133499146,0.6893056035041809,0.00017164304153993726,0.96907639503479,0.9421085119247437,0.7158215045928955,0.1724155694246292,0.03564496710896492,0.6545993089675903,0.24353332817554474,0.10186737775802612,,,,,
mdeberta,Child support,336213594612,pre,0.9240476489067078,0.05257029086351395,0.957277774810791,0.9488698840141296,0.003976228181272745,0.993129551410675,0.6176279783248901,0.6594051122665405,0.3030094504356384,0.23449426889419556,0.5989272594451904,0.3524351418018341,0.04863765090703964,,,,,
mdeberta,Child support,336213594612,post,0.9361063838005066,0.6856338381767273,0.6951311230659485,0.387661337852478,0.0016040893970057368,0.9318045377731323,0.213787242770195,0.529263436794281,0.41466182470321655,0.033832062035799026,0.30797192454338074,0.6557278633117676,0.03630026429891586,,,,,
mdeberta,Child support,336312157644,pre,0.997166097164154,0.9970478415489197,0.9960622191429138,0.9967077970504761,0.03664860129356384,0.9996934533119202,0.9945253729820251,0.9970248341560364,0.9984360933303833,0.25455528497695923,0.780265748500824,0.21582725644111633,0.003906960133463144,,,,,
mdeberta,Child support,336312157644,post,0.9927109479904175,0.9908919930458069,0.5308445692062378,0.9345744848251343,0.04560694471001625,0.994488000869751,0.9244152307510376,0.5032653212547302,0.9506863951683044,0.50042724609375,0.021089404821395874,0.14468400180339813,0.834226667881012,,,,,
mdeberta,Child support,336365716212,pre,0.9962565302848816,0.7331176400184631,0.7254055738449097,0.4007493555545807,0.005129633937031031,0.9998058676719666,0.07910355180501938,0.6410853862762451,0.07859816402196884,0.012276750057935715,0.9290045499801636,0.06809013336896896,0.002905296627432108,,,,,
mdeberta,Child support,336365716212,post,0.8036365509033203,0.9957807064056396,0.9880619645118713,0.8653948307037354,0.027663977816700935,0.884139358997345,0.022586043924093246,0.8958647847175598,0.4846239984035492,0.5698527097702026,0.02372940443456173,0.6727956533432007,0.30347493290901184,,,,,
mdeberta,Child support,336368866716,pre,0.9403530359268188,0.013441198505461216,0.6627964377403259,0.3812195360660553,0.004512036684900522,0.6500231027603149,0.3223126232624054,0.6680145263671875,0.10190880298614502,0.07167237251996994,0.3345798850059509,0.6227165460586548,0.0427035428583622,,,,,
mdeberta,Child support,336368866716,post,0.8981540203094482,0.21766993403434753,0.0037727474700659513,0.2577650845050812,0.010268433019518852,0.7397985458374023,0.6802417039871216,0.5770187377929688,0.042727191001176834,0.23616372048854828,0.8475483655929565,0.1376173198223114,0.014834237284958363,,,,,
mdeberta,Child support,336385416780,pre,0.9951515197753906,0.8553685545921326,0.8576600551605225,0.07316471636295319,0.0015011823270469904,0.7816641330718994,0.9449185729026794,0.701508641242981,0.9473323822021484,0.04790239781141281,0.7908011078834534,0.19679789245128632,0.012400949373841286,,,,,
mdeberta,Child support,336385416780,post,0.8899957537651062,0.11090373247861862,0.3838145136833191,0.0020033332984894514,0.0001436975144315511,0.2859697937965393,0.4122934639453888,0.4734137952327728,0.17678704857826233,0.05666547268629074,0.47586676478385925,0.4224188029766083,0.10171442478895187,,,,,
mdeberta,Child support,336436920612,pre,0.8181926608085632,0.9914059042930603,0.8210441470146179,0.7133817076683044,0.11611097306013107,0.9994816780090332,0.45471426844596863,0.6099889278411865,0.76882004737854,0.7934462428092957,0.2526191473007202,0.681762158870697,0.06561869382858276,,,,,
mdeberta,Child support,336436920612,post,0.9539875388145447,0.6380744576454163,0.9759922623634338,0.9849852323532104,0.0071352520026266575,0.9590393304824829,0.9864808917045593,0.08957399427890778,0.009840806014835835,0.5358271598815918,0.599937915802002,0.38546228408813477,0.014599772170186043,,,,,
mdeberta,Child support,336439112148,pre,0.8154105544090271,0.9689150452613831,0.8925274610519409,0.5634980797767639,0.0013511207653209567,0.45060110092163086,0.7103961110115051,0.3937346339225769,0.10653945058584213,0.3631950616836548,0.08961249142885208,0.5915958881378174,0.31879162788391113,,,,,
mdeberta,Child support,336439112148,post,0.7623355984687805,0.1271505057811737,0.30899763107299805,0.07398009300231934,0.0007293288363143802,0.9717589616775513,0.5729617476463318,0.009385311976075172,0.004872150253504515,0.13730095326900482,0.4268794059753418,0.5084191560745239,0.06470140069723129,,,,,
mdeberta,Child support,336468520044,pre,0.9877587556838989,0.9857180714607239,0.9961268305778503,0.7818307280540466,0.0016072202706709504,0.9943608045578003,0.9807841181755066,0.9936610460281372,0.8972684741020203,0.3306873142719269,0.3205338716506958,0.6437133550643921,0.0357527993619442,,,,,
mdeberta,Child support,336468520044,post,0.9985335469245911,0.700901210308075,0.9812479615211487,0.242788627743721,0.007066400721669197,0.9792712330818176,0.9073943495750427,0.7766229510307312,0.5657786726951599,0.014863851480185986,0.32629674673080444,0.632340669631958,0.041362617164850235,,,,,
mdeberta,Child support,337361281632,post,0.640186071395874,0.6446726322174072,0.8940054774284363,0.8174105286598206,0.05424881353974342,0.944778561592102,0.8677098155021667,0.9980083703994751,0.17624585330486298,0.9964272975921631,0.1464952826499939,0.20934270322322845,0.6441619992256165,,,,,
mdeberta,Child support,337398761412,post,0.35833024978637695,0.9151667356491089,0.2726534903049469,0.18053968250751495,0.0014325366355478764,0.01357131265103817,0.09367800503969193,0.24175779521465302,0.2806163728237152,0.026899520307779312,0.054762087762355804,0.5009769201278687,0.4442610740661621,,,,,
mdeberta,Child support,337486379760,pre,0.9769458174705505,0.9820137619972229,0.9253481030464172,0.9837381839752197,0.06998536735773087,0.9988926649093628,0.8753082156181335,0.981080949306488,0.6120778322219849,0.8539736270904541,0.4796784520149231,0.5126135349273682,0.0077079832553863525,,,,,
mdeberta,Child support,337486379760,post,0.9701551795005798,0.9894905686378479,0.9926113486289978,0.8482193946838379,0.002585937036201358,0.9641973376274109,0.0391400046646595,0.35117197036743164,0.03711691126227379,0.275909423828125,0.19714200496673584,0.704067051410675,0.09879098832607269,,,,,
mdeberta,Child support,337500337464,pre,0.02143023908138275,0.910823404788971,0.8409458994865417,0.25748491287231445,0.46496230363845825,0.2013416886329651,0.027467647567391396,0.5326682329177856,0.5537466406822205,0.14535783231258392,0.02350030466914177,0.18602126836776733,0.7904784083366394,,,,,
mdeberta,Child support,337500337464,post,0.9420286417007446,0.9621075987815857,0.8987331986427307,0.18126319348812103,0.025323059409856796,0.9306554198265076,0.7254055142402649,0.5961980819702148,0.274512380361557,0.0065642488189041615,0.0068842400796711445,0.11919934302568436,0.8739164471626282,,,,,
mdeberta,Child support,337523113296,pre,0.9742761850357056,0.8155999779701233,0.9806178212165833,0.9279531240463257,0.0012497093994170427,0.9995548725128174,0.9874841570854187,0.18352043628692627,0.3705669939517975,0.05389915406703949,0.044102005660533905,0.3547687530517578,0.6011292338371277,,,,,
mdeberta,Child support,337523113296,post,0.9963712692260742,0.9947391748428345,0.9792550802230835,0.9749765396118164,0.00851130299270153,0.9997621774673462,0.9866491556167603,0.9388008117675781,0.10741406679153442,0.4970703423023224,0.13399524986743927,0.3568432331085205,0.5091615319252014,,,,,
mdeberta,Child support,337628106612,pre,0.9311011433601379,0.9882335662841797,0.9588856101036072,0.9832708239555359,0.8959673047065735,0.995617687702179,0.6946134567260742,0.9367783665657043,0.7970833778381348,0.7576150298118591,0.035830263048410416,0.36462199687957764,0.5995477437973022,,,,,
mdeberta,Child support,337628106612,post,0.933765709400177,0.9870296120643616,0.9550336599349976,0.9430336356163025,0.93475341796875,0.9977415800094604,0.3646644353866577,0.7950222492218018,0.8830344080924988,0.7440989017486572,0.060233887284994125,0.5618543028831482,0.37791183590888977,,,,,
mdeberta,Child support,337689875232,post,0.975704550743103,0.9505488276481628,0.874800980091095,0.366362988948822,0.005250641610473394,0.9995514154434204,0.8414947390556335,0.23961614072322845,0.368632972240448,0.4804786741733551,0.645939826965332,0.33136680722236633,0.022693386301398277,,,,,
mdeberta,Child support,337924757412,pre,0.6171665787696838,0.8500956296920776,0.7223801612854004,0.972316324710846,0.0008492455817759037,0.9716464281082153,0.6990489959716797,0.967922031879425,0.7400804758071899,0.9187358021736145,0.19019877910614014,0.5144955515861511,0.29530569911003113,,,,,
mdeberta,Child support,337924757412,post,0.9285436272621155,0.7884916067123413,0.8949731588363647,0.6867902874946594,0.009878940880298615,0.9961419105529785,0.8298370242118835,0.9940774440765381,0.04667605087161064,0.850902795791626,0.707972526550293,0.2846534550189972,0.007373940199613571,,,,,
mdeberta,Child support,338363202780,post,0.9756698608398438,0.4618832468986511,0.9685006141662598,0.5565803050994873,0.0028063873760402203,0.9981433153152466,0.979570209980011,0.6833138465881348,0.8803091645240784,0.03635666146874428,0.6237112879753113,0.3609763979911804,0.015312299132347107,,,,,
mdeberta,Child support,338424079464,pre,0.7376545667648315,0.274983674287796,0.8614507913589478,0.11179757118225098,0.00037924337084405124,0.8320320248603821,0.749454140663147,0.23196199536323547,0.06976322829723358,0.1787765920162201,0.6033716201782227,0.20437422394752502,0.1922541856765747,,,,,
mdeberta,Child support,338424079464,post,0.9788040518760681,0.7330459356307983,0.8379849195480347,0.13151444494724274,0.001597845577634871,0.9722669720649719,0.2818007171154022,0.2217717468738556,0.08174396306276321,0.021145397797226906,0.8886108994483948,0.1010841503739357,0.010304989293217659,,,,,
mdeberta,Child support,338559034716,pre,0.9892958998680115,0.9868661165237427,0.9722043871879578,0.7278788089752197,0.0020269001834094524,0.9904728531837463,0.8719117045402527,0.25841954350471497,0.04416270554065704,0.2531217932701111,0.12239056825637817,0.8657335638999939,0.011875942349433899,,,,,
mdeberta,Child support,338559034716,post,0.9145915508270264,0.628065288066864,0.9291998744010925,0.5097643733024597,0.0020348168909549713,0.9090225100517273,0.40262699127197266,0.9885029792785645,0.06068228557705879,0.0043653263710439205,0.6592568159103394,0.31871795654296875,0.022025201469659805,,,,,
mdeberta,Child support,339334073748,post,0.9810764193534851,0.4134179353713989,0.8696591854095459,0.7265105247497559,0.00018414382066112012,0.9984421730041504,0.4368622601032257,0.9331267476081848,0.11142237484455109,0.25879400968551636,0.9523800611495972,0.03882300853729248,0.00879685115069151,,,,,
mdeberta,Child support,339368474844,pre,0.34455370903015137,0.8556251525878906,0.05115379020571709,0.10994445532560349,0.0005538587574847043,0.3925696909427643,0.15215818583965302,0.22009091079235077,0.15520647168159485,0.053812071681022644,0.09279284626245499,0.5615971088409424,0.34560999274253845,,,,,
mdeberta,Child support,339368474844,post,0.3595890402793884,0.8667822480201721,0.031232355162501335,0.0742817223072052,0.0004955359036102891,0.29645052552223206,0.11148281395435333,0.12332601845264435,0.118283212184906,0.03847522661089897,0.10384979099035263,0.5522982478141785,0.3438519537448883,,,,,
mdeberta,Child support,339412460148,pre,0.2377307415008545,0.59153151512146,0.01030820794403553,0.06480128318071365,0.0018279431387782097,0.26090699434280396,0.12896329164505005,0.015101649798452854,0.17684035003185272,0.04447291046380997,0.00677542993798852,0.037450484931468964,0.9557741284370422,,,,,
mdeberta,Child support,339412460148,post,0.9909315705299377,0.9973632097244263,0.9928716421127319,0.8794577121734619,0.005448068026453257,0.9910449981689453,0.9089820981025696,0.9698358774185181,0.7072024941444397,0.818156361579895,0.0445629246532917,0.6328431367874146,0.32259395718574524,,,,,
mdeberta,Child support,339443236728,pre,0.8046362400054932,0.6959583163261414,0.7114810347557068,0.5080559849739075,0.021206118166446686,0.9219921231269836,0.8809763789176941,0.6048658490180969,0.15402574837207794,0.44890937209129333,0.06053734943270683,0.8542579412460327,0.08520477265119553,,,,,
mdeberta,Child support,339468139116,pre,0.3515336513519287,0.9640178084373474,0.9851861000061035,0.5258558392524719,0.0001323818723903969,0.603230893611908,0.41750892996788025,0.5134245157241821,0.3376401960849762,0.27904197573661804,0.03282222896814346,0.8152610659599304,0.1519167423248291,,,,,
mdeberta,Child support,339474562560,pre,0.9929746389389038,0.9838626980781555,0.9912886023521423,0.7962132692337036,0.00266261282376945,0.8908177614212036,0.8871068358421326,0.7977932095527649,0.02722090296447277,0.8883962631225586,0.6147448420524597,0.3336602449417114,0.05159496143460274,,,,,
mdeberta,Child support,339474562560,post,0.8925274014472961,0.8113960027694702,0.998248815536499,0.5316957235336304,0.0005474096979014575,0.6268097758293152,0.736779510974884,0.6078959703445435,0.41739019751548767,0.4433594346046448,0.9800306558609009,0.017568359151482582,0.002400951460003853,,,,,
mdeberta,Child support,339512253696,pre,0.9886243343353271,0.9577544927597046,0.9637117385864258,0.8676396608352661,0.0031603528186678886,0.999317467212677,0.8707622289657593,0.9659798741340637,0.04212711378931999,0.46198755502700806,0.4430949091911316,0.4960686266422272,0.06083640083670616,,,,,
mdeberta,Child support,339512253696,post,0.9770883321762085,0.8010861873626709,0.8324240446090698,0.5180585384368896,0.008552608080208302,0.8798195719718933,0.9705345034599304,0.5496405959129333,0.39303553104400635,0.052862897515296936,0.24626928567886353,0.7044737339019775,0.049256954342126846,,,,,
mdeberta,Child support,339552675360,pre,0.9926755428314209,0.9662835001945496,0.9905873537063599,0.6023539900779724,0.0029752333648502827,0.999843418598175,0.9921385645866394,0.6085940599441528,0.09851211309432983,0.13213613629341125,0.6954472661018372,0.2933228611946106,0.01122988574206829,,,,,
mdeberta,Child support,339552675360,post,0.983596920967102,0.9198587536811829,0.9921992421150208,0.9199666976928711,0.01083937007933855,0.9947696924209595,0.1905733346939087,0.6951311230659485,0.023893600329756737,0.03575843572616577,0.6265310049057007,0.35829630494117737,0.01517266035079956,,,,,
mdeberta,Child support,339572310264,post,0.21438287198543549,0.17748986184597015,0.006654009688645601,0.0016809416702017188,0.0005431519239209592,0.0004494523163884878,0.05417995899915695,0.057328131049871445,0.06103592738509178,0.0020507436711341143,0.10224521160125732,0.67616868019104,0.22158615291118622,,,,,
mdeberta,Child support,339637903812,pre,0.9982143640518188,0.9915051460266113,0.9936610460281372,0.9291998744010925,0.00028296004165895283,0.9947212338447571,0.9831135272979736,0.7702920436859131,0.6064984202384949,0.1231018453836441,0.8538398742675781,0.1307489275932312,0.015411211177706718,,,,,
mdeberta,Child support,339637903812,post,0.9961418509483337,0.9862642884254456,0.9870046377182007,0.9046874046325684,0.00021909605129621923,0.9841145873069763,0.9595446586608887,0.78116375207901,0.4561675190925598,0.012698198668658733,0.6681953072547913,0.2862667739391327,0.04553791508078575,,,,,
mdeberta,Child support,339764721516,post,0.7645401954650879,0.9631959199905396,0.9726040363311768,0.4096930921077728,0.0059455991722643375,0.9849128723144531,0.9689738154411316,0.46077412366867065,0.38769033551216125,0.3674972653388977,0.6251736879348755,0.3593577742576599,0.015468576923012733,,,,,
mdeberta,Child support,339838728948,pre,0.9990800023078918,0.9952540397644043,0.9997208714485168,0.9946045875549316,0.23528406023979187,0.9996381402015686,0.9994663000106812,0.9160110950469971,0.9366336464881897,0.9831498861312866,0.020881900563836098,0.1451970487833023,0.8339210152626038,,,,,
mdeberta,Child support,339838728948,post,0.9874114990234375,0.9509603381156921,0.9987744092941284,0.9273304343223572,0.010042655281722546,0.984471321105957,0.9996436834335327,0.7216206192970276,0.6979693174362183,0.5588085651397705,0.8713306784629822,0.1186726912856102,0.009996631182730198,,,,,
mdeberta,Child support,339941464380,pre,0.9955662488937378,0.9993809461593628,0.9885693192481995,0.8943288922309875,0.001900621340610087,0.9995694160461426,0.3775406777858734,0.780662477016449,0.5455278158187866,0.4746311902999878,0.03142312169075012,0.8476483225822449,0.12092858552932739,,,,,
mdeberta,Child support,339941464380,post,0.9658190608024597,0.8380180597305298,0.16681107878684998,0.6823620796203613,0.0002868540759664029,0.9925790429115295,0.12997451424598694,0.779909074306488,0.34942173957824707,0.42321962118148804,0.14429132640361786,0.5634840130805969,0.292224645614624,,,,,
mdeberta,Child support,339960888612,pre,0.9058650135993958,0.647631049156189,0.9191177487373352,0.18036818504333496,0.00018558780720923096,0.9317891001701355,0.1557193249464035,0.4588336646556854,0.23287664353847504,0.019345104694366455,0.5948757529258728,0.3181808888912201,0.0869433581829071,,,,,
mdeberta,Child support,339960888612,post,0.9323840737342834,0.9557599425315857,0.9249867796897888,0.981085479259491,0.021307706832885742,0.9854317903518677,0.561214804649353,0.9347385168075562,0.5260992646217346,0.48755139112472534,0.017363974824547768,0.9188726544380188,0.06376336514949799,,,,,
mdeberta,Child support,340120874160,pre,0.7845461368560791,0.7067726254463196,0.5783290863037109,0.04488975554704666,0.006877107545733452,0.24184733629226685,0.3466518521308899,0.052667658776044846,0.06257405132055283,0.01484241709113121,0.2098875641822815,0.625691294670105,0.1644211858510971,,,,,
mdeberta,Child support,340120874160,post,0.994754433631897,0.9856491684913635,0.9932418465614319,0.6872103214263916,0.0017511968035250902,0.9905120134353638,0.9965770840644836,0.7636600732803345,0.15691064298152924,0.01059605274349451,0.7272439002990723,0.25831159949302673,0.014444541186094284,,,,,
mdeberta,Child support,340237222560,pre,0.9520195722579956,0.3011564612388611,0.9724408984184265,0.7514429688453674,0.0024296436458826065,0.7380087375640869,0.9989897012710571,0.30988454818725586,0.07392993569374084,0.19551728665828705,0.3522937595844269,0.5630841255187988,0.08462212979793549,,,,,
mdeberta,Child support,340237222560,post,0.8808227777481079,0.4040664732456207,0.9737446904182434,0.16431522369384766,0.0033634924329817295,0.9587313532829285,0.9319286346435547,0.14272406697273254,0.475605309009552,0.06668306142091751,0.9303017854690552,0.06261611729860306,0.007082163356244564,,,,,
mdeberta,Child support,340243723296,post,0.9561147093772888,0.852348804473877,0.9820998311042786,0.7541915774345398,0.000534735678229481,0.9984959363937378,0.6867903470993042,0.859545886516571,0.2816031277179718,0.17809659242630005,0.4333534836769104,0.5058999061584473,0.06074652820825577,,,,,
mdeberta,Child support,340245912780,pre,0.9549004435539246,0.8748812079429626,0.9986088275909424,0.7451086640357971,0.002230012323707342,0.992816150188446,0.38087406754493713,0.6164741516113281,0.27255669236183167,0.12882624566555023,0.05235753580927849,0.4401000440120697,0.5075423717498779,,,,,
mdeberta,Child support,340245912780,post,0.9973734021186829,0.9988574981689453,0.9993637800216675,0.9908390045166016,0.09973295032978058,0.9993906021118164,0.6706554889678955,0.9917163252830505,0.9179301261901855,0.8408479690551758,0.0006076138815842569,0.06520692259073257,0.9341854453086853,,,,,
mdeberta,Child support,340410140496,pre,0.9167080521583557,0.9898204803466797,0.9766247272491455,0.6746938228607178,0.011938037350773811,0.9775691032409668,0.46976348757743835,0.5329113602638245,0.8411111831665039,0.564578652381897,0.129609152674675,0.5900152921676636,0.28037554025650024,,,,,
mdeberta,Child support,340410140496,post,0.873214840888977,0.9178933501243591,0.9214106202125549,0.9255334138870239,0.0019304942106828094,0.9989955425262451,0.7958961725234985,0.707808792591095,0.2157222479581833,0.3709087669849396,0.07703609019517899,0.3860034644603729,0.5369604229927063,,,,,
mdeberta,Child support,340552889928,pre,0.9953272938728333,0.9667103290557861,0.9669139981269836,0.7507355213165283,0.0024822766426950693,0.9960775375366211,0.9274700880050659,0.9041438698768616,0.8312115669250488,0.06135721877217293,0.9664210081100464,0.030301500111818314,0.003277484094724059,,,,,
mdeberta,Child support,340552889928,post,0.9906690716743469,0.9976859092712402,0.9971661567687988,0.8680457472801208,0.001364361960440874,0.9984114766120911,0.9692915081977844,0.879159688949585,0.12409354001283646,0.5929023027420044,0.155950665473938,0.805338978767395,0.038710352033376694,,,,,
mdeberta,Child support,340634619720,pre,0.4283529818058014,0.9204328060150146,0.9323301911354065,0.9122018218040466,0.20225846767425537,0.7469099164009094,0.017934534698724747,0.8792504668235779,0.23748749494552612,0.897020697593689,0.027327347546815872,0.4200231730937958,0.5526494383811951,,,,,
mdeberta,Child support,340634619720,post,0.9838316440582275,0.9972477555274963,0.9986878633499146,0.9702962636947632,0.28967300057411194,0.9983223080635071,0.9599689245223999,0.9979692101478577,0.7857198715209961,0.8189540505409241,0.018920131027698517,0.6764690279960632,0.30461084842681885,,,,,
mdeberta,Child support,340635583476,pre,0.9488580822944641,0.31742626428604126,0.7400804758071899,0.25552937388420105,0.005250641144812107,0.9998058676719666,0.02740250527858734,0.4670886695384979,0.0015457436675205827,0.015566078945994377,0.8327128291130066,0.15479035675525665,0.0124967684969306,,,,,
mdeberta,Child support,340635583476,post,0.9806363582611084,0.9398029446601868,0.922822117805481,0.9001793265342712,0.0033374049235135317,0.996271014213562,0.8946284651756287,0.9897810816764832,0.5329113602638245,0.8263617157936096,0.711172342300415,0.24338611960411072,0.045441530644893646,,,,,
mdeberta,Child support,340636960368,pre,0.9644220471382141,0.9611436128616333,0.9002451300621033,0.34908878803253174,0.0005625758203677833,0.9427575469017029,0.924891471862793,0.718298077583313,0.6689883470535278,0.07564451545476913,0.2582682967185974,0.6818598508834839,0.05987188220024109,,,,,
mdeberta,Child support,340636960368,post,0.9846346974372864,0.9871912002563477,0.9851860404014587,0.8242852091789246,0.0007364808116108179,0.9400510787963867,0.9697281122207642,0.7425150871276855,0.6050992012023926,0.06887335330247879,0.30653709173202515,0.6840788722038269,0.009384042583405972,,,,,
mdeberta,Child support,340639446708,pre,0.9910493493080139,0.981805682182312,0.9981613159179688,0.679816722869873,0.0003487042849883437,0.9952308535575867,0.9996094703674316,0.6486889719963074,0.7135313749313354,0.1255604475736618,0.6178902983665466,0.32087045907974243,0.061239201575517654,,,,,
mdeberta,Child support,340639446708,post,0.9798997640609741,0.9591351747512817,0.9857454895973206,0.6757646203041077,0.0014607496559619904,0.9977721571922302,0.9665568470954895,0.8457992076873779,0.02673386223614216,0.11818140745162964,0.796762228012085,0.1931687295436859,0.010069011710584164,,,,,
mdeberta,Child support,340640571888,post,0.9918120503425598,0.9753137826919556,0.9854544997215271,0.6377078890800476,0.0005043191486038268,0.9695412516593933,0.9076811671257019,0.5566405653953552,0.1156981810927391,0.019615571945905685,0.4485863447189331,0.43632668256759644,0.11508702486753464,,,,,
mdeberta,Child support,340640868744,pre,0.9892855882644653,0.9554440379142761,0.9857592582702637,0.1397482007741928,0.002387409331277013,0.9978551864624023,0.945738673210144,0.475605309009552,0.15334105491638184,0.02861192636191845,0.8120847344398499,0.1659545600414276,0.0219606701284647,,,,,
mdeberta,Child support,340640868744,post,0.9594972133636475,0.8544297218322754,0.9967775344848633,0.15643785893917084,0.0026419470086693764,0.883838951587677,0.8482822179794312,0.5786862969398499,0.020508162677288055,0.044281378388404846,0.7891682386398315,0.18498893082141876,0.025842856615781784,,,,,
mdeberta,Child support,340641527436,pre,0.9937283396720886,0.9853138327598572,0.9631872773170471,0.7361161708831787,0.005708033684641123,0.9997516870498657,0.670284628868103,0.38989493250846863,0.7775322198867798,0.2465333491563797,0.7459340691566467,0.20665854215621948,0.047407377511262894,,,,,
mdeberta,Child support,340641527436,post,0.9667103290557861,0.9503649473190308,0.9810582995414734,0.7835333347320557,0.0017891592578962445,0.9993699789047241,0.8060905337333679,0.12852513790130615,0.09191051870584488,0.566977858543396,0.07568521797657013,0.8661714792251587,0.05814332142472267,,,,,
mdeberta,Child support,340641934416,post,0.9784465432167053,0.9927672147750854,0.952596127986908,0.48950350284576416,0.0262303464114666,0.9805620312690735,0.9771210551261902,0.8591327667236328,0.6236060857772827,0.13327668607234955,0.38333016633987427,0.4541196823120117,0.162550151348114,,,,,
mdeberta,Child support,340642271628,pre,0.9966168403625488,0.9917163848876953,0.7405028343200684,0.4315841794013977,0.0003480241575744003,0.9995316863059998,0.1882493644952774,0.5931380391120911,0.04620575159788132,0.3775406777858734,0.7481921315193176,0.23583360016345978,0.01597428508102894,,,,,
mdeberta,Child support,340642271628,post,0.9951183795928955,0.9409798383712769,0.9832788705825806,0.9746286273002625,0.000205422897124663,0.9758092164993286,0.9787577986717224,0.7792378664016724,0.3158414661884308,0.4012184739112854,0.5430077314376831,0.406299352645874,0.05069288983941078,,,,,
mdeberta,Child support,340642298304,pre,0.9147201776504517,0.993890643119812,0.9419485330581665,0.994151771068573,0.0003682979440782219,0.9986904263496399,0.9836912155151367,0.9957970976829529,0.6942508816719055,0.7521946430206299,0.17158178985118866,0.7689762115478516,0.05944202467799187,,,,,
mdeberta,Child support,340642298304,post,0.9909096360206604,0.9962601065635681,0.9867133498191833,0.9723819494247437,0.0003487042849883437,0.9858821630477905,0.9193534255027771,0.9812568426132202,0.8083510994911194,0.9318045973777771,0.08253850787878036,0.8899761438369751,0.02748541720211506,,,,,
mdeberta,Child support,340642943316,post,0.9058024883270264,0.9081098437309265,0.9960813522338867,0.977521538734436,0.0007451557321473956,0.993222177028656,0.6043989062309265,0.9333701133728027,0.23837286233901978,0.3442229926586151,0.07835023105144501,0.5784750580787659,0.34317469596862793,,,,,
mdeberta,Child support,340643476152,pre,0.5607337951660156,0.9492828845977783,0.5544704794883728,0.6751223802566528,0.0013432377018034458,0.8219034075737,0.30964961647987366,0.8164063692092896,0.32896044850349426,0.4070976674556732,0.03195083886384964,0.6963152289390564,0.27173396944999695,,,,,
mdeberta,Child support,340643476152,post,0.9980467557907104,0.9407353401184082,0.8964781761169434,0.5260993242263794,0.005220125429332256,0.9995626211166382,0.939185380935669,0.7248702645301819,0.21304951608181,0.21967212855815887,0.889572024345398,0.10961677879095078,0.0008111846400424838,,,,,
mdeberta,Child support,340644762756,pre,0.9896318316459656,0.9979210495948792,0.9903008937835693,0.2632204592227936,0.06545533239841461,0.9994461536407471,0.967823326587677,0.8929715156555176,0.24006123840808868,0.12090512365102768,0.886900007724762,0.10918085277080536,0.003919081296771765,,,,,
mdeberta,Child support,340644762756,post,0.9809125661849976,0.5973436832427979,0.5509698390960693,0.00409395806491375,0.010130411945283413,0.9989535808563232,0.9790558218955994,0.0011740822810679674,0.9371964335441589,0.0007437028689309955,0.8497644662857056,0.14694763720035553,0.003287974279373884,,,,,
mdeberta,Child support,340645688892,pre,0.9834862947463989,0.9581478238105774,0.6072993278503418,0.7460927367210388,0.0001641043636482209,0.9985814094543457,0.07329727709293365,0.5610945820808411,0.014447853900492191,0.5443170070648193,0.3138408958911896,0.6028064489364624,0.08335266262292862,,,,,
mdeberta,Child support,340645688892,post,0.9930424094200134,0.8382167816162109,0.9973887801170349,0.6335803270339966,0.00042720785131677985,0.9857386350631714,0.08959390223026276,0.5994851589202881,0.023330768570303917,0.28101080656051636,0.6450329422950745,0.28777316212654114,0.06719391793012619,,,,,
mdeberta,Child support,340646807916,pre,0.7861871123313904,0.744841992855072,0.4701283872127533,0.5929023623466492,0.00043055706191807985,0.9855068922042847,0.33524203300476074,0.752921998500824,0.18937113881111145,0.31153157353401184,0.1116495281457901,0.6789453029632568,0.20940518379211426,,,,,
mdeberta,Child support,340646807916,post,0.9565733671188354,0.9789554476737976,0.9517736434936523,0.5346125364303589,0.0012472739908844233,0.9920504093170166,0.09666315466165543,0.6568784117698669,0.05915587767958641,0.13161905109882355,0.36776816844940186,0.600894570350647,0.03133721277117729,,,,,
mdeberta,Cannabis,273746614716,pre,0.9913138747215271,0.634486734867096,0.8609547019004822,0.8229196667671204,0.001674399245530367,,,,,,0.026041731238365173,0.2569195032119751,0.7170388102531433,0.989993691444397,0.9844563007354736,0.9279776215553284,0.8740234971046448,0.7285552024841309
mdeberta,Cannabis,273746614716,post,0.9062753915786743,0.6050409078598022,0.7238466143608093,0.25501883029937744,0.004365325905382633,,,,,,0.09944846481084824,0.5965383052825928,0.3040132224559784,0.9761404991149902,0.8749346733093262,0.8589553236961365,0.23970510065555573,0.7006900906562805
mdeberta,Cannabis,273971922264,pre,0.9301099181175232,0.983456552028656,0.9837068915367126,0.9669257402420044,0.0002448908344376832,,,,,,0.045054055750370026,0.78852778673172,0.1664181649684906,0.9671397805213928,0.946732223033905,0.7685595750808716,0.8053261041641235,0.8312800526618958
mdeberta,Cannabis,273984233580,pre,0.9720323085784912,0.0555151142179966,0.6869478821754456,0.6306849718093872,0.0002287133247591555,,,,,,0.03913451358675957,0.40402528643608093,0.556840181350708,0.9892076849937439,0.8024007678031921,0.8335956931114197,0.036663688719272614,0.7354516983032227
mdeberta,Cannabis,273984233580,post,0.4543510973453522,0.0027791906613856554,0.004468384198844433,0.511228621006012,0.0005614787805825472,,,,,,0.14007148146629333,0.7973458766937256,0.06258269399404526,0.9499022364616394,0.5431056022644043,0.44915100932121277,0.1355750560760498,0.586759626865387
mdeberta,Cannabis,274115558160,pre,0.9792252779006958,0.46332281827926636,0.7357840538024902,0.006890459917485714,0.0018350844038650393,,,,,,0.6970793008804321,0.265422523021698,0.03749815747141838,0.9307106137275696,0.024668600410223007,0.659514844417572,0.6397361159324646,0.7581527233123779
mdeberta,Cannabis,274115558160,post,0.9808851480484009,0.8558059930801392,0.839561402797699,0.16099020838737488,0.00031136954203248024,,,,,,0.6791607737541199,0.27497580647468567,0.045863401144742966,0.9907274842262268,0.26161378622055054,0.7733875513076782,0.024335987865924835,0.7051763534545898
mdeberta,Cannabis,274131498096,post,0.7148271203041077,0.9490590691566467,0.9727272987365723,0.6238353252410889,0.0024968276266008615,,,,,,0.058372896164655685,0.3668622374534607,0.5747648477554321,0.9829812049865723,0.8818694353103638,0.5360700488090515,0.462473064661026,0.49853515625
mdeberta,Cannabis,274350928032,post,0.9186993837356567,0.8921873569488525,0.4002218246459961,0.0848333016037941,0.004416555631905794,,,,,,0.03113418258726597,0.40336012840270996,0.5655056834220886,0.924346923828125,0.7767922878265381,0.4970703721046448,0.3396085798740387,0.3911733329296112
mdeberta,Cannabis,274430404728,pre,0.8401524424552917,0.4753008484840393,0.5940803289413452,0.013636834919452667,0.0028727480676025152,,,,,,0.11942240595817566,0.8097530007362366,0.07082456350326538,0.2120891958475113,0.7466011643409729,0.0010566838318482041,0.0003844619495794177,0.044431429356336594
mdeberta,Cannabis,274430404728,post,0.6308555006980896,0.9872158169746399,0.6415908336639404,0.633183479309082,0.005587385967373848,,,,,,0.019827349111437798,0.34811776876449585,0.6320549249649048,0.941727876663208,0.9447148442268372,0.9925537705421448,0.541893720626831,0.005281333811581135
mdeberta,Cannabis,274502024316,pre,0.9967333078384399,0.9925394058227539,0.9809125661849976,0.6590760946273804,0.011949562467634678,,,,,,0.484480619430542,0.4032205641269684,0.11229881644248962,0.9997413158416748,0.9963286519050598,0.7097237706184387,0.9628131985664368,0.972151517868042
mdeberta,Cannabis,274502024316,post,0.9418951272964478,0.939024806022644,0.9691202640533447,0.8066242337226868,0.0002953798102680594,,,,,,0.21546269953250885,0.2714410126209259,0.513096272945404,0.999869167804718,0.9978342056274414,0.9992958307266235,0.7498207092285156,0.010776725597679615
mdeberta,Cannabis,274518574380,pre,0.2189510464668274,0.9674102663993835,0.7889899015426636,0.31216028332710266,0.007232763338834047,,,,,,0.025290725752711296,0.18099245429039001,0.7937168478965759,0.1132359430193901,0.7668179273605347,0.0011357826879248023,0.2568320035934448,0.238905131816864
mdeberta,Cannabis,274518574380,post,0.8401933908462524,0.8045402765274048,0.7450275421142578,0.45713672041893005,0.004503272939473391,,,,,,0.043089110404253006,0.5273734331130981,0.4295373857021332,0.1712689995765686,0.8629302382469177,0.11899801343679428,0.18039527535438538,0.7618930339813232
mdeberta,Cannabis,274526852832,pre,0.6460695862770081,0.9889278411865234,0.9664421677589417,0.7156227827072144,0.001604089280590415,,,,,,0.019864307716488838,0.4600147306919098,0.5201209187507629,0.900617241859436,0.9227960109710693,0.5380125045776367,0.8580061793327332,0.8284536600112915
mdeberta,Cannabis,274526852832,post,0.9532315135002136,0.9717438220977783,0.950583279132843,0.9000256061553955,0.007891984656453133,,,,,,0.16336239874362946,0.42804479598999023,0.4085927903652191,0.9756853580474854,0.8737004995346069,0.8003801107406616,0.860251784324646,0.8198933601379395
mdeberta,Cannabis,274533484212,pre,0.26062461733818054,0.9881508946418762,0.9672868847846985,0.8984551429748535,0.00043904531048610806,,,,,,0.024067234247922897,0.17503434419631958,0.8008984327316284,0.9818350672721863,0.9457762241363525,0.7947834730148315,0.8714748024940491,0.8262917399406433
mdeberta,Cannabis,274533484212,post,0.8022458553314209,0.960960865020752,0.9888527393341064,0.946571946144104,0.0023276936262845993,,,,,,0.027282359078526497,0.3301835060119629,0.6425341963768005,0.9745213389396667,0.9944397211074829,0.5282900929450989,0.8364209532737732,0.7193836569786072
mdeberta,Cannabis,274596068844,pre,0.6813028454780579,0.23405633866786957,0.2697581946849823,0.2785510718822479,0.00042887922609224916,,,,,,0.46631214022636414,0.46631214022636414,0.06737573444843292,0.9997588992118835,0.7444705963134766,0.577971875667572,0.34554681181907654,0.05967090651392937
mdeberta,Cannabis,274596068844,post,0.8897325992584229,0.3429565131664276,0.9130874276161194,0.6971967220306396,0.010902373120188713,,,,,,0.6540483832359314,0.27486181259155273,0.0710897445678711,0.9066117405891418,0.6006569266319275,0.603698194026947,0.5034179091453552,0.7660311460494995
mdeberta,Cannabis,274654142496,pre,0.9142333269119263,0.04778007045388222,0.9580695033073425,0.5109845399856567,0.0010142632527276874,,,,,,0.3209391236305237,0.621350884437561,0.057710036635398865,0.9999001026153564,0.6988435387611389,0.6277800798416138,0.0060739340260624886,0.00011569319030968472
mdeberta,Cannabis,274654142496,post,0.8813215494155884,0.5888300538063049,0.5047605633735657,0.8441522121429443,0.0002673826238606125,,,,,,0.28428348898887634,0.6542358994483948,0.06148061156272888,0.9999024271965027,0.9232816100120544,0.9316025972366333,0.8010035157203674,0.07255452871322632
mdeberta,Cannabis,274671650160,post,0.9622674584388733,0.08678673207759857,0.8392899036407471,0.2588876783847809,0.0004812357947230339,,,,,,0.9120169878005981,0.07990545779466629,0.008077610284090042,0.9477026462554932,0.4196479618549347,0.8651101589202881,0.08076434582471848,0.861625611782074
mdeberta,Cannabis,274758455232,pre,0.8986943364143372,0.13067319989204407,0.8034052848815918,0.15762250125408173,0.01966257579624653,,,,,,0.6078640222549438,0.3871372640132904,0.004998660646378994,0.9511421918869019,0.8249913454055786,0.4053310453891754,0.4858436584472656,0.8096901774406433
mdeberta,Cannabis,274758455232,post,0.9908832311630249,0.8778961300849915,0.8361368775367737,0.03468417376279831,0.09276993572711945,,,,,,0.4351138174533844,0.5106905698776245,0.05419560521841049,0.0014465744607150555,0.17539678514003754,0.1977541148662567,0.5672175288200378,0.9971216320991516
mdeberta,Cannabis,274880751012,pre,0.8931697010993958,0.11767348647117615,0.5675771236419678,0.05644402652978897,0.0024014052469283342,,,,,,0.18774035573005676,0.6844660639762878,0.1277935951948166,0.6410993933677673,0.44772711396217346,0.009002836421132088,0.0002824080875143409,0.1530105173587799
mdeberta,Cannabis,274880751012,post,0.9834386706352234,0.8113025426864624,0.9822196364402771,0.45713672041893005,0.004556113388389349,,,,,,0.11593678593635559,0.8603838682174683,0.023679392412304878,0.9888150095939636,0.9887554049491882,0.49548354744911194,0.03963883966207504,0.28517282009124756
mdeberta,Cannabis,275780146716,pre,0.979393482208252,0.9674256443977356,0.9866362810134888,0.04355673864483833,0.0005895585054531693,,,,,,0.7131751179695129,0.2746851146221161,0.012139745987951756,0.9743433594703674,0.16913121938705444,0.48194146156311035,0.09063483029603958,0.3963017761707306
mdeberta,Cannabis,275780146716,post,0.9385548830032349,0.8920698761940002,0.9601748585700989,0.6162431836128235,0.0026419467758387327,,,,,,0.1901603490114212,0.6988117098808289,0.11102792620658875,0.875361442565918,0.7080106735229492,0.7343100905418396,0.6938879489898682,0.3837567865848541
mdeberta,Cannabis,275794438896,pre,0.19368059933185577,0.9399685263633728,0.958885669708252,0.003429603762924671,0.000534735678229481,,,,,,0.2637569010257721,0.5833872556686401,0.15285590291023254,0.1929405778646469,0.9723359942436218,0.005719129461795092,0.004331502132117748,0.5567008256912231
mdeberta,Cannabis,275794438896,post,0.8766871094703674,0.8726732730865479,0.7597382664680481,0.014406195841729641,0.0007321812445297837,,,,,,0.06856673210859299,0.7507839798927307,0.1806492656469345,0.8674854636192322,0.9947696924209595,0.010368156246840954,0.11174910515546799,0.6192410588264465
mdeberta,Cannabis,275853123360,pre,0.9036455154418945,0.965592622756958,0.9213443398475647,0.6074303388595581,0.041734807193279266,,,,,,0.1581043303012848,0.4900967478752136,0.351798951625824,0.47779783606529236,0.6842640042304993,0.3354596793651581,0.4970703721046448,0.7709825038909912
mdeberta,Cannabis,275910784560,pre,0.9505718350410461,0.9772191047668457,0.9077220559120178,0.9359345436096191,0.00073075364343822,,,,,,0.10416718572378159,0.5635350346565247,0.3322977125644684,0.9936917424201965,0.8989441394805908,0.7476159930229187,0.6297745704650879,0.8000678420066833
mdeberta,Cannabis,275910784560,post,0.15810933709144592,0.9548214673995972,0.5755879878997803,0.034682128578424454,0.2769349217414856,,,,,,0.004812819417566061,0.07623306661844254,0.9189541339874268,0.4399879276752472,0.12907303869724274,0.005413781851530075,0.19620941579341888,0.05667949467897415
mdeberta,Cannabis,276126931980,pre,0.020119480788707733,0.004442394711077213,0.2769593298435211,0.002596031641587615,0.00023505199351347983,,,,,,0.07616981118917465,0.34611085057258606,0.5777193903923035,0.7686463594436646,0.05981147661805153,0.0032350560650229454,0.0006654022727161646,0.0012943680630996823
mdeberta,Cannabis,276126931980,post,0.6087103486061096,0.9996471405029297,0.8907226920127869,0.03618598356842995,0.9894294738769531,,,,,,0.0006743925623595715,0.009951341897249222,0.9893742799758911,0.957912266254425,0.3473156988620758,0.005853960290551186,0.4527779221534729,0.9777138233184814
mdeberta,Cannabis,276150871980,pre,0.38144993782043457,0.9824231266975403,0.8754862546920776,0.4663594961166382,0.006217078305780888,,,,,,0.03420911356806755,0.4314536154270172,0.5343372821807861,0.8842893242835999,0.5239075422286987,0.23423142731189728,0.5801141858100891,0.20394524931907654
mdeberta,Cannabis,276150871980,post,0.03070485219359398,0.01581493206322193,0.03439110517501831,0.009055264294147491,0.0008183335303328931,,,,,,0.05239466577768326,0.25253722071647644,0.6950681209564209,0.0067384494468569756,0.030989499762654305,0.009081591852009296,0.014978684484958649,0.011040126904845238
mdeberta,Cannabis,276190955064,pre,0.9690507650375366,0.9737197160720825,0.9953993558883667,0.6721165180206299,0.11716746538877487,,,,,,0.001039773691445589,0.016962334513664246,0.9819978475570679,0.9690837264060974,0.6857390403747559,0.14965561032295227,0.8040984272956848,0.7755197882652283
mdeberta,Cannabis,276190955064,post,0.8801225423812866,0.7621586918830872,0.9656736850738525,0.3176378607749939,0.11997406929731369,,,,,,0.02020418830215931,0.21270236372947693,0.7670934796333313,0.9729242324829102,0.6453434824943542,0.12116485834121704,0.13198222219944,0.4641728103160858
mdeberta,Cannabis,276272487864,pre,0.5141564011573792,0.7878496050834656,0.4747377336025238,0.4294293522834778,0.0059455991722643375,,,,,,0.025009067729115486,0.6896146535873413,0.28537634015083313,0.513668417930603,0.5973730087280273,0.2240554541349411,0.4063907265663147,0.1114344596862793
mdeberta,Cannabis,276272487864,post,0.8931930065155029,0.8496595621109009,0.9681411981582642,0.5161077380180359,0.0051496075466275215,,,,,,0.01644519343972206,0.708893358707428,0.27466145157814026,0.917672336101532,0.7594038248062134,0.561455249786377,0.601593554019928,0.13831624388694763
mdeberta,Cannabis,276479328780,pre,0.9936487674713135,0.9890236854553223,0.9992635846138,0.7731735110282898,0.04722773656249046,,,,,,0.7514079809188843,0.21298176050186157,0.03561020642518997,0.9451467990875244,0.9820869565010071,0.9000036716461182,0.018887341022491455,0.999603271484375
mdeberta,Cannabis,276479328780,post,0.9418149590492249,0.9948202967643738,0.9961004257202148,0.17788226902484894,0.005474588833749294,,,,,,0.14185568690299988,0.7302637696266174,0.1278804987668991,0.8665282726287842,0.9147107005119324,0.48587408661842346,0.3261641263961792,0.07024005055427551
mdeberta,Cannabis,276821393760,pre,0.7727022171020508,0.9511875510215759,0.8972909450531006,0.47341376543045044,0.005089917685836554,,,,,,0.06550458818674088,0.6695348024368286,0.2649606168270111,0.723504900932312,0.990092396736145,0.062192946672439575,0.1463310569524765,0.8107038140296936
mdeberta,Cannabis,276821393760,post,0.9636775255203247,0.4342813491821289,0.9536218047142029,0.00214476534165442,0.007808319758623838,,,,,,0.4966880977153778,0.48565641045570374,0.017655516043305397,0.9065962433815002,0.559470534324646,0.03527754545211792,0.0026010938454419374,0.5451646447181702
mdeberta,Cannabis,277769624328,pre,0.9787126183509827,0.8335279226303101,0.9658029079437256,0.7454910278320312,0.0004897656035609543,,,,,,0.9391960501670837,0.05779707804322243,0.003006821498274803,0.924651563167572,0.9995818138122559,0.9531115889549255,0.25183165073394775,0.9522421360015869
mdeberta,Cannabis,277769624328,post,0.994225025177002,0.8087478280067444,0.9491533637046814,0.6741040945053101,0.0018494504038244486,,,,,,0.9542027115821838,0.04178168997168541,0.004015544895082712,0.6356748938560486,0.9796286821365356,0.952175498008728,0.47268345952033997,0.9412774443626404
mdeberta,Cannabis,277781255748,pre,0.920495331287384,0.7013040781021118,0.9615428447723389,0.6195863485336304,0.0013121626107022166,,,,,,0.3496242165565491,0.6330876350402832,0.017288178205490112,0.9992972612380981,0.15849970281124115,0.1583694964647293,0.03431416675448418,0.3438923954963684
mdeberta,Cannabis,277781255748,post,0.9561249613761902,0.7392460107803345,0.8970319628715515,0.0014158706180751324,0.0030994154512882233,,,,,,0.9049022793769836,0.08638092875480652,0.008716770447790623,0.7756897807121277,0.3117934465408325,0.10234956443309784,0.0038096304051578045,0.4931644797325134
mdeberta,Cannabis,277792883064,pre,0.9766023755073547,0.9666001200675964,0.9876638650894165,0.7786913514137268,0.0008492455817759037,,,,,,0.06492000818252563,0.9010195136070251,0.03406042978167534,0.9916761517524719,0.9973528981208801,0.10786254703998566,0.4063906967639923,0.22414036095142365
mdeberta,Cannabis,277792883064,post,0.9898204803466797,0.9738940596580505,0.954244077205658,0.2624635696411133,0.00023782203788869083,,,,,,0.5116202235221863,0.4521236717700958,0.03625618293881416,0.9789956212043762,0.4144247770309448,0.7853085994720459,0.4909678101539612,0.7651548981666565
mdeberta,Cannabis,277824618612,pre,0.9939964413642883,0.9791157841682434,0.9937344193458557,0.7228206396102905,0.002191240666434169,,,,,,0.0982089564204216,0.7892488837242126,0.11254215240478516,0.8378522396087646,0.9753900766372681,0.5493988990783691,0.024214550852775574,0.8869968056678772
mdeberta,Cannabis,277824618612,post,0.7681466937065125,0.6291482448577881,0.9038897156715393,0.02931223064661026,0.0004322415334172547,,,,,,0.7650834918022156,0.2142268866300583,0.020689645782113075,0.034180931746959686,0.9521532654762268,0.0033439078833907843,0.000136317074066028,0.19177190959453583
mdeberta,Cannabis,277871473980,post,0.9820826649665833,0.016689062118530273,0.9981141686439514,0.172380730509758,0.007853846065700054,,,,,,0.8080958724021912,0.18859514594078064,0.0033089597709476948,0.9997377991676331,0.8043674826622009,0.30938875675201416,0.03418496251106262,0.7800766825675964
mdeberta,Cannabis,277948352160,pre,0.9795310497283936,0.6180026531219482,0.9753431081771851,0.49243220686912537,0.0034698909148573875,,,,,,0.7075546383857727,0.2808966040611267,0.011548787355422974,0.16817277669906616,0.9215542078018188,0.3878062665462494,0.04963506758213043,0.7638362646102905
mdeberta,Cannabis,277948352160,post,0.9279857873916626,0.9869858026504517,0.9887446165084839,0.0333368219435215,0.005888158921152353,,,,,,0.8719624876976013,0.11496448516845703,0.01307302713394165,0.6923300623893738,0.672761857509613,0.06906931847333908,0.4877953827381134,0.2664497196674347
mdeberta,Cannabis,277955127180,pre,0.815011739730835,0.8629013299942017,0.4492717981338501,0.053936515003442764,0.0008559005800634623,,,,,,0.06200235337018967,0.3190915286540985,0.6189060807228088,0.35868993401527405,0.09297561645507812,0.006532483734190464,0.0020033332984894514,0.0011536478996276855
mdeberta,Cannabis,277955127180,post,0.8753480911254883,0.9821597933769226,0.9742026329040527,0.9764597415924072,0.0027202789206057787,,,,,,0.03936391696333885,0.8038809299468994,0.1567552238702774,0.9959298372268677,0.9805852770805359,0.8773191571235657,0.6568784117698669,0.8676537871360779
mdeberta,Cannabis,277957794096,pre,0.893704354763031,0.3126060664653778,0.9521087408065796,0.2775708734989166,0.003869391046464443,,,,,,0.31713733077049255,0.5470285415649414,0.13583412766456604,0.9940774440765381,0.9699708819389343,0.2159288376569748,0.18184363842010498,0.5348555445671082
mdeberta,Cannabis,277957794096,post,0.8586000800132751,0.6834129095077515,0.9913474321365356,0.07399865239858627,0.00013186584692448378,,,,,,0.6984857320785522,0.2928832769393921,0.008630997501313686,0.9838044047355652,0.9928578734397888,0.9235751032829285,0.01044862624257803,0.9667339324951172
mdeberta,Cannabis,277967714148,pre,0.9587023258209229,0.7960150837898254,0.9686046838760376,0.00130450667347759,0.0003346960002090782,,,,,,0.45535537600517273,0.5007208585739136,0.043923746794462204,0.11805424094200134,0.07336363941431046,0.06022467836737633,0.05458170548081398,0.12603029608726501
mdeberta,Cannabis,277967714148,post,0.9808393120765686,0.905322253704071,0.9976767897605896,0.06022467836737633,0.003794834017753601,,,,,,0.3713625371456146,0.6054356694221497,0.02320179156959057,0.9959771037101746,0.9195703864097595,0.2234617918729782,0.1711304485797882,0.027298588305711746
mdeberta,Cannabis,278016416316,pre,0.325299471616745,0.7500495910644531,0.37932088971138,0.017193203791975975,0.0006918906001374125,,,,,,0.08368311822414398,0.2912994623184204,0.6250174045562744,0.5684158205986023,0.24490438401699066,0.014023062773048878,0.015588541515171528,0.0010063779773190618
mdeberta,Cannabis,278016416316,post,0.7927652597427368,0.8639090657234192,0.02881619706749916,0.6806663870811462,0.0009773503988981247,,,,,,0.0530506856739521,0.3796559274196625,0.5672934651374817,0.8984106183052063,0.2766905128955841,0.01357131265103817,0.32766830921173096,0.00036757957423105836
mdeberta,Cannabis,278052255864,pre,0.983085036277771,0.9208253026008606,0.8273404240608215,0.5862859487533569,0.0016613906482234597,,,,,,0.445570170879364,0.48218804597854614,0.07224179804325104,0.82439124584198,0.40380194783210754,0.9418550729751587,0.5367985963821411,0.8426447510719299
mdeberta,Cannabis,278052255864,post,0.9452669620513916,0.9178197979927063,0.8947435021400452,0.09094215929508209,0.0011740821646526456,,,,,,0.3924027383327484,0.43882691860198975,0.16877032816410065,0.83601975440979,0.012864546850323677,0.8260111808776855,0.3747906982898712,0.5355842709541321
mdeberta,Cannabis,278064084960,pre,0.9125531315803528,0.9979492425918579,0.9967712163925171,0.30964964628219604,0.01106147188693285,,,,,,0.001782094594091177,0.06053248047828674,0.9376853704452515,0.9959849119186401,0.9909709692001343,0.530722975730896,0.07193271815776825,0.8925040364265442
mdeberta,Cannabis,278064084960,post,0.9445105195045471,0.9937587380409241,0.9974491000175476,0.6554462909698486,0.0014048677403479815,,,,,,0.008345783688127995,0.2927660048007965,0.6988882422447205,0.9958499073982239,0.9925104379653931,0.6135839223861694,0.8350804448127747,0.8427419066429138
mdeberta,Cannabis,278079206148,pre,0.8260111808776855,0.9692878723144531,0.8653663396835327,0.4335017800331116,0.005911069456487894,,,,,,0.19489812850952148,0.7626008987426758,0.04250100627541542,0.8197490572929382,0.3928025960922241,0.20055769383907318,0.5165954232215881,0.22627030313014984
mdeberta,Cannabis,278079206148,post,0.9887228012084961,0.884139358997345,0.9972154498100281,0.760650634765625,0.0025016965810209513,,,,,,0.8305304050445557,0.1410156935453415,0.028453899547457695,0.9895437955856323,0.851767897605896,0.9149389266967773,0.7645401954650879,0.9224823117256165
mdeberta,Cannabis,278168810148,pre,0.9728823304176331,0.9615157842636108,0.9840169548988342,0.8465459942817688,0.004390866495668888,,,,,,0.06373266875743866,0.5500288009643555,0.3862385153770447,0.735166609287262,0.9939378499984741,0.29818472266197205,0.9694303870201111,0.9217106699943542
mdeberta,Cannabis,278168810148,post,0.8973584771156311,0.990121066570282,0.9969186186790466,0.9202268719673157,0.0005560253048315644,,,,,,0.5617208480834961,0.4281701147556305,0.010109007358551025,0.9904313683509827,0.9994263648986816,0.29370826482772827,0.9898499846458435,0.5544704794883728
mdeberta,Cannabis,278241382548,pre,0.977142870426178,0.9710743427276611,0.9757854342460632,0.9013142585754395,0.002153141424059868,,,,,,0.15174750983715057,0.7197173833847046,0.12853513658046722,0.7211544513702393,0.9250270128250122,0.4030968248844147,0.811676025390625,0.8147907853126526
mdeberta,Cannabis,278441178948,pre,0.8708857893943787,0.8591327667236328,0.9638820290565491,0.3290681838989258,0.0005182921304367483,,,,,,0.002251074183732271,0.12182900309562683,0.8759199976921082,0.9555686116218567,0.5971968173980713,0.020177317783236504,0.000656372809316963,0.008364237844944
mdeberta,Cannabis,278441178948,post,0.7673413157463074,0.9883353114128113,0.7270559072494507,0.2041831761598587,9.53546041273512e-05,,,,,,0.053866662085056305,0.840151309967041,0.10598202794790268,0.6428809762001038,0.641983687877655,0.006388321053236723,0.0055333878844976425,0.01056028064340353
mdeberta,Cannabis,278572228560,pre,0.9730140566825867,0.4570155441761017,0.9904775023460388,0.9256678819656372,0.005980330519378185,,,,,,0.3287617564201355,0.6389870047569275,0.032251227647066116,0.9967586398124695,0.9173581600189209,0.9255165457725525,0.7923839092254639,0.963230550289154
mdeberta,Cannabis,278572228560,post,0.9764680862426758,0.9658834338188171,0.9788141250610352,0.9751072525978088,0.0033309145364910364,,,,,,0.1304720938205719,0.8023666143417358,0.06716127693653107,0.9430073499679565,0.9868534803390503,0.5433478951454163,0.8694930672645569,0.9400545358657837
mdeberta,Cannabis,278622229644,pre,0.658801794052124,0.8641098737716675,0.8020521402359009,0.5336405038833618,0.0014924249844625592,,,,,,0.12715566158294678,0.5088385343551636,0.36400580406188965,0.14333753287792206,0.34224167466163635,0.007395841646939516,0.8562121987342834,0.3072540760040283
mdeberta,Cannabis,278622229644,post,0.9354202747344971,0.3932248055934906,0.9296961426734924,0.2514638304710388,0.0008727670065127313,,,,,,0.4085630774497986,0.5326066017150879,0.05883035808801651,0.4890154302120209,0.3129996359348297,0.36161547899246216,0.5563995838165283,0.7412996292114258
mdeberta,Cannabis,278633794032,pre,0.6195863485336304,0.7380087375640869,0.9421600699424744,0.7311065793037415,0.0014493984635919333,,,,,,0.029347695410251617,0.3934355080127716,0.5772168040275574,0.7825794219970703,0.9643886089324951,0.07168862223625183,0.5440747737884521,0.7786493301391602
mdeberta,Cannabis,278633794032,post,0.7155234217643738,0.313446044921875,0.28646859526634216,0.019512547180056572,0.0007900862256065011,,,,,,0.041752368211746216,0.22714847326278687,0.7310991883277893,0.8531803488731384,0.7019174695014954,0.16244645416736603,0.652462899684906,0.3693150579929352
mdeberta,Cannabis,278659579464,post,0.9609883427619934,0.6108162999153137,0.9619649648666382,0.3544330596923828,0.0010712143266573548,,,,,,0.8380039930343628,0.14548112452030182,0.016514934599399567,0.6675812602043152,0.8935651183128357,0.2614251971244812,0.11092781275510788,0.8471791744232178
mdeberta,Cannabis,278872026444,pre,0.9898989200592041,0.9598374366760254,0.9968641400337219,0.8730795979499817,0.020274078473448753,,,,,,0.07125607132911682,0.9121829271316528,0.01656101457774639,0.9992021918296814,0.9974982738494873,0.9371389746665955,0.9625017046928406,0.9753783345222473
mdeberta,Cannabis,278872026444,post,0.9917643666267395,0.34130799770355225,0.9955576062202454,0.08941483497619629,0.06383160501718521,,,,,,0.9001404047012329,0.09731386601924896,0.0025456517469137907,0.9993188381195068,0.992774248123169,0.999321460723877,0.7561550140380859,0.9950658679008484
mdeberta,Cannabis,278911290096,pre,0.9753665924072266,0.9989098310470581,0.9977830052375793,0.9817706942558289,0.20503991842269897,,,,,,0.6414452791213989,0.31971654295921326,0.038838133215904236,0.8884688019752502,0.9994515180587769,0.6310047507286072,0.9929677844047546,0.9991424083709717
mdeberta,Cannabis,278911290096,post,0.8967384099960327,0.8358188271522522,0.8568722009658813,0.7988152503967285,0.008331900462508202,,,,,,0.6171326637268066,0.3695879280567169,0.013279438950121403,0.7078088521957397,0.5136684775352478,0.4931644797325134,0.053774792701005936,0.9978883862495422
mdeberta,Cannabis,279013821696,pre,0.961605966091156,0.9198408126831055,0.9803186058998108,0.31017178297042847,0.0023231625091284513,,,,,,0.23544418811798096,0.6771761178970337,0.08737970143556595,0.9554232358932495,0.8954998254776001,0.3643251061439514,0.5491570830345154,0.7979507446289062
mdeberta,Cannabis,279013821696,post,0.9729852080345154,0.9949445724487305,0.9905691742897034,0.09455221891403198,0.003422935027629137,,,,,,0.01399762649089098,0.2673596441745758,0.7186427116394043,0.9202179312705994,0.9663906693458557,0.9871756434440613,0.9086178541183472,0.04531031847000122
mdeberta,Cannabis,280442421360,pre,0.9404590725898743,0.8648250102996826,0.9955403208732605,0.851212203502655,0.0012255673063918948,,,,,,0.09898843616247177,0.8711444139480591,0.029867200180888176,0.9017910361289978,0.9473810791969299,0.016355831176042557,0.484136164188385,0.4014531075954437
mdeberta,Cannabis,280442421360,post,0.944791316986084,0.9790457487106323,0.9671009182929993,0.6623597741127014,0.006375935394316912,,,,,,0.15315698087215424,0.736042320728302,0.11080068349838257,0.953057050704956,0.8867641091346741,0.03349453583359718,0.06666026264429092,0.21237492561340332
mdeberta,Cannabis,280499878728,pre,0.9913892149925232,0.999657392501831,0.9994766116142273,0.9661878943443298,0.06985834985971451,,,,,,0.0037551806308329105,0.9800362586975098,0.016208549961447716,0.9997859597206116,0.9991927742958069,0.3629339337348938,0.18609507381916046,0.021532878279685974
mdeberta,Cannabis,280499878728,post,0.4486677944660187,0.22584319114685059,0.5953528881072998,0.17752552032470703,0.0010712143266573548,,,,,,0.055913858115673065,0.8669862747192383,0.07709984481334686,0.8243205547332764,0.38375675678253174,0.08647764474153519,0.11981949210166931,0.00039977103006094694
mdeberta,Cannabis,280752412212,pre,0.9557857513427734,0.9674717783927917,0.953815758228302,0.8098781704902649,0.02595735713839531,,,,,,0.051963843405246735,0.9136901497840881,0.03434600308537483,0.9753548502922058,0.7496374845504761,0.7986583113670349,0.44384145736694336,0.7958168387413025
mdeberta,Cannabis,280752412212,post,0.8286616802215576,0.5399537086486816,0.9545839428901672,0.32723817229270935,0.011008186265826225,,,,,,0.036107324063777924,0.4481152296066284,0.5157774090766907,0.960546612739563,0.8064242601394653,0.2749350070953369,0.2255871742963791,0.030036255717277527
mdeberta,Cannabis,281166779412,pre,0.8634203672409058,0.7713271379470825,0.9879694581031799,0.23257149755954742,0.0001053409359883517,,,,,,0.7222008109092712,0.24743211269378662,0.030367041006684303,0.9714128971099854,0.9779150485992432,0.2834837734699249,0.013248330913484097,0.6573184728622437
mdeberta,Cannabis,281166779412,post,0.9335975050926208,0.982245147228241,0.9356705546379089,0.8613633513450623,0.00042887922609224916,,,,,,0.5009874105453491,0.44044992327690125,0.05856262147426605,0.8392075300216675,0.9909446835517883,0.16438227891921997,0.873214840888977,0.7144288420677185
mdeberta,Cannabis,281236409928,post,0.9436858892440796,0.5723642706871033,0.684659481048584,0.20697417855262756,0.0008279717876575887,,,,,,0.5209363698959351,0.32567545771598816,0.1533881425857544,0.6479095816612244,0.5428632497787476,0.9950610995292664,0.020586775615811348,0.988244891166687
mdeberta,Cannabis,281257755516,pre,0.993378221988678,0.9543930888175964,0.996870219707489,0.4216708838939667,0.0024871176574379206,,,,,,0.2310955971479416,0.7425107359886169,0.026393644511699677,0.9801293015480042,0.9976631999015808,0.18012243509292603,0.12683925032615662,0.6696368455886841
mdeberta,Cannabis,281257755516,post,0.9719392657279968,0.6822165250778198,0.9951702952384949,0.2280920147895813,0.0012207950931042433,,,,,,0.2225652039051056,0.7446108460426331,0.03282392397522926,0.8558511137962341,0.9989936351776123,0.031143831089138985,0.08135539293289185,0.593373715877533
mdeberta,Cannabis,281337505812,pre,0.3630256652832031,0.5772570371627808,0.08678673207759857,0.5939626097679138,0.003649987280368805,,,,,,0.010259972885251045,0.019951200112700462,0.9697887897491455,0.7584938406944275,0.6880493760108948,0.29057806730270386,0.5676969885826111,0.5164735317230225
mdeberta,Cannabis,281337505812,post,0.715523362159729,0.9821341633796692,0.9276915192604065,0.34169232845306396,0.06374412775039673,,,,,,0.0008596045663580298,0.0102645643055439,0.9888758659362793,0.7925445437431335,0.703956663608551,0.11025542765855789,0.13047918677330017,0.0010342469904571772
mdeberta,Cannabis,281345780160,pre,0.9922968745231628,0.9820482730865479,0.9829219579696655,0.21551580727100372,0.0007672924548387527,,,,,,0.853553831577301,0.139168843626976,0.007277302443981171,0.9761973023414612,0.20228557288646698,0.39210402965545654,0.2575782835483551,0.7725306749343872
mdeberta,Cannabis,281345780160,post,0.990449845790863,0.9775857925415039,0.9897017478942871,0.8473371863365173,0.0009830882772803307,,,,,,0.40085864067077637,0.5830323696136475,0.016108958050608635,0.9830231070518494,0.5036620497703552,0.7532852292060852,0.34422293305397034,0.8001459836959839
mdeberta,Cannabis,281408440032,pre,0.9314079880714417,0.8187367916107178,0.9773058891296387,0.24323426187038422,0.0024726230185478926,,,,,,0.16438835859298706,0.7316290736198425,0.10398261994123459,0.8768454194068909,0.8746404051780701,0.3640989661216736,0.5360700488090515,0.11407211422920227
mdeberta,Cannabis,281408440032,post,0.9941347241401672,0.9747732281684875,0.978834331035614,0.18465721607208252,0.00033930179779417813,,,,,,0.5320937633514404,0.40228334069252014,0.06562286615371704,0.9929438233375549,0.07423137873411179,0.7551859021186829,0.08846282213926315,0.7263286113739014
mdeberta,Cannabis,281426425812,post,0.9054163694381714,0.5363129377365112,0.9696850776672363,0.1614193618297577,0.0003295087371952832,,,,,,0.33115342259407043,0.5462462902069092,0.12260028719902039,0.9014228582382202,0.9920774102210999,0.8692991137504578,0.268557608127594,0.9482744336128235
mdeberta,Cannabis,281433058560,pre,0.9571978449821472,0.4145433008670807,0.9644221067428589,0.6973513960838318,0.021471237763762474,,,,,,0.874786376953125,0.11885282397270203,0.0063607837073504925,0.8171005845069885,0.8896967172622681,0.15102779865264893,0.4007493853569031,0.9786515235900879
mdeberta,Cannabis,281433058560,post,0.9965704083442688,0.4098111689090729,0.9914390444755554,0.10114466398954391,0.007303224410861731,,,,,,0.9084473848342896,0.08400510251522064,0.007547448854893446,0.9997362494468689,0.982030987739563,0.9994195699691772,0.5389832258224487,0.5232985019683838
mdeberta,Cannabis,281443592160,pre,0.9588278532028198,0.5837966799736023,0.9814000129699707,0.8707622289657593,0.004038591869175434,,,,,,0.021089332178235054,0.19139394164085388,0.7875166535377502,0.9879462122917175,0.911966860294342,0.6041654348373413,0.3508661091327667,0.16545821726322174
mdeberta,Cannabis,281443592160,post,0.9162033796310425,0.36590972542762756,0.9766023755073547,0.7195807695388794,0.0020072420593351126,,,,,,0.0037344000302255154,0.07352074980735779,0.922744870185852,0.9168943166732788,0.7675156593322754,0.2423849254846573,0.4450471103191376,0.1264611780643463
mdeberta,Cannabis,281464595748,pre,0.46844106912612915,0.7084899544715881,0.6195576190948486,0.17899174988269806,0.0003792433999478817,,,,,,0.14298424124717712,0.37259724736213684,0.48441851139068604,0.8981651663780212,0.3827180564403534,0.05667852610349655,0.014573536813259125,0.09396860003471375
mdeberta,Cannabis,281464595748,post,0.5153912901878357,0.7332609295845032,0.4888324439525604,0.07857164740562439,0.0004529758298303932,,,,,,0.1484425663948059,0.39871037006378174,0.45284712314605713,0.7866228222846985,0.32734569907188416,0.02595735713839531,0.01587584801018238,0.07578974962234497
mdeberta,Cannabis,281467056780,pre,0.8014664649963379,0.9411423802375793,0.8142005801200867,0.2789437472820282,0.005899603012949228,,,,,,0.00088105647591874,0.04324670881032944,0.9558721780776978,0.9547319412231445,0.8276889324188232,0.09641827642917633,0.5496406555175781,0.02574830688536167
mdeberta,Cannabis,281467056780,post,0.4723183810710907,0.9975513219833374,0.9821169972419739,0.2507292926311493,0.0016743993619456887,,,,,,0.0024056914262473583,0.07331971079111099,0.9242745637893677,0.9611527323722839,0.8118252158164978,0.1030244305729866,0.32809871435165405,0.2780607044696808
mdeberta,Cannabis,281526837012,pre,0.9922444820404053,0.9733296036720276,0.9933974146842957,0.5104964971542358,0.000534735678229481,,,,,,0.2093592882156372,0.7824352979660034,0.0082054128870368,0.9043552875518799,0.991700291633606,0.9916519522666931,0.13201019167900085,0.577971875667572
mdeberta,Cannabis,281526837012,post,0.9244791269302368,0.6451199650764465,0.3482016921043396,0.4177464544773102,0.0004173157212790102,,,,,,0.19157621264457703,0.7653210759162903,0.04310273379087448,0.11830031871795654,0.9263036847114563,0.5268296599388123,0.02459820918738842,0.3420219123363495
mdeberta,Cannabis,281546467812,pre,0.994562566280365,0.972908079624176,0.9992944598197937,0.9320253133773804,0.05315703526139259,,,,,,0.37968918681144714,0.600845217704773,0.019465619698166847,0.9969927072525024,0.9837693572044373,0.9984299540519714,0.8140527606010437,0.9887554049491882
mdeberta,Cannabis,281546467812,post,0.4000459909439087,0.9887010455131531,0.8466708660125732,0.610917866230011,0.6991516947746277,,,,,,0.002720461692661047,0.07308133691549301,0.9241981506347656,0.8563624620437622,0.9947288632392883,0.9537457823753357,0.1323462575674057,0.9823046922683716
mdeberta,Cannabis,281646404316,pre,0.3721628785133362,0.5976665616035461,0.6847385168075562,0.5676969885826111,0.0007763299508951604,,,,,,0.004977226257324219,0.03065340965986252,0.9643693566322327,0.9516838788986206,0.5554352402687073,0.4455295503139496,0.7709824442863464,0.04324442148208618
mdeberta,Cannabis,281646404316,post,0.2879680097103119,0.1990354061126709,0.7074552178382874,0.5389832258224487,0.0004165018617641181,,,,,,0.008115412667393684,0.042813390493392944,0.9490711688995361,0.961578905582428,0.5029296875,0.29992473125457764,0.6247515082359314,0.0123123275116086
mdeberta,Cannabis,281649409812,pre,0.005070175044238567,0.31541958451271057,0.9161096215248108,0.0449945442378521,0.0007236572564579546,,,,,,0.0019027269445359707,0.09185774624347687,0.9062395691871643,0.48657551407814026,0.9830526113510132,0.006062154658138752,0.22936256229877472,0.0007138378568924963
mdeberta,Cannabis,281649409812,post,0.8250617384910583,0.9744712710380554,0.9285870790481567,0.035745810717344284,0.03527754917740822,,,,,,0.008975807577371597,0.05604056641459465,0.9349836111068726,0.8100661039352417,0.9877350926399231,0.2901756167411804,0.7031419277191162,0.6570984721183777
mdeberta,Cannabis,281672870328,pre,0.7946639657020569,0.0031297362875193357,0.0050016725435853004,0.0630771666765213,0.00022298051044344902,,,,,,0.49640750885009766,0.3892781436443329,0.11431436985731125,0.9777351021766663,0.10132236778736115,0.06190433353185654,0.00676464568823576,0.0016072202706709504
mdeberta,Cannabis,281672870328,post,0.4714665710926056,0.8788871169090271,0.7542820572853088,0.1283065378665924,0.0014269596431404352,,,,,,0.16320498287677765,0.4770001173019409,0.359794944524765,0.046703219413757324,0.6422080993652344,0.016947422176599503,0.43854469060897827,0.9602028727531433
mdeberta,Cannabis,281730809232,pre,0.3674972653388977,0.8479677438735962,0.2705765962600708,0.00952709186822176,0.029619432985782623,,,,,,0.15895479917526245,0.38500773906707764,0.4560374915599823,0.6522414684295654,0.11726851761341095,0.04389553144574165,0.13028542697429657,0.3444434106349945
mdeberta,Cannabis,281730809232,post,0.21563966572284698,0.01815951243042946,0.005384937860071659,0.007643620017915964,0.00037409563083201647,,,,,,0.23536236584186554,0.5998461246490479,0.16479149460792542,0.7844842076301575,0.1096104234457016,0.005865338258445263,0.0022343622986227274,0.010944577865302563
mdeberta,Cannabis,282511387296,pre,0.6910805702209473,0.61555016040802,0.039453379809856415,0.019624963402748108,0.00040765260928310454,,,,,,0.07874013483524323,0.8806883096694946,0.04057154804468155,0.5239075422286987,0.9288860559463501,0.1489114910364151,0.03573739528656006,0.2634098529815674
mdeberta,Cannabis,282511387296,post,0.8560392260551453,0.8927964568138123,0.9568362832069397,0.2778647243976593,0.020864255726337433,,,,,,0.23354937136173248,0.5987234115600586,0.16772720217704773,0.955089271068573,0.9951983094215393,0.3066827654838562,0.9346491098403931,0.7545534372329712
mdeberta,Cannabis,282556875348,pre,0.847778856754303,0.948513388633728,0.9723360538482666,0.2622745633125305,0.0006785173318348825,,,,,,0.01694321446120739,0.45571136474609375,0.5273454189300537,0.9754310846328735,0.8673731684684753,0.17507921159267426,0.032930128276348114,0.11759746819734573
mdeberta,Cannabis,282636288432,pre,0.8952940106391907,0.3364400565624237,0.9742394089698792,0.7371581792831421,0.004158160649240017,,,,,,0.029930805787444115,0.7167086601257324,0.2533605098724365,0.8207569718360901,0.991334855556488,0.5036620497703552,0.5141564011573792,0.09244169294834137
mdeberta,Cannabis,282636288432,post,0.8939822912216187,0.6356183290481567,0.8245679140090942,0.7199746370315552,0.029591374099254608,,,,,,0.07324182987213135,0.44997695088386536,0.4767811894416809,0.6990489959716797,0.9841699004173279,0.658197820186615,0.10548665374517441,0.06490493565797806
mdeberta,Cannabis,282651334380,pre,0.18348388373851776,0.9992098808288574,0.9859634041786194,0.2929997444152832,0.1357468068599701,,,,,,0.02863471396267414,0.5960140824317932,0.3753511607646942,0.948620617389679,0.9704506397247314,0.5372841358184814,0.3159469962120056,0.7857198715209961
mdeberta,Cannabis,282651334380,post,0.9950273633003235,0.9952540993690491,0.9445105195045471,0.4760924279689789,0.09977680444717407,,,,,,0.15888650715351105,0.6579234600067139,0.18319006264209747,0.001908046193420887,0.9519749879837036,0.807612419128418,0.73829185962677,0.998031497001648
mdeberta,Cannabis,282727054548,pre,0.5144003629684448,0.9769347906112671,0.8991214036941528,0.6645402908325195,0.0014750635018572211,,,,,,0.013267419300973415,0.5258409380912781,0.46089157462120056,0.9440867304801941,0.9853983521461487,0.20102782547473907,0.42727720737457275,0.0567961186170578
mdeberta,Cannabis,282727054548,post,0.6296607851982117,0.6151745915412903,0.939024806022644,0.15567119419574738,0.004609571769833565,,,,,,0.01651700772345066,0.7461581230163574,0.2373248189687729,0.41810283064842224,0.8784707188606262,0.003185061039403081,0.008148351684212685,0.05992140620946884
mdeberta,Cannabis,282756805128,pre,0.904850423336029,0.9313689470291138,0.9243639707565308,0.937368631362915,0.011441685259342194,,,,,,0.3461993336677551,0.47667694091796875,0.1771237701177597,0.9862444400787354,0.9620095491409302,0.318909227848053,0.26702573895454407,0.5292633771896362
mdeberta,Cannabis,282756805128,post,0.9761860370635986,0.9466953277587891,0.985731840133667,0.6228035092353821,0.0011559007689356804,,,,,,0.1119048073887825,0.8754845261573792,0.012610668316483498,0.9897662401199341,0.9959298372268677,0.1463920623064041,0.19482697546482086,0.6642137169837952
mdeberta,Cannabis,282825414432,pre,0.719876229763031,0.4562583565711975,0.9464483857154846,0.012649319134652615,0.0010024583898484707,,,,,,0.2667078971862793,0.6544919013977051,0.07880021631717682,0.999555766582489,0.9626028537750244,0.023408779874444008,0.08536553382873535,0.002199798123911023
mdeberta,Cannabis,282825414432,post,0.7694269418716431,0.17728948593139648,0.8590145707130432,0.0010838278103619814,0.0007824141066521406,,,,,,0.05964967980980873,0.901724636554718,0.038625724613666534,0.9998590350151062,0.914976954460144,0.3733045160770416,0.010303227230906487,0.00015936713316477835
mdeberta,Cannabis,282839092380,pre,0.9613528251647949,0.8308687210083008,0.9935992956161499,0.5657786130905151,0.0026112475898116827,,,,,,0.548343300819397,0.3915007710456848,0.0601559653878212,0.997888445854187,0.8290771842002869,0.8580062389373779,0.8139049410820007,0.93974769115448
mdeberta,Cannabis,282839092380,post,0.43086564540863037,0.7905707359313965,0.6980207562446594,0.2194211184978485,0.002309621311724186,,,,,,0.3450827896595001,0.2254285216331482,0.4294886887073517,0.04440034553408623,0.3501991331577301,0.0003366621967870742,0.9346192479133606,0.13054846227169037
mdeberta,Cannabis,282877258212,pre,0.9023517966270447,0.9225172400474548,0.9155827760696411,0.729134202003479,0.0007733057136647403,,,,,,0.19788207113742828,0.5896140336990356,0.21250389516353607,0.8808483481407166,0.6597340703010559,0.5183023810386658,0.6171665787696838,0.4472188651561737
mdeberta,Cannabis,282877258212,post,0.7628660202026367,0.9853420853614807,0.5632578730583191,0.6994597911834717,0.7631309032440186,,,,,,0.1429063081741333,0.5448814034461975,0.3122123181819916,0.9074763655662537,0.5117166042327881,0.5869964361190796,0.4005148708820343,0.5522982478141785
mdeberta,Cannabis,282882728844,post,0.9400510787963867,0.8937970995903015,0.9959060549736023,0.055005285888910294,0.0005410355515778065,,,,,,0.7861007452011108,0.19529414176940918,0.01860504224896431,0.9281914830207825,0.216342493891716,0.5153760313987732,0.000330798007780686,0.29957884550094604
mdeberta,Cannabis,282911935644,pre,0.02496401220560074,0.9678081274032593,0.9884250164031982,0.013286684639751911,0.0012843081494793296,,,,,,0.023632319644093513,0.29577314853668213,0.6805946230888367,0.9412774443626404,0.9772950410842896,0.9394983649253845,0.776114284992218,0.14635202288627625
mdeberta,Cannabis,282911935644,post,0.012383785098791122,0.9793540835380554,0.9184070825576782,0.0008727670065127313,0.002850455464795232,,,,,,0.23403146862983704,0.627984881401062,0.13798366487026215,0.9905965328216553,0.7217432260513306,0.837121307849884,0.5039061903953552,0.39831867814064026
mdeberta,Cannabis,282993196896,pre,0.8649640679359436,0.6114109754562378,0.9960469007492065,0.0032540049869567156,0.003324436955153942,,,,,,0.2592168152332306,0.6909957528114319,0.049787428230047226,0.8749346137046814,0.9995694160461426,0.0014636011328548193,0.0003089471720159054,0.16244645416736603
mdeberta,Cannabis,282993196896,post,0.6925380229949951,0.6729230284690857,0.8787506222724915,0.268749475479126,0.0016324890311807394,,,,,,0.15715397894382477,0.7298731207847595,0.11297290027141571,0.6076631546020508,0.7744981050491333,0.01127717923372984,0.004429456312209368,0.25210776925086975
mdeberta,Cannabis,283103593128,pre,0.9693559408187866,0.9995883703231812,0.9744347929954529,0.9226567149162292,0.0009811718482524157,,,,,,0.03659480810165405,0.7813339233398438,0.18207132816314697,0.9779571890830994,0.9580498933792114,0.8851359486579895,0.788257360458374,0.8885171413421631
mdeberta,Cannabis,283103593128,post,0.9812837839126587,0.9316493272781372,0.9390667676925659,0.026105916127562523,0.00035766829387284815,,,,,,0.7220251560211182,0.232299342751503,0.04567549750208855,0.9593499302864075,0.01568625122308731,0.866245687007904,0.09367799758911133,0.7791538834571838
mdeberta,Cannabis,283103661528,pre,0.21284236013889313,0.7785230278968811,0.9910319447517395,0.7163178324699402,0.0018494504038244486,,,,,,0.06229405850172043,0.7059895396232605,0.23171640932559967,0.04339619725942612,0.9470147490501404,0.00012339456588961184,0.8094266653060913,0.004843823611736298
mdeberta,Cannabis,283103661528,post,0.25851312279701233,0.20087102055549622,0.6302298903465271,0.05598743259906769,0.003285833401605487,,,,,,0.047205954790115356,0.19833247363567352,0.7544615864753723,0.6529056429862976,0.8815320730209351,0.004839118104428053,0.06696470081806183,0.04369616135954857
mdeberta,Cannabis,283218440832,pre,0.3957177996635437,0.9828150868415833,0.26645272970199585,0.9241932034492493,0.00030061634606681764,,,,,,0.016306208446621895,0.7533679604530334,0.2303258776664734,0.9156770706176758,0.8674854636192322,0.5544704794883728,0.8648821115493774,0.7980294227600098
mdeberta,Cannabis,283218440832,post,0.9797453284263611,0.9709393978118896,0.9821512699127197,0.8232573866844177,0.00020462219254113734,,,,,,0.12914852797985077,0.5799351334571838,0.290916383266449,0.9413313865661621,0.8962740898132324,0.7371581792831421,0.8345417976379395,0.8678218722343445
mdeberta,Cannabis,283254009516,pre,0.9911441206932068,0.9933717250823975,0.9767137169837952,0.8604277968406677,0.03611792251467705,,,,,,0.004729146137833595,0.11148620396852493,0.8837845921516418,0.9833430051803589,0.9185898303985596,0.6898282170295715,0.9556565880775452,0.9989182353019714
mdeberta,Cannabis,283254009516,post,0.9980543851852417,0.9985978603363037,0.9973632097244263,0.12787027657032013,0.07755257934331894,,,,,,0.0047699338756501675,0.10729838907718658,0.887931764125824,0.43056631088256836,0.9597243070602417,0.4267396330833435,0.9988463521003723,0.9326989650726318
mdeberta,Cannabis,283567484664,pre,0.7491790056228638,0.06822642683982849,0.06477169692516327,0.05460060015320778,0.0001618763926671818,,,,,,0.5021328926086426,0.41294237971305847,0.08492471277713776,0.890960156917572,0.3598138988018036,0.21717147529125214,0.22202466428279877,0.19436541199684143
mdeberta,Cannabis,283567484664,post,0.9946774840354919,0.9546685218811035,0.9866748452186584,0.24200403690338135,0.00025464370264671743,,,,,,0.6348985433578491,0.32813695073127747,0.03696455433964729,0.9876787662506104,0.21086785197257996,0.6726543307304382,0.3475371301174164,0.7951415777206421
mdeberta,Cannabis,283737523644,post,0.9852571487426758,0.046076804399490356,0.9323301315307617,0.033955976366996765,0.0006891950033605099,,,,,,0.9356081485748291,0.05351000279188156,0.010881838388741016,0.9881079196929932,0.527803361415863,0.9988463521003723,0.2130495309829712,0.9654789566993713
mdeberta,Cannabis,283830482664,pre,0.5251253247261047,0.7058864235877991,0.9206649661064148,0.08161120116710663,0.0025360470172017813,,,,,,0.15771789848804474,0.7134307026863098,0.12885136902332306,0.05644402652978897,0.9898892045021057,0.012324207462370396,0.004755199886858463,0.3170032203197479
mdeberta,Cannabis,283830482664,post,0.31323590874671936,0.4583032429218292,0.29828691482543945,0.0350126288831234,0.006450607907027006,,,,,,0.060351695865392685,0.41252973675727844,0.5271185040473938,0.04650794714689255,0.9782811999320984,0.0008626077324151993,0.00020342697098385543,0.0016711377538740635
mdeberta,Cannabis,284916813516,pre,0.9027275443077087,0.17018021643161774,0.9433475136756897,0.8153795599937439,0.0002216781140305102,,,,,,0.9445542097091675,0.030126361176371574,0.02531943842768669,0.5467382073402405,0.7766229510307312,0.16559311747550964,0.6928498148918152,0.5657786726951599
mdeberta,Cannabis,284916813516,post,0.9083743095397949,0.9966690540313721,0.9636090993881226,0.8802319765090942,0.02239282801747322,,,,,,0.06585030257701874,0.32056549191474915,0.6135842204093933,0.9524471163749695,0.937124490737915,0.048136770725250244,0.722233235836029,0.5026854872703552
mdeberta,Cannabis,284926453128,post,0.9273304343223572,0.6061779260635376,0.9661559462547302,0.030473187565803528,0.020844316110014915,,,,,,0.273322194814682,0.654466450214386,0.07221131026744843,0.03549421951174736,0.12640725076198578,0.0077255344949662685,0.766992449760437,0.7227227687835693
mdeberta,Cannabis,285019478496,post,0.1392500102519989,0.7910150289535522,0.11277708411216736,0.46733173727989197,0.0010691264178603888,,,,,,0.08240396529436111,0.5118904113769531,0.40570560097694397,0.9050288796424866,0.5708098411560059,0.19783161580562592,0.3365491032600403,0.38606882095336914
mdeberta,Cannabis,285118863012,pre,0.9437766075134277,0.0009966077050194144,0.9424139857292175,0.006564249284565449,0.00021696730982512236,,,,,,0.591197669506073,0.3316318392753601,0.07717052847146988,0.9833579063415527,0.014510559849441051,0.2503625452518463,0.010683431290090084,0.19783161580562592
mdeberta,Cannabis,285151150548,pre,0.6899327039718628,0.7581527233123779,0.015648599714040756,0.0015578481834381819,0.0002913700882345438,,,,,,0.12924137711524963,0.7002090811729431,0.17054949700832367,0.8681575655937195,0.016261830925941467,0.01047896035015583,0.0019043302163481712,0.01778039149940014
mdeberta,Cannabis,285151150548,post,0.9120648503303528,0.04958902299404144,0.0008151457877829671,0.0010222098790109158,0.0007124459953047335,,,,,,0.058041881769895554,0.7359806895256042,0.20597738027572632,0.9586975574493408,0.008124708198010921,0.03890654817223549,0.0013121626107022166,0.012600625865161419
mdeberta,Cannabis,285234732612,pre,0.7922834753990173,0.6893448233604431,0.9141374826431274,0.006241259165108204,0.0006312435143627226,,,,,,0.06127360835671425,0.43413564562797546,0.5045906901359558,0.24786223471164703,0.952308714389801,0.007093862630426884,0.002251847181469202,0.3582127094268799
mdeberta,Cannabis,285234732612,post,0.7594930529594421,0.5556613206863403,0.7500954270362854,0.02546808309853077,0.0011030265595763922,,,,,,0.029510172083973885,0.16427336633205414,0.8062164187431335,0.5794004201889038,0.9968702793121338,0.07372960448265076,0.000847589981276542,0.023984873667359352
mdeberta,Cannabis,285315995916,pre,0.7712195515632629,0.661506175994873,0.8527976274490356,0.5674572587013245,0.003572683082893491,,,,,,0.0030841671396046877,0.014560081996023655,0.9823557734489441,0.9923638105392456,0.9810628294944763,0.7183968424797058,0.517327070236206,0.3483125567436218
mdeberta,Cannabis,285315995916,post,0.9453237056732178,0.8104225993156433,0.9850285053253174,0.06578466296195984,0.018779069185256958,,,,,,0.0013750437647104263,0.13943885266780853,0.8591861128807068,0.9833748936653137,0.9701268672943115,0.9260282516479492,0.01626475900411606,0.7997162342071533
mdeberta,Cannabis,285322560948,pre,0.9971439838409424,0.9310874938964844,0.9994847178459167,0.5119377374649048,0.0034902102779597044,,,,,,0.6865130066871643,0.30583062767982483,0.007656319532543421,0.9992861747741699,0.9948703646659851,0.407208114862442,0.1062261238694191,0.5906463861465454
mdeberta,Cannabis,285326048664,pre,0.441974014043808,0.9931628108024597,0.9893062114715576,0.8758268356323242,0.001504112733528018,,,,,,0.011563229374587536,0.15531983971595764,0.833116888999939,0.9398995637893677,0.9835811853408813,0.1922169327735901,0.9016179442405701,0.8544601202011108
mdeberta,Cannabis,285326048664,post,0.007190811913460493,0.9903383255004883,0.4675748944282532,0.0012818054528906941,0.010150015354156494,,,,,,0.004436320159584284,0.06342508643865585,0.9321386218070984,0.05749327689409256,0.9520418643951416,0.00026686102501116693,0.926103413105011,0.0020789147820323706
mdeberta,Cannabis,285369343128,pre,0.03644229844212532,0.1383598893880844,0.023087240755558014,0.006369751412421465,0.0006202511722221971,,,,,,0.0369584746658802,0.643846869468689,0.3191945552825928,0.6349961161613464,0.030874239280819893,0.016733190044760704,0.011212035082280636,0.1363781839609146
mdeberta,Cannabis,285369343128,post,0.8325091600418091,0.9841698408126831,0.9479320049285889,0.9299589991569519,0.0014953383943066,,,,,,0.04521995410323143,0.2728566527366638,0.6819233894348145,0.9087597131729126,0.9859904646873474,0.6706082820892334,0.3949007987976074,0.5959629416465759
mdeberta,Cannabis,285428582316,pre,0.7387162446975708,0.25123414397239685,0.9762426614761353,0.07004896551370621,0.009072806686162949,,,,,,0.0016704794252291322,0.04143177345395088,0.9568977952003479,0.9434779286384583,0.8496907353401184,0.002007241826504469,0.5987815260887146,0.1179526075720787
mdeberta,Cannabis,285428582316,post,0.6300023198127747,0.8308001160621643,0.9844114780426025,0.2944177985191345,0.0009164002258330584,,,,,,0.0005713517894037068,0.02137709967792034,0.9780515432357788,0.5886526703834534,0.6325027942657471,0.002499260939657688,0.0019006215734407306,0.08438894152641296
mdeberta,Cannabis,285510524148,pre,0.9727919697761536,0.7302297353744507,0.6608840227127075,0.35209038853645325,0.031055552884936333,,,,,,0.1259569376707077,0.6475183367729187,0.2265247255563736,0.1536443829536438,0.47584885358810425,0.07432790100574493,0.49511730670928955,0.9530352354049683
mdeberta,Cannabis,285510524148,post,0.9461008310317993,0.7038548588752747,0.9275357723236084,0.048631373792886734,0.05223085731267929,,,,,,0.36299580335617065,0.5993562340736389,0.037647929042577744,0.6588566303253174,0.16708271205425262,0.03488088771700859,0.29645052552223206,0.729134202003479
mdeberta,Cannabis,285613125516,pre,0.8118183016777039,0.9931228756904602,0.9428759813308716,0.5886527299880981,0.003780095372349024,,,,,,0.004523551557213068,0.041289206594228745,0.954187273979187,0.9514588713645935,0.8346765637397766,0.44287747144699097,0.6880493760108948,0.6974028944969177
mdeberta,Cannabis,285613125516,post,0.9404625296592712,0.7921528816223145,0.8134607672691345,0.5466171503067017,0.004709205590188503,,,,,,0.19946320354938507,0.6109496355056763,0.18958710134029388,0.9842021465301514,0.9244279861450195,0.6781138181686401,0.13741667568683624,0.8333246111869812
mdeberta,Cannabis,285820032780,pre,0.987289547920227,0.9638140201568604,0.9682163596153259,0.8299576044082642,0.017695317044854164,,,,,,0.047996461391448975,0.7922192215919495,0.15978433191776276,0.9718592166900635,0.9807196259498596,0.9994184374809265,0.9847670793533325,0.7927852869033813
mdeberta,Cannabis,285820032780,post,0.974190354347229,0.718298077583313,0.7714563608169556,0.8708720207214355,0.004792316816747189,,,,,,0.07280052453279495,0.7849757671356201,0.14222367107868195,0.9394567608833313,0.9932024478912354,0.9817619919776917,0.37501955032348633,0.7910150289535522
mdeberta,Cannabis,285874411464,pre,0.9675638675689697,0.23276764154434204,0.9883127212524414,0.0699218362569809,0.0026574311777949333,,,,,,0.7131038308143616,0.27225425839424133,0.014641865156590939,0.9940081238746643,0.48806989192962646,0.0676698088645935,0.0031974869780242443,0.022478502243757248
mdeberta,Cannabis,285874411464,post,0.9884026050567627,0.4903271198272705,0.9993371963500977,0.022201228886842728,0.00628990214318037,,,,,,0.035213638097047806,0.26300567388534546,0.7017806768417358,0.9802241325378418,0.9971356391906738,0.09146322309970856,0.008753650821745396,0.9306318163871765
mdeberta,Cannabis,287413070832,pre,0.992191731929779,0.5279554724693298,0.9929335713386536,0.5260992646217346,0.005587385967373848,,,,,,0.06592531502246857,0.9176566004753113,0.01641812175512314,0.995132565498352,0.9229350090026855,0.07191641628742218,0.006984650157392025,0.26977625489234924
mdeberta,Cannabis,287413070832,post,0.9858139753341675,0.7312648296356201,0.9217811226844788,0.6381590366363525,0.0003799845289904624,,,,,,0.8101847767829895,0.15806163847446442,0.031753551214933395,0.86485356092453,0.9510854482650757,0.7902066707611084,0.5798763036727905,0.7076067924499512
mdeberta,Cannabis,287788307760,pre,0.9732788801193237,0.250545859336853,0.6850283741950989,0.13364119827747345,0.0005953406798653305,,,,,,0.962708592414856,0.030325444415211678,0.006965990643948317,0.9125336408615112,0.7459539771080017,0.6999727487564087,0.06912035495042801,0.9052228927612305
mdeberta,Cannabis,287975928960,pre,0.39864054322242737,0.9339297413825989,0.9464483857154846,0.11031530052423477,0.0003406293108128011,,,,,,0.052106719464063644,0.7481477856636047,0.19974547624588013,0.25627321004867554,0.9797064661979675,0.00932196993380785,0.0006615174352191389,0.3796083331108093
mdeberta,Cannabis,287975928960,post,0.628065288066864,0.9944342970848083,0.9902067184448242,0.9615563750267029,0.0032922362443059683,,,,,,0.0020860997028648853,0.43068385124206543,0.5672300457954407,0.9786776304244995,0.9015746116638184,0.27028757333755493,0.9278550744056702,0.24789637327194214
mdeberta,Cannabis,288088104960,pre,0.39350154995918274,0.07622697949409485,0.042245492339134216,0.015891114249825478,0.0004029052215628326,,,,,,0.2750805616378784,0.6857520341873169,0.03916741535067558,0.2575782835483551,0.1509026288986206,0.04152052849531174,0.013830283656716347,0.0022040894255042076
mdeberta,Cannabis,288088104960,post,0.5811842679977417,0.7751796245574951,0.38179564476013184,0.7602948546409607,0.0003237690543755889,,,,,,0.12418875843286514,0.2769410312175751,0.5988702178001404,0.9117314219474792,0.6399611234664917,0.3942009508609772,0.4975586235523224,0.25608712434768677
mdeberta,Cannabis,288101380032,pre,0.963983952999115,0.9709781408309937,0.9332485795021057,0.6513548493385315,0.0333683043718338,,,,,,0.032929327338933945,0.2906436622142792,0.6764270067214966,0.9712588787078857,0.728168785572052,0.7818307876586914,0.7730450630187988,0.7766228914260864
mdeberta,Cannabis,288101380032,post,0.603698194026947,0.6383845210075378,0.9872281551361084,0.6492450833320618,0.007025407161563635,,,,,,0.019294969737529755,0.30152949690818787,0.6791754961013794,0.7189891934394836,0.7771307826042175,0.015000312589108944,0.1292378008365631,0.05814496800303459
mdeberta,Cannabis,288140845464,pre,0.9259456992149353,0.6822827458381653,0.9572778344154358,0.6463485956192017,0.0006070755771361291,,,,,,0.13887088000774384,0.7704104781150818,0.09071868658065796,0.931900680065155,0.9991990327835083,0.8216173648834229,0.29098087549209595,0.17827533185482025
mdeberta,Cannabis,288140845464,post,0.18473994731903076,0.6972547769546509,0.9662197232246399,0.38803809881210327,0.003664220217615366,,,,,,0.004537040367722511,0.11724057048559189,0.8782224655151367,0.02574830874800682,0.9995169043540955,0.0013564018299803138,0.5151320695877075,0.06770062446594238
mdeberta,Cannabis,288142415928,pre,0.9536217451095581,0.90644371509552,0.8459742665290833,0.09902279824018478,0.0001673405058681965,,,,,,0.6869011521339417,0.2880784571170807,0.02502037212252617,0.975830078125,0.0378035232424736,0.007725534029304981,0.0014982575085014105,0.00817206408828497
mdeberta,Cannabis,288142415928,post,0.9570475220680237,0.963385820388794,0.9752254486083984,0.41229352355003357,0.0005274784052744508,,,,,,0.6063918471336365,0.2954596281051636,0.09814848750829697,0.9588760137557983,0.589834451675415,0.1635122150182724,0.3411433696746826,0.40262699127197266
mdeberta,Cannabis,288163964664,pre,0.7124823331832886,0.44583114981651306,0.7208598256111145,0.05904726684093475,0.0006300125387497246,,,,,,0.2931458055973053,0.6778713464736938,0.02898287959396839,0.08805271983146667,0.062388136982917786,0.0037654140032827854,0.0025708680041134357,0.09846875071525574
mdeberta,Cannabis,288163964664,post,0.9824568629264832,0.9840935468673706,0.9797452688217163,0.9505603313446045,0.010881332680583,,,,,,0.002265682676807046,0.09610436111688614,0.9016299247741699,0.9932517409324646,0.9077425003051758,0.8229729533195496,0.6749081015586853,0.8033281564712524
mdeberta,Cannabis,288199733760,post,0.027143431827425957,0.07193271815776825,0.052134256809949875,0.00033339159563183784,0.0003053489199373871,,,,,,0.08210057765245438,0.3231324553489685,0.5947669744491577,0.024845438078045845,0.19732843339443207,0.00116951041854918,0.0004793605185113847,0.005220125429332256
mdeberta,Cannabis,288271144044,pre,0.054853200912475586,0.9936733841896057,0.7352616190910339,0.002111583948135376,0.016641050577163696,,,,,,0.0013249811017885804,0.05040397495031357,0.9482710361480713,0.06319268047809601,0.9130292534828186,0.00041245584725402296,0.6247515082359314,0.04138471931219101
mdeberta,Cannabis,288271144044,post,0.8754147291183472,0.7632632851600647,0.9972478151321411,0.5809465050697327,0.021969225257635117,,,,,,0.07027722895145416,0.2122822254896164,0.7174405455589294,0.6372565627098083,0.9245515465736389,0.00020066525030415505,0.2751297056674957,0.0060035958886146545
mdeberta,Cannabis,288318753864,pre,0.483648419380188,0.7924240231513977,0.8560919165611267,0.2522919178009033,0.012336100451648235,,,,,,0.044916782528162,0.28201764822006226,0.6730655431747437,0.813164234161377,0.9578729271888733,0.24148939549922943,0.05753297731280327,0.0015700474614277482
mdeberta,Cannabis,288318753864,post,0.9889705777168274,0.46283724904060364,0.9525299668312073,0.36274343729019165,0.0017546146409586072,,,,,,0.04075097292661667,0.6358980536460876,0.3233509361743927,0.933370053768158,0.987829327583313,0.17258979380130768,0.2689414322376251,0.473900705575943
mdeberta,Cannabis,288351171360,post,0.5633779764175415,0.889312744140625,0.7618930339813232,0.3466518521308899,0.0019877743907272816,,,,,,0.005139033310115337,0.06855835765600204,0.9263026118278503,0.8607207536697388,0.5229331254959106,0.20165593922138214,0.5822535157203674,0.0619397908449173
mdeberta,Cannabis,288509588496,post,0.7139304876327515,0.9178197383880615,0.4101064205169678,0.0015218157786875963,0.013350850902497768,,,,,,0.013017814606428146,0.2796955108642578,0.7072866559028625,0.9652791023254395,0.2514179050922394,0.004133968148380518,0.0001603035198058933,0.0002824080584105104
mdeberta,Cannabis,288531952560,post,0.4451676905155182,0.387342631816864,0.9465225338935852,0.05352688208222389,0.0031603528186678886,,,,,,0.11095386743545532,0.4313952326774597,0.45765089988708496,0.8716456890106201,0.9536649584770203,0.017201455309987068,0.00040685752173885703,0.0832919254899025
mdeberta,Cannabis,288547276212,pre,0.9083439111709595,0.4200493395328522,0.9912378787994385,0.3701969087123871,0.0017752605490386486,,,,,,0.34803009033203125,0.40018919110298157,0.2517807185649872,0.9932354092597961,0.4477319121360779,0.30549007654190063,0.3393895924091339,0.09282132238149643
mdeberta,Cannabis,288547276212,post,0.960230827331543,0.5469196438789368,0.9313533306121826,0.1548866331577301,0.0022126969415694475,,,,,,0.7750414609909058,0.21522124111652374,0.009737295098602772,0.9665647149085999,0.2860196530818939,0.05149852856993675,0.03743230551481247,0.31658050417900085
mdeberta,Cannabis,288610616664,pre,0.5429844856262207,0.8850056529045105,0.9568564295768738,0.41406935453414917,0.008187909610569477,,,,,,0.0013110418803989887,0.055801380425691605,0.9428876042366028,0.9562987089157104,0.9995496869087219,0.5455278158187866,0.8071568608283997,0.016561336815357208
mdeberta,Cannabis,289391882832,pre,0.9548057317733765,0.9989412426948547,0.9983739256858826,0.9467445611953735,0.001730829942971468,,,,,,0.006806451361626387,0.08856961876153946,0.9046239256858826,0.9885528087615967,0.9865587949752808,0.7390459179878235,0.7074046730995178,0.8460696339607239
mdeberta,Cannabis,289391882832,post,0.9888849854469299,0.9669140577316284,0.9912716746330261,0.8164063692092896,0.010944576933979988,,,,,,0.023673245683312416,0.828016459941864,0.14831027388572693,0.498626708984375,0.9694184064865112,0.9856284260749817,0.4436004161834717,0.8795870542526245
mdeberta,Cannabis,289533399012,pre,0.9775322079658508,0.6246370673179626,0.9879112243652344,0.1022038534283638,0.0004068574926350266,,,,,,0.8153269290924072,0.15629319846630096,0.028379840776324272,0.9155827760696411,0.5555557608604431,0.0012968952069059014,0.398406445980072,0.7064942717552185
mdeberta,Cannabis,289533399012,post,0.926934540271759,0.8843392729759216,0.9899864196777344,0.6284929513931274,0.010298249311745167,,,,,,0.07072008401155472,0.8440584540367126,0.08522143959999084,0.9624796509742737,0.9307106137275696,0.09751924127340317,0.24328270554542542,0.7875433564186096
mdeberta,Cannabis,289551044160,pre,0.9921385645866394,0.9984662532806396,0.9773491621017456,0.6858179569244385,0.016705093905329704,,,,,,0.12106724083423615,0.47777923941612244,0.4011535048484802,0.9948604106903076,0.8955683708190918,0.05730834975838661,0.9091032147407532,0.8843392729759216
mdeberta,Cannabis,289551044160,post,0.9510740637779236,0.9857593178749084,0.9211805462837219,0.38352587819099426,0.00391482375562191,,,,,,0.05111479014158249,0.8145440816879272,0.13434115052223206,0.9146153926849365,0.7426084280014038,0.051701635122299194,0.2950267493724823,0.1391037553548813
mdeberta,Cannabis,289642978548,pre,0.9435364603996277,0.13846179842948914,0.9554024338722229,0.026019155979156494,7.072500739013776e-05,,,,,,0.5658888220787048,0.2815064787864685,0.15260468423366547,0.9997597932815552,0.7624240517616272,0.8733229041099548,0.5710490942001343,0.02531100995838642
mdeberta,Cannabis,289642978548,post,0.11061104387044907,0.0025459476746618748,0.1201288104057312,0.0003193740558344871,0.00048690568655729294,,,,,,0.32087862491607666,0.586738109588623,0.0923832580447197,0.9969425797462463,0.029731908813118935,0.08288273215293884,0.0007250710041262209,9.915272676153108e-05
mdeberta,Cannabis,289656043632,pre,0.9395122528076172,0.9062182903289795,0.6589183807373047,0.27727723121643066,0.002099273493513465,,,,,,0.09111595153808594,0.28225451707839966,0.6266295313835144,0.9408304691314697,0.56817626953125,0.6863700747489929,0.35868993401527405,0.8773192167282104
mdeberta,Cannabis,289656043632,post,0.858177125453949,0.9667181968688965,0.9668670892715454,0.9493915438652039,0.0029464049730449915,,,,,,0.02617698907852173,0.956722617149353,0.017100360244512558,0.9763725996017456,0.9948403239250183,0.5576044321060181,0.46320146322250366,0.8448575735092163
mdeberta,Cannabis,289679230548,pre,0.3985234797000885,0.11721798777580261,0.3076179623603821,0.03158888220787048,0.0014607495395466685,,,,,,0.015545705333352089,0.10316839814186096,0.8812858462333679,0.8152324557304382,0.2634572386741638,0.00817206408828497,0.0029065124690532684,0.13622865080833435
mdeberta,Cannabis,289679230548,post,0.9588375091552734,0.6627964973449707,0.9449693560600281,0.0131086315959692,0.10116685926914215,,,,,,0.11332996189594269,0.860194981098175,0.026475030928850174,0.9991474151611328,0.829974889755249,0.7320175170898438,0.0016646332805976272,0.9948000907897949
mdeberta,Cannabis,289703918844,pre,0.8760125637054443,0.11201595515012741,0.36494728922843933,0.30259713530540466,0.004425152204930782,,,,,,0.324791818857193,0.5352950692176819,0.13991308212280273,0.9651848077774048,0.8746939897537231,0.6195864081382751,0.3515336215496063,0.0448688268661499
mdeberta,Cannabis,289703918844,post,0.6584724187850952,0.5814219117164612,0.3282063603401184,0.1383744478225708,0.00018450374773237854,,,,,,0.38804152607917786,0.40231892466545105,0.2096395641565323,0.620276689529419,0.35053250193595886,0.2975720167160034,0.001604089280590415,0.7429815530776978
mdeberta,Cannabis,289802213748,pre,0.8621342182159424,0.6071683168411255,0.7091702818870544,0.7703784108161926,0.0007598414667882025,,,,,,0.014348624274134636,0.05077722668647766,0.9348741173744202,0.9905873537063599,0.9726560115814209,0.9368073344230652,0.7590467929840088,0.19582465291023254
mdeberta,Cannabis,289802213748,post,0.9756349921226501,0.645399272441864,0.7500038743019104,0.6852126121520996,0.019889743998646736,,,,,,0.04792645573616028,0.23914965987205505,0.7129238843917847,0.9917283654212952,0.9444208145141602,0.935802698135376,0.696784257888794,0.1654413640499115
mdeberta,Cannabis,289870474212,pre,0.36515241861343384,0.9173952341079712,0.5605533719062805,0.19010303914546967,0.0008135565440170467,,,,,,0.07866570353507996,0.4278402030467987,0.4934941232204437,0.46952024102211,0.8838890194892883,0.0008847707649692893,0.03752036765217781,0.33317768573760986
mdeberta,Cannabis,289870474212,post,0.944740355014801,0.9267193078994751,0.9148248434066772,0.14810879528522491,0.0077856541611254215,,,,,,0.33474090695381165,0.5772518515586853,0.08800726383924484,0.0019006215734407306,0.5214711427688599,0.0008934455690905452,0.0017856743652373552,0.4973144829273224
mdeberta,Cannabis,289944143064,pre,0.6637778878211975,0.7199746966362,0.006890460383147001,0.0006251128506846726,0.0003822166472673416,,,,,,0.15392348170280457,0.6389498710632324,0.2071266770362854,0.8137569427490234,0.007891984656453133,0.010413344018161297,0.0018821859266608953,0.019419347867369652
mdeberta,Cannabis,289944143064,post,0.21178337931632996,0.9597855806350708,0.004093958530575037,0.006127225700765848,0.0013939501950517297,,,,,,0.05401172488927841,0.6520008444786072,0.2939874529838562,0.6011253595352173,0.198529914021492,0.07241500169038773,0.0027442271821200848,0.12967802584171295
mdeberta,Cannabis,290011993128,pre,0.7238466143608093,0.054752033203840256,0.9788343906402588,0.03711690753698349,0.0070801181718707085,,,,,,0.0064814090728759766,0.746957540512085,0.24656109511852264,0.9630398154258728,0.8751214742660522,0.03618597984313965,0.015746677294373512,0.024845436215400696
mdeberta,Cannabis,290011993128,post,0.8948813676834106,0.6641047596931458,0.9227437973022461,0.44746026396751404,0.0008609261130914092,,,,,,0.0025527894031256437,0.059741005301475525,0.9377061724662781,0.903464674949646,0.6509112119674683,0.2958398759365082,0.07059162110090256,0.13939636945724487
mdeberta,Cannabis,290162201580,pre,0.4283679127693176,0.904101550579071,0.4943850040435791,0.47395968437194824,0.0008693673880770802,,,,,,0.0013819315936416388,0.052110422402620316,0.9465076327323914,0.019851703196763992,0.9245941042900085,0.00035766829387284815,0.9262495040893555,0.2939108908176422
mdeberta,Cannabis,290162201580,post,0.8790819048881531,0.8236477971076965,0.5991333723068237,0.4730486571788788,0.0020911062601953745,,,,,,0.018469050526618958,0.1814994513988495,0.8000314831733704,0.9684624671936035,0.9905874133110046,0.398406445980072,0.7597605586051941,0.0008442882681265473
mdeberta,Cannabis,290634638328,pre,0.6912498474121094,0.5798168182373047,0.8236122727394104,0.32970190048217773,0.0007854740251787007,,,,,,0.14104977250099182,0.6120942234992981,0.24685601890087128,0.661048173904419,0.9441961646080017,0.0059455991722643375,0.43974733352661133,0.1562255322933197
mdeberta,Cannabis,290634638328,post,0.7750093936920166,0.9801862835884094,0.9469411969184875,0.3485342562198639,0.009178773500025272,,,,,,0.014668048359453678,0.8617056012153625,0.12362629920244217,0.12656910717487335,0.9847670793533325,0.02681019715964794,0.17665383219718933,0.04720577225089073
mdeberta,Cannabis,290638059012,pre,0.9693242311477661,0.7346196174621582,0.9060729742050171,0.4774932265281677,0.000847589981276542,,,,,,0.12788642942905426,0.7449742555618286,0.12713928520679474,0.9897563457489014,0.9038048386573792,0.249904602766037,0.2825919985771179,0.08032139390707016
mdeberta,Cannabis,290638059012,post,0.6878397464752197,0.09132130444049835,0.3217929005622864,0.011168811470270157,0.00019716942915692925,,,,,,0.14323009550571442,0.6417560577392578,0.21501383185386658,0.9991424083709717,0.5976078510284424,0.249996155500412,0.002482276875525713,0.0004646190209314227
mdeberta,Cannabis,290681287128,pre,0.9047176837921143,0.9757853746414185,0.9806548953056335,0.4895034730434418,0.002309621311724186,,,,,,0.14761078357696533,0.4307125210762024,0.4216766655445099,0.8149381279945374,0.735641598701477,0.4615021347999573,0.5917232632637024,0.7915794849395752
mdeberta,Cannabis,290681287128,post,0.9600533246994019,0.8566774129867554,0.9961643218994141,0.9151666760444641,0.003968500066548586,,,,,,0.8938170671463013,0.1032649576663971,0.0029179807752370834,0.9424239993095398,0.8520759344100952,0.8274102210998535,0.7669925093650818,0.9420433640480042
mdeberta,Cannabis,291384030780,pre,0.9685750007629395,0.7721872329711914,0.9695844650268555,0.7649794816970825,8.95778794074431e-05,,,,,,0.6949059367179871,0.2767183184623718,0.02837573178112507,0.9719924926757812,0.9256678819656372,0.46101680397987366,0.0386199951171875,0.8566924929618835
mdeberta,Cannabis,291384030780,post,0.10123347491025925,0.8743993639945984,0.7523766160011292,0.1367524266242981,0.01114726159721613,,,,,,0.07949768006801605,0.49356549978256226,0.4269368350505829,0.034100424498319626,0.9206382036209106,0.0005625758785754442,0.0007598414667882025,0.06111512705683708
mdeberta,Cannabis,291541555296,pre,0.8927263021469116,0.9825407862663269,0.9290310144424438,0.7047700881958008,0.010529711842536926,,,,,,0.8531655073165894,0.13556836545467377,0.011266177520155907,0.7739006280899048,0.7590468525886536,0.55495285987854,0.6796041131019592,0.7318258881568909
mdeberta,Cannabis,291541555296,post,0.884314239025116,0.9924227595329285,0.3515275716781616,0.9063530564308167,0.22695492208003998,,,,,,0.5167735815048218,0.4052242934703827,0.07800208777189255,0.529628336429596,0.8479047417640686,0.29057806730270386,0.7264255881309509,0.9407353401184082
mdeberta,Cannabis,291601202148,pre,0.2933032512664795,0.4938052296638489,0.335514098405838,0.021471235901117325,0.075380340218544,,,,,,0.2619578540325165,0.46378061175346375,0.2742615044116974,0.9548162221908569,0.24373242259025574,0.07739553600549698,0.0368560329079628,0.03997477516531944
mdeberta,Cannabis,291601202148,post,0.2610011398792267,0.9296003580093384,0.23961614072322845,0.3805287480354309,0.0026730059180408716,,,,,,0.3038613796234131,0.5436456799507141,0.152492955327034,0.9741286039352417,0.7033457159996033,0.7212526202201843,0.11351816356182098,0.611382007598877
mdeberta,Cannabis,291621786444,post,0.8539127707481384,0.5318781137466431,0.6926939487457275,0.3704531490802765,0.026056304574012756,,,,,,0.790092945098877,0.14969147741794586,0.06021562218666077,0.9466460347175598,0.888795018196106,0.21742059290409088,0.2423849254846573,0.6933172345161438
mdeberta,Cannabis,291758381244,pre,0.976197361946106,0.99664306640625,0.996720552444458,0.021267017349600792,0.014799639582633972,,,,,,0.6055390238761902,0.2928195297718048,0.10164140909910202,0.9890024065971375,0.500335693359375,0.027376489713788033,0.8389211297035217,0.9697281122207642
mdeberta,Cannabis,291758381244,post,0.9713677167892456,0.7448883652687073,0.9602867364883423,0.7495458126068115,0.0030219447799026966,,,,,,0.7242665886878967,0.25824519991874695,0.017488205805420876,0.9872158169746399,0.6410994529724121,0.0749729722738266,0.02460992895066738,0.9368073344230652
mdeberta,Cannabis,291787726212,pre,0.06584469974040985,0.00838045310229063,0.001213671755976975,0.0883275642991066,0.0006070755189284682,,,,,,0.07317118346691132,0.6967758536338806,0.23005294799804688,0.9504339694976807,0.1716158092021942,0.47950369119644165,0.13056229054927826,0.47682327032089233
mdeberta,Cannabis,291933006444,pre,0.9910752177238464,0.997896671295166,0.9971826076507568,0.7829115986824036,0.10185714811086655,,,,,,0.0004620370746124536,0.045500971376895905,0.9540369510650635,0.9776285290718079,0.9846935868263245,0.5735589861869812,0.8827062249183655,0.9608048796653748
mdeberta,Cannabis,291933006444,post,0.9872158169746399,0.8341030478477478,0.8955683708190918,0.5299932360649109,0.0007264875457622111,,,,,,0.7083241939544678,0.261901319026947,0.029774470254778862,0.940925657749176,0.9728049635887146,0.8386797904968262,0.2764951288700104,0.9521309733390808
mdeberta,Cannabis,291945183012,pre,0.9972743988037109,0.9711564183235168,0.9560224413871765,0.7044652104377747,0.025130948051810265,,,,,,0.5522980093955994,0.4122154712677002,0.03548654541373253,0.5950219631195068,0.3460991382598877,0.30756592750549316,0.3789186179637909,0.8509414792060852
mdeberta,Cannabis,291945183012,post,0.8867886066436768,0.7831241488456726,0.5807087421417236,0.42847251892089844,0.0036076167598366737,,,,,,0.10889486223459244,0.5221786499023438,0.3689265549182892,0.7727022171020508,0.7569868564605713,0.9990321397781372,0.2825919985771179,0.9651191234588623
mdeberta,Cannabis,292037520960,pre,0.708389163017273,0.06884986907243729,0.6193274259567261,0.04314352199435234,0.00736008258536458,,,,,,0.31959035992622375,0.5228946805000305,0.15751497447490692,0.12215621769428253,0.21082721650600433,0.04296246916055679,0.0019154996844008565,0.46077412366867065
mdeberta,Cannabis,292037520960,post,0.9959139823913574,0.2959161698818207,0.7498664855957031,0.26453644037246704,0.05070536583662033,,,,,,0.6692721843719482,0.31521695852279663,0.015510892495512962,0.0969887375831604,0.4366220533847809,0.006692850962281227,0.031151197850704193,0.9918041825294495
mdeberta,Cannabis,292069259244,post,0.9704646468162537,0.9054686427116394,0.9980044364929199,0.8971108794212341,0.006576997693628073,,,,,,0.01001667883247137,0.21647904813289642,0.7735042572021484,0.9682313799858093,0.9889279007911682,0.8749880194664001,0.2366926372051239,0.5122045874595642
mdeberta,Cannabis,292146350148,pre,0.969512403011322,0.507201611995697,0.8455601930618286,0.7693836092948914,0.03426162153482437,,,,,,0.11615002155303955,0.719892144203186,0.16395780444145203,0.848893940448761,0.8129416108131409,0.9931958317756653,0.9589433670043945,0.998755156993866
mdeberta,Cannabis,292146350148,post,0.9492534399032593,0.8411091566085815,0.414217472076416,0.3832949697971344,0.45986437797546387,,,,,,0.4304273724555969,0.4491300880908966,0.12044259160757065,0.9960469603538513,0.5978426933288574,0.9848474264144897,0.34147268533706665,0.9998273849487305
mdeberta,Cannabis,292249837296,pre,0.9847230911254883,0.9694717526435852,0.8936347365379333,0.6634509563446045,0.00027803098782896996,,,,,,0.4008154571056366,0.5188204050064087,0.08036409318447113,0.9624795913696289,0.7481683492660522,0.7749242186546326,0.44794324040412903,0.7791538834571838
mdeberta,Cannabis,292249837296,post,0.5673373937606812,0.2607187330722809,0.9050709009170532,0.2568320035934448,0.9133293032646179,,,,,,0.1380387246608734,0.5766420960426331,0.28531917929649353,0.7752647399902344,0.43782347440719604,0.23109325766563416,0.01877007447183132,0.05056453123688698
mdeberta,Cannabis,292294294560,pre,0.9709048867225647,0.8748677968978882,0.9189543128013611,0.6509112119674683,0.008251598104834557,,,,,,0.6053062677383423,0.3810169994831085,0.013676726259291172,0.9982826113700867,0.7439128756523132,0.9881823062896729,0.525368869304657,0.973304271697998
mdeberta,Cannabis,292294294560,post,0.9130092263221741,0.9793145656585693,0.9061041474342346,0.7166154384613037,0.0013696945970878005,,,,,,0.20700989663600922,0.5977612137794495,0.1952289193868637,0.8430570960044861,0.8636792898178101,0.7010995149612427,0.595727801322937,0.6749081015586853
mdeberta,Cannabis,292295663928,pre,0.9712928533554077,0.9742639660835266,0.973087728023529,0.48352646827697754,0.0011160143185406923,,,,,,0.4599747955799103,0.5012215375900269,0.038803692907094955,0.9812073707580566,0.23484505712985992,0.6674728393554688,0.3368762135505676,0.7401743531227112
mdeberta,Cannabis,292295663928,post,0.9922819137573242,0.9177138209342957,0.9758545756340027,0.06647822260856628,0.00043563012150116265,,,,,,0.5765612125396729,0.3867778778076172,0.03666088730096817,0.9890289306640625,0.029451480135321617,0.49536147713661194,0.008315778337419033,0.6234915256500244
mdeberta,Cannabis,292439852496,pre,0.4573790431022644,0.9748331308364868,0.029479406774044037,0.05611337348818779,0.0003935755812563002,,,,,,0.12504789233207703,0.3616172969341278,0.5133348107337952,0.6667137742042542,0.4002804160118103,0.10598298162221909,0.047735653817653656,0.029145970940589905
mdeberta,Cannabis,292439852496,post,0.914080023765564,0.9322916865348816,0.8360196948051453,0.07583679258823395,0.0008135565440170467,,,,,,0.6729111671447754,0.2937578856945038,0.033330950886011124,0.10792424529790878,0.02457479014992714,0.1509026288986206,0.015967652201652527,0.15234725177288055
mdeberta,Cannabis,292458797244,pre,0.7600278258323669,0.3727192282676697,0.7498665452003479,0.22244666516780853,0.001192549359984696,,,,,,0.773008406162262,0.18887969851493835,0.038111813366413116,0.009974920190870762,0.11616107821464539,0.01232420839369297,0.034749627113342285,0.04332530125975609
mdeberta,Cannabis,292458797244,post,0.9470146894454956,0.32044902443885803,0.9797646403312683,0.09977680444717407,0.0011559007689356804,,,,,,0.11436387151479721,0.7884344458580017,0.0972016379237175,0.984478771686554,0.5346732139587402,0.17412921786308289,0.04448328912258148,0.02534717507660389
mdeberta,Cannabis,292518036432,pre,0.9926185011863708,0.953686535358429,0.9950658679008484,0.4701284170150757,0.007260866928845644,,,,,,0.8620114922523499,0.13103698194026947,0.006951490417122841,0.9989433288574219,0.8202535510063171,0.0037362207658588886,0.9325147867202759,0.9706321358680725
mdeberta,Cannabis,292518036432,post,0.9695844650268555,0.4100842773914337,0.9255670309066772,0.21428009867668152,0.0008167381747625768,,,,,,0.8835402727127075,0.11178238689899445,0.004677323158830404,0.9467230439186096,0.6046324372291565,0.7853085994720459,0.7544630169868469,0.9499603509902954
mdeberta,Cannabis,292549427244,pre,0.9795799851417542,0.43050646781921387,0.8745031356811523,0.08622723817825317,0.0018785202410072088,,,,,,0.35594406723976135,0.6320649981498718,0.011990905739367008,0.9773275256156921,0.05953749269247055,0.1217118501663208,0.01963435858488083,0.6769403219223022
mdeberta,Cannabis,292549427244,post,0.9843062162399292,0.9838626980781555,0.9880964756011963,0.7613611221313477,0.01707807183265686,,,,,,0.10034836083650589,0.8630764484405518,0.03657520189881325,0.9895058274269104,0.9207896590232849,0.5217148065567017,0.5409238934516907,0.7866228222846985
mdeberta,Cannabis,292623712380,pre,0.9380673170089722,0.9459918141365051,0.9633514285087585,0.9231085181236267,0.002111583948135376,,,,,,0.2882366478443146,0.6635765433311462,0.04818682745099068,0.9599032402038574,0.8639665246009827,0.7937461733818054,0.7725306749343872,0.8456876873970032
mdeberta,Cannabis,292623712380,post,0.9781145453453064,0.7969648241996765,0.9362849593162537,0.24137760698795319,0.002501696813851595,,,,,,0.26221364736557007,0.6314797401428223,0.10630661994218826,0.9060937762260437,0.8976953029632568,0.6554462909698486,0.04053124040365219,0.621885359287262
mdeberta,Cannabis,292703054328,post,0.9917324185371399,0.8614945411682129,0.9985840916633606,0.9556514024734497,0.004962942097336054,,,,,,0.002933438867330551,0.049858208745718,0.9472084045410156,0.9991990327835083,0.9970963001251221,0.9396231174468994,0.9909403920173645,0.9683513045310974
mdeberta,Cannabis,292748060844,pre,0.2250332087278366,0.06542547047138214,0.09497107565402985,0.004881628323346376,0.01851104572415352,,,,,,0.7484217286109924,0.1300562024116516,0.12152202427387238,0.051486607640981674,0.8273055553436279,0.02598205953836441,0.008847354911267757,0.17888416349887848
mdeberta,Cannabis,292748060844,post,0.27678826451301575,0.05389915406703949,0.6084777116775513,0.06397765129804611,0.004231587518006563,,,,,,0.044836074113845825,0.5408409833908081,0.41432297229766846,0.5236639976501465,0.5776144862174988,0.4108744263648987,0.010368157178163528,0.02673386223614216
mdeberta,Cannabis,294136104096,pre,0.9852855205535889,0.9876400828361511,0.9863828420639038,0.6489114165306091,0.03810661658644676,,,,,,0.18950630724430084,0.5339546799659729,0.27653902769088745,0.933370053768158,0.7322090268135071,0.4277552366256714,0.8236123323440552,0.8757870197296143
mdeberta,Cannabis,294136104096,post,0.0643000528216362,0.9551311731338501,0.024609927088022232,0.10496371239423752,0.009831295348703861,,,,,,0.03288403898477554,0.4453873634338379,0.5217285752296448,0.45495638251304626,0.5421361327171326,0.002536047250032425,0.4390256702899933,0.6973513960838318
mdeberta,Cannabis,294298961760,pre,0.9845754504203796,0.33753103017807007,0.41046085953712463,0.42134347558021545,0.003743497421965003,,,,,,0.06824000924825668,0.8888474702835083,0.04291253164410591,0.9989412426948547,0.8698251843452454,0.26130735874176025,0.002212696708738804,0.009984569624066353
mdeberta,Cannabis,294298961760,post,0.9415064454078674,0.41075628995895386,0.9945412874221802,0.8250529766082764,0.007121428847312927,,,,,,0.357011616230011,0.6277998685836792,0.015188547782599926,0.9975466132164001,0.9986954927444458,0.5929023623466492,0.6738358736038208,0.9232124090194702
mdeberta,Cannabis,294548351580,pre,0.3454363942146301,0.08694165199995041,0.8782620429992676,0.07727359980344772,0.008283626288175583,,,,,,0.07923170924186707,0.25020459294319153,0.6705637574195862,0.34209057688713074,0.970687747001648,0.018546564504504204,0.03080674260854721,0.15655569732189178
mdeberta,Cannabis,294548351580,post,0.8739427924156189,0.9985449314117432,0.9703524708747864,0.4486677944660187,0.02222243696451187,,,,,,0.004122012294828892,0.06850374490022659,0.9273742437362671,0.7452130317687988,0.9460759162902832,0.48291683197021484,0.9014444947242737,0.9467691779136658
mdeberta,Cannabis,294637136832,pre,0.7541009783744812,0.08513706922531128,0.6930575966835022,0.32327327132225037,0.0018969200318679214,,,,,,0.2722264528274536,0.6001757979393005,0.12759776413440704,0.9665843844413757,0.9386603236198425,0.0019006215734407306,0.19590157270431519,0.0062050228007137775
mdeberta,Cannabis,294637136832,post,0.7262314558029175,0.12445222586393356,0.4978027641773224,0.16858302056789398,0.0038769266102463007,,,,,,0.0031070078257471323,0.0869811549782753,0.9099118113517761,0.3842187523841858,0.10141132771968842,0.006625025998800993,0.03667015954852104,0.0024726232513785362
mdeberta,Cannabis,294844178160,pre,0.9453489184379578,0.09872914105653763,0.8281410932540894,0.2013024389743805,0.019493872299790382,,,,,,0.5881338715553284,0.3902541995048523,0.021611889824271202,0.982624351978302,0.5165345072746277,0.14645308256149292,0.42036160826683044,0.7364006042480469
mdeberta,Cannabis,294844178160,post,0.9805620908737183,0.48694148659706116,0.9364014863967896,0.6106856465339661,0.005719129461795092,,,,,,0.6682451963424683,0.32759058475494385,0.004164224956184626,0.9902820587158203,0.43968719244003296,0.21642526984214783,0.3182732164859772,0.8836382627487183
mdeberta,Cannabis,294981665580,pre,0.3420219123363495,0.9802573323249817,0.9595540761947632,0.8693822622299194,0.004905405454337597,,,,,,0.027508584782481194,0.20986837148666382,0.7626230120658875,0.9728662371635437,0.9345148205757141,0.5950220227241516,0.7640123963356018,0.6406358480453491
mdeberta,Cannabis,294981665580,post,0.7706913948059082,0.9897316098213196,0.9674602150917053,0.7057849764823914,0.007621429860591888,,,,,,0.0017392883310094476,0.051278166472911835,0.9469825625419617,0.9581380486488342,0.990905225276947,0.29037681221961975,0.8689380288124084,0.7866228222846985
mdeberta,Cannabis,294992336664,pre,0.9811848998069763,0.6734064817428589,0.7576150894165039,0.8535773754119873,0.031484492123126984,,,,,,0.2992721199989319,0.6920166611671448,0.00871120486408472,0.8883236050605774,0.9205009937286377,0.7350714802742004,0.2286728471517563,0.6986379623413086
mdeberta,Cannabis,294992336664,post,0.9562476873397827,0.9897117614746094,0.9042073488235474,0.8340354561805725,0.0038022249937057495,,,,,,0.2534802258014679,0.5460004210472107,0.2005193531513214,0.914290726184845,0.6499119400978088,0.5295066833496094,0.4380638599395752,0.6800292134284973
mdeberta,Cannabis,295039534032,pre,0.9808392524719238,0.9587023258209229,0.9850429892539978,0.6699608564376831,0.003241359954699874,,,,,,0.17382816970348358,0.7992725372314453,0.026899304240942,0.9546539783477783,0.7791538834571838,0.6242935657501221,0.622229814529419,0.6934729218482971
mdeberta,Cannabis,295039534032,post,0.9677777290344238,0.8199834227561951,0.9698140025138855,0.9481545090675354,0.0009417798137292266,,,,,,0.0867946520447731,0.6893924474716187,0.22381295263767242,0.9696141481399536,0.9917404055595398,0.3433417081832886,0.5046384930610657,0.63409024477005
mdeberta,Cannabis,295075850328,pre,0.9732661247253418,0.9805806875228882,0.9978300333023071,0.796391487121582,0.00046190584544092417,,,,,,0.005010428838431835,0.04203382506966591,0.9529557228088379,0.9983579516410828,0.9957601428031921,0.11065121740102768,0.773729681968689,0.8711669445037842
mdeberta,Cannabis,295075850328,post,0.15739572048187256,0.9229003190994263,0.9520196318626404,0.016753286123275757,0.010891847312450409,,,,,,0.0015270200092345476,0.08979568630456924,0.9086772203445435,0.7701624035835266,0.9697997570037842,0.0028727480676025152,0.06415332108736038,0.2559301555156708
mdeberta,Cannabis,295087686948,pre,0.8993225693702698,0.9646891951560974,0.9753666520118713,0.250958651304245,0.014009566977620125,,,,,,0.0026902330573648214,0.5877763628959656,0.40953341126441956,0.976669192314148,0.9962491989135742,0.020215967670083046,0.030545400455594063,0.9445360898971558
mdeberta,Cannabis,295087686948,post,0.7468781471252441,0.8470844030380249,0.9692951440811157,0.10981908440589905,0.0020308545790612698,,,,,,0.0011707887751981616,0.05304572358727455,0.9457834362983704,0.9925682544708252,0.9973060488700867,0.19444426894187927,0.2622745931148529,0.09711175411939621
mdeberta,Cannabis,295148694960,pre,0.9880849719047546,0.9738038778305054,0.9773275852203369,0.8931697010993958,0.000652540591545403,,,,,,0.11491264402866364,0.6869477033615112,0.19813963770866394,0.9679901599884033,0.9310238361358643,0.8305941224098206,0.746508777141571,0.8289387822151184
mdeberta,Cannabis,295148694960,post,0.9865847229957581,0.966956615447998,0.974190354347229,0.8930867314338684,0.00034599160426296294,,,,,,0.13175494968891144,0.6651977896690369,0.20304729044437408,0.9548373222351074,0.9103139638900757,0.8220463395118713,0.8442806601524353,0.8712559342384338
mdeberta,Cannabis,295280848548,pre,0.9309307336807251,0.9791457653045654,0.9529696106910706,0.7021217346191406,0.22789862751960754,,,,,,0.004210134968161583,0.1085808128118515,0.8872090578079224,0.990532636642456,0.8414351940155029,0.9346938729286194,0.6160122752189636,0.8885414004325867
mdeberta,Cannabis,295280848548,post,0.9937101006507874,0.8915044069290161,0.9958256483078003,0.6863963007926941,0.017661400139331818,,,,,,0.47126051783561707,0.3498692214488983,0.1788703054189682,0.995643138885498,0.992452085018158,0.6004520058631897,0.35667070746421814,0.9868534207344055
mdeberta,Cannabis,295334470044,pre,0.4313446283340454,0.8076218962669373,0.7424451112747192,0.4332619905471802,0.012491739355027676,,,,,,0.04240274429321289,0.15829713642597198,0.7993001341819763,0.8030193448066711,0.5312093496322632,0.11301548033952713,0.6062653660774231,0.07055959850549698
mdeberta,Cannabis,295334470044,post,0.06117117777466774,0.7110297679901123,0.4315842092037201,0.22084613144397736,0.0010202174307778478,,,,,,0.038149524480104446,0.2555997669696808,0.7062507271766663,0.8778961896896362,0.9089619517326355,0.007831049151718616,0.38029855489730835,0.002752256579697132
mdeberta,Cannabis,295443772560,post,0.9606667160987854,0.9623206257820129,0.9152282476425171,0.9753578305244446,0.0007702931761741638,,,,,,0.841079592704773,0.15042956173419952,0.00849079992622137,0.944587230682373,0.9314936399459839,0.9023517966270447,0.8211876153945923,0.9435299634933472
mdeberta,Cannabis,295444598148,post,0.6266955137252808,0.4992675483226776,0.5199479460716248,0.011331753805279732,0.0030101987067610025,,,,,,0.05010220408439636,0.9127013683319092,0.03719645366072655,0.9703665971755981,0.16767814755439758,0.11013572663068771,0.026490382850170135,0.02659446746110916
mdeberta,Cannabis,296236531296,pre,0.9318045973777771,0.9725030064582825,0.9560223817825317,0.878835141658783,0.0016072202706709504,,,,,,0.04577750340104103,0.8043252229690552,0.1498972475528717,0.9242786169052124,0.890007734298706,0.6498008966445923,0.5457699298858643,0.7148271799087524
mdeberta,Cannabis,296270392716,pre,0.7022238373756409,0.6690964698791504,0.185665562748909,0.9035072326660156,0.00026323835481889546,,,,,,0.011733515188097954,0.9588834643363953,0.02938305214047432,0.8826303482055664,0.7325918674468994,0.8207569718360901,0.7730450630187988,0.8447934985160828
mdeberta,Cannabis,296270392716,post,0.7140302062034607,0.9332561492919922,0.08803311735391617,0.5075677633285522,0.005490562878549099,,,,,,0.2615295946598053,0.4983600676059723,0.24011026322841644,0.88373863697052,0.700894832611084,0.26721692085266113,0.15960998833179474,0.1937568634748459
mdeberta,Cannabis,296302130316,pre,0.7109294533729553,0.17395374178886414,0.6641047596931458,0.1083303764462471,0.0008744718506932259,,,,,,0.12929140031337738,0.37338709831237793,0.49732154607772827,0.022489234805107117,0.9920697212219238,0.010150016285479069,0.1475551724433899,0.057599205523729324
mdeberta,Cannabis,296302130316,post,0.7563238143920898,0.5597018599510193,0.7173337340354919,0.08614072948694229,0.0001809357781894505,,,,,,0.8153719305992126,0.16995422542095184,0.014673838391900063,0.0006576551822945476,0.9706739187240601,0.004348380956798792,0.0001308397768298164,0.39094078540802
mdeberta,Cannabis,296314442316,pre,0.8127558827400208,0.8495347499847412,0.886665940284729,0.12299646437168121,0.013337993063032627,,,,,,0.38221481442451477,0.4463467001914978,0.1714385598897934,0.7067978978157043,0.4946291148662567,0.022467775270342827,0.05457540228962898,0.08214343339204788
mdeberta,Cannabis,296314442316,post,0.7371817827224731,0.9239532947540283,0.9569169282913208,0.6206216216087341,0.020023439079523087,,,,,,0.1283380091190338,0.40204909443855286,0.46961289644241333,0.931633710861206,0.6498008966445923,0.4318237602710724,0.5547116994857788,0.332093745470047
mdeberta,Cannabis,296485300044,pre,0.601359486579895,0.7771307229995728,0.8696384429931641,0.3731902539730072,0.07240680605173111,,,,,,0.018742378801107407,0.5016469359397888,0.4796106517314911,0.8304566740989685,0.3711366355419159,0.19713513553142548,0.4946290850639343,0.3059046268463135
mdeberta,Cannabis,296485300044,post,0.5631377100944519,0.6140179634094238,0.7066460847854614,0.01384861022233963,0.01428193412721157,,,,,,0.018275342881679535,0.1681390106678009,0.813585638999939,0.07329831272363663,0.4407099783420563,0.03744330257177353,0.46830427646636963,0.024237632751464844
mdeberta,Cannabis,296505207180,pre,0.9942585825920105,0.858955442905426,0.998039186000824,0.974646806716919,0.002238720888271928,,,,,,0.8308467864990234,0.15611149370670319,0.013041656464338303,0.9966561198234558,0.9966036081314087,0.9326375722885132,0.9076402187347412,0.9175246357917786
mdeberta,Cannabis,296505207180,post,0.8986080884933472,0.7457688450813293,0.9802430868148804,0.34842339158058167,0.000661517377011478,,,,,,0.8314643502235413,0.14867354929447174,0.019862100481987,0.8649961352348328,0.30985844135284424,0.016673043370246887,0.11255131661891937,0.03746750205755234
mdeberta,Cannabis,296604729180,pre,0.17807647585868835,0.8460696935653687,0.239883154630661,0.8648821115493774,0.00013368080544751137,,,,,,0.08902590721845627,0.388082355260849,0.522891640663147,0.6171665787696838,0.8150853514671326,0.6526842713356018,0.7108290791511536,0.10026028007268906
mdeberta,Cannabis,296604729180,post,0.8129044771194458,0.8387457728385925,0.8250969648361206,0.6038150191307068,0.0008934455690905452,,,,,,0.21839947998523712,0.23328103125095367,0.5483195185661316,0.954987108707428,0.16102316975593567,0.23660440742969513,0.2658804655075073,0.5406813621520996
mdeberta,Cannabis,296701859916,pre,0.9815244078636169,0.8748544454574585,0.9033528566360474,0.6427688598632812,0.0003187510883435607,,,,,,0.6261079907417297,0.3241521120071411,0.04973993077874184,0.9646808505058289,0.7397986054420471,0.9054059982299805,0.5126926302909851,0.8866169452667236
mdeberta,Cannabis,296701859916,post,0.810478925704956,0.8516523241996765,0.865380585193634,0.541893720626831,0.0010342469904571772,,,,,,0.04951298609375954,0.8358146548271179,0.11467233300209045,0.9885306358337402,0.8060904741287231,0.4344613254070282,0.5141563415527344,0.7461389899253845
mdeberta,Cannabis,296804111760,pre,0.9618059992790222,0.9412639141082764,0.9936363697052002,0.7189891338348389,0.07544843852519989,,,,,,0.030547795817255974,0.9346675872802734,0.03478461876511574,0.9297599792480469,0.7675156593322754,0.3869951069355011,0.5688949227333069,0.19102567434310913
mdeberta,Cannabis,296804111760,post,0.9198947548866272,0.5717666149139404,0.8564525246620178,0.11506275087594986,0.0009565964573994279,,,,,,0.9468308687210083,0.0490177720785141,0.004151347558945417,0.6597340703010559,0.14804720878601074,0.4464946985244751,0.5136684775352478,0.685949444770813
mdeberta,Cannabis,297211164948,pre,0.8153795003890991,0.39817237854003906,0.48474591970443726,0.05842636525630951,0.0029178550466895103,,,,,,0.012859048321843147,0.3690681457519531,0.6180728077888489,0.9303317666053772,0.8035594820976257,0.06194333732128143,0.026496678590774536,0.13166789710521698
mdeberta,Cannabis,297211164948,post,0.9144818186759949,0.927724301815033,0.9328826069831848,0.03753800690174103,0.00582561269402504,,,,,,0.0018595251021906734,0.19370128214359283,0.8044391870498657,0.9495291709899902,0.9986060261726379,0.9925103783607483,0.15154503285884857,0.9108631014823914
mdeberta,Cannabis,297276141528,pre,0.9975225329399109,0.9995073676109314,0.9995149374008179,0.7126323580741882,0.026280278339982033,,,,,,0.002931494964286685,0.6201768517494202,0.3768916726112366,0.9879462122917175,0.9980468153953552,0.9970821142196655,0.9089013338088989,0.991280198097229
mdeberta,Cannabis,297276141528,post,0.9386005997657776,0.17901866137981415,0.9487898945808411,0.285770446062088,0.006589771248400211,,,,,,0.3451104462146759,0.625257670879364,0.029631782323122025,0.17888416349887848,0.987532377243042,0.8125235438346863,0.061115119606256485,0.8937042951583862
mdeberta,Cannabis,297309799116,pre,0.1740151345729828,0.5980187654495239,0.9946150183677673,0.14847882091999054,0.002616339363157749,,,,,,0.0007739732973277569,0.06885916739702225,0.9303668737411499,0.9692806005477905,0.9967932105064392,0.009615035727620125,0.12907303869724274,0.039048291742801666
mdeberta,Cannabis,297309799116,post,0.31373506784439087,0.08922617882490158,0.9899184107780457,0.06383160501718521,0.0017477859510108829,,,,,,0.0009274929761886597,0.0528627373278141,0.9462098479270935,0.7725306749343872,0.9989936351776123,0.03286798298358917,0.42727720737457275,0.0024822766426950693
mdeberta,Cannabis,297437978664,pre,0.8339340686798096,0.669204592704773,0.954318642616272,0.6857390403747559,0.000539980479516089,,,,,,0.01725934073328972,0.2865530848503113,0.6961876153945923,0.8774242997169495,0.8653379082679749,0.38745853304862976,0.4590761363506317,0.198529914021492
mdeberta,Cannabis,297437978664,post,0.9411085844039917,0.7816641330718994,0.9590393900871277,0.333720326423645,0.005089918151497841,,,,,,0.06019875034689903,0.4871011972427368,0.45270001888275146,0.9510201215744019,0.9099169969558716,0.6645402908325195,0.3510885238647461,0.3265935182571411
mdeberta,Cannabis,297484560432,pre,0.9394931793212891,0.9421085119247437,0.015365340746939182,0.15460322797298431,0.010550079867243767,,,,,,0.03843915835022926,0.636951744556427,0.32460907101631165,0.9946981072425842,0.969849705696106,0.16118815541267395,0.46830427646636963,0.9272316694259644
mdeberta,Cannabis,297484560432,post,0.8920934200286865,0.9837538003921509,0.9923638105392456,0.6307985782623291,0.012312326580286026,,,,,,0.010932231321930885,0.1530669927597046,0.8360008001327515,0.9993563294410706,0.9841546416282654,0.6459020376205444,0.29178744554519653,0.9539661407470703
mdeberta,Cannabis,298232920044,pre,0.9938787221908569,0.7872106432914734,0.9886900782585144,0.9685899019241333,0.009268013760447502,,,,,,0.138400599360466,0.7258757948875427,0.13572368025779724,0.9900731444358826,0.949672281742096,0.9969544410705566,0.9534487724304199,0.9706599712371826
mdeberta,Cannabis,298232920044,post,0.9475268721580505,0.645818293094635,0.8848875164985657,0.16902834177017212,0.006777780596166849,,,,,,0.2988468408584595,0.35558322072029114,0.3455698788166046,0.9910406470298767,0.9635405540466309,0.9948303699493408,0.8008478283882141,0.9668827056884766
mdeberta,Cannabis,298249883928,pre,0.9951843619346619,0.720220685005188,0.9902161359786987,0.7623798251152039,0.0035038229543715715,,,,,,0.6222202777862549,0.35818445682525635,0.019595235586166382,0.9995025396347046,0.9250693321228027,0.79708331823349,0.5881796479225159,0.7687332034111023
mdeberta,Cannabis,298249883928,post,0.994667112827301,0.997617244720459,0.9982368350028992,0.9577149748802185,0.06336633861064911,,,,,,0.33032071590423584,0.27626293897628784,0.3934164345264435,0.9992533326148987,0.9665212631225586,0.9102266430854797,0.9488699436187744,0.9929473400115967
mdeberta,Cannabis,298252892160,pre,0.9755303263664246,0.7588793635368347,0.9935243725776672,0.3000785708427429,0.06878729164600372,,,,,,0.49881330132484436,0.49589911103248596,0.005287560168653727,0.9991457462310791,0.06244528666138649,0.5596510767936707,0.6120778322219849,0.19394762814044952
mdeberta,Cannabis,298252892160,post,0.9195252060890198,0.5621389746665955,0.9777351021766663,0.18506187200546265,0.0060975621454417706,,,,,,0.726841926574707,0.26608777046203613,0.007070255000144243,0.9947494268417358,0.9801293015480042,0.10746089369058609,0.25846633315086365,0.8592804670333862
mdeberta,Cannabis,298300704444,pre,0.9411693811416626,0.9234889149665833,0.9773707389831543,0.3124224543571472,0.011961097829043865,,,,,,0.5695102214813232,0.40842902660369873,0.022060751914978027,0.6754435300827026,0.9976494908332825,0.08913693577051163,0.1060408279299736,0.7736228108406067
mdeberta,Cannabis,298300704444,post,0.9322685599327087,0.9738070964813232,0.9797646403312683,0.17276419699192047,0.004314687568694353,,,,,,0.5646199584007263,0.40196704864501953,0.03341294452548027,0.708010733127594,0.9956303834915161,0.06471256911754608,0.27105867862701416,0.5237857103347778
mdeberta,Cannabis,298301049864,pre,0.3013620674610138,0.9767136573791504,0.14809340238571167,0.133133202791214,0.0002611903182696551,,,,,,0.0044466666877269745,0.2247539609670639,0.7707993984222412,0.7092205882072449,0.34092390537261963,0.10580961406230927,0.1378803551197052,0.19837456941604614
mdeberta,Cannabis,298301049864,post,0.340430349111557,0.9978510737419128,0.991186797618866,0.02811405621469021,0.0030994154512882233,,,,,,0.003462045919150114,0.04779206961393356,0.948745846748352,0.9721118807792664,0.9931162595748901,0.39024344086647034,0.6957516074180603,0.9389303922653198
mdeberta,Cannabis,298381419864,pre,0.8930749893188477,0.9995178580284119,0.9501340985298157,0.7150261998176575,0.17567946016788483,,,,,,0.002768999431282282,0.12893474102020264,0.868296205997467,0.9294964671134949,0.6988435387611389,0.05839259922504425,0.8774767518043518,0.5355842709541321
mdeberta,Cannabis,298381419864,post,0.2473505586385727,0.7233094573020935,0.3400467336177826,0.09881605952978134,0.021105008199810982,,,,,,0.00657719885930419,0.032413650304079056,0.9610092043876648,0.500244140625,0.3956010937690735,0.013729090802371502,0.4063907265663147,0.36432507634162903
mdeberta,Cannabis,298394417916,pre,0.9125336408615112,0.9589240550994873,0.5888152122497559,0.8637080192565918,0.03481519594788551,,,,,,0.0632951632142067,0.8168260455131531,0.11987874656915665,0.6302299499511719,0.7350714802742004,0.1441413164138794,0.45665204524993896,0.8653663396835327
mdeberta,Cannabis,298394417916,post,0.7936662435531616,0.9852997064590454,0.8263442516326904,0.2508210241794586,0.02364434115588665,,,,,,0.08457345515489578,0.5125397443771362,0.4028867781162262,0.0004719322023447603,0.9960392117500305,0.002540992572903633,0.0007870083209127188,0.9252637028694153
mdeberta,Cannabis,298396260612,pre,0.9804874658584595,0.7353566884994507,0.9890236854553223,0.7262315154075623,0.0007166297291405499,,,,,,0.25214675068855286,0.6961995363235474,0.05165371298789978,0.8529354929924011,0.9288941025733948,0.5256123542785645,0.6210813522338867,0.7874412536621094
mdeberta,Cannabis,298396260612,post,0.9665054678916931,0.7659655213356018,0.9665369987487793,0.958673357963562,0.00466365460306406,,,,,,0.07667295634746552,0.5693138241767883,0.35401320457458496,0.9828315377235413,0.961560845375061,0.7249675989151001,0.9425860643386841,0.8256863355636597
mdeberta,Cannabis,298490993244,pre,0.9482264518737793,0.9570575952529907,0.6393702626228333,0.1364213228225708,0.013325147330760956,,,,,,0.38270360231399536,0.582983672618866,0.03431276977062225,0.9377830028533936,0.44987598061561584,0.3951341509819031,0.02843603491783142,0.5336405038833618
mdeberta,Cannabis,298490993244,post,0.9442797303199768,0.9702909588813782,0.9896117448806763,0.7498207092285156,0.0077405208721756935,,,,,,0.034535642713308334,0.29050788283348083,0.6749565005302429,0.9742386937141418,0.8909127116203308,0.2757143974304199,0.7851439118385315,0.7516481876373291
mdeberta,Cannabis,298502623980,pre,0.9873689413070679,0.8210441470146179,0.993661105632782,0.8973360061645508,0.002256239764392376,,,,,,0.07617505639791489,0.8790439367294312,0.04478100687265396,0.9282788634300232,0.9743616580963135,0.11593569070100784,0.7629543542861938,0.8765023350715637
mdeberta,Cannabis,298502623980,post,0.9899961352348328,0.9471859931945801,0.9982692003250122,0.8265718221664429,0.009002837352454662,,,,,,0.9391795992851257,0.01070425659418106,0.05011611804366112,0.9998096227645874,0.9892232418060303,0.9947289228439331,0.7622471451759338,0.2711069583892822
mdeberta,Cannabis,298584706032,post,0.8250970244407654,0.9420419335365295,0.9769347906112671,0.8985886573791504,0.011915022507309914,,,,,,0.33418187499046326,0.6246388554573059,0.04117928445339203,0.9587892889976501,0.9282138347625732,0.47609245777130127,0.7209580540657043,0.7316341996192932
mdeberta,Cannabis,298592227296,pre,0.9531879425048828,0.8524448275566101,0.989076554775238,0.0753123089671135,0.002103368751704693,,,,,,0.29115498065948486,0.6376510262489319,0.07119398564100266,0.9255334138870239,0.8922812938690186,0.0026991667691618204,0.008108984678983688,0.3086068332195282
mdeberta,Cannabis,298592227296,post,0.9730108380317688,0.27727723121643066,0.9004423022270203,0.007876705378293991,0.0002221113973064348,,,,,,0.2874101996421814,0.638270378112793,0.07431935518980026,0.9907364249229431,0.5030517578125,0.0018748620059341192,0.001192549243569374,0.09704755246639252
mdeberta,Cannabis,298631968380,pre,0.9533076882362366,0.9685750007629395,0.9633297920227051,0.45883363485336304,0.0029292418621480465,,,,,,0.4579302966594696,0.38542771339416504,0.15664201974868774,0.48194143176078796,0.7431680560112,0.643105149269104,0.8257302641868591,0.6863700747489929
mdeberta,Cannabis,298631968380,post,0.9823724627494812,0.7924240827560425,0.9513912200927734,0.949619710445404,0.007066401187330484,,,,,,0.1866016983985901,0.38204148411750793,0.43135684728622437,0.9905005097389221,0.9325454831123352,0.9037624001502991,0.8778437376022339,0.9566367268562317
mdeberta,Cannabis,298778755464,pre,0.9943799376487732,0.9906328320503235,0.9852997660636902,0.708010733127594,0.0010754024842754006,,,,,,0.4867860674858093,0.47134870290756226,0.04186522960662842,0.9709299206733704,0.9965603351593018,0.9918556213378906,0.22815650701522827,0.9942697882652283
mdeberta,Cannabis,298778755464,post,0.9954835772514343,0.985327959060669,0.9919769763946533,0.405213326215744,0.0008231386309489608,,,,,,0.8197791576385498,0.17263399064540863,0.007586859632283449,0.990118682384491,0.43422138690948486,0.6913931965827942,0.6213111877441406,0.8352821469306946
mdeberta,Cannabis,298784432664,pre,0.9399753212928772,0.7542368173599243,0.8767696619033813,0.666171133518219,0.005169658921658993,,,,,,0.43330448865890503,0.46589040756225586,0.10080508142709732,0.9304423928260803,0.9891186952590942,0.883575439453125,0.359813928604126,0.9059950113296509
mdeberta,Cannabis,298784432664,post,0.9436793923377991,0.9761746525764465,0.9837635159492493,0.916184663772583,0.00019949312263634056,,,,,,0.21635034680366516,0.5628165602684021,0.22083303332328796,0.9410882592201233,0.8521989583969116,0.8361535668373108,0.8077641129493713,0.7816641926765442
mdeberta,Cannabis,298802216664,pre,0.9003109335899353,0.8546042442321777,0.9847376942634583,0.4656304717063904,0.004934090655297041,,,,,,0.7784172892570496,0.21447652578353882,0.007106242701411247,0.9998197555541992,0.8696523308753967,0.2841785252094269,0.5734395980834961,0.1704389601945877
mdeberta,Cannabis,298802216664,post,0.9807841777801514,0.9753608107566833,0.9934357404708862,0.754101037979126,0.0004156894574407488,,,,,,0.41439735889434814,0.4678572416305542,0.11774538457393646,0.9924776554107666,0.5537466406822205,0.7172099947929382,0.7854731678962708,0.8856315016746521
mdeberta,Cannabis,298885935528,pre,0.9875443577766418,0.6731194853782654,0.9075992703437805,0.8834875226020813,0.0009584648068994284,,,,,,0.06517636030912399,0.9237707853317261,0.01105278916656971,0.26540422439575195,0.6146253347396851,0.28756770491600037,0.6210813522338867,0.44046926498413086
mdeberta,Cannabis,298885935528,post,0.7444705963134766,0.9661958813667297,0.893663763999939,0.9083743095397949,0.0002195242850575596,,,,,,0.07646240293979645,0.4304479956626892,0.49308955669403076,0.7427950501441956,0.8874974250793457,0.6406358480453491,0.6829968094825745,0.7833262085914612
mdeberta,Cannabis,299005499412,pre,0.8232929110527039,0.6662796139717102,0.9080283045768738,0.16105616092681885,0.00038446192047558725,,,,,,0.017428215593099594,0.4970428943634033,0.4855289161205292,0.7648916244506836,0.9530898332595825,0.10795362293720245,0.004704631399363279,0.10184039920568466
mdeberta,Cannabis,299005499412,post,0.9668827652931213,0.9568362832069397,0.9839708209037781,0.915014922618866,0.0011902251280844212,,,,,,0.022503439337015152,0.05164940655231476,0.9258471727371216,0.9859769344329834,0.9995744228363037,0.9995335936546326,0.5636181831359863,0.06866228580474854
mdeberta,Cannabis,299027728728,pre,0.003968500066548586,0.8851359486579895,0.0124556515365839,0.1897462010383606,0.9818056225776672,,,,,,0.0741986408829689,0.23980869352817535,0.6859925985336304,0.22101424634456635,0.63680499792099,0.012845959514379501,0.29920753836631775,0.1791353076696396
mdeberta,Cannabis,299027728728,post,0.025736061856150627,0.9955011010169983,0.5681762099266052,0.5065914392471313,0.002752256579697132,,,,,,0.037193842232227325,0.4252454936504364,0.5375607013702393,0.8350804448127747,0.6617043614387512,0.31341975927352905,0.5117166042327881,0.6955448985099792
mdeberta,Cannabis,299096813412,pre,0.23519621789455414,0.4144248068332672,0.8249207735061646,0.8702392578125,0.0023596605751663446,,,,,,0.10116070508956909,0.5165032148361206,0.3823361396789551,0.20721472799777985,0.6568784117698669,0.007453416008502245,0.17652958631515503,0.054688889533281326
mdeberta,Cannabis,299096813412,post,0.6777940392494202,0.8681575655937195,0.9473810791969299,0.9499486684799194,0.003787457710132003,,,,,,0.0023297432344406843,0.09379115700721741,0.9038791060447693,0.871324360370636,0.992546558380127,0.07339683920145035,0.8658491969108582,0.057150278240442276
mdeberta,Cannabis,299118362148,pre,0.6888871788978577,0.9407302141189575,0.9272316694259644,0.047735657542943954,0.002424914389848709,,,,,,0.00475153885781765,0.18040193617343903,0.8148465156555176,0.9157336354255676,0.9885583519935608,0.5183023810386658,0.6621414422988892,0.3486451506614685
mdeberta,Cannabis,299118362148,post,0.7490413188934326,0.8901510834693909,0.9763331413269043,0.7231139540672302,0.004093958530575037,,,,,,0.01591162569820881,0.5399432182312012,0.44414517283439636,0.9275603890419006,0.9054059386253357,0.1364932507276535,0.8100284934043884,0.5338835120201111
mdeberta,Cannabis,299135390328,pre,0.9099670052528381,0.5158637762069702,0.945813775062561,0.8403899669647217,0.0020033330656588078,,,,,,0.03349730744957924,0.1690782606601715,0.7974243760108948,0.9957971572875977,0.9995073676109314,0.8843393325805664,0.2839799225330353,0.9372395277023315
mdeberta,Cannabis,299135390328,post,0.42441198229789734,0.2726050913333893,0.299105167388916,0.03434249013662338,0.0007839425234124064,,,,,,0.034946296364068985,0.6844845414161682,0.2805691957473755,0.5146442651748657,0.9071478247642517,0.09227797389030457,0.07913912832736969,0.0461842343211174
mdeberta,Cannabis,299342574612,pre,0.982185423374176,0.9812479019165039,0.9792749285697937,0.7953800559043884,0.0012893283274024725,,,,,,0.15883170068264008,0.6072311997413635,0.233937069773674,0.9545415639877319,0.9213753342628479,0.7167145609855652,0.6513548493385315,0.7230162024497986
mdeberta,Cannabis,299342574612,post,0.977521538734436,0.9781458973884583,0.9668514132499695,0.7524675726890564,0.0007687913603149354,,,,,,0.15070423483848572,0.562400221824646,0.2868955135345459,0.9628044962882996,0.9045241475105286,0.8689935803413391,0.7636600732803345,0.77199387550354
mdeberta,Cannabis,299395791864,post,0.29118236899375916,0.329715371131897,0.007431773468852043,0.0004399032914079726,0.0013250223128125072,,,,,,0.18024888634681702,0.5383865833282471,0.2813645303249359,0.35197898745536804,0.017086271196603775,0.004365325905382633,0.0062200953252613544,0.012147169560194016
mdeberta,Cannabis,299405505348,pre,0.9732915163040161,0.5384978652000427,0.8104038834571838,0.7098243832588196,0.0007379196467809379,,,,,,0.2913030982017517,0.6423516273498535,0.06634525209665298,0.8066242337226868,0.9538480043411255,0.9960927367210388,0.866245687007904,0.9764007329940796
mdeberta,Cannabis,299405505348,post,0.9071633219718933,0.6329566240310669,0.8907939791679382,0.20165595412254333,0.000560383836273104,,,,,,0.6714462637901306,0.21718986332416534,0.11136389523744583,0.39793840050697327,0.297265887260437,0.07387980818748474,0.613699734210968,0.6050992012023926
mdeberta,Cannabis,299424448044,pre,0.9438672065734863,0.4611987769603729,0.456947386264801,0.3209276795387268,0.004433765541762114,,,,,,0.002456048736348748,0.008636523969471455,0.9889073967933655,0.9990053176879883,0.8615236878395081,0.188323974609375,0.22397057712078094,0.2315707802772522
mdeberta,Cannabis,299424448044,post,0.9302842617034912,0.666279673576355,0.7777222394943237,0.4263215661048889,0.003628740319982171,,,,,,0.07210209220647812,0.2081764191389084,0.7197214961051941,0.22516095638275146,0.9754368662834167,0.035219430923461914,0.011452737264335155,0.9202538728713989
mdeberta,Cannabis,299438609580,pre,0.9552982449531555,0.7041093111038208,0.9894090294837952,0.42500853538513184,0.005786154419183731,,,,,,0.14875850081443787,0.8075254559516907,0.043716028332710266,0.92950439453125,0.9525299668312073,0.16089129447937012,0.2087429165840149,0.3758210241794586
mdeberta,Cannabis,299438609580,post,0.7040584087371826,0.7645608186721802,0.575588047504425,0.13014715909957886,0.0008312097052112222,,,,,,0.09168610721826553,0.8124151229858398,0.09589872509241104,0.5363129377365112,0.15830443799495697,0.007345826365053654,0.11095189303159714,0.025323059409856796
mdeberta,Cannabis,299545516728,pre,0.9703384637832642,0.9014444947242737,0.9296641945838928,0.2698063254356384,0.0020507436711341143,,,,,,0.7025021314620972,0.24582000076770782,0.051677852869033813,0.7880942821502686,0.527073085308075,0.31975826621055603,0.48584362864494324,0.914496123790741
mdeberta,Cannabis,299545516728,post,0.6530715823173523,0.6786597967147827,0.7550504803657532,0.07413076609373093,0.004810982849448919,,,,,,0.08850264549255371,0.5243750810623169,0.3871222138404846,0.5085440874099731,0.9707432985305786,0.0020072420593351126,0.00014369752898346633,0.002817340660840273
mdeberta,Cannabis,301010033916,pre,0.6032308340072632,0.9400901794433594,0.21072570979595184,0.8377527594566345,0.0006411776994355023,,,,,,0.13451498746871948,0.3977334499359131,0.46775147318840027,0.9714423418045044,0.5438324809074402,0.5832033753395081,0.6905590891838074,0.7762839794158936
mdeberta,Cannabis,301010033916,post,0.8489526510238647,0.9780386686325073,0.71062833070755,0.7444705963134766,0.001232760725542903,,,,,,0.08820029348134995,0.577142596244812,0.33465710282325745,0.9559710621833801,0.7721872925758362,0.6288633346557617,0.6097565293312073,0.5976079106330872
mdeberta,Cannabis,301031710560,pre,0.9887336492538452,0.9882675409317017,0.990044355392456,0.8611883521080017,0.0004013350699096918,,,,,,0.6097219586372375,0.34681591391563416,0.043462123721838,0.9999209642410278,0.9722768664360046,0.9004423022270203,0.6473525166511536,0.7591361403465271
mdeberta,Cannabis,301031710560,post,0.9826076626777649,0.9041121602058411,0.9774355292320251,0.9897340536117554,0.00010720879799919203,,,,,,0.44186025857925415,0.5216565132141113,0.036483246833086014,0.9563522338867188,0.9721730351448059,0.9378968477249146,0.9283438920974731,0.9482265114784241
mdeberta,Cannabis,301139171748,pre,0.9764905571937561,0.6991260647773743,0.8832611441612244,0.7918612957000732,0.0004765613120980561,,,,,,0.9350280165672302,0.06131147965788841,0.003660529153421521,0.8727139830589294,0.9942809343338013,0.0836280807852745,0.21460910141468048,0.19398579001426697
mdeberta,Cannabis,301139171748,post,0.9757854342460632,0.7051762938499451,0.9800912141799927,0.09363655000925064,0.002327693859115243,,,,,,0.9476891160011292,0.04906221106648445,0.0032486687414348125,0.8592066168785095,0.0793885737657547,0.3472050130367279,0.041989412158727646,0.5757669806480408
mdeberta,Cannabis,301235681412,pre,0.9791057705879211,0.9973632097244263,0.9987404346466064,0.9364959001541138,0.0013019646285101771,,,,,,0.008026334457099438,0.9313490986824036,0.06062459200620651,0.9770801067352295,0.9583675861358643,0.19667187333106995,0.6130049228668213,0.13712753355503082
mdeberta,Cannabis,301235681412,post,0.9819965362548828,0.9716447591781616,0.9647390842437744,0.1315632462501526,0.01589111238718033,,,,,,0.006205100100487471,0.34868893027305603,0.6451059579849243,0.7458151578903198,0.863794207572937,0.3140505254268646,0.7624240517616272,0.793105959892273
mdeberta,Cannabis,301489654032,pre,0.9903383255004883,0.9888150095939636,0.982524037361145,0.8888673782348633,0.00031015597051009536,,,,,,0.29698625206947327,0.45520544052124023,0.2478083372116089,0.9956261515617371,0.8746671676635742,0.9642289876937866,0.9215342998504639,0.9401060938835144
mdeberta,Cannabis,301489654032,post,0.8871495723724365,0.11538632214069366,0.6621413826942444,0.016979992389678955,0.00014454186020884663,,,,,,0.8189959526062012,0.1523149311542511,0.028689080849289894,0.4371025264263153,0.018806081265211105,0.23414386808872223,0.008494837209582329,0.17841842770576477
mdeberta,Cannabis,301673236896,post,0.6899327039718628,0.7581527233123779,0.015648599714040756,0.0015578481834381819,0.0002913700882345438,,,,,,0.12924137711524963,0.7002090811729431,0.17054949700832367,0.8681575655937195,0.016261830925941467,0.01047896035015583,0.0019043302163481712,0.01778039149940014
mdeberta,Cannabis,301673513916,pre,0.8926327228546143,0.3027001917362213,0.9590777158737183,0.745212972164154,0.0023967307060956955,,,,,,0.002945561893284321,0.048713866621255875,0.9483405351638794,0.8597815632820129,0.8650531768798828,0.4970703423023224,0.16640430688858032,0.009717868641018867
mdeberta,Cannabis,301673513916,post,0.10606396198272705,0.9618217349052429,0.9439706206321716,0.5763035416603088,0.0014269596431404352,,,,,,0.0036137178540229797,0.03278789669275284,0.9635984301567078,0.8832862973213196,0.8101787567138672,0.3490888178348541,0.47268348932266235,0.659514844417572
mdeberta,Cannabis,301703880780,pre,0.8808996081352234,0.7358314990997314,0.6647579669952393,0.1650540977716446,0.16398024559020996,,,,,,0.010443654842674732,0.09424953162670135,0.8953068852424622,0.7893961071968079,0.23775286972522736,0.18140816688537598,0.3067346513271332,0.1693371832370758
mdeberta,Cannabis,301703880780,post,0.983955442905426,0.9586926698684692,0.9936978816986084,0.9308050274848938,0.03598218038678169,,,,,,0.004451404791325331,0.2002110481262207,0.7953374981880188,0.9560839533805847,0.823470413684845,0.7627776265144348,0.9032089114189148,0.4612594544887543
mdeberta,Cannabis,301738556160,pre,0.9782396554946899,0.9846789240837097,0.9891605973243713,0.2958398461341858,0.009917221963405609,,,,,,0.014378356747329235,0.1874484121799469,0.7981732487678528,0.9830607175827026,0.9264369606971741,0.3582407832145691,0.021379100158810616,0.32766830921173096
mdeberta,Cannabis,301738556160,post,0.949669361114502,0.8976055979728699,0.9072300791740417,0.894340455532074,0.0022872276604175568,,,,,,0.017053307965397835,0.12937450408935547,0.8535721898078918,0.9955229759216309,0.9979572296142578,0.950079083442688,0.7629542946815491,0.41324034333229065
mdeberta,Cannabis,301754976948,pre,0.32382261753082275,0.9673177599906921,0.9959614276885986,0.24474920332431793,0.017865866422653198,,,,,,0.6658465266227722,0.2607492506504059,0.07340419292449951,0.9239018559455872,0.983502209186554,0.07490526884794235,0.9170801043510437,0.6387225985527039
mdeberta,Cannabis,301754976948,post,0.9598280191421509,0.939108669757843,0.9834227561950684,0.5929023027420044,0.00018924748292192817,,,,,,0.9117674231529236,0.07353833317756653,0.014694234356284142,0.9720953106880188,0.8348785638809204,0.9717438817024231,0.8335956931114197,0.9492828249931335
mdeberta,Cannabis,301856139864,pre,0.6971967220306396,0.9506176710128784,0.9935368299484253,0.8411090970039368,0.0038844766095280647,,,,,,0.0017208695644512773,0.4327557682991028,0.5655233860015869,0.9797379970550537,0.9925898313522339,0.22507578134536743,0.7250649929046631,0.08308709412813187
mdeberta,Cannabis,301856139864,post,0.9264493584632874,0.9958256483078003,0.9433426856994629,0.16940589249134064,0.0013096056645736098,,,,,,0.012072743847966194,0.3098435699939728,0.6780836582183838,0.9709746241569519,0.9878059029579163,0.09388548880815506,0.05921025201678276,0.06084251403808594
mdeberta,Cannabis,301878235116,pre,0.9602913856506348,0.7060384750366211,0.6840530037879944,0.770810067653656,0.0007264874875545502,,,,,,0.02141662873327732,0.11047537624835968,0.8681080341339111,0.979866087436676,0.8837385773658752,0.8584814667701721,0.5789243578910828,0.08181500434875488
mdeberta,Cannabis,301878235116,post,0.9852359294891357,0.7947038412094116,0.9658029675483704,0.849534809589386,0.004451041109859943,,,,,,0.002655137563124299,0.036226022988557816,0.961118757724762,0.9686047434806824,0.9950225949287415,0.9474904537200928,0.8683809638023376,0.7841538190841675
mdeberta,Cannabis,301903336548,pre,0.9573376774787903,0.9126699566841125,0.9252299666404724,0.7713271379470825,0.00017917773220688105,,,,,,0.9163870215415955,0.06852351874113083,0.015089414082467556,0.9514250755310059,0.8835378289222717,0.6918097734451294,0.41655927896499634,0.7461389899253845
mdeberta,Cannabis,301903336548,post,0.8954541087150574,0.44281718134880066,0.9916841983795166,0.6863700747489929,0.00027000586851499975,,,,,,0.9257792830467224,0.06927655637264252,0.004944194108247757,0.9711153507232666,0.8490347862243652,0.919389545917511,0.810928463935852,0.9569797515869141
mdeberta,Cannabis,301953198096,pre,0.4313446283340454,0.551090657711029,0.917966902256012,0.30115649104118347,0.010652509517967701,,,,,,0.0020811506547033787,0.07580284774303436,0.9221159815788269,0.8689380884170532,0.7070003151893616,0.5063472986221313,0.4912118911743164,0.0008609261130914092
mdeberta,Cannabis,301953198096,post,0.8360029458999634,0.8984105587005615,0.9327296018600464,0.013337993063032627,0.0024438868276774883,,,,,,0.1859394907951355,0.6938916444778442,0.12016885727643967,0.9148629307746887,0.9974141120910645,0.032070379704236984,0.128060981631279,0.27933675050735474
mdeberta,Cannabis,301980213360,pre,0.9453994035720825,0.9797453284263611,0.9958580136299133,0.10213667154312134,0.006863780785351992,,,,,,0.007532990537583828,0.034325677901506424,0.9581413865089417,0.9804874658584595,0.9948403835296631,0.9822536706924438,0.8414351344108582,0.0024391296319663525
mdeberta,Cannabis,301980213360,post,0.874171257019043,0.7919015288352966,0.9666631817817688,0.4890154302120209,0.03258974477648735,,,,,,0.001250906614586711,0.016461379826068878,0.9822876453399658,0.9969604015350342,0.9649212956428528,0.9966036081314087,0.9076401591300964,0.9503649473190308
mdeberta,Cannabis,301986919980,pre,0.8675134778022766,0.6567683219909668,0.9975031614303589,0.6424325108528137,0.3200969099998474,,,,,,0.0142918536439538,0.14363953471183777,0.8420686721801758,0.9979332685470581,0.918333888053894,0.9093375205993652,0.20087102055549622,0.4000460207462311
mdeberta,Cannabis,301986919980,post,0.08079154044389725,0.7229673266410828,0.9974885582923889,0.3402111232280731,0.01720971055328846,,,,,,0.0014623465249314904,0.02587013505399227,0.9726675152778625,0.03687336668372154,0.9982281923294067,0.005479908548295498,0.0893353596329689,0.1712689995765686
mdeberta,Cannabis,301991913180,pre,0.6055657863616943,0.7521491646766663,0.8771680593490601,0.2572982609272003,0.0018243826925754547,,,,,,0.0016959269996732473,0.0446883961558342,0.953615665435791,0.851767897605896,0.7657685875892639,0.30611202120780945,0.14116297662258148,0.5031737685203552
mdeberta,Cannabis,301991913180,post,0.58486407995224,0.18506187200546265,0.4885273873806,0.13178656995296478,0.006438102573156357,,,,,,0.003937842790037394,0.18624787032604218,0.8098143339157104,0.6817268133163452,0.9849708080291748,0.14977993071079254,0.03279046714305878,0.021553462371230125
mdeberta,Cannabis,302212158444,pre,0.8841143846511841,0.9266695976257324,0.9419752359390259,0.5208619236946106,0.009430818259716034,,,,,,0.051622189581394196,0.6267029047012329,0.3216749131679535,0.6708239316940308,0.6546739935874939,0.043446894735097885,0.3475370705127716,0.10909919440746307
mdeberta,Cannabis,302212158444,post,0.9397200345993042,0.25219982862472534,0.9539875388145447,0.1712343394756317,0.0025758815463632345,,,,,,0.5938151478767395,0.3826945424079895,0.02349030412733555,0.9647888541221619,0.8477945923805237,0.14780102670192719,0.11160378903150558,0.7794897556304932
mdeberta,Cannabis,302248684728,pre,0.8950304985046387,0.5133025050163269,0.8136459589004517,0.00525064067915082,0.0008744719089008868,,,,,,0.9859728813171387,0.011147407814860344,0.00287971505895257,0.6988434791564941,0.05915587767958641,0.7025300860404968,0.34092387557029724,0.6664968132972717
mdeberta,Cannabis,302248684728,post,0.9238502979278564,0.782588541507721,0.9080487489700317,0.4042722284793854,0.0003755592624656856,,,,,,0.8241955637931824,0.15764889121055603,0.01815558411180973,0.9533402323722839,0.883185625076294,0.7511008381843567,0.7158214449882507,0.955754816532135
mdeberta,Cannabis,303293362716,pre,0.9911183714866638,0.9522199034690857,0.9765353202819824,0.17905455827713013,0.00020382461661938578,,,,,,0.5998591184616089,0.34216514229774475,0.057975757867097855,0.9904012084007263,0.07221028208732605,0.8164063692092896,0.058332424610853195,0.8204694390296936
mdeberta,Cannabis,303293362716,post,0.9814711213111877,0.9844264388084412,0.9913222789764404,0.9362413287162781,0.0006918906001374125,,,,,,0.08487444370985031,0.6643374562263489,0.2507880628108978,0.9759736657142639,0.9238159656524658,0.8879354596138,0.8563324213027954,0.8649106025695801
mdeberta,Cannabis,303418463580,pre,0.38502776622772217,0.7484902143478394,0.8650246858596802,0.13457675278186798,0.0004756318812724203,,,,,,0.0036074048839509487,0.07942280173301697,0.9169697761535645,0.9323301911354065,0.9078447222709656,0.3670433759689331,0.5070796012878418,0.13957220315933228
mdeberta,Cannabis,303418463580,post,0.12389465421438217,0.9497859477996826,0.9098068475723267,0.8293883800506592,0.0015457437839359045,,,,,,0.043410394340753555,0.32764777541160583,0.6289417743682861,0.9360224008560181,0.9898450970649719,0.09982066601514816,0.7500038743019104,0.2403285950422287
mdeberta,Cannabis,303442605360,pre,0.801508903503418,0.8281064033508301,0.8896247744560242,0.4469774663448334,0.0002908016904257238,,,,,,0.0652291402220726,0.8529552221298218,0.08181565999984741,0.9214239120483398,0.7377254366874695,0.5817784070968628,0.5309662222862244,0.8310916423797607
mdeberta,Cannabis,303442605360,post,0.955878496170044,0.9734307527542114,0.9799957275390625,0.8606036305427551,0.0030574577394872904,,,,,,0.046773623675107956,0.8560269474983215,0.09719942510128021,0.9789906144142151,0.9292159080505371,0.9107043743133545,0.7312505841255188,0.9030807018280029
mdeberta,Cannabis,303481936728,pre,0.6489114761352539,0.9976586699485779,0.9449946880340576,0.41679662466049194,0.10466019809246063,,,,,,0.011503825895488262,0.27816835045814514,0.7103277444839478,0.9313533306121826,0.4946291148662567,0.013996084220707417,0.34103360772132874,0.6779006123542786
mdeberta,Cannabis,303481936728,post,0.5331544280052185,0.9981862306594849,0.5485525727272034,0.04890318587422371,0.6925055384635925,,,,,,0.026514966040849686,0.29696160554885864,0.6765234470367432,0.13609090447425842,0.0453314483165741,0.001269364613108337,0.05438676103949547,0.48267292976379395
mdeberta,Cannabis,303550888032,pre,0.44987595081329346,0.023386463522911072,0.0009454623213969171,0.0008710655383765697,0.00021824207215104252,,,,,,0.08206382393836975,0.467427134513855,0.45050904154777527,0.9323917627334595,0.2024431973695755,0.019695546478033066,0.009042128920555115,0.019041776657104492
mdeberta,Cannabis,303550888032,post,0.456409752368927,0.00619900319725275,0.002034817123785615,0.0018748617731034756,0.0002332232252229005,,,,,,0.14135757088661194,0.5637401342391968,0.29490232467651367,0.87364661693573,0.22135069966316223,0.057229261845350266,0.013689478859305382,0.05801807716488838
mdeberta,Cannabis,303624554832,pre,0.6146253347396851,0.8723270297050476,0.9386603236198425,0.319121390581131,0.005980330053716898,,,,,,0.003970705438405275,0.11137780547142029,0.8846514821052551,0.576780378818512,0.8204694390296936,0.01688246615231037,0.007059551775455475,0.16130371391773224
mdeberta,Cannabis,303624554832,post,0.8931930065155029,0.7702488303184509,0.9391923546791077,0.3065270483493805,0.005395408719778061,,,,,,0.012610099278390408,0.14712537825107574,0.8402645587921143,0.9193172454833984,0.9989837408065796,0.34975481033325195,0.3376401662826538,0.03252822533249855
mdeberta,Cannabis,303682488948,pre,0.9383821487426758,0.7057850360870361,0.9935992956161499,0.8170641660690308,0.009214366786181927,,,,,,0.020921146497130394,0.43101850152015686,0.5480602979660034,0.9381948709487915,0.9628656506538391,0.5239075422286987,0.5827285051345825,0.7708962559700012
mdeberta,Cannabis,303682488948,post,0.7187918424606323,0.7648916244506836,0.9729852676391602,0.8762112855911255,0.004206969402730465,,,,,,0.0016662107082083821,0.05867862328886986,0.9396551251411438,0.9853561520576477,0.9902915358543396,0.3510885536670685,0.7908535599708557,0.26189684867858887
mdeberta,Cannabis,303798632832,pre,0.9887446165084839,0.9627432227134705,0.775615394115448,0.1345394402742386,0.001269364496693015,,,,,,0.34810057282447815,0.47999733686447144,0.17190209031105042,0.9968580603599548,0.621540904045105,0.08402182161808014,0.004365325905382633,0.03659691661596298
mdeberta,Cannabis,303798632832,post,0.8717207312583923,0.9392341375350952,0.9406263828277588,0.22782348096370697,0.0014866153942421079,,,,,,0.08886848390102386,0.7243698239326477,0.18676167726516724,0.20030337572097778,0.655887246131897,0.02190636657178402,0.50048828125,0.4943850040435791
mdeberta,Cannabis,304013473128,pre,0.9740426540374756,0.05223085358738899,0.9928786158561707,0.031888991594314575,0.005888159386813641,,,,,,0.48176509141921997,0.49126705527305603,0.026967814192175865,0.9961268305778503,0.19072401523590088,0.3153141438961029,0.45423004031181335,0.7466011643409729
mdeberta,Cannabis,304013473128,post,0.932497501373291,0.9482833743095398,0.8394544720649719,0.596080482006073,0.0009308179724030197,,,,,,0.20746733248233795,0.516472578048706,0.2760600447654724,0.9645726084709167,0.7829945087432861,0.8694931268692017,0.5170832276344299,0.6399610638618469
mdeberta,Cannabis,304147883232,pre,0.9852572083473206,0.8950649499893188,0.9925537705421448,0.053058817982673645,0.0030219450127333403,,,,,,0.09139922261238098,0.869928240776062,0.03867253288626671,0.9878528118133545,0.989223301410675,0.9996711015701294,0.6117299795150757,0.896975576877594
mdeberta,Cannabis,304147883232,post,0.9896718859672546,0.6074303388595581,0.9936978816986084,0.9728754758834839,0.005374487489461899,,,,,,0.45745062828063965,0.4767197370529175,0.06582964956760406,0.903262197971344,0.9877291917800903,0.8923282027244568,0.9897364974021912,0.971388041973114
mdeberta,Cannabis,304167717864,pre,0.9266031384468079,0.8500956296920776,0.9945730566978455,0.3247170150279999,0.007114527281373739,,,,,,0.02966533601284027,0.5227586030960083,0.44757604598999023,0.9967837929725647,0.9867133498191833,0.9260032176971436,0.004672729875892401,0.7656809687614441
mdeberta,Cannabis,304167717864,post,0.7511008381843567,0.9542227387428284,0.848662793636322,0.7838643789291382,0.04547959193587303,,,,,,0.0010310417274013162,0.01277716364711523,0.9861918091773987,0.8150854110717773,0.994213879108429,0.01788300834596157,0.017593754455447197,0.9922444224357605
mdeberta,Cannabis,304277772780,post,0.5687751173973083,0.8394051194190979,0.12686628103256226,0.48681944608688354,0.08223551511764526,,,,,,0.033655352890491486,0.9083068370819092,0.05803776904940605,0.8226169943809509,0.6201616525650024,0.641983687877655,0.2751297056674957,0.6695287823677063
mdeberta,Cannabis,304323598044,pre,0.9781979918479919,0.7584658861160278,0.9381523132324219,0.6479862332344055,0.009214366786181927,,,,,,0.22009147703647614,0.7566543221473694,0.02325417287647724,0.9408033490180969,0.9982522130012512,0.21898236870765686,0.4372226893901825,0.8660404682159424
mdeberta,Cannabis,304323598044,post,0.9809490442276001,0.84065181016922,0.9170058369636536,0.11516223102807999,0.0005571116926148534,,,,,,0.40160560607910156,0.5456894636154175,0.05270491912961006,0.9860777854919434,0.9965165853500366,0.6076631546020508,0.14596547186374664,0.9567555785179138
mdeberta,Cannabis,305308765296,pre,0.9791457056999207,0.7703351974487305,0.9971216917037964,0.9377402663230896,0.016545439139008522,,,,,,0.6940703988075256,0.018849648535251617,0.28707998991012573,0.9998494386672974,0.9975177645683289,0.9692078828811646,0.929632306098938,0.9911611676216125
mdeberta,Cannabis,305308765296,post,0.9448676705360413,0.996726930141449,0.9709643721580505,0.252798855304718,0.20846077799797058,,,,,,0.20093639194965363,0.5322480201721191,0.26681557297706604,0.9752607941627502,0.9232816100120544,0.5228113532066345,0.3262714445590973,0.9880388975143433
mdeberta,Cannabis,305345225916,pre,0.19698064029216766,0.9965165853500366,0.9910145401954651,0.4355413615703583,0.02161533385515213,,,,,,0.006685903761535883,0.12952430546283722,0.8637897968292236,0.9855799674987793,0.9519302845001221,0.13566091656684875,0.689723789691925,0.5433478951454163
mdeberta,Cannabis,305345225916,post,0.7413932681083679,0.9893577694892883,0.9634374976158142,0.11726852506399155,0.024609927088022232,,,,,,0.0041674780659377575,0.03786768764257431,0.9579648375511169,0.4902356266975403,0.8499088883399963,0.0417543426156044,0.5917232632637024,0.37934964895248413
mdeberta,Cannabis,305448165180,pre,0.9849273562431335,0.9577792286872864,0.7744554281234741,0.0862368568778038,0.000560383778065443,,,,,,0.32288601994514465,0.35705339908599854,0.3200605809688568,0.9904821515083313,0.7254541516304016,0.019271137192845345,0.5568816065788269,0.34897786378860474
mdeberta,Cannabis,305448165180,post,0.2100362330675125,0.9572528600692749,0.8451453447341919,0.03718677535653114,0.005011401604861021,,,,,,0.10070991516113281,0.5786089301109314,0.3206811547279358,0.030128860846161842,0.7738151550292969,0.00023413581948261708,0.8211875557899475,0.5640984773635864
mdeberta,Cannabis,305461641348,pre,0.9787533283233643,0.9184802770614624,0.7505070567131042,0.15778464078903198,0.003285833168774843,,,,,,0.7318975925445557,0.24112874269485474,0.026973620057106018,0.5298716425895691,0.13995379209518433,0.5597714185714722,0.9181414246559143,0.9390807747840881
mdeberta,Cannabis,305461641348,post,0.9823724627494812,0.45217305421829224,0.9692951440811157,0.6474639177322388,0.001573112211190164,,,,,,0.9811726808547974,0.01610892452299595,0.0027184898499399424,0.7983981370925903,0.8166989684104919,0.020984293892979622,0.8132383823394775,0.8308858871459961
mdeberta,Cannabis,305573133348,pre,0.9391922950744629,0.35042136907577515,0.9404351711273193,0.015799738466739655,0.0013432377018034458,,,,,,0.03557845577597618,0.0992719754576683,0.8651495575904846,0.3883860111236572,0.9822196364402771,0.30964961647987366,0.39350154995918274,0.4366220235824585
mdeberta,Cannabis,305573133348,post,0.9903383851051331,0.13884083926677704,0.9794328808784485,0.9494823813438416,0.005630961619317532,,,,,,0.8682518601417542,0.12092473357915878,0.010823462158441544,0.9402982592582703,0.9967712759971619,0.8312800526618958,0.8841893076896667,0.9626028537750244
mdeberta,Cannabis,305611706160,pre,0.6580880284309387,0.6775407195091248,0.10174552351236343,0.021760372444987297,0.0018530595116317272,,,,,,0.7474172711372375,0.22490902245044708,0.027673661708831787,0.0020229530055075884,0.16899403929710388,0.1761041283607483,0.10087862610816956,0.8382830023765564
mdeberta,Cannabis,305703775296,pre,0.673567533493042,0.9905782341957092,0.8165892958641052,0.844256579875946,0.020215967670083046,,,,,,0.042346805334091187,0.23190607130527496,0.7257471084594727,0.9667365550994873,0.9755681753158569,0.1500755250453949,0.6475753784179688,0.9470208883285522
mdeberta,Cannabis,305703775296,post,0.8717890381813049,0.9431679248809814,0.42333880066871643,0.5387405753135681,0.003772747702896595,,,,,,0.04854724556207657,0.6030913591384888,0.34836143255233765,0.5741560459136963,0.672331690788269,0.10908733308315277,0.19390948116779327,0.49218812584877014
mdeberta,Cannabis,305892698148,pre,0.9039957523345947,0.9510058760643005,0.8061000108718872,0.2701912820339203,0.036390893161296844,,,,,,0.2525688111782074,0.620400607585907,0.12703058123588562,0.5832033157348633,0.4263215959072113,0.07498990744352341,0.5358271598815918,0.9803750514984131
mdeberta,Cannabis,305892698148,post,0.5201307535171509,0.8007893562316895,0.1057172492146492,0.016850080341100693,0.006168994586914778,,,,,,0.13594260811805725,0.7944210171699524,0.06963639706373215,0.024845436215400696,0.004886374808847904,0.0003690177109092474,0.1256006509065628,0.11894682794809341
mdeberta,Cannabis,305925391980,pre,0.4294293522834778,0.8934954404830933,0.7577943801879883,0.09868568927049637,0.012821214273571968,,,,,,0.00642927922308445,0.1213708370923996,0.8721999526023865,0.622229814529419,0.32487761974334717,0.12341843545436859,0.4824291169643402,0.002204089192673564
mdeberta,Cannabis,305925391980,post,0.7277820110321045,0.9376136660575867,0.6205928921699524,0.39140594005584717,0.0017649073852226138,,,,,,0.01755247265100479,0.38595080375671387,0.5964967012405396,0.9082116484642029,0.5820159912109375,0.5326682329177856,0.5746334791183472,0.09526525437831879
mdeberta,Cannabis,305971564032,pre,0.9216049313545227,0.9982108473777771,0.994949460029602,0.05807814747095108,0.10008422285318375,,,,,,0.009653672575950623,0.9089229702949524,0.08142340183258057,0.12344486266374588,0.9953634738922119,0.0080385971814394,0.005549532826989889,0.8105539083480835
mdeberta,Cannabis,305971564032,post,0.9420952200889587,0.9969662427902222,0.9930827617645264,0.7725950479507446,0.06804041564464569,,,,,,0.33401721715927124,0.6501532793045044,0.01582951284945011,0.9826576709747314,0.9911054372787476,0.30033501982688904,0.09097748249769211,0.9177553057670593
mdeberta,Cannabis,306075936960,pre,0.7531037330627441,0.7422348856925964,0.8573207259178162,0.28806814551353455,0.0014214044203981757,,,,,,0.0009744014241732657,0.06153314188122749,0.9374924302101135,0.8745601773262024,0.8467044830322266,0.0005182921304367483,0.0031819615978747606,0.12439904361963272
mdeberta,Cannabis,306075936960,post,0.6189532279968262,0.5617558360099792,0.7157221436500549,0.031143829226493835,0.0045827655121684074,,,,,,0.10773837566375732,0.57606440782547,0.3161971867084503,0.6635599136352539,0.9267027378082275,0.0030574577394872904,0.0001342039613518864,0.0013564018299803138
mdeberta,Cannabis,306151934148,pre,0.03426161780953407,0.8471318483352661,0.9966233372688293,0.32276609539985657,0.004323086701333523,,,,,,0.05989522859454155,0.22384551167488098,0.716259241104126,0.8874974846839905,0.9888203740119934,0.00024777682847343385,0.7232117056846619,0.00016474656877107918
mdeberta,Cannabis,306151934148,post,0.10509567707777023,0.903464674949646,0.13310503959655762,0.09835231304168701,0.0053225355222821236,,,,,,0.02337503619492054,0.19495375454425812,0.7816712856292725,0.8648820519447327,0.6759784817695618,0.0022783309686928988,0.744841992855072,0.0006680049118585885
mdeberta,Cannabis,306283263516,pre,0.29879817366600037,0.9877705574035645,0.9799956679344177,0.499755859375,0.026556571945548058,,,,,,0.001467122696340084,0.03969220072031021,0.9588407278060913,0.7012529969215393,0.9988552927970886,0.045183759182691574,0.963843822479248,0.8087478876113892
mdeberta,Cannabis,306283263516,post,0.9812029004096985,0.9889864921569824,0.9616420269012451,0.7689067721366882,0.8692435622215271,,,,,,0.011231520213186741,0.311981201171875,0.676787257194519,0.9898266196250916,0.8578872084617615,0.8589553236961365,0.8307315111160278,0.8031737804412842
mdeberta,Cannabis,306295094664,pre,0.6422080993652344,0.6276088953018188,0.5413482785224915,0.13226217031478882,0.509276270866394,,,,,,0.015323672443628311,0.730446994304657,0.254229336977005,0.24256430566310883,0.4215518534183502,0.06838180124759674,0.40686196088790894,0.059387292712926865
mdeberta,Cannabis,306295094664,post,0.8053309321403503,0.9440222382545471,0.7074046730995178,0.05845324322581291,0.09182904660701752,,,,,,0.003196938429027796,0.025158150121569633,0.971644937992096,0.87103670835495,0.11920291930437088,0.18772761523723602,0.0024822764098644257,0.009340024553239346
mdeberta,Cannabis,306376282044,pre,0.975843071937561,0.9848837852478027,0.9995496869087219,0.5557968616485596,0.006015262566506863,,,,,,0.8064396381378174,0.19229590892791748,0.0012644297676160932,0.998567521572113,0.9931095242500305,0.9756407737731934,0.33350321650505066,0.9927038550376892
mdeberta,Cannabis,306376282044,post,0.9935305714607239,0.5449830293655396,0.9743860960006714,0.4059196412563324,0.020410306751728058,,,,,,0.9778497815132141,0.020232785493135452,0.00191742111928761,0.9654138088226318,0.8646536469459534,0.9820482730865479,0.06007286533713341,0.9979531764984131
mdeberta,Cannabis,307958441760,pre,0.0071352520026266575,0.38447874784469604,0.05000489577651024,0.0011446805438026786,0.023939194157719612,,,,,,0.010944036766886711,0.03514712303876877,0.9539088606834412,0.002929241629317403,0.003209961112588644,0.00015598027675878257,0.0032287640497088432,0.026861203834414482
mdeberta,Cannabis,307958441760,post,0.006837205495685339,0.25305262207984924,0.0653061494231224,0.008108983747661114,0.04426587373018265,,,,,,0.003285953076556325,0.02495315857231617,0.9717609882354736,0.15594413876533508,0.11876784265041351,0.00011820538929896429,0.025736061856150627,0.011320818215608597
mdeberta,Cannabis,308006390160,pre,0.8939533233642578,0.9810764193534851,0.942135214805603,0.2907794415950775,0.04228502884507179,,,,,,0.002915862947702408,0.08985024690628052,0.9072338342666626,0.7440989017486572,0.8219034075737,0.045553840696811676,0.06931302696466446,0.011386587284505367
mdeberta,Cannabis,308006390160,post,0.8186643719673157,0.9537296891212463,0.9951136112213135,0.7991289496421814,0.0468120314180851,,,,,,0.010705795139074326,0.7773895263671875,0.21190474927425385,0.9563955664634705,0.8942365646362305,0.34576770663261414,0.05845996364951134,0.3141557276248932
mdeberta,Cannabis,308193194664,pre,0.9772191047668457,0.9810492396354675,0.9798804521560669,0.9301812648773193,0.00033666222589090466,,,,,,0.03813245892524719,0.8704371452331543,0.09143036603927612,0.9667653441429138,0.9144150018692017,0.7594930529594421,0.7930258512496948,0.8034437894821167
mdeberta,Cannabis,308342445516,pre,0.8403899669647217,0.8663022518157959,0.5464961528778076,0.0763043761253357,0.005853960756212473,,,,,,0.24012945592403412,0.645607590675354,0.11426296085119247,0.7542819976806641,0.10488919168710709,0.011266295798122883,0.002992665395140648,0.005119676236063242
mdeberta,Cannabis,308342445516,post,0.9924666881561279,0.16135326027870178,0.9502265453338623,0.17599788308143616,0.0049822693690657616,,,,,,0.959312379360199,0.03247513249516487,0.008212503045797348,0.9655114412307739,0.28826847672462463,0.12808825075626373,0.7359264492988586,0.8022071719169617
mdeberta,Cannabis,308492647812,pre,0.8296990394592285,0.9865975975990295,0.6867115497589111,0.9172841310501099,0.00018271106819156557,,,,,,0.0035840163473039865,0.1296531707048416,0.8667628169059753,0.826641857624054,0.9895816445350647,0.13006426393985748,0.21060390770435333,0.02143023908138275
mdeberta,Cannabis,308492647812,post,0.9877586960792542,0.9925103783607483,0.9706739187240601,0.27581191062927246,0.0005305765080265701,,,,,,0.0011269437381997705,0.043887022882699966,0.9549860954284668,0.9158841967582703,0.9151098728179932,0.5664982199668884,0.5484316349029541,0.6697448492050171
mdeberta,Cannabis,308641552560,pre,0.946386456489563,0.9252806305885315,0.9957062602043152,0.22270014882087708,0.0006011794903315604,,,,,,0.8990761637687683,0.09636002033948898,0.004563841037452221,0.9642037153244019,0.3011564612388611,0.35667070746421814,0.3259495198726654,0.4756053686141968
mdeberta,Cannabis,308641552560,post,0.590779185295105,0.05900658667087555,0.20072411000728607,0.33895182609558105,0.00042140937875956297,,,,,,0.01404214184731245,0.04844088852405548,0.937516987323761,0.9340049028396606,0.46465861797332764,0.7209580540657043,0.1289084553718567,0.882021963596344
mdeberta,Cannabis,308671922160,pre,0.9719259142875671,0.5787160396575928,0.9991030693054199,0.16049616038799286,0.006073934491723776,,,,,,0.5409950613975525,0.4428427815437317,0.016162084415555,0.9960813522338867,0.9986776113510132,0.08204685151576996,0.03526093438267708,0.23039987683296204
mdeberta,Cannabis,308671922160,post,0.9896618127822876,0.8820728063583374,0.9967900514602661,0.16810448467731476,0.004991961643099785,,,,,,0.8929224610328674,0.10230881720781326,0.004768719431012869,0.9912548065185547,0.9909797310829163,0.03871982917189598,0.21280403435230255,0.6917056441307068
mdeberta,Cannabis,308683550160,pre,0.47049328684806824,0.9100069999694824,0.9285223484039307,0.36364686489105225,0.0007748163770884275,,,,,,0.05121520161628723,0.8514054417610168,0.09737937897443771,0.8128673434257507,0.9356117248535156,0.198529914021492,0.20593424141407013,0.5131805539131165
mdeberta,Cannabis,308683550160,post,0.9926967620849609,0.8654942512512207,0.993848979473114,0.9971384406089783,0.007831049151718616,,,,,,0.05035700276494026,0.933610737323761,0.01603231579065323,0.9482197165489197,0.9996678829193115,0.8404554724693298,0.8895288705825806,0.9686936736106873
mdeberta,Cannabis,308766251916,pre,0.8821045160293579,0.8017030954360962,0.7326157093048096,0.29462072253227234,0.003429603762924671,,,,,,0.17491355538368225,0.6094658374786377,0.21562059223651886,0.19261527061462402,0.9785492420196533,0.05276519060134888,0.15015339851379395,0.5309661626815796
mdeberta,Cannabis,308766251916,post,0.9097467660903931,0.897020697593689,0.7531944513320923,0.40922078490257263,0.07012055814266205,,,,,,0.22512489557266235,0.712482213973999,0.0623929388821125,0.23704566061496735,0.4799911677837372,0.45762142539024353,0.4344612956047058,0.4170340597629547
mdeberta,Cannabis,308779242444,pre,0.42113515734672546,0.9115346670150757,0.7422583103179932,0.2173096239566803,0.052134256809949875,,,,,,0.01355620939284563,0.3164721727371216,0.6699716448783875,0.8322707414627075,0.8653379082679749,0.0011469158343970776,0.9929609298706055,0.776462733745575
mdeberta,Cannabis,308779242444,post,0.09276993572711945,0.8951108455657959,0.7285069227218628,0.10284408181905746,0.04385456442832947,,,,,,0.013758278451859951,0.17561104893684387,0.810630738735199,0.07857165485620499,0.9476723670959473,0.003517488483339548,0.6916015148162842,0.4260827898979187
mdeberta,Cannabis,308795862960,post,0.8341874480247498,0.8346428871154785,0.6695827841758728,0.10470596700906754,0.0017683516489341855,,,,,,0.10387439280748367,0.6255258321762085,0.2705998122692108,0.9771755933761597,0.9773707985877991,0.1734631508588791,0.133810892701149,0.28696784377098083
mdeberta,Cannabis,308894979348,pre,0.9952632188796997,0.7590914964675903,0.9995024800300598,0.1346905380487442,0.0012545945355668664,,,,,,0.2815912663936615,0.6764925718307495,0.04191615805029869,0.9894906878471375,0.9966820478439331,0.9998719096183777,0.12759825587272644,0.9842835068702698
mdeberta,Cannabis,308894979348,post,0.7997552752494812,0.7503698468208313,0.9788748025894165,0.9394324421882629,0.0007916296017356217,,,,,,0.006415827665477991,0.19175700843334198,0.8018271923065186,0.9909927845001221,0.8820727467536926,0.07536332309246063,0.50048828125,0.12272020429372787
mdeberta,Cannabis,309001268160,pre,0.8953540921211243,0.8899240493774414,0.9361392259597778,0.42751622200012207,0.003305078949779272,,,,,,0.3212929368019104,0.4242951571941376,0.2544119358062744,0.9852643609046936,0.6974028944969177,0.6247515082359314,0.9100669622421265,0.666279673576355
mdeberta,Cannabis,309001268160,post,0.3922204077243805,0.2935183644294739,0.1490972340106964,0.019050899893045425,0.01852879859507084,,,,,,0.25372225046157837,0.25199371576309204,0.4942840039730072,0.09759446978569031,0.5078118443489075,0.03635666146874428,0.9152519702911377,0.8281758427619934
mdeberta,Cannabis,309083079348,pre,0.3210607171058655,0.9467445611953735,0.946596622467041,0.02724677510559559,0.022201228886842728,,,,,,0.02545332908630371,0.20030373334884644,0.7742428779602051,0.8019746541976929,0.9804219007492065,0.004390866961330175,0.6413100361824036,0.05291181057691574
mdeberta,Cannabis,309083079348,post,0.3660796582698822,0.9485848546028137,0.8872045874595642,0.7350714802742004,0.41478028893470764,,,,,,0.03602556139230728,0.32602936029434204,0.6379449963569641,0.9277569651603699,0.7487199306488037,0.561455249786377,0.6081287264823914,0.6226887702941895
mdeberta,Cannabis,309102981696,pre,0.7450275421142578,0.550184428691864,0.8608377575874329,0.009259050711989403,0.0061212810687720776,,,,,,0.07244051247835159,0.6599991321563721,0.2675604224205017,0.7742421627044678,0.9661878943443298,0.018142107874155045,0.002463006880134344,0.02745460532605648
mdeberta,Cannabis,309102981696,post,0.23628486692905426,0.5448014140129089,0.8215457201004028,0.024586498737335205,0.002906512701883912,,,,,,0.11716300249099731,0.6263038516044617,0.25653305649757385,0.0384661927819252,0.9977525472640991,0.001375047955662012,0.0018031663494184613,0.0030219450127333403
mdeberta,Cannabis,309120765696,pre,0.9697173833847046,0.7557722330093384,0.9958539605140686,0.043467193841934204,0.0075479233637452126,,,,,,0.008183099329471588,0.9284497499465942,0.06336717307567596,0.9997214078903198,0.9865587949752808,0.012808861210942268,0.250545859336853,0.4599401652812958
mdeberta,Cannabis,309120765696,post,0.8798196315765381,0.9668357968330383,0.9833109974861145,0.15181204676628113,0.004198795650154352,,,,,,0.002911521587520838,0.36960166692733765,0.6274868249893188,0.6521583795547485,0.7328786849975586,0.004755199886858463,0.10070161521434784,0.6286354064941406
mdeberta,Cannabis,309980008548,pre,0.9590777158737183,0.8379351496696472,0.9888849854469299,0.0855945572257042,0.010570487938821316,,,,,,0.13389912247657776,0.8258578181266785,0.04024308919906616,0.8229729533195496,0.43266257643699646,0.18694709241390228,0.16211456060409546,0.5091542601585388
mdeberta,Cannabis,309980008548,post,0.8719117641448975,0.9552865028381348,0.393618106842041,0.5348554849624634,0.06101363152265549,,,,,,0.2638166844844818,0.4783521294593811,0.2578312158584595,0.9399960041046143,0.6424325108528137,0.5874698758125305,0.1751144826412201,0.5399537086486816
mdeberta,Cannabis,310291978896,pre,0.01587584614753723,0.7619373202323914,0.006589771714061499,0.47877252101898193,0.01315926294773817,,,,,,0.07217159122228622,0.4907410740852356,0.4370872974395752,0.07413076609373093,0.40662631392478943,0.08956404030323029,0.3526475429534912,0.7796575427055359
mdeberta,Cannabis,310291978896,post,0.0002694791473913938,0.6687721014022827,0.0016420666361227632,0.0009128306992352009,0.0007568813161924481,,,,,,0.02441634051501751,0.26689469814300537,0.7086889743804932,0.0003792433999478817,0.07444977760314941,0.000344643194694072,0.0015639358898624778,0.00011434546468080953
mdeberta,Cannabis,310429124316,pre,0.7247728705406189,0.7663155198097229,0.9835495948791504,0.06656918674707413,0.16231364011764526,,,,,,0.4962014853954315,0.4643208980560303,0.039477549493312836,0.9317114353179932,0.9961230754852295,0.06055716052651405,0.11316240578889847,0.9985533952713013
mdeberta,Cannabis,310429124316,post,0.9893988370895386,0.3832949697971344,0.9704086780548096,0.22358891367912292,0.006073934491723776,,,,,,0.9594354033470154,0.034338489174842834,0.00622608233243227,0.994920015335083,0.9089416861534119,0.9845160245895386,0.09087658673524857,0.973544180393219
mdeberta,Cannabis,310464070560,pre,0.9430238008499146,0.7369215488433838,0.5763034820556641,0.8088233470916748,0.0016261348500847816,,,,,,0.4749061167240143,0.3357737362384796,0.1893201321363449,0.9981324076652527,0.9702751040458679,0.8442806601524353,0.48584362864494324,0.4843801259994507
mdeberta,Cannabis,310464070560,post,0.7671669721603394,0.11899801343679428,0.1064581349492073,0.05831901729106903,0.003600602736696601,,,,,,0.13090580701828003,0.670131266117096,0.19896286725997925,0.8146802186965942,0.4159660339355469,0.6999727487564087,0.004972596652805805,0.7172099947929382
mdeberta,Cannabis,310471119864,pre,0.743447482585907,0.9943030476570129,0.8842144012451172,0.7512834072113037,0.013070785440504551,,,,,,0.06047331914305687,0.5203731060028076,0.41915363073349,0.8389768004417419,0.764012336730957,0.3686329126358032,0.4909677803516388,0.7364006042480469
mdeberta,Cannabis,310471119864,post,0.024341782554984093,0.0020033332984894514,0.009285965003073215,0.0018243826925754547,0.0026112475898116827,,,,,,0.601458728313446,0.11774231493473053,0.280799001455307,0.870266854763031,0.0020931451581418514,0.0005826939013786614,0.00022081405040808022,0.009214365854859352
mdeberta,Cannabis,310472966664,pre,0.9253649711608887,0.4508429169654846,0.353518009185791,0.0028839593287557364,0.0043738228268921375,,,,,,0.5258479714393616,0.20007725059986115,0.2740747332572937,0.9742761850357056,0.3670433759689331,0.7059877514839172,0.16331195831298828,0.00025664037093520164
mdeberta,Cannabis,310472966664,post,0.8263617157936096,0.8858044743537903,0.8467203378677368,0.39094078540802,0.041695766150951385,,,,,,0.004466366488486528,0.0788210928440094,0.9167125821113586,0.7654180526733398,0.4838923215866089,0.8462603688240051,0.731442391872406,0.793586254119873
mdeberta,Cannabis,310511199528,pre,0.9111797213554382,0.64484041929245,0.29012531042099,0.15450353920459747,0.001469321083277464,,,,,,0.37606775760650635,0.5793450474739075,0.04458712413907051,0.5805898904800415,0.024680351838469505,0.03004336915910244,0.007303223479539156,0.10734385997056961
mdeberta,Cannabis,310511199528,post,0.8805148005485535,0.907394289970398,0.9932024478912354,0.140513077378273,0.0009966077050194144,,,,,,0.11538039892911911,0.7509066462516785,0.13371296226978302,0.9846789240837097,0.9864678978919983,0.8516445755958557,0.17773950099945068,0.7744768261909485
mdeberta,Cannabis,310513113360,pre,0.9975656270980835,0.9974290728569031,0.9852713942527771,0.9542866945266724,0.0018422533757984638,,,,,,0.011628982611000538,0.9512695074081421,0.03710147738456726,0.9797258973121643,0.9590201377868652,0.5843897461891174,0.9347980618476868,0.9161189794540405
mdeberta,Cannabis,310513113360,post,0.9301654696464539,0.7658123970031738,0.5502448678016663,0.13020245730876923,0.0001686527393758297,,,,,,0.6935228705406189,0.2916555106639862,0.014821534976363182,0.9222900867462158,0.2585131525993347,0.7047700881958008,0.14045411348342896,0.541893720626831
mdeberta,Cannabis,310542183360,pre,0.8778535723686218,0.9885029792785645,0.9513686299324036,0.9904313087463379,0.00024109506921377033,,,,,,0.0396585576236248,0.6773562431335449,0.28298521041870117,0.9921765327453613,0.9764119386672974,0.9664698243141174,0.9725974798202515,0.9708471298217773
mdeberta,Cannabis,310542183360,post,0.7435406446456909,0.9708505868911743,0.8143482804298401,0.9684334993362427,0.00032440180075354874,,,,,,0.035345762968063354,0.8401963114738464,0.12445791065692902,0.9795408844947815,0.9236267805099487,0.7772998213768005,0.8254490494728088,0.9317114949226379
mdeberta,Cannabis,310634528148,pre,0.5576044321060181,0.5561585426330566,0.5995437502861023,0.09459402412176132,0.0003029734070878476,,,,,,0.3197418451309204,0.43257686495780945,0.24768130481243134,0.9075583219528198,0.3616718649864197,0.3841032385826111,0.16667540371418,0.20090040564537048
mdeberta,Cannabis,310634528148,post,0.653237521648407,0.7374891638755798,0.9564312100410461,0.5224458575248718,0.0006349506438709795,,,,,,0.26075130701065063,0.4549592137336731,0.2842894494533539,0.9842002987861633,0.7823300361633301,0.5693738460540771,0.10753116011619568,0.1825529932975769
mdeberta,Cannabis,310788697644,pre,0.8408805727958679,0.9744225740432739,0.9935867786407471,0.9808576107025146,0.005831270944327116,,,,,,0.046179164201021194,0.6187761425971985,0.3350446820259094,0.743912935256958,0.9987305998802185,0.0023231625091284513,0.00393391028046608,0.4481847286224365
mdeberta,Cannabis,310788697644,post,0.986057698726654,0.9983091354370117,0.9960353970527649,0.9637330770492554,0.007815889082849026,,,,,,0.01579441875219345,0.9388142824172974,0.04539131000638008,0.9911910891532898,0.9996678829193115,0.16579562425613403,0.2037075161933899,0.978451669216156
mdeberta,Cannabis,310816058328,pre,0.28937169909477234,0.9426339864730835,0.6537351012229919,0.9284249544143677,0.0014241792960092425,,,,,,0.017947683110833168,0.38712596893310547,0.5949263572692871,0.3751339912414551,0.9391679763793945,0.017831629142165184,0.7164170145988464,0.269181489944458
mdeberta,Cannabis,310816058328,post,0.6871053576469421,0.9201821684837341,0.2420712113380432,0.5770187377929688,0.0010775026166811585,,,,,,0.025718024000525475,0.5016462802886963,0.4726357161998749,0.7183968424797058,0.7735587358474731,0.42727720737457275,0.18892180919647217,0.39676913619041443
mdeberta,Cannabis,310832068716,pre,0.9129225611686707,0.9844114780426025,0.996328592300415,0.7353566884994507,0.004468384198844433,,,,,,0.007258142810314894,0.08253945410251617,0.9102023839950562,0.9873262643814087,0.9883690476417542,0.5726032853126526,0.6284074187278748,0.5749914646148682
mdeberta,Cannabis,310832068716,post,0.9843363761901855,0.9764512777328491,0.8915988206863403,0.4160846769809723,0.000626334105618298,,,,,,0.23492813110351562,0.6447890400886536,0.120282843708992,0.9663192629814148,0.891999363899231,0.7747538685798645,0.6455668807029724,0.6087103486061096
mdeberta,Cannabis,310852586664,pre,0.9706321358680725,0.8017030358314514,0.9773708581924438,0.8042522072792053,0.0022430880926549435,,,,,,0.6374368667602539,0.3523699939250946,0.010193119756877422,0.9457511901855469,0.9989535212516785,0.012007350102066994,0.09836043417453766,0.9189542531967163
mdeberta,Cannabis,310852586664,post,0.9792352914810181,0.43473127484321594,0.9568766355514526,0.15736332535743713,0.008677716366946697,,,,,,0.9867668747901917,0.011455857194960117,0.001777304452843964,0.9766692519187927,0.7189891934394836,0.1316748708486557,0.7074047327041626,0.6918097734451294
mdeberta,Cannabis,310956209928,pre,0.272024542093277,0.05442444235086441,0.29818472266197205,0.09293445199728012,0.0010796068236231804,,,,,,0.015007831156253815,0.3252987563610077,0.6596934795379639,0.4101654887199402,0.09859886765480042,0.003311519045382738,0.4824290871620178,0.005159623455256224
mdeberta,Cannabis,310956209928,post,0.6726542711257935,0.5341873168945312,0.9168570637702942,0.4393864572048187,0.0061212810687720776,,,,,,0.0025242227129638195,0.7349197864532471,0.2625560164451599,0.9167640209197998,0.7801604270935059,0.0021784668788313866,0.5019530653953552,0.007785655092447996
mdeberta,Cannabis,311108676948,pre,0.9665369987487793,0.7888273000717163,0.994541347026825,0.9977437853813171,0.03971325606107712,,,,,,0.021271269768476486,0.29114237427711487,0.6875863671302795,0.8242144584655762,0.9918121099472046,0.4952394366264343,0.5693737864494324,0.8551267981529236
mdeberta,Cannabis,311108676948,post,0.9508920311927795,0.9683812260627747,0.8502200841903687,0.9609699845314026,0.019531238824129105,,,,,,0.5123664736747742,0.41348597407341003,0.074147529900074,0.49536144733428955,0.7112303972244263,0.20073390007019043,0.3914059102535248,0.7402213215827942
mdeberta,Cannabis,311914424844,pre,0.945738673210144,0.5498823523521423,0.9471126794815063,0.0681953951716423,0.002291689161211252,,,,,,0.4232174754142761,0.496970534324646,0.0798119530081749,0.8481565117835999,0.960361123085022,0.5535053014755249,0.29563644528388977,0.46295860409736633
mdeberta,Cannabis,311914424844,post,0.9067654609680176,0.5363129377365112,0.9488224983215332,0.37799975275993347,0.0029521482065320015,,,,,,0.5560166835784912,0.4018549919128418,0.042128320783376694,0.9856905937194824,0.9814712405204773,0.9652503728866577,0.2397051304578781,0.45423007011413574
mdeberta,Cannabis,312036589980,pre,0.05453762784600258,0.965356707572937,0.8685622215270996,0.3073580265045166,0.003396387677639723,,,,,,0.05201681703329086,0.9161859750747681,0.03179724141955376,0.9957436323165894,0.6388352513313293,0.1457449495792389,0.0748545378446579,0.7241880893707275
mdeberta,Cannabis,312036589980,post,0.9711564779281616,0.9752489924430847,0.9928923845291138,0.8265193700790405,0.0024726232513785362,,,,,,0.08391997218132019,0.7256662249565125,0.19041380286216736,0.9509831666946411,0.9977172017097473,0.9710193872451782,0.8965235352516174,0.8092759847640991
mdeberta,Cannabis,312063130548,pre,0.9282137751579285,0.47609245777130127,0.36731284856796265,0.10348360240459442,0.004810982849448919,,,,,,0.5625706911087036,0.42052385210990906,0.016905415803194046,0.9997770190238953,0.9806178212165833,0.4990234375,0.07075197249650955,0.0006011794903315604
mdeberta,Cannabis,312063130548,post,0.9079467058181763,0.7518303990364075,0.9422149658203125,0.6116139888763428,0.005758133251219988,,,,,,0.06282095611095428,0.4340457618236542,0.503133237361908,0.9991943836212158,0.7754347920417786,0.4474603235721588,0.4926762878894806,0.47938182950019836
mdeberta,Cannabis,312227975232,pre,0.9900635480880737,0.9398167729377747,0.9785799980163574,0.954931914806366,0.00048029725439846516,,,,,,0.46476244926452637,0.4982522428035736,0.03698529675602913,0.9775777459144592,0.9606482982635498,0.9122018218040466,0.7440988421440125,0.8657357096672058
mdeberta,Cannabis,312294663864,post,0.9495174288749695,0.9655927419662476,0.9168384671211243,0.693057656288147,0.0011649561347439885,,,,,,0.21807324886322021,0.6120496988296509,0.1698770821094513,0.9724270105361938,0.880591869354248,0.7801604866981506,0.928982675075531,0.7899637818336487
mdeberta,Cannabis,312381322560,pre,0.9232989549636841,0.8513976335525513,0.8857303261756897,0.43518131971359253,0.00016282750584650785,,,,,,0.39483317732810974,0.509208619594574,0.09595818817615509,0.4573791027069092,0.5751107931137085,0.8191711902618408,0.280419260263443,0.8258005380630493
mdeberta,Cannabis,312381322560,post,0.8340945839881897,0.8240817785263062,0.7833695411682129,0.09812252968549728,0.0014103584690019488,,,,,,0.10577946156263351,0.6252877116203308,0.26893287897109985,0.9600627422332764,0.12431927770376205,0.9901971817016602,0.008187909610569477,0.9888903498649597
mdeberta,Cannabis,312501437748,post,0.9344101548194885,0.9711290597915649,0.9782187938690186,0.7549149394035339,0.005763726774603128,,,,,,0.006930960807949305,0.022015796974301338,0.9710531830787659,0.9773275256156921,0.998870849609375,0.7708100080490112,0.32444941997528076,0.6947170495986938
mdeberta,Cannabis,312511287348,post,0.642432451248169,0.012217682786285877,0.42737430334091187,0.0005941797280684114,0.00048029725439846516,,,,,,0.04777204617857933,0.1410626769065857,0.8111652731895447,0.9989737868309021,0.21084754168987274,0.2789437174797058,0.0002601723244879395,0.0812121033668518
mdeberta,Cannabis,312646511412,pre,0.4709799587726593,0.9237644076347351,0.7133691906929016,0.0005295418086461723,0.0050211502239108086,,,,,,0.009203478693962097,0.09062144160270691,0.9001750946044922,0.5394684672355652,0.0051897866651415825,0.00026221232837997377,0.0027846088632941246,0.004190637264400721
mdeberta,Cannabis,312646511412,post,0.5691344141960144,0.8148645162582397,0.937009334564209,0.019382191821932793,0.004934090655297041,,,,,,0.17035485804080963,0.6495387554168701,0.18010638654232025,0.5341265201568604,0.8666553497314453,0.0014664584305137396,0.002580904169008136,0.039638835936784744
mdeberta,Cannabis,312675510960,post,0.9507207274436951,0.9415064454078674,0.522567629814148,0.49340859055519104,0.0014158705016598105,,,,,,0.7874099016189575,0.19457149505615234,0.018018610775470734,0.9350653886795044,0.9849128723144531,0.17613954842090607,0.28140559792518616,0.8851701021194458
mdeberta,Cannabis,312797949012,pre,0.6427128314971924,0.9002560973167419,0.43128472566604614,0.82439124584198,0.0060035958886146545,,,,,,0.11992333084344864,0.2851637303829193,0.5949128866195679,0.9623648524284363,0.633637011051178,0.46320146322250366,0.6656279563903809,0.9265865683555603
mdeberta,Cannabis,312797949012,post,0.1925535947084427,0.9940313100814819,0.10329548269510269,0.8879354596138,0.012673735618591309,,,,,,0.03189138323068619,0.19204813241958618,0.7760604619979858,0.025809621438384056,0.9945888519287109,0.10574033111333847,0.4431183934211731,0.6642136573791504
mdeberta,Cannabis,312849797580,pre,0.990614652633667,0.7474777102470398,0.3391159474849701,0.8825797438621521,0.049016859382390976,,,,,,0.006399259902536869,0.9169253706932068,0.07667538523674011,0.7763687372207642,0.6312534213066101,0.011709839105606079,0.09839291870594025,0.13483285903930664
mdeberta,Cannabis,312849797580,post,0.9747251272201538,0.9942026138305664,0.9928439259529114,0.801314651966095,0.45568302273750305,,,,,,0.002133777132257819,0.971642017364502,0.026224201545119286,0.012030542828142643,0.6045448780059814,0.008627456612884998,0.9154316186904907,0.7600194811820984
mdeberta,Cannabis,312901643412,pre,0.9943361282348633,0.9889918565750122,0.9549844264984131,0.9068183302879333,0.015588542446494102,,,,,,0.009962806478142738,0.9840062856674194,0.006030956748872995,0.7300974726676941,0.9826909303665161,0.821796178817749,0.5535052418708801,0.9943580627441406
mdeberta,Cannabis,312901643412,post,0.9804874658584595,0.9873506426811218,0.9763668775558472,0.9742056727409363,0.0064882696606218815,,,,,,0.02534591592848301,0.9641910195350647,0.010463070124387741,0.9634031057357788,0.9746044874191284,0.9074147939682007,0.9039321541786194,0.9219306707382202
mdeberta,Cannabis,312926952780,pre,0.9978426694869995,0.9972476959228516,0.9997341632843018,0.21328499913215637,0.003809629939496517,,,,,,0.8703739047050476,0.1220070868730545,0.007618973962962627,0.9779992699623108,0.9972637891769409,0.06055716425180435,0.5907792448997498,0.7083134651184082
mdeberta,Cannabis,312926952780,post,0.9439447522163391,0.9463492631912231,0.9935743808746338,0.489747554063797,0.0007466115057468414,,,,,,0.057820096611976624,0.547244131565094,0.3949357569217682,0.9991289377212524,0.9280835390090942,0.7399160265922546,0.08250309526920319,0.6240644454956055
mdeberta,Cannabis,314759321748,pre,0.8940054774284363,0.35376301407814026,0.991389274597168,0.07978200912475586,0.0001922271476360038,,,,,,0.8349342942237854,0.15354499220848083,0.011520751751959324,0.8815639019012451,0.873187780380249,0.46830424666404724,0.1619819551706314,0.842863142490387
mdeberta,Cannabis,314759321748,post,0.9577544927597046,0.3500880300998688,0.9092040657997131,0.5187900066375732,0.0007041516364552081,,,,,,0.29409363865852356,0.5500096678733826,0.15589670836925507,0.3298705220222473,0.8005360960960388,0.07999736815690994,0.37708181142807007,0.07257094979286194
mdeberta,Cannabis,315062397360,pre,0.9219921231269836,0.9730236530303955,0.991305410861969,0.4986572563648224,0.0052710832096636295,,,,,,0.05937833711504936,0.390708863735199,0.5499127507209778,0.6270381212234497,0.9799765944480896,0.06176270544528961,0.8479677438735962,0.7427017688751221
mdeberta,Cannabis,315062397360,post,0.8014943599700928,0.9848693013191223,0.9646559357643127,0.7438198328018188,0.002265050308778882,,,,,,0.026220394298434258,0.8498442769050598,0.12393535673618317,0.9900683760643005,0.9776151776313782,0.9484418034553528,0.8957964777946472,0.2907794117927551
mdeberta,Cannabis,315110072160,pre,0.656162679195404,0.9508236050605774,0.9030807614326477,0.45132648944854736,0.016914911568164825,,,,,,0.17984165251255035,0.2613169252872467,0.5588414669036865,0.9723623394966125,0.8860511779785156,0.3591393530368805,0.6710395216941833,0.8699771761894226
mdeberta,Cannabis,315110072160,post,0.8821917176246643,0.5834407210350037,0.6647579669952393,0.2933032810688019,0.002238720888271928,,,,,,0.30911746621131897,0.5830324292182922,0.10785016417503357,0.9936426281929016,0.9152424931526184,0.4508429169654846,0.471466600894928,0.00012387745664454997
mdeberta,Cannabis,315115068780,pre,0.9606943726539612,0.4563491940498352,0.9710468053817749,0.002540992572903633,0.000374095601728186,,,,,,0.7067320346832275,0.2792034149169922,0.014064576476812363,0.9400098323822021,0.4665417969226837,0.21692250669002533,0.05077003315091133,0.5772570967674255
mdeberta,Cannabis,315115068780,post,0.9657060503959656,0.42304086685180664,0.9783018827438354,0.3598138988018036,0.0006667023408226669,,,,,,0.9283097982406616,0.062482040375471115,0.009208107367157936,0.9796628355979919,0.46235164999961853,0.6422081589698792,0.23440665006637573,0.1885479986667633
mdeberta,Cannabis,315163084212,pre,0.9673640727996826,0.15399394929409027,0.9899379014968872,0.13848727941513062,0.0004784255870617926,,,,,,0.20773139595985413,0.7114641666412354,0.08080444484949112,0.9545944929122925,0.9962564706802368,0.027927875518798828,0.0003353501087985933,0.498291015625
mdeberta,Cannabis,315163084212,post,0.9778305292129517,0.7920724749565125,0.961982786655426,0.8331210613250732,0.002531111240386963,,,,,,0.9826043248176575,0.014993088319897652,0.0024025593884289265,0.8599579930305481,0.9956894516944885,0.501953125,0.4330221712589264,0.9750122427940369
mdeberta,Cannabis,315212672160,pre,0.6657909154891968,0.736495316028595,0.670284628868103,0.14829371869564056,0.0006811710773035884,,,,,,0.03965124487876892,0.23732464015483856,0.7230241894721985,0.7579735517501831,0.5706902742385864,0.04088399559259415,0.09567638486623764,0.002256239764392376
mdeberta,Cannabis,315212672160,post,0.3942009508609772,0.9436599016189575,0.8299921154975891,0.382602721452713,0.0027900375425815582,,,,,,0.002895062556490302,0.01646835170686245,0.9806365966796875,0.8624095916748047,0.4834045171737671,0.03744550049304962,0.44794324040412903,0.04833852872252464
mdeberta,Cannabis,315374991516,pre,0.640186071395874,0.9902303218841553,0.9020501971244812,0.7134315967559814,0.00482972152531147,,,,,,0.08154124766588211,0.4211483597755432,0.4973104000091553,0.9529258608818054,0.8591327667236328,0.7463239431381226,0.6660625338554382,0.7201715111732483
mdeberta,Cannabis,315374991516,post,0.9641530513763428,0.9906915426254272,0.9805248379707336,0.725356936454773,0.000673240574542433,,,,,,0.07126747071743011,0.6037490963935852,0.3249833881855011,0.9823412895202637,0.8184467554092407,0.6573185324668884,0.6779006123542786,0.7794896960258484
mdeberta,Cannabis,315385929360,pre,0.03835798054933548,0.8804377317428589,0.19973692297935486,0.397236704826355,0.08917658776044846,,,,,,0.04455862566828728,0.2498665302991867,0.7055748105049133,0.8615381717681885,0.511228621006012,0.21617695689201355,0.42895087599754333,0.17575015127658844
mdeberta,Cannabis,315385929360,post,0.9926896691322327,0.9826451539993286,0.9857866168022156,0.9119276404380798,0.0005815576296299696,,,,,,0.3626105785369873,0.5837808847427368,0.05360854044556618,0.9950080513954163,0.9499021768569946,0.8768454790115356,0.7647159695625305,0.9051547646522522
mdeberta,Cannabis,315792773928,pre,0.8104062676429749,0.05503067746758461,0.7637702226638794,0.42321962118148804,0.011353655718266964,,,,,,0.013453039340674877,0.08440535515546799,0.9021416306495667,0.9358759522438049,0.8575743436813354,0.9661559462547302,0.7933462262153625,0.7937362194061279
mdeberta,Cannabis,315792773928,post,0.947167694568634,0.8851235508918762,0.9910058975219727,0.7521946430206299,0.029760094359517097,,,,,,0.0004061698564328253,0.03239235281944275,0.9672014713287354,0.9909797310829163,0.9962854981422424,0.1919327825307846,0.6460136771202087,0.4484262764453888
mdeberta,Cannabis,315817469748,pre,0.874667227268219,0.6967326998710632,0.5700695514678955,0.16069363057613373,0.0012570441467687488,,,,,,0.6811178922653198,0.2916606068611145,0.027221547439694405,0.9809673428535461,0.35958901047706604,0.2265268713235855,0.0810093805193901,0.0009927261853590608
mdeberta,Cannabis,315817469748,post,0.9517960548400879,0.9709781408309937,0.9610249400138855,0.6927459836006165,0.0007000406621955335,,,,,,0.10706217586994171,0.6040363907814026,0.2889014184474945,0.9983026385307312,0.9356705546379089,0.8409785628318787,0.47414419054985046,0.28806811571121216
mdeberta,Cannabis,315832038948,pre,0.8861497640609741,0.9910579323768616,0.9768907427787781,0.39828941226005554,0.01046883873641491,,,,,,0.02035091631114483,0.22929304838180542,0.7503560185432434,0.6874201893806458,0.8104788661003113,0.11830867826938629,0.5119606256484985,0.8496440052986145
mdeberta,Cannabis,315832038948,post,0.8767531514167786,0.6614856123924255,0.926328718662262,0.9155827760696411,0.005030917003750801,,,,,,0.004291075747460127,0.13116542994976044,0.8645434379577637,0.9768023490905762,0.9861647486686707,0.013096003793179989,0.21068508923053741,0.04381363093852997
mdeberta,Cannabis,315937648548,post,0.9685861468315125,0.9244876503944397,0.9765800833702087,0.7174080014228821,0.00036117699346505105,,,,,,0.007948013022542,0.2596280872821808,0.7324239015579224,0.9892024397850037,0.8863220810890198,0.5655387043952942,0.5253688097000122,0.7641884088516235
mdeberta,Cannabis,316718361360,pre,0.940366804599762,0.7979089021682739,0.889312744140625,0.45519861578941345,0.004636534955352545,,,,,,0.008722405880689621,0.03302265703678131,0.9582549333572388,0.9970449805259705,0.9853349924087524,0.9412639737129211,0.5477060079574585,0.22661243379116058
mdeberta,Cannabis,316718361360,post,0.7456762790679932,0.5201307535171509,0.5929907560348511,0.13409411907196045,0.0038693908136337996,,,,,,0.013633503578603268,0.28641796112060547,0.6999484896659851,0.7675156593322754,0.3354596793651581,0.16899405419826508,0.39187127351760864,0.018689308315515518
mdeberta,Cannabis,316820418264,pre,0.41063809394836426,0.9381240010261536,0.9148629307746887,0.6034645438194275,0.11802881956100464,,,,,,0.014602439478039742,0.11233346909284592,0.8730641007423401,0.9877158403396606,0.5078119039535522,0.4012185037136078,0.8576489686965942,0.15655569732189178
mdeberta,Cannabis,316820418264,post,0.5923129320144653,0.9879287481307983,0.9797646999359131,0.8191711902618408,0.003081363858655095,,,,,,0.05029745027422905,0.31781205534935,0.6318904757499695,0.9800506830215454,0.9481185674667358,0.6693127155303955,0.8019357919692993,0.7268136143684387
mdeberta,Cannabis,316867954212,pre,0.6421520113945007,0.9966755509376526,0.9996849298477173,0.6827853322029114,0.10502681136131287,,,,,,0.005850100424140692,0.10532847046852112,0.8888213634490967,0.9793343544006348,0.9994127750396729,0.4708164632320404,0.9009445905685425,0.9097467064857483
mdeberta,Cannabis,316867954212,post,0.9225783348083496,0.9884138107299805,0.3350244462490082,0.9832466840744019,0.596433162689209,,,,,,0.0023610189091414213,0.05623298138380051,0.9414060115814209,0.9105454087257385,0.9961531758308411,0.9725193381309509,0.603230893611908,0.9991704225540161
mdeberta,Cannabis,316893197916,pre,0.9860711097717285,0.9884250164031982,0.998458743095398,0.5946100950241089,0.005774930585175753,,,,,,0.005982625763863325,0.6546967029571533,0.3393206298351288,0.9706181883811951,0.2590751349925995,0.9444080591201782,0.14482787251472473,0.9547529816627502
mdeberta,Cannabis,316893197916,post,0.9265615940093994,0.9662675261497498,0.8260374665260315,0.8499088883399963,0.13511791825294495,,,,,,0.02442818321287632,0.862174928188324,0.11339686810970306,0.9106348752975464,0.718298077583313,0.1882866621017456,0.1591520607471466,0.4664202630519867
mdeberta,Cannabis,316902020148,pre,0.9932156205177307,0.9956642985343933,0.9990800619125366,0.8727816939353943,0.030243216082453728,,,,,,0.028009461238980293,0.06238492205739021,0.9096056222915649,0.9989758133888245,0.9972584843635559,0.9489881992340088,0.22348298132419586,0.9977481961250305
mdeberta,Cannabis,316902020148,post,0.9682914018630981,0.9856905341148376,0.982372522354126,0.9850285053253174,0.004820343106985092,,,,,,0.019768353551626205,0.43672215938568115,0.5435095429420471,0.010912910103797913,0.9948952198028564,0.2079978883266449,0.3427090048789978,0.790145993232727
mdeberta,Cannabis,316926303516,pre,0.9521754384040833,0.9980732798576355,0.9966036081314087,0.8808483481407166,0.03191915526986122,,,,,,0.0008717869641259313,0.1932832896709442,0.8058449625968933,0.9965029954910278,0.9395676851272583,0.5200088024139404,0.3479801118373871,0.35947656631469727
mdeberta,Cannabis,316926303516,post,0.7826624512672424,0.9320214986801147,0.9959059953689575,0.0879155844449997,0.016898682340979576,,,,,,0.0008001488167792559,0.07872097939252853,0.920478880405426,0.9969366192817688,0.4342213571071625,0.581778347492218,0.1359187662601471,0.09231887757778168
mdeberta,Cannabis,316958656032,pre,0.692512035369873,0.7637481689453125,0.9715369939804077,0.9384914636611938,0.03228326141834259,,,,,,0.004061874933540821,0.0953824520111084,0.9005556106567383,0.6195001006126404,0.9177829623222351,0.29239320755004883,0.0845872312784195,0.8099345564842224
mdeberta,Cannabis,316958656032,post,0.8976504802703857,0.9961380958557129,0.9952724575996399,0.9861113429069519,0.004681822378188372,,,,,,0.0014306558296084404,0.09321333467960358,0.9053560495376587,0.9502496123313904,0.9896318316459656,0.20817893743515015,0.681090772151947,0.2638838291168213
mdeberta,Cannabis,316965700548,pre,0.9685452580451965,0.9044872522354126,0.8783142566680908,0.7006900310516357,0.0009075025445781648,,,,,,0.7256622314453125,0.22425152361392975,0.050086166709661484,0.8178655505180359,0.4751182496547699,0.3048688769340515,0.5853381752967834,0.3837567865848541
mdeberta,Cannabis,316965700548,post,0.7703784108161926,0.4539879560470581,0.7401743531227112,0.3842187821865082,8.99284568731673e-05,,,,,,0.4034062922000885,0.51045161485672,0.0861421599984169,0.7947037816047668,0.5029296278953552,0.29320207238197327,0.2934044599533081,0.3953675925731659
mdeberta,Cannabis,317025893916,pre,0.9554024338722229,0.9146725535392761,0.9976723194122314,0.08014122396707535,0.0383940190076828,,,,,,0.0294630229473114,0.06773855537176132,0.9027983546257019,0.9969897866249084,0.9921689629554749,0.24104249477386475,0.9535948038101196,0.9759922623634338
mdeberta,Cannabis,317025893916,post,0.9579123258590698,0.9648551940917969,0.9982247352600098,0.007282014936208725,0.03393996134400368,,,,,,0.010789088904857635,0.06383919715881348,0.9253717064857483,0.9987454414367676,0.9724931716918945,0.9978257417678833,0.9101069569587708,0.09442689269781113
mdeberta,Cannabis,317153595348,pre,0.9841393828392029,0.9419218897819519,0.9680507183074951,0.26006045937538147,0.0025608709547668695,,,,,,0.3913402855396271,0.5311473608016968,0.07751232385635376,0.9867357015609741,0.003503823187202215,0.3002324104309082,0.6053325533866882,0.5519058108329773
mdeberta,Cannabis,317245731516,pre,0.9814178943634033,0.9842759966850281,0.9989012479782104,0.9180771708488464,0.0013804223854094744,,,,,,0.005574640352278948,0.7430816292762756,0.2513437569141388,0.9877232313156128,0.9975080490112305,0.6460136771202087,0.45132651925086975,0.9174692034721375
mdeberta,Cannabis,317245731516,post,0.8943980932235718,0.9662834405899048,0.9608415961265564,0.2597317695617676,0.1203354150056839,,,,,,0.12154564261436462,0.7551753520965576,0.12327898293733597,0.3170032501220703,0.9106447696685791,0.4236964285373688,0.73829185962677,0.8933094143867493
mdeberta,Cannabis,317287793412,post,0.8628146648406982,0.057918090373277664,0.6566548347473145,0.023962024599313736,0.0031480705365538597,,,,,,0.7859780788421631,0.19134671986103058,0.02267526276409626,0.9290873408317566,0.049153607338666916,0.35331660509109497,0.030945545062422752,0.11563574522733688
mdeberta,Cannabis,317319329916,pre,0.9618664979934692,0.814984142780304,0.9981613159179688,0.18224354088306427,0.0018821858102455735,,,,,,0.9194474220275879,0.06737320870161057,0.013179408386349678,0.9890130758285522,0.9975465536117554,0.09562358260154724,0.025371311232447624,0.618319571018219
mdeberta,Cannabis,317450653812,pre,0.8153795599937439,0.8426690101623535,0.7150261402130127,0.36840566992759705,0.01384861022233963,,,,,,0.6857567429542542,0.22255107760429382,0.091692253947258,0.7967672944068909,0.28636878728866577,0.21452681720256805,0.3413628935813904,0.6413100957870483
mdeberta,Cannabis,317450653812,post,0.9721647500991821,0.9561249017715454,0.9849128723144531,0.6401861310005188,0.0009146136580966413,,,,,,0.38117721676826477,0.6085249185562134,0.010297861881554127,0.9618396759033203,0.09219619631767273,0.5872331857681274,0.2573915719985962,0.7172099351882935
mdeberta,Cannabis,318880282212,pre,0.8472108244895935,0.992061972618103,0.9345147609710693,0.6553360223770142,0.00458276504650712,,,,,,0.044815171509981155,0.4925123155117035,0.46267250180244446,0.9832788705825806,0.967492938041687,0.4420342743396759,0.5520567893981934,0.3178495764732361
mdeberta,Cannabis,318880282212,post,0.12825194001197815,0.03061777912080288,0.23581160604953766,0.015014749020338058,0.00021696729527320713,,,,,,0.09972187876701355,0.6011063456535339,0.2991717755794525,0.9187722206115723,0.18344730138778687,0.1880256086587906,0.016085077077150345,0.03011459670960903
mdeberta,Cannabis,318887057916,pre,0.9674410223960876,0.3225259780883789,0.8984161019325256,0.055005285888910294,0.0003131987468805164,,,,,,0.5209329724311829,0.45857274532318115,0.02049431949853897,0.9948703646659851,0.01870274730026722,0.4948732256889343,0.383294939994812,0.6772606372833252
mdeberta,Cannabis,318951623412,pre,0.8828325271606445,0.8258181214332581,0.6806663870811462,0.5527811646461487,0.011072160676121712,,,,,,0.0014638627180829644,0.013382786884903908,0.9851533770561218,0.9695664644241333,0.4474603235721588,0.515863835811615,0.3589146137237549,0.09446865320205688
mdeberta,Cannabis,318951623412,post,0.8025555610656738,0.95707768201828,0.7730879187583923,0.507323682308197,0.00222133775241673,,,,,,0.0051955957897007465,0.04726731777191162,0.9475370645523071,0.9720057845115662,0.50244140625,0.6428810358047485,0.7599387168884277,0.5239075422286987
mdeberta,Cannabis,319007373516,pre,0.9835812449455261,0.37267640233039856,0.989347517490387,0.10039249807596207,0.009055264294147491,,,,,,0.9518844485282898,0.04319791495800018,0.0049175904132425785,0.9965970516204834,0.7983046770095825,0.387806236743927,0.08997298777103424,0.9878644943237305
mdeberta,Cannabis,319007373516,post,0.9548478126525879,0.1919327825307846,0.9955576062202454,0.41857805848121643,0.014077174477279186,,,,,,0.8354659080505371,0.15867477655410767,0.005859290715306997,0.9887987375259399,0.9821341633796692,0.35723111033439636,0.20291663706302643,0.6232048869132996
mdeberta,Cannabis,319123378548,pre,0.8613998293876648,0.09351231157779694,0.9116528034210205,0.18726269900798798,0.0010005043586716056,,,,,,0.0680738240480423,0.7909458875656128,0.1409803032875061,0.9039002656936646,0.9196064472198486,0.18922127783298492,0.012796517461538315,0.1796024888753891
mdeberta,Cannabis,319123378548,post,0.06364221125841141,0.27938592433929443,0.7456762790679932,0.02206384763121605,0.014309456571936607,,,,,,0.0030910230707377195,0.07201970368623734,0.9248892664909363,0.556640625,0.7185943722724915,0.07059162855148315,0.37022536993026733,0.0036428910680115223
mdeberta,Cannabis,319158263232,pre,0.7418143153190613,0.9190451502799988,0.8746136426925659,0.5700920224189758,0.0007854739087633789,,,,,,0.25897905230522156,0.6203490495681763,0.12067189067602158,0.8303878903388977,0.8724288940429688,0.0013912339927628636,0.060825079679489136,0.15746504068374634
mdeberta,Cannabis,319158263232,post,0.9851576089859009,0.9632521271705627,0.9709643721580505,0.893611490726471,0.0003095510182902217,,,,,,0.16539086401462555,0.5941430330276489,0.24046610295772552,0.9175984859466553,0.9037888646125793,0.7427950501441956,0.8653379082679749,0.846957802772522
mdeberta,Cannabis,319216674780,pre,0.8904372453689575,0.26497605443000793,0.9038897156715393,0.5029296278953552,0.004520818125456572,,,,,,0.017082801088690758,0.025308456271886826,0.9576087594032288,0.960678219795227,0.9229350686073303,0.5846269726753235,0.3736472427845001,0.4387851655483246
mdeberta,Cannabis,319216674780,post,0.9351542592048645,0.5737977623939514,0.9783846139907837,0.48072245717048645,0.004022910259664059,,,,,,0.909791886806488,0.08562134951353073,0.004586773458868265,0.9966365098953247,0.7200731039047241,0.7229183912277222,0.8850366473197937,0.9095461368560791
mdeberta,Cannabis,319309766496,pre,0.8912680745124817,0.958316445350647,0.8527516722679138,0.2004011571407318,0.0007466114475391805,,,,,,0.2972617745399475,0.4139179587364197,0.2888202667236328,0.9001354575157166,0.36364689469337463,0.14342749118804932,0.3789186477661133,0.4661164879798889
mdeberta,Cannabis,319309766496,post,0.7257944345474243,0.6950793862342834,0.12995381653308868,0.14718706905841827,0.6024124622344971,,,,,,0.12884216010570526,0.4236449599266052,0.4475128650665283,0.9828793406486511,0.6437773704528809,0.43206340074539185,0.09803614765405655,0.3073580265045166
mdeberta,Cannabis,319397800716,post,0.8510265946388245,0.9296761751174927,0.6990233659744263,0.7829945087432861,0.0006166297243908048,,,,,,0.09953287988901138,0.5795238614082336,0.32094329595565796,0.9504109621047974,0.7793218493461609,0.6913931965827942,0.42942938208580017,0.6214260458946228
mdeberta,Cannabis,319406073696,pre,0.9945731163024902,0.9996309876441956,0.9981968402862549,0.9834386706352234,0.14270912110805511,,,,,,0.002003898611292243,0.8308409452438354,0.1671551913022995,0.9974982738494873,0.996388852596283,0.9826825857162476,0.9608139991760254,0.9980353116989136
mdeberta,Cannabis,319406073696,post,0.7459539771080017,0.7615384459495544,0.93288254737854,0.4144247770309448,0.0009773503988981247,,,,,,0.005387894343584776,0.1163855716586113,0.8782265782356262,0.8624675869941711,0.38722676038742065,0.26114246249198914,0.39001110196113586,0.7140302658081055
mdeberta,Cannabis,319637540664,pre,0.9722570776939392,0.7326874732971191,0.9889171123504639,0.011029470711946487,0.010081564076244831,,,,,,0.8006991744041443,0.1899970918893814,0.009303653612732887,0.703091025352478,0.7086664438247681,0.018124720081686974,0.03196444734930992,0.7565823793411255
mdeberta,Cannabis,319637540664,post,0.9981826543807983,0.9993687272071838,0.9975177049636841,0.995372474193573,0.003063417039811611,,,,,,0.6685489416122437,0.22284507751464844,0.1086060106754303,0.9931627511978149,0.9972045421600342,0.898232102394104,0.9922969341278076,0.9643046855926514
mdeberta,Cannabis,319681659348,pre,0.5631377100944519,0.9178013205528259,0.935985803604126,0.5980775356292725,0.00048406244604848325,,,,,,0.0450211837887764,0.4322633147239685,0.5227155685424805,0.9198228120803833,0.6062653660774231,0.45665207505226135,0.4130035638809204,0.7047700881958008
mdeberta,Cannabis,319681659348,post,0.7501868605613708,0.9076401591300964,0.44646453857421875,0.6742650270462036,0.0005182920722290874,,,,,,0.015977781265974045,0.2327372282743454,0.7512849569320679,0.889816403388977,0.5597714185714722,0.6141626238822937,0.5959629416465759,0.10315987467765808
mdeberta,Cannabis,319948896096,post,0.9866876602172852,0.9915379881858826,0.9442026019096375,0.31742629408836365,0.0018969201482832432,,,,,,0.07255136221647263,0.15332898497581482,0.7741196751594543,0.9436339735984802,0.6584174633026123,0.454714298248291,0.016029147431254387,0.10678371042013168
mdeberta,Cannabis,319984871760,pre,0.20736514031887054,0.9815729856491089,0.9450200796127319,0.8587777614593506,0.0017580385319888592,,,,,,0.004914461635053158,0.058554936200380325,0.936530590057373,0.8811043500900269,0.7716715335845947,0.024709751829504967,0.6899327039718628,0.7308664917945862
mdeberta,Cannabis,319984871760,post,0.3713645935058594,0.6716859936714172,0.8309373259544373,0.5583270192146301,0.0027362213004380465,,,,,,0.13710013031959534,0.2569510042667389,0.6059488654136658,0.46660253405570984,0.6004226803779602,0.08260478079319,0.15934817492961884,0.1628454476594925
mdeberta,Cannabis,320071743180,pre,0.9251285791397095,0.7211544513702393,0.13963085412979126,0.11591066420078278,0.0009622126235626638,,,,,,0.1298341602087021,0.7535557150840759,0.11661013215780258,0.9588735699653625,0.27405983209609985,0.333720326423645,0.03791913390159607,0.49243223667144775
mdeberta,Cannabis,320071743180,post,0.6353355646133423,0.9899669885635376,0.4608347713947296,0.9460198879241943,0.0011335690505802631,,,,,,0.020386047661304474,0.6600990295410156,0.3195149004459381,0.9654219150543213,0.9499834775924683,0.9331572651863098,0.9041439294815063,0.8896247744560242
mdeberta,Cannabis,320098008096,pre,0.9866749048233032,0.97137451171875,0.9924374222755432,0.7253568768501282,0.10980119556188583,,,,,,0.008343392983078957,0.7569388151168823,0.23471781611442566,0.989192008972168,0.9935368895530701,0.07937072962522507,0.2109287977218628,0.33306923508644104
mdeberta,Cannabis,320098008096,post,0.9963500499725342,0.9925392866134644,0.014090734533965588,0.7666432857513428,0.13142383098602295,,,,,,0.17694254219532013,0.6625775098800659,0.16047990322113037,0.9845457673072815,0.9843814373016357,0.9423477649688721,0.7197777628898621,0.9684260487556458
mdeberta,Cannabis,321496653348,pre,0.9307262897491455,0.9918831586837769,0.9930424094200134,0.9804874658584595,0.18339243531227112,,,,,,0.013251273892819881,0.8433769345283508,0.1433718055486679,0.9295684099197388,0.2879680097103119,0.08453052490949631,0.03298459202051163,0.9768686890602112
mdeberta,Cannabis,321496653348,post,0.9042285084724426,0.9953362941741943,0.9478657841682434,0.8820981979370117,0.004289588890969753,,,,,,0.08787678182125092,0.6358352899551392,0.27628788352012634,0.92519611120224,0.9240905046463013,0.7752221822738647,0.5765419602394104,0.990121066570282
mdeberta,Cannabis,321515327232,pre,0.9439448118209839,0.6331834197044373,0.8913744688034058,0.9911011457443237,0.0025212683249264956,,,,,,0.6245753765106201,0.3570907413959503,0.01833389699459076,0.886069655418396,0.9818056225776672,0.04676847532391548,0.8107787370681763,0.9756466150283813
mdeberta,Cannabis,321515327232,post,0.9588086009025574,0.9476239085197449,0.7911210060119629,0.33777669072151184,0.007533306255936623,,,,,,0.388470858335495,0.5823101997375488,0.029218900948762894,0.9967077374458313,0.9589241743087769,0.3004889190196991,0.587824821472168,0.9941573739051819
mdeberta,Cannabis,321593645232,pre,0.9246537089347839,0.8265718221664429,0.6799761652946472,0.024191485717892647,0.005769325420260429,,,,,,0.0021497129928320646,0.06012279540300369,0.9377274513244629,0.9748929738998413,0.714777410030365,0.46368706226348877,0.281109482049942,0.11446747183799744
mdeberta,Cannabis,321593645232,post,0.052473098039627075,0.9840400815010071,0.9863762855529785,0.5794004201889038,0.05203782767057419,,,,,,0.0011055886279791594,0.07652998715639114,0.9223644137382507,0.971733808517456,0.7168136835098267,0.37387582659721375,0.8033281564712524,0.7752646803855896
mdeberta,Cannabis,321781061232,pre,0.9502726793289185,0.8485020399093628,0.9927321076393127,0.8899718523025513,0.00020906499412376434,,,,,,0.18608298897743225,0.6107387542724609,0.20317818224430084,0.9994139075279236,0.9661878347396851,0.8237541317939758,0.16043038666248322,0.0025212683249264956
mdeberta,Cannabis,321781061232,post,0.8147677779197693,0.4511602520942688,0.9789755344390869,0.26151949167251587,0.0027900373097509146,,,,,,0.44064515829086304,0.19277404248714447,0.3665808141231537,0.9997230768203735,0.9535353779792786,0.035846929997205734,0.12458530068397522,0.0002477767993696034
mdeberta,Cannabis,321941185632,pre,0.6165896058082581,0.9909884929656982,0.9925248622894287,0.5824910402297974,0.002746901009231806,,,,,,0.001727818395011127,0.23121404647827148,0.7670581936836243,0.9759435653686523,0.6653018593788147,0.24526575207710266,0.9372969269752502,0.05451245605945587
mdeberta,Cannabis,321941185632,post,0.40615516901016235,0.9323301911354065,0.9934230446815491,0.4276357591152191,0.23633992671966553,,,,,,0.0022456850856542587,0.19979500770568848,0.7979592680931091,0.9985364079475403,0.9995121955871582,0.07505767047405243,0.6755505800247192,0.0034162786323577166
mdeberta,Cannabis,322114509180,pre,0.3623484671115875,0.9436079263687134,0.9466336965560913,0.7550956606864929,0.0032099613454192877,,,,,,0.03928770124912262,0.32555636763572693,0.635155975818634,0.9539017081260681,0.9417613744735718,0.10739066451787949,0.8039445281028748,0.652462899684906
mdeberta,Cannabis,322114509180,post,0.4241734445095062,0.9462127685546875,0.9509831666946411,0.7856377363204956,0.0031726828310638666,,,,,,0.03961919620633125,0.31342214345932007,0.6469587087631226,0.9626028537750244,0.9406263828277588,0.13857832551002502,0.8194603323936462,0.6808785796165466
mdeberta,Cannabis,322203904560,pre,0.6990233063697815,0.9982003569602966,0.9972531199455261,0.6693127155303955,0.2927469313144684,,,,,,0.0019044388318434358,0.08034861832857132,0.9177470207214355,0.23852799832820892,0.9240952730178833,0.0020547446329146624,0.051035426557064056,0.9863631725311279
mdeberta,Cannabis,322203904560,post,0.9952448606491089,0.9984330534934998,0.996364176273346,0.7315862774848938,0.0652465745806694,,,,,,0.012060539796948433,0.2414158582687378,0.7465236186981201,0.9664738774299622,0.99051433801651,0.8070629835128784,0.6437773108482361,0.9157336354255676
mdeberta,Cannabis,322204179528,pre,0.693784236907959,0.6074885129928589,0.9853702783584595,0.0014982575085014105,0.000705527258105576,,,,,,0.24354110658168793,0.7193108201026917,0.03714817389845848,0.6872103214263916,0.9386884570121765,0.055489517748355865,0.05145680531859398,0.6742650270462036
mdeberta,Cannabis,322204179528,post,0.9917961955070496,0.96909099817276,0.9960699081420898,0.016277460381388664,0.009285965003073215,,,,,,0.15102069079875946,0.8392467498779297,0.00973252672702074,0.8934256434440613,0.9779993295669556,0.18157139420509338,0.0020111582707613707,0.7669488787651062
mdeberta,Cannabis,322259859864,pre,0.8820347189903259,0.5376786589622498,0.6704801917076111,0.5708099007606506,0.0005759092164225876,,,,,,0.6705505847930908,0.28985607624053955,0.039593376219272614,0.9998074173927307,0.79739910364151,0.8908770680427551,0.41182032227516174,0.03468417376279831
mdeberta,Cannabis,322259859864,post,0.9872589111328125,0.6238353252410889,0.7019940614700317,0.9887445569038391,0.6461811661720276,,,,,,0.5263914465904236,0.3550889790058136,0.11851959675550461,0.935339093208313,0.9920273423194885,0.9842986464500427,0.925567090511322,0.8497979044914246
mdeberta,Cannabis,322280654148,pre,0.9602680802345276,0.1284157931804657,0.9702681303024292,0.09471956640481949,0.0006411776994355023,,,,,,0.5488048791885376,0.3253149390220642,0.12588022649288177,0.9985978603363037,0.8756009340286255,0.6977119445800781,0.02241421490907669,0.9105950593948364
mdeberta,Cannabis,322280654148,post,0.8853839635848999,0.9900299310684204,0.9922068119049072,0.8796646595001221,0.00036259007174521685,,,,,,0.007231978699564934,0.8424591422080994,0.15030887722969055,0.880591869354248,0.8139049410820007,0.6297746300697327,0.6834194660186768,0.8558511137962341
mdeberta,Cannabis,322300761012,pre,0.9802241921424866,0.9775750637054443,0.9976195693016052,0.5864636898040771,0.009394396096467972,,,,,,0.46917811036109924,0.4538557231426239,0.07696612179279327,0.9970535635948181,0.9739437103271484,0.38687923550605774,0.03488088771700859,0.7744767665863037
mdeberta,Cannabis,322300761012,post,0.9465658664703369,0.9928716421127319,0.9551311731338501,0.9854124188423157,0.015588541515171528,,,,,,0.023179255425930023,0.6747562289237976,0.3020645081996918,0.9994578957557678,0.9708816409111023,0.8998057842254639,0.052134253084659576,0.9666317105293274
mdeberta,Cannabis,322309516212,pre,0.7676898241043091,0.9944934248924255,0.8601930737495422,0.31048527359962463,0.04157886281609535,,,,,,0.0066372728906571865,0.34986409544944763,0.6434985995292664,0.9303001165390015,0.7626009583473206,0.03708202391862869,0.6863700151443481,0.4503593444824219
mdeberta,Cannabis,322309516212,post,0.6161854863166809,0.9126310348510742,0.7315622568130493,0.5314525961875916,0.04292233660817146,,,,,,0.006528809200972319,0.09206224232912064,0.9014089107513428,0.7122321724891663,0.6286354660987854,0.16438227891921997,0.27144479751586914,0.1740414798259735
mdeberta,Cannabis,322356578148,pre,0.8396682143211365,0.8871374130249023,0.9678385257720947,0.6169358491897583,0.004700060468167067,,,,,,0.14282454550266266,0.467846542596817,0.3893289268016815,0.9803891777992249,0.8485961556434631,0.19238758087158203,0.09195128828287125,0.21027939021587372
mdeberta,Cannabis,322356578148,post,0.973900318145752,0.7719724774360657,0.9235578775405884,0.6872103214263916,0.00857748556882143,,,,,,0.0036359732039272785,0.04651174694299698,0.9498522877693176,0.9590393304824829,0.7581526637077332,0.5602526068687439,0.5841525793075562,0.41750895977020264
mdeberta,Cannabis,322359929748,pre,0.7538745999336243,0.9121920466423035,0.09367800503969193,0.7885832190513611,0.8294056057929993,,,,,,0.05577007308602333,0.7451030015945435,0.1991269290447235,0.8674854636192322,0.7354516983032227,0.49218812584877014,0.09505505114793777,0.5265862345695496
mdeberta,Cannabis,322359929748,post,0.7538745999336243,0.9121920466423035,0.09367800503969193,0.7885832190513611,0.807498574256897,,,,,,0.05577007308602333,0.7451030015945435,0.1991269290447235,0.8674854636192322,0.7354516983032227,0.49218812584877014,0.09505505114793777,0.5265862345695496
mdeberta,Cannabis,322388382096,pre,0.9706878066062927,0.6190395355224609,0.4923959970474243,0.4589548707008362,0.0018895388348028064,,,,,,0.5694299936294556,0.37307679653167725,0.05749322474002838,0.9762653112411499,0.9122408628463745,0.889906108379364,0.25902825593948364,0.9993575811386108
mdeberta,Cannabis,322388382096,post,0.992251992225647,0.9992650151252747,0.9869794845581055,0.9823386073112488,0.46283721923828125,,,,,,0.04967152327299118,0.907067596912384,0.043260857462882996,0.9625325202941895,0.958827793598175,0.4630799889564514,0.9795896410942078,0.9921992421150208
mdeberta,Cannabis,322434896832,pre,0.19106338918209076,0.8861251473426819,0.9985306262969971,0.7781281471252441,0.004991962108761072,,,,,,0.003526041517034173,0.07893101871013641,0.9175428748130798,0.9286680221557617,0.997992753982544,0.2116815149784088,0.8953397870063782,0.29462072253227234
mdeberta,Cannabis,322434896832,post,0.0258833859115839,0.9872034788131714,0.8025555610656738,0.39557188749313354,0.007025407161563635,,,,,,0.007907787337899208,0.05090232193470001,0.9411898851394653,0.2138693481683731,0.9536649584770203,0.11008787900209427,0.755636990070343,0.7724019289016724
mdeberta,Cannabis,322466697360,pre,0.7994520664215088,0.9760150909423828,0.9967962503433228,0.9864678382873535,0.014985890127718449,,,,,,0.007112367078661919,0.06407647579908371,0.9288111329078674,0.9944773316383362,0.9984360933303833,0.04995852708816528,0.7554566264152527,0.966851532459259
mdeberta,Cannabis,322466697360,post,0.09739040583372116,0.9284412264823914,0.035111743956804276,0.07860700786113739,0.05384937301278114,,,,,,0.008751940913498402,0.3362022638320923,0.6550458073616028,0.9867005348205566,0.9362558722496033,0.009652303531765938,0.0990772619843483,0.39770448207855225
mdeberta,Cannabis,322488314496,pre,0.7543725371360779,0.3039383590221405,0.9011405110359192,0.0249165166169405,7.41189214750193e-05,,,,,,0.14685983955860138,0.4515877366065979,0.4015524089336395,0.9993067383766174,0.422028124332428,0.7723590135574341,0.038115568459033966,0.0037434976547956467
mdeberta,Cannabis,322488314496,post,0.9373112916946411,0.9947442412376404,0.9959770441055298,0.24725966155529022,0.014350837096571922,,,,,,0.0020183399319648743,0.04229351505637169,0.9556881189346313,0.8665847778320312,0.34048521518707275,0.26303112506866455,0.16599830985069275,0.03345504030585289
mdeberta,Cannabis,322599736044,pre,0.8859078288078308,0.9599125981330872,0.9798516035079956,0.16839490830898285,0.0012448432389646769,,,,,,0.17133809626102448,0.6933867931365967,0.13527511060237885,0.0800422951579094,0.5078119039535522,0.31111282110214233,0.5691344141960144,0.8863466382026672
mdeberta,Cannabis,322599736044,post,0.9833269715309143,0.9714828729629517,0.8961151242256165,0.9629059433937073,0.0007763300091028214,,,,,,0.07856471091508865,0.8242786526679993,0.09715668112039566,0.989259660243988,0.8230441212654114,0.9209853410720825,0.6231475472450256,0.8090497851371765
mdeberta,Cannabis,322693443360,pre,0.8784707188606262,0.09643954038619995,0.8792245984077454,0.13660839200019836,0.0024014052469283342,,,,,,0.8836103677749634,0.10202345252037048,0.014366162940859795,0.24346251785755157,0.03229088708758354,0.41466179490089417,0.6579781174659729,0.7526494264602661
mdeberta,Cannabis,322693443360,post,0.918471097946167,0.6042822003364563,0.8584888577461243,0.7626008987426758,0.0070801181718707085,,,,,,0.9098019003868103,0.07537715137004852,0.014820915646851063,0.679816722869873,0.8214741945266724,0.456409752368927,0.6612669825553894,0.8930531740188599
mdeberta,Cannabis,322694606844,pre,0.9257350564002991,0.6760253310203552,0.9783846735954285,0.690350353717804,0.00034802412847056985,,,,,,0.9627462029457092,0.0343184620141983,0.0029353334102779627,0.9995380640029907,0.8386136889457703,0.8586000800132751,0.4690338373184204,0.0955655425786972
mdeberta,Cannabis,322694606844,post,0.901661217212677,0.6255524754524231,0.9405717253684998,0.4751182198524475,0.0001538625656394288,,,,,,0.822638213634491,0.13862253725528717,0.03873921558260918,0.9898155927658081,0.32380759716033936,0.47317034006118774,0.14608722925186157,0.06557491421699524
mdeberta,Cannabis,322707128148,pre,0.9560326933860779,0.7167145013809204,0.9107142686843872,0.6426567435264587,0.006810730788856745,,,,,,0.820497453212738,0.1499352902173996,0.029567286372184753,0.023197626695036888,0.7429815530776978,0.15546274185180664,0.37250518798828125,0.6372565627098083
mdeberta,Cannabis,322707128148,post,0.9398995637893677,0.9292640686035156,0.893076479434967,0.3816803991794586,0.015558597631752491,,,,,,0.18114566802978516,0.39793506264686584,0.4209193289279938,0.7059877514839172,0.5990161299705505,0.010818448849022388,0.12656909227371216,0.12302279472351074
mdeberta,Cannabis,322846727760,pre,0.9849996566772461,0.4284127354621887,0.9899864196777344,0.2117018848657608,0.0015041128499433398,,,,,,0.987101137638092,0.010131718590855598,0.0027671540156006813,0.9462748765945435,0.9483940005302429,0.34886693954467773,0.012431650422513485,0.8867273330688477
mdeberta,Cannabis,322846727760,post,0.9533402323722839,0.8765287399291992,0.9848401546478271,0.7560875415802002,0.0010142631363123655,,,,,,0.9573287963867188,0.03491329029202461,0.007757943123579025,0.5720056891441345,0.6034645438194275,0.7906920313835144,0.4225046634674072,0.9791556596755981
mdeberta,Cannabis,323585037360,pre,0.6306849122047424,0.41555097699165344,0.6079541444778442,0.005184747278690338,0.0020870345178991556,,,,,,0.1706966757774353,0.578870952129364,0.2504323720932007,0.8502200245857239,0.37159258127212524,0.16277891397476196,0.0488918274641037,0.028666261583566666
mdeberta,Cannabis,323585037360,post,0.7696866989135742,0.8793476819992065,0.6595696210861206,0.003772747702896595,0.0007509956485591829,,,,,,0.07441364973783493,0.3181491196155548,0.6074371933937073,0.9877054691314697,0.28279000520706177,0.3067346513271332,0.06459445506334305,0.06438824534416199
mdeberta,Cannabis,323625872160,post,0.9691202640533447,0.9859634041786194,0.9381948113441467,0.24798741936683655,0.10544059425592422,,,,,,0.003948254976421595,0.057838860899209976,0.9382128715515137,0.9494354724884033,0.28776779770851135,0.24113181233406067,0.003922447562217712,0.07343004643917084
mdeberta,Cannabis,323640445464,pre,0.18465720117092133,0.9962855577468872,0.9102964997291565,0.5753494501113892,0.012540019117295742,,,,,,0.00280200457200408,0.016997553408145905,0.9802003502845764,0.6512439846992493,0.8093513250350952,0.7219392657279968,0.7342147827148438,0.9920234680175781
mdeberta,Cannabis,323640445464,post,0.8935418725013733,0.915959358215332,0.8726190328598022,0.2991819679737091,0.001518850913271308,,,,,,0.02307382971048355,0.12534266710281372,0.8515834808349609,0.27592164278030396,0.7101259827613831,0.6294330358505249,0.04130730405449867,0.994667112827301
mdeberta,Cannabis,323689213296,post,0.9701552391052246,0.5186375975608826,0.9074763655662537,0.5002440810203552,0.00286157988011837,,,,,,0.13021619617938995,0.616693377494812,0.2530904710292816,0.9891632795333862,0.9501802921295166,0.9122800230979919,0.5667380690574646,0.6320486664772034
mdeberta,Cannabis,323733401748,pre,0.8046362996101379,0.6807724833488464,0.18839864432811737,0.9401061534881592,0.0003301527176517993,,,,,,0.053610656410455704,0.5348791480064392,0.411510169506073,0.9680204391479492,0.8949732184410095,0.7966090440750122,0.7360212802886963,0.8881782293319702
mdeberta,Cannabis,323733401748,post,0.8046362996101379,0.6807724833488464,0.18839864432811737,0.9401061534881592,0.0003301527176517993,,,,,,0.053610656410455704,0.5348791480064392,0.411510169506073,0.9680204391479492,0.8949732184410095,0.7966090440750122,0.7360212802886963,0.8881782293319702
mdeberta,Cannabis,323790307128,pre,0.9213311076164246,0.6854100823402405,0.9196063876152039,0.5563995838165283,0.0001941132068168372,,,,,,0.8756157755851746,0.11615294963121414,0.008231228217482567,0.9855103492736816,0.7540104985237122,0.6139311790466309,0.058614689856767654,0.5144003033638
mdeberta,Cannabis,323790307128,post,0.9785287380218506,0.47219669818878174,0.9973165392875671,0.9490591287612915,0.011563827283680439,,,,,,0.3672218918800354,0.6185948848724365,0.0141832260414958,0.33703985810279846,0.5589289665222168,0.005469274707138538,0.8220105767250061,0.981364369392395
mdeberta,Cannabis,323845780896,pre,0.9668201804161072,0.828337550163269,0.879632294178009,0.35064372420310974,0.0021955149713903666,,,,,,0.4198301136493683,0.5467602014541626,0.03340963274240494,0.9390650391578674,0.403566837310791,0.47779783606529236,0.17370831966400146,0.5772570371627808
mdeberta,Cannabis,323845780896,post,0.7363532185554504,0.5734395384788513,0.9794132709503174,0.04389553144574165,0.0002627248177304864,,,,,,0.9185789227485657,0.0724068209528923,0.009014230221509933,0.9215343594551086,0.36274343729019165,0.382602721452713,0.08515609055757523,0.7128322720527649
mdeberta,Cannabis,323920475064,pre,0.9655764102935791,0.5139124393463135,0.8524448275566101,0.3485342562198639,0.002082970691844821,,,,,,0.26448842883110046,0.5497838258743286,0.18572776019573212,0.12738947570323944,0.9172285795211792,0.5727227926254272,0.8870701789855957,0.9590872526168823
mdeberta,Cannabis,323920475064,post,0.9176962375640869,0.6512439846992493,0.958827793598175,0.7108290791511536,0.00034129503183066845,,,,,,0.33288782835006714,0.5786468982696533,0.08846528083086014,0.9162221550941467,0.6008911728858948,0.4030968248844147,0.34488457441329956,0.08417505770921707
mdeberta,Cannabis,323935043580,pre,0.7004339694976807,0.20159700512886047,0.565898597240448,0.000939943827688694,0.00044335194979794323,,,,,,0.277776300907135,0.6494067311286926,0.07281696051359177,0.9601374864578247,0.7038676142692566,0.125869020819664,0.0007138378568924963,0.263694167137146
mdeberta,Cannabis,323935043580,post,0.9884918332099915,0.9832225441932678,0.9788545966148376,0.4651445150375366,0.00108806521166116,,,,,,0.9041120409965515,0.08467236161231995,0.011215591803193092,0.9301416277885437,0.6890964508056641,0.6433292627334595,0.6500231027603149,0.6800292730331421
mdeberta,Cannabis,324016918380,pre,0.9666317105293274,0.8594574332237244,0.9427443742752075,0.04348750039935112,0.0012399961706250906,,,,,,0.2067057490348816,0.7577497959136963,0.035544414073228836,0.3694288432598114,0.8814364075660706,0.1213209256529808,0.00041165141738019884,0.7746686339378357
mdeberta,Cannabis,324016918380,post,0.9866362810134888,0.9339447617530823,0.7536933422088623,0.1243724450469017,0.0013511207653209567,,,,,,0.474695086479187,0.448883980512619,0.07642093300819397,0.21074599027633667,0.9398995637893677,0.2686055600643158,0.00011524219735292718,0.18050357699394226
mdeberta,Cannabis,324062475516,pre,0.635448694229126,0.09293444454669952,0.9596487879753113,0.01069375779479742,0.0006424304447136819,,,,,,0.05060857534408569,0.6904905438423157,0.25890088081359863,0.5959629416465759,0.6933172345161438,0.0060386634431779385,0.001356401713564992,0.0036006025038659573
mdeberta,Cannabis,324062475516,post,0.6083614230155945,0.6600148677825928,0.7939659357070923,0.09928448498249054,0.008950712159276009,,,,,,0.05123087018728256,0.46801504492759705,0.4807541072368622,0.4222663640975952,0.9887554049491882,0.006771210115402937,0.0022170129232108593,0.05402378365397453
mdeberta,Cannabis,324099064044,pre,0.8680247664451599,0.35365140438079834,0.9005407094955444,0.19062982499599457,0.0014131118077784777,,,,,,0.783572256565094,0.1556946039199829,0.06073318049311638,0.17187194526195526,0.7384569644927979,0.009011553600430489,0.04657294973731041,0.7594930529594421
mdeberta,Cannabis,324099064044,post,0.9802619814872742,0.9656898379325867,0.9286205172538757,0.5633779764175415,0.0010423501953482628,,,,,,0.2715436518192291,0.697145402431488,0.03131091594696045,0.8200375437736511,0.6686639189720154,0.5763035416603088,0.43494123220443726,0.671470582485199
mdeberta,Cannabis,324382650444,pre,0.9811849594116211,0.8714475035667419,0.8839641809463501,0.5375269651412964,0.011093566194176674,,,,,,0.2251037061214447,0.5055481195449829,0.2693481147289276,0.9996323585510254,0.7568970322608948,0.5508489608764648,0.18053969740867615,0.021287351846694946
mdeberta,Cannabis,324382650444,post,0.6992543935775757,0.9389968514442444,0.5462540984153748,0.7203682661056519,0.0041179172694683075,,,,,,0.06120796501636505,0.879467248916626,0.05932478979229927,0.6192409992218018,0.6288633942604065,0.060363009572029114,0.5973730087280273,0.7487199306488037
mdeberta,Cannabis,324383265360,pre,0.9925031661987305,0.47335290908813477,0.9990817904472351,0.03581319376826286,0.03205522522330284,,,,,,0.9707801342010498,0.02302085980772972,0.006199006922543049,0.9998356103897095,0.9408984184265137,0.9170058369636536,0.07721269130706787,0.278833270072937
mdeberta,Cannabis,324383265360,post,0.9597432017326355,0.023893600329756737,0.92950439453125,0.13546064496040344,0.0063450755551457405,,,,,,0.7639031410217285,0.2207602858543396,0.015336534939706326,0.9462003707885742,0.2522832751274109,0.09803614020347595,0.20339089632034302,0.9867771863937378
mdeberta,Cannabis,324482381064,post,0.026280276477336884,0.7161131501197815,0.0006959537276998162,0.09228308498859406,0.0015548133524134755,,,,,,0.04340926557779312,0.2755632996559143,0.6810274124145508,0.21011726558208466,0.5865228772163391,0.0487670935690403,0.07416428625583649,0.1101117953658104
mdeberta,Cannabis,324510290316,pre,0.9833109378814697,0.9912208914756775,0.9930961728096008,0.8014228940010071,0.05561760812997818,,,,,,0.2765800356864929,0.5464144945144653,0.17700546979904175,0.5895797610282898,0.9103861451148987,0.9704086184501648,0.39840641617774963,0.994019627571106
mdeberta,Cannabis,324510290316,post,0.9294564127922058,0.9971717000007629,0.9964481592178345,0.8671764731407166,0.003907214850187302,,,,,,0.09346304088830948,0.6465483903884888,0.2599884867668152,0.986929178237915,0.9743250608444214,0.7287482619285583,0.7829945087432861,0.9337940216064453
mdeberta,Cannabis,324632247516,pre,0.9746165871620178,0.9705485105514526,0.9501803517341614,0.8442806601524353,0.00030834454810246825,,,,,,0.07363761216402054,0.7686339616775513,0.1577284187078476,0.8875461220741272,0.8159668445587158,0.2751297354698181,0.48121002316474915,0.7062917351722717
mdeberta,Cannabis,324632247516,post,0.7233094573020935,0.9834545850753784,0.7158214449882507,0.6390605568885803,0.0005872613401152194,,,,,,0.40720564126968384,0.5274780988693237,0.06531620770692825,0.7108290791511536,0.677047073841095,0.19744446873664856,0.3559987545013428,0.7049732208251953
mdeberta,Cannabis,324806187348,pre,0.9484298825263977,0.9749883413314819,0.9676556587219238,0.3592517375946045,0.001495338510721922,,,,,,0.3910106122493744,0.5842599868774414,0.024729393422603607,0.9411423802375793,0.9385196566581726,0.22257336974143982,0.09178834408521652,0.978425920009613
mdeberta,Cannabis,324806187348,post,0.9957062005996704,0.9917603731155396,0.9945200681686401,0.9891029000282288,0.04157886654138565,,,,,,0.18524052202701569,0.6214803457260132,0.19327914714813232,0.9784876704216003,0.98211270570755,0.8722385764122009,0.7843190431594849,0.9466213583946228
mdeberta,Cannabis,325705305348,pre,0.9765689373016357,0.6946653127670288,0.9435559511184692,0.9178565740585327,0.002585936803370714,,,,,,0.05309956893324852,0.6933290958404541,0.25357136130332947,0.8633915781974792,0.9681156873703003,0.6736212372779846,0.7937461733818054,0.1045687273144722
mdeberta,Cannabis,325705305348,post,0.9548372626304626,0.003976228181272745,0.8729713559150696,0.026899518445134163,0.0006324768182821572,,,,,,0.8662660121917725,0.1249803975224495,0.00875360332429409,0.7757747173309326,0.22320768237113953,0.5165954828262329,0.043957047164440155,0.6233768463134766
mdeberta,Cannabis,325791216432,pre,0.885278582572937,0.96207195520401,0.8018922209739685,0.4678179621696472,0.000609450158663094,,,,,,0.011959671042859554,0.9707069396972656,0.01733337715268135,0.9980353713035583,0.4590761363506317,0.12487850338220596,0.12442563474178314,0.06432944536209106
mdeberta,Cannabis,325791216432,post,0.718298077583313,0.6895147562026978,0.6345432996749878,0.05120121315121651,0.0013354008551687002,,,,,,0.054791875183582306,0.5493401288986206,0.39586806297302246,0.4440825283527374,0.16233853995800018,0.07003305852413177,0.008745182305574417,0.05477730929851532
mdeberta,Cannabis,325862962560,pre,0.9774031639099121,0.9795506000518799,0.9898598194122314,0.9210031032562256,0.018264278769493103,,,,,,0.07260303199291229,0.4304724633693695,0.496924489736557,0.9989432692527771,0.7871038913726807,0.8905799984931946,0.14178568124771118,0.08870180696249008
mdeberta,Cannabis,325862962560,post,0.7798462510108948,0.8080103993415833,0.9964480996131897,0.1166381761431694,0.004654597491025925,,,,,,0.7669296860694885,0.2205890268087387,0.012481294572353363,0.9993345737457275,0.9956684708595276,0.11284428089857101,0.4464947283267975,0.003222484141588211
mdeberta,Cannabis,325973500380,pre,0.9795896410942078,0.988949179649353,0.9987671971321106,0.3026486337184906,0.002225670963525772,,,,,,0.22576528787612915,0.7029164433479309,0.07131823897361755,0.9995566606521606,0.9937949776649475,0.20979328453540802,0.9269800186157227,0.5710490942001343
mdeberta,Cannabis,325973500380,post,0.9671474695205688,0.94796222448349,0.74869704246521,0.6886778473854065,0.0011948778992518783,,,,,,0.28718385100364685,0.3073520064353943,0.4054640829563141,0.9980543851852417,0.7360213398933411,0.7682988047599792,0.9692451357841492,0.6909762620925903
mdeberta,Cannabis,326105443980,pre,0.9379537105560303,0.9512300491333008,0.9731388092041016,0.9189906120300293,0.0005714300787076354,,,,,,0.7120750546455383,0.27372628450393677,0.014198613353073597,0.9136765003204346,0.7793218493461609,0.5708099007606506,0.6486889719963074,0.5717666149139404
mdeberta,Cannabis,326105443980,post,0.9883127212524414,0.932806134223938,0.9893577694892883,0.622229814529419,0.002111583948135376,,,,,,0.8511873483657837,0.12939155101776123,0.01942107453942299,0.9208608269691467,0.9306081533432007,0.05529789999127388,0.014643825590610504,0.6437773108482361
mdeberta,Cannabis,326118436560,pre,0.9914722442626953,0.9996110200881958,0.9995298981666565,0.9699566960334778,0.4000093340873718,,,,,,0.0034216667991131544,0.5153139233589172,0.4812644422054291,0.9977787137031555,0.9969395995140076,0.8861743807792664,0.9956685304641724,0.9976631999015808
mdeberta,Cannabis,326118436560,post,0.9891711473464966,0.9877941012382507,0.9642541408538818,0.9522865414619446,0.1397775560617447,,,,,,0.0036958525888621807,0.5117700099945068,0.4845341444015503,0.996656060218811,0.9973989129066467,0.9993857145309448,0.932844340801239,0.9053223133087158
mdeberta,Cannabis,326166322716,pre,0.9679826498031616,0.9905235171318054,0.997961163520813,0.8338664770126343,0.08717450499534607,,,,,,0.49570319056510925,0.2584261894226074,0.24587060511112213,0.9907274842262268,0.92950439453125,0.6406358480453491,0.5751108527183533,0.882123589515686
mdeberta,Cannabis,326166322716,post,0.9679826498031616,0.9905235171318054,0.997961163520813,0.8338664770126343,0.08717450499534607,,,,,,0.49570319056510925,0.2584261894226074,0.24587060511112213,0.9907274842262268,0.92950439453125,0.6406358480453491,0.5751108527183533,0.882123589515686
mdeberta,Cannabis,326278086264,pre,0.49511730670928955,0.6931095719337463,0.9941800832748413,0.250545859336853,0.002038787119090557,,,,,,0.5211692452430725,0.43972650170326233,0.039104245603084564,0.9960737228393555,0.9156582355499268,0.10811242461204529,0.020537609234452248,0.704261839389801
mdeberta,Cannabis,326278086264,post,0.6961649060249329,0.8245856165885925,0.9607864618301392,0.08795473724603653,0.0019304942106828094,,,,,,0.5338512063026428,0.44257819652557373,0.023570595309138298,0.9743251204490662,0.9263162016868591,0.42036163806915283,0.23686911165714264,0.8412396311759949
mdeberta,Cannabis,326295594612,pre,0.9838316440582275,0.9831660985946655,0.995216965675354,0.5859306454658508,0.0193265862762928,,,,,,0.8022083640098572,0.1546066254377365,0.04318500682711601,0.9938309788703918,0.9861046075820923,0.7150510549545288,0.6146253347396851,0.9908919930458069
mdeberta,Cannabis,326295594612,post,0.9839553833007812,0.9031020402908325,0.9952907562255859,0.5212274789810181,0.014657923020422459,,,,,,0.0021956786513328552,0.042828094214200974,0.9549762606620789,0.9604354500770569,0.9988282322883606,0.7514658570289612,0.6965779066085815,0.8745601773262024
mdeberta,Cannabis,326310098832,post,0.43638181686401367,0.9651437401771545,0.20438160002231598,0.17078441381454468,0.0014779430348426104,,,,,,0.006627663038671017,0.8154599070549011,0.1779123991727829,0.6721165180206299,0.6167050004005432,0.11777491122484207,0.25552940368652344,0.397236704826355
mdeberta,Cannabis,326440400832,pre,0.9762879610061646,0.8602664470672607,0.9545415639877319,0.23325851559638977,0.0029121781699359417,,,,,,0.40862607955932617,0.5401533842086792,0.051220525056123734,0.9593165516853333,0.9851718544960022,0.6325027942657471,0.37501955032348633,0.47292688488960266
mdeberta,Cannabis,326440400832,post,0.7120851874351501,0.8828325271606445,0.9019638895988464,0.007331598550081253,0.001507048960775137,,,,,,0.16350282728672028,0.7351431250572205,0.10135405510663986,0.028898300603032112,0.0023322340566664934,0.0028173404280096292,0.8553685545921326,0.6064984202384949
mdeberta,Cannabis,326445730560,pre,0.5309661626815796,0.2473505586385727,0.3255205452442169,0.023153413087129593,0.0010182288242504,,,,,,0.24942845106124878,0.5935012102127075,0.1570703089237213,0.3646644055843353,0.989108145236969,0.13632069528102875,0.009736684150993824,0.6531822085380554
mdeberta,Cannabis,326445730560,post,0.7552762031555176,0.8449215292930603,0.7158214449882507,0.5382551550865173,0.0017140383133664727,,,,,,0.2575242221355438,0.4397779405117035,0.3026977479457855,0.5853382349014282,0.24418272078037262,0.14015962183475494,0.2312668114900589,0.7237977981567383
mdeberta,Cannabis,326513041632,pre,0.9599384665489197,0.890246570110321,0.919389545917511,0.5129365921020508,0.0022694687359035015,,,,,,0.5042222142219543,0.44043514132499695,0.05534267798066139,0.7110297083854675,0.30985844135284424,0.5350984334945679,0.2989004850387573,0.5660185217857361
mdeberta,Cannabis,326513041632,post,0.9829137921333313,0.9678575396537781,0.9825868010520935,0.9258021712303162,0.3882700502872467,,,,,,0.11402871459722519,0.7758280038833618,0.11014331132173538,0.9803938269615173,0.8653379082679749,0.8868131637573242,0.7565374374389648,0.8068525791168213
mdeberta,Cannabis,326513858328,pre,0.9515489935874939,0.8358858227729797,0.9446765780448914,0.5636181831359863,0.00047377843293361366,,,,,,0.706402063369751,0.2558848261833191,0.037713147699832916,0.9816699624061584,0.8449215292930603,0.8891443610191345,0.7525585293769836,0.8448575139045715
mdeberta,Cannabis,326513858328,post,0.2420264184474945,0.0840030312538147,0.6896454095840454,0.004007289186120033,0.00035766829387284815,,,,,,0.1993655562400818,0.6810635924339294,0.11957091093063354,0.9989034533500671,0.057427167892456055,0.05610691010951996,0.0013406203361228108,0.011563826352357864
mdeberta,Cannabis,326591356896,pre,0.9856905341148376,0.9455881714820862,0.9898401498794556,0.9296801686286926,0.0001713081874186173,,,,,,0.24690257012844086,0.5710428953170776,0.1820545494556427,0.98394775390625,0.9732343554496765,0.9505718350410461,0.8226169943809509,0.9252637624740601
mdeberta,Cannabis,326591356896,post,0.9760379791259766,0.8907227516174316,0.9827737808227539,0.6497453451156616,0.0008830458391457796,,,,,,0.29983827471733093,0.6665208339691162,0.03364092484116554,0.9470147490501404,0.9953227043151855,0.5729617476463318,0.07470251619815826,0.5466171503067017
mdeberta,Cannabis,326616460380,pre,0.910823404788971,0.784525454044342,0.9957104325294495,0.044431429356336594,0.009011553600430489,,,,,,0.19787918031215668,0.6632349491119385,0.13888590037822723,0.8139973878860474,0.8504064679145813,0.7144288420677185,0.5705706477165222,0.5843897461891174
mdeberta,Cannabis,326616460380,post,0.9797453284263611,0.9709393978118896,0.9821512699127197,0.8232573866844177,0.00020462219254113734,,,,,,0.12914852797985077,0.5799351334571838,0.290916383266449,0.9413313865661621,0.8962740898132324,0.7371581792831421,0.8345417976379395,0.8678218722343445
mdeberta,Cannabis,326668168044,pre,0.9569772481918335,0.976557731628418,0.9943030476570129,0.15533456206321716,0.019179070368409157,,,,,,0.01428922824561596,0.19865825772285461,0.787052571773529,0.9619916677474976,0.9321451187133789,0.07818367332220078,0.19352813065052032,0.4507220387458801
mdeberta,Cannabis,326668168044,post,0.8370212912559509,0.952297568321228,0.9251116514205933,0.30881524085998535,0.01966257579624653,,,,,,0.03638714924454689,0.3977474272251129,0.5658653974533081,0.9713268876075745,0.9889332056045532,0.09734748303890228,0.24346251785755157,0.3086068034172058
mdeberta,Cannabis,326671658496,pre,0.9226001501083374,0.8400622606277466,0.8727681636810303,0.3656831681728363,0.000584973196964711,,,,,,0.4278118312358856,0.5154100656509399,0.0567781887948513,0.7923035621643066,0.09009299427270889,0.27943506836891174,0.2895725667476654,0.3904758393764496
mdeberta,Cannabis,326687595012,pre,0.9656736850738525,0.7237001657485962,0.8846386075019836,0.24368742108345032,0.002336782868951559,,,,,,0.013769760727882385,0.08468014746904373,0.9015500545501709,0.9816039204597473,0.987129271030426,0.8226170539855957,0.7365901470184326,0.15898875892162323
mdeberta,Cannabis,326687595012,post,0.9202896952629089,0.9910319447517395,0.9864678382873535,0.03010033816099167,0.004158160649240017,,,,,,0.0005495530203916132,0.030746130272746086,0.9687042832374573,0.9961680769920349,0.970436692237854,0.5046385526657104,0.613699734210968,0.4838922917842865
mdeberta,Cannabis,326813589864,pre,0.9946046471595764,0.6205928921699524,0.9889705181121826,0.9704647064208984,0.003976227715611458,,,,,,0.37289077043533325,0.5849233865737915,0.042185913771390915,0.9792749881744385,0.9969066381454468,0.7622913718223572,0.08846528083086014,0.9943029880523682
mdeberta,Cannabis,326813589864,post,0.866245687007904,0.8164429664611816,0.8507788181304932,0.6890702843666077,0.025298969820141792,,,,,,0.05878390744328499,0.9213327169418335,0.019883371889591217,0.8199654221534729,0.9310875535011292,0.9996140599250793,0.10020523518323898,0.8913863301277161
mdeberta,Cannabis,326914750044,pre,0.7958961725234985,0.6006861925125122,0.8778961300849915,0.9656413197517395,0.013480102643370628,,,,,,0.0015703024109825492,0.250518798828125,0.7479109168052673,0.8750414252281189,0.9951467514038086,0.30041196942329407,0.556324303150177,0.8375535011291504
mdeberta,Cannabis,326914750044,post,0.9595730304718018,0.9654138088226318,0.952308714389801,0.8181381821632385,0.009917222894728184,,,,,,0.0026753197889775038,0.17060354351997375,0.8267211318016052,0.9511309266090393,0.9237987995147705,0.5783291459083557,0.5295066833496094,0.7219392657279968
mdeberta,Cannabis,326915164548,pre,0.9240990281105042,0.8482193350791931,0.9620184898376465,0.9539017677307129,0.022180039435625076,,,,,,0.017830653116106987,0.960301399230957,0.021867917850613594,0.9848400950431824,0.9974089860916138,0.10045866668224335,0.7706374526023865,0.9582749605178833
mdeberta,Cannabis,326915164548,post,0.9873384237289429,0.6595147848129272,0.9776498675346375,0.9145963788032532,0.0038543641567230225,,,,,,0.9291911721229553,0.056308627128601074,0.014500139281153679,0.9843363165855408,0.9995635151863098,0.9257686734199524,0.4194101393222809,0.9401060342788696
mdeberta,Cannabis,328337065116,pre,0.9749168753623962,0.6694747805595398,0.9941800236701965,0.840782642364502,0.007899634540081024,,,,,,0.04489712417125702,0.8738245964050293,0.08127834647893906,0.9978172779083252,0.9566341638565063,0.8663305640220642,0.1490972340106964,0.7761991024017334
mdeberta,Cannabis,328337065116,post,0.8787831664085388,0.8086817264556885,0.9876877069473267,0.5192775726318359,0.002296159043908119,,,,,,0.6844066977500916,0.29932379722595215,0.016269536688923836,0.998888373374939,0.48120999336242676,0.9141375422477722,0.01823803223669529,0.295738160610199
mdeberta,Cannabis,328362096096,pre,0.6876300573348999,0.3440025746822357,0.9433605670928955,0.3854903280735016,0.003544978331774473,,,,,,0.36095598340034485,0.18564003705978394,0.45340391993522644,0.9828068017959595,0.9168198108673096,0.00968971662223339,0.040129654109478,0.9229523539543152
mdeberta,Cannabis,328362096096,post,0.5406813621520996,0.5299932360649109,0.9567959308624268,0.06435883790254593,0.0053640566766262054,,,,,,0.17710617184638977,0.41714709997177124,0.4057466685771942,0.9919769763946533,0.9986356496810913,0.1640806794166565,0.03053094446659088,0.9416843056678772
mdeberta,Cannabis,328386378096,pre,0.9783639907836914,0.9186446070671082,0.9788445234298706,0.516351580619812,0.007999754510819912,,,,,,0.0007447351235896349,0.12306284159421921,0.8761924505233765,0.9966949820518494,0.9044397473335266,0.294012188911438,0.19559408724308014,0.5426208972930908
mdeberta,Cannabis,328386378096,post,0.014009566977620125,0.9822961688041687,0.6622505784034729,0.7017130851745605,0.0005213363328948617,,,,,,0.032342564314603806,0.28286314010620117,0.6847943067550659,0.4965820908546448,0.8296300768852234,0.5097643733024597,0.814495861530304,0.8463238477706909
mdeberta,Cannabis,328405054716,pre,0.8242498636245728,0.42966869473457336,0.9771319627761841,0.047514185309410095,0.008916126564145088,,,,,,0.23315277695655823,0.46994784474372864,0.29689937829971313,0.9238589406013489,0.995470404624939,0.16155675053596497,0.003027834929525852,0.7397985458374023
mdeberta,Cannabis,328405054716,post,0.00864417850971222,0.9098168611526489,0.9531444311141968,0.007846239022910595,0.0006550929392687976,,,,,,0.05638287588953972,0.4863607883453369,0.45725634694099426,0.3919876515865326,0.9979888200759888,0.0019456056179478765,0.002746901009231806,0.12126888334751129
mdeberta,Cannabis,328670034264,pre,0.9853420853614807,0.9804500937461853,0.9981215000152588,0.2462613433599472,0.011608562432229519,,,,,,0.0008604248287156224,0.12220814824104309,0.8769314289093018,0.3471704423427582,0.9945147633552551,0.8523834347724915,0.5903068780899048,0.9048924446105957
mdeberta,Cannabis,328670034264,post,0.9814356565475464,0.983940064907074,0.9959456920623779,0.17850792407989502,0.014971480704843998,,,,,,0.0058577354066073895,0.10242094099521637,0.8917213678359985,0.786335825920105,0.9833748936653137,0.925094723701477,0.8289388418197632,0.8167720437049866
mdeberta,Cannabis,329088025296,pre,0.9576358199119568,0.6485498547554016,0.9551939368247986,0.010714440606534481,0.0015427323523908854,,,,,,0.06322062760591507,0.8925580382347107,0.04422139748930931,0.6408606767654419,0.9874478578567505,0.012135457247495651,0.009358113631606102,0.01954994723200798
mdeberta,Cannabis,329088025296,post,0.9606943726539612,0.7364006042480469,0.9195522665977478,0.8537299036979675,0.001560889300890267,,,,,,0.04659689590334892,0.5780152678489685,0.3753877878189087,0.9185168147087097,0.9936487674713135,0.4848678708076477,0.23458194732666016,0.8303191065788269
mdeberta,Cannabis,329266000728,pre,0.9697657227516174,0.9612164497375488,0.9665133953094482,0.8285229802131653,0.052960772067308426,,,,,,0.001049652579240501,0.053942158818244934,0.9450081586837769,0.9515827894210815,0.8993867635726929,0.5860490798950195,0.9389128684997559,0.6920179724693298
mdeberta,Cannabis,329266000728,post,0.821796178817749,0.9120453000068665,0.628977358341217,0.5715274810791016,0.002309621311724186,,,,,,0.0013348107459023595,0.0330418162047863,0.9656233787536621,0.1623779535293579,0.1792430281639099,0.16559310257434845,0.10393037647008896,0.5297499299049377
mdeberta,Cannabis,329277080844,pre,0.9880504012107849,0.9881423115730286,0.9763782024383545,0.9896518588066101,0.005842605140060186,,,,,,0.29090458154678345,0.4831463098526001,0.22594910860061646,0.9969066381454468,0.9952030181884766,0.9835891127586365,0.9862907528877258,0.9661480188369751
mdeberta,Cannabis,329277080844,post,0.7670797109603882,0.9957929849624634,0.9762653112411499,0.9703806042671204,0.005719128996133804,,,,,,0.0051120975986123085,0.6156172156333923,0.3792707622051239,0.878861129283905,0.995345413684845,0.5189118981361389,0.922062337398529,0.8460696339607239
mdeberta,Cannabis,329286656160,pre,0.878086507320404,0.8624095916748047,0.9817532300949097,0.13783682882785797,0.010902373120188713,,,,,,0.2998591959476471,0.6553525924682617,0.04478825256228447,0.9657827615737915,0.38537466526031494,0.2818995416164398,0.5445591807365417,0.531330943107605
mdeberta,Cannabis,329286656160,post,0.9553086757659912,0.20770645141601562,0.9567656517028809,0.07490527629852295,0.0008813243475742638,,,,,,0.38663142919540405,0.5700109004974365,0.043357670307159424,0.8766343593597412,0.05323081091046333,0.20165593922138214,0.14928315579891205,0.6913931965827942
mdeberta,Cannabis,329313745980,pre,0.8381174206733704,0.950370728969574,0.9526402354240417,0.8711463212966919,0.002757622394710779,,,,,,0.1446022242307663,0.6731381416320801,0.18225958943367004,0.5865228772163391,0.7956581115722656,0.36931508779525757,0.77167147397995,0.5539879202842712
mdeberta,Cannabis,329313745980,post,0.949622631072998,0.9728114008903503,0.9792054891586304,0.8745065927505493,0.0006035310798324645,,,,,,0.09926621615886688,0.8366426825523376,0.06409108638763428,0.9281812906265259,0.8288002610206604,0.6913931965827942,0.6791786551475525,0.6634509563446045
mdeberta,Cannabis,329325577812,pre,0.9927038550376892,0.994106113910675,0.9984811544418335,0.838514506816864,0.0015427323523908854,,,,,,0.41245824098587036,0.5677692294120789,0.019772520288825035,0.9926612973213196,0.998553454875946,0.4021573066711426,0.7640123963356018,0.6428810358047485
mdeberta,Cannabis,329325577812,post,0.8186643123626709,0.7529220581054688,0.7352616190910339,0.39396780729293823,0.003389783203601837,,,,,,0.009509356692433357,0.06853701174259186,0.9219537377357483,0.7721872329711914,0.9283438324928284,0.3100672960281372,0.287567675113678,0.397236704826355
mdeberta,Cannabis,329344181928,post,0.8856809139251709,0.8990992307662964,0.004356845282018185,0.8511194586753845,0.014475690200924873,,,,,,0.488149493932724,0.4437062442302704,0.0681443065404892,0.022328782826662064,0.7479843497276306,0.7913377285003662,0.4547143280506134,0.9694184064865112
mdeberta,Cannabis,329345483580,pre,0.7509182691574097,0.11529912054538727,0.6349961161613464,0.30012986063957214,0.002327693859115243,,,,,,0.1523710936307907,0.37989434599876404,0.46773457527160645,0.2483518421649933,0.9067150354385376,0.4445647895336151,0.12885364890098572,0.5464960932731628
mdeberta,Cannabis,329345483580,post,0.8504065275192261,0.6898804903030396,0.3396085798740387,0.14553990960121155,0.036390893161296844,,,,,,0.43675681948661804,0.5180445909500122,0.04519859328866005,0.7521946430206299,0.29462069272994995,0.4156102240085602,0.14021848142147064,0.2741084098815918
mdeberta,Cannabis,329356699812,pre,0.8667540550231934,0.5136684775352478,0.6302298903465271,0.570091962814331,0.00313583598472178,,,,,,0.3173416256904602,0.3464954197406769,0.3361629843711853,0.501708984375,0.641534686088562,0.8384153246879578,0.367270290851593,0.42727723717689514
mdeberta,Cannabis,329356699812,post,0.938856840133667,0.8341030478477478,0.9615699052810669,0.2960433065891266,0.004895880818367004,,,,,,0.5929918885231018,0.2486484795808792,0.1583595871925354,0.8411744236946106,0.48023492097854614,0.411583811044693,0.26817408204078674,0.9829137325286865
mdeberta,Cannabis,329362716960,pre,0.9420286417007446,0.9615879654884338,0.970991849899292,0.2129676640033722,0.0005410355515778065,,,,,,0.6660280227661133,0.3043348789215088,0.029637103900313377,0.9340651631355286,0.8946515321731567,0.644001305103302,0.2818007469177246,0.8276192545890808
mdeberta,Cannabis,329362716960,post,0.6269810795783997,0.6520752906799316,0.9283276796340942,0.0031297362875193357,0.00048785717808641493,,,,,,0.4232403337955475,0.5008953809738159,0.0758642852306366,0.09826304763555527,0.8416142463684082,0.030661284923553467,0.0004897656035609543,0.40768709778785706
mdeberta,Cannabis,329385221928,pre,0.9487037658691406,0.9904035329818726,0.9591542482376099,0.35521551966667175,0.00886449869722128,,,,,,0.24808567762374878,0.41047465801239014,0.34143972396850586,0.7453984022140503,0.6417592167854309,0.6273806095123291,0.23440663516521454,0.6802416443824768
mdeberta,Cannabis,329385221928,post,0.9812389016151428,0.26599961519241333,0.9832949042320251,0.5914872884750366,0.0018350842874497175,,,,,,0.46303611993789673,0.50711989402771,0.029844000935554504,0.890198826789856,0.8503443598747253,0.8743188977241516,0.642432451248169,0.9415467381477356
mdeberta,Cannabis,329391793116,pre,0.9650038480758667,0.8117506504058838,0.99405437707901,0.5705706477165222,0.04228502884507179,,,,,,0.15947483479976654,0.7727929353713989,0.06773227453231812,0.9931628108024597,0.9707432985305786,0.5743947625160217,0.14318770170211792,0.7490413188934326
mdeberta,Cannabis,329391793116,post,0.6957516670227051,0.45495641231536865,0.9777350425720215,0.05945552513003349,0.00047009321860969067,,,,,,0.2589932978153229,0.662635326385498,0.07837141305208206,0.9963958859443665,0.9983611702919006,0.2914848327636719,0.009793342091143131,0.5657786130905151
mdeberta,Cannabis,329421818664,pre,0.9139841198921204,0.8889034986495972,0.8961605429649353,0.023870835080742836,0.0010566837154328823,,,,,,0.3199865221977234,0.48498183488845825,0.19503162801265717,0.6680145263671875,0.011777843348681927,0.5724837779998779,0.7126323580741882,0.8705422878265381
mdeberta,Cannabis,329421818664,post,0.9857180714607239,0.8404718041419983,0.8878382444381714,0.7566274404525757,0.0009057334973476827,,,,,,0.7161004543304443,0.2505783438682556,0.03332119062542915,0.8486589193344116,0.7422348856925964,0.5217148661613464,0.42919009923934937,0.8162599205970764
mdeberta,Cannabis,329435021232,pre,0.9737197160720825,0.07857164740562439,0.9963071942329407,0.5646986961364746,0.0015487611526623368,,,,,,0.9680871963500977,0.024593215435743332,0.007319606840610504,0.9998403191566467,0.8978745341300964,0.08347851783037186,0.4763360917568207,0.9551730155944824
mdeberta,Cannabis,329435021232,post,0.9596109390258789,0.9787736535072327,0.9153182506561279,0.3553833067417145,0.0037144736852496862,,,,,,0.14594325423240662,0.7502638101577759,0.10379289835691452,0.9594022035598755,0.9511875510215759,0.02830144204199314,0.0017274586716666818,0.7958961725234985
mdeberta,Cannabis,329454786096,pre,0.9664263725280762,0.9687972068786621,0.9473323225975037,0.9541052579879761,0.00032313753035850823,,,,,,0.11443273723125458,0.6193732023239136,0.26619404554367065,0.9655845761299133,0.951323390007019,0.837619960308075,0.8818186521530151,0.952463686466217
mdeberta,Cannabis,329454786096,post,0.905500054359436,0.9897711873054504,0.9714354872703552,0.938180685043335,0.002709702355787158,,,,,,0.4490130543708801,0.5275189876556396,0.023467957973480225,0.8974371552467346,0.9897909164428711,0.139748215675354,0.4016878008842468,0.7350715398788452
mdeberta,Cannabis,329485223412,pre,0.7953552603721619,0.022737445309758186,0.8089743256568909,0.0070390463806688786,0.0018279427895322442,,,,,,0.5307502746582031,0.4167432188987732,0.05250650644302368,0.9998765587806702,0.07696083933115005,0.08434178680181503,0.0017443812685087323,0.00012607398093678057
mdeberta,Cannabis,329485223412,post,0.881761372089386,0.9235923290252686,0.4184592664241791,0.7384805083274841,0.00032125029247254133,,,,,,0.21287517249584198,0.6821548342704773,0.10497000068426132,0.9998326301574707,0.839799702167511,0.8536078929901123,0.5472220778465271,0.01428193412721157
mdeberta,Cannabis,329562035244,pre,0.41750895977020264,0.9073609709739685,0.8887346982955933,0.024260740727186203,0.0010923190275207162,,,,,,0.18672509491443634,0.6435915231704712,0.16968339681625366,0.06452073156833649,0.6539837121963501,0.0023141263518482447,0.000539980479516089,0.3020821809768677
mdeberta,Cannabis,329562035244,post,0.7060890793800354,0.4475809931755066,0.8849869966506958,0.07503331452608109,0.00021070436923764646,,,,,,0.369881808757782,0.5342801809310913,0.09583793580532074,0.9019638299942017,0.9925104379653931,0.005437495186924934,0.0008847707067616284,0.10046417266130447
mdeberta,Cannabis,329587821360,pre,0.7885017991065979,0.9617409110069275,0.9742026329040527,0.8958420157432556,0.004174367059022188,,,,,,0.05032870173454285,0.39413008093833923,0.5555411577224731,0.931368887424469,0.8101786971092224,0.793105959892273,0.7339288592338562,0.834339439868927
mdeberta,Cannabis,329587821360,post,0.9064255952835083,0.8259058594703674,0.6780072450637817,0.08035746961832047,0.0007598414667882025,,,,,,0.021449832245707512,0.8866022825241089,0.09194791316986084,0.8415653705596924,0.6905590891838074,0.00582561269402504,0.003203718224540353,0.05761246010661125
mdeberta,Cannabis,329589326160,pre,0.8878382444381714,0.9841546416282654,0.9307735562324524,0.849784255027771,0.015014749020338058,,,,,,0.40871959924697876,0.4741230010986328,0.11715731024742126,0.9380047917366028,0.7828285098075867,0.31426095962524414,0.8512740135192871,0.6949241757392883
mdeberta,Cannabis,329589326160,post,0.9220008850097656,0.94101881980896,0.8353833556175232,0.7490872144699097,0.008251599036157131,,,,,,0.22389280796051025,0.5616310238838196,0.21447616815567017,0.901661217212677,0.566258430480957,0.42155182361602783,0.665410578250885,0.6442251205444336
mdeberta,Cannabis,330411837528,pre,0.9439448118209839,0.9907050728797913,0.7469704747200012,0.23894953727722168,0.000888230511918664,,,,,,0.13851073384284973,0.7399680614471436,0.12152116745710373,0.917672336101532,0.7254541516304016,0.0836280807852745,0.12005141377449036,0.5640984773635864
mdeberta,Cannabis,330411837528,post,0.9819793105125427,0.9733296036720276,0.9818926453590393,0.6699203252792358,0.0011581580620259047,,,,,,0.147632896900177,0.651068925857544,0.20129820704460144,0.9082116484642029,0.8062049746513367,0.5097643733024597,0.47073662281036377,0.5827285647392273
mdeberta,Cannabis,330538103244,pre,0.9008464217185974,0.8464508056640625,0.9655764102935791,0.9178749918937683,0.0026626125909388065,,,,,,0.0024406258016824722,0.3128644824028015,0.6846948266029358,0.9469963908195496,0.5258558392524719,0.2120688110589981,0.4484262764453888,0.003292235778644681
mdeberta,Cannabis,330538103244,post,0.3298232853412628,0.9879520535469055,0.07165613770484924,0.8477157950401306,0.002420194214209914,,,,,,0.004745860584080219,0.07301545888185501,0.9222387075424194,0.9550840854644775,0.671470582485199,0.4804786741733551,0.5969031453132629,0.7680379748344421
mdeberta,Cannabis,330632295516,pre,0.8316841721534729,0.9398306012153625,0.9828232526779175,0.7325918078422546,0.0038468718994408846,,,,,,0.05928521975874901,0.5443787574768066,0.39633601903915405,0.9805722832679749,0.9893885850906372,0.45810624957084656,0.685949444770813,0.6745866537094116
mdeberta,Cannabis,330632295516,post,0.8690353035926819,0.9302684664726257,0.9956091046333313,0.5260993242263794,0.029035642743110657,,,,,,0.032088689506053925,0.6827446222305298,0.28516674041748047,0.9897711873054504,0.9350209832191467,0.028140753507614136,0.9026095867156982,0.6833138465881348
mdeberta,Cannabis,330682908780,pre,0.6174549460411072,0.3991088271141052,0.14122217893600464,0.0350043810904026,0.0035657368134707212,,,,,,0.05729048699140549,0.7568683624267578,0.18584118783473969,0.7940657734870911,0.23423144221305847,0.33676716685295105,0.006950864568352699,0.24211600422859192
mdeberta,Cannabis,330682908780,post,0.5150101184844971,0.6551154255867004,0.22312302887439728,0.0840265154838562,0.00219551520422101,,,,,,0.037137050181627274,0.5312643647193909,0.43159860372543335,0.8880811333656311,0.4148988723754883,0.6579781174659729,0.054223764687776566,0.6134681105613708
mdeberta,Cannabis,330730649244,pre,0.41099265217781067,0.8709543943405151,0.16552987694740295,0.5065913796424866,0.0007748163770884275,,,,,,0.055451128631830215,0.4985935091972351,0.445955365896225,0.8861743211746216,0.6542323231697083,0.297265887260437,0.28239405155181885,0.1675589233636856
mdeberta,Cannabis,330730649244,post,0.9482437372207642,0.9934166669845581,0.9010425209999084,0.5136685371398926,0.01016965787857771,,,,,,0.02147313766181469,0.20927688479423523,0.7692499756813049,0.7442848086357117,0.7701191902160645,0.5389832258224487,0.4885273873806,0.6286354064941406
mdeberta,Cannabis,330737286096,pre,0.9826409816741943,0.9845309257507324,0.9784671068191528,0.9239019155502319,0.03884724900126457,,,,,,0.0037494876887649298,0.12760798633098602,0.8686425089836121,0.9666945934295654,0.9465349316596985,0.3190153241157532,0.17210227251052856,0.9129807949066162
mdeberta,Cannabis,330737286096,post,0.9186263680458069,0.803559422492981,0.9965969920158386,0.3669299781322479,0.0361519381403923,,,,,,0.0016633743653073907,0.02386522851884365,0.974471390247345,0.7318259477615356,0.5031737685203552,0.012710447423160076,0.21502089500427246,0.8919052481651306
mdeberta,Cannabis,330822715644,post,0.7893555164337158,0.405331015586853,0.016737207770347595,0.0364251509308815,0.0004840624169446528,,,,,,0.08373594284057617,0.651835560798645,0.2644284665584564,0.9642289280891418,0.08601588010787964,0.32444941997528076,0.0038844766095280647,0.11919009685516357
mdeberta,Cannabis,330853152960,pre,0.9765129089355469,0.9834227561950684,0.9973887205123901,0.5893619060516357,0.0003107621450908482,,,,,,0.29466578364372253,0.6523097157478333,0.05302449315786362,0.9549844264984131,0.6768335700035095,0.6433293223381042,0.8503443598747253,0.5209838151931763
mdeberta,Cannabis,330853152960,post,0.9954879283905029,0.9873018264770508,0.9974491000175476,0.07460132241249084,0.0006945966160856187,,,,,,0.9552688002586365,0.042115285992622375,0.0026158844120800495,0.9896518588066101,0.9779045581817627,0.9997458457946777,0.9682444930076599,0.5959630012512207
mdeberta,Cannabis,330983937864,pre,0.6894624829292297,0.7095729112625122,0.6088266372680664,0.462473064661026,0.006679878570139408,,,,,,0.014740344136953354,0.3238990604877472,0.6613605618476868,0.8856314420700073,0.6455669403076172,0.640186071395874,0.5229331254959106,0.41584745049476624
mdeberta,Cannabis,330983937864,post,0.4650230407714844,0.6178585290908813,0.5874698758125305,0.34048518538475037,0.007475120481103659,,,,,,0.006853329949080944,0.25767210125923157,0.7354745864868164,0.6614856719970703,0.5467381477355957,0.3073580265045166,0.3242354094982147,0.029745997861027718
mdeberta,Cannabis,330992489232,pre,0.8273055553436279,0.8575893044471741,0.12967802584171295,0.5341265201568604,0.006277706474065781,,,,,,0.12247499078512192,0.7051445245742798,0.17238041758537292,0.6309123039245605,0.6761923432350159,0.14810879528522491,0.10828321427106857,0.22482037544250488
mdeberta,Cannabis,330992489232,post,0.8273055553436279,0.8575893044471741,0.12967802584171295,0.5341265201568604,0.006277706474065781,,,,,,0.12247499078512192,0.7051445245742798,0.17238041758537292,0.6309123039245605,0.6761923432350159,0.14810879528522491,0.10828321427106857,0.22482037544250488
mdeberta,Cannabis,331066087632,pre,0.8355506062507629,0.4678179919719696,0.8593689799308777,0.22927625477313995,0.00210336921736598,,,,,,0.6607623100280762,0.3210877478122711,0.01814994588494301,0.9947340488433838,0.3656831979751587,0.4378235340118408,0.05569459870457649,0.16559310257434845
mdeberta,Cannabis,331066087632,post,0.9212336540222168,0.5451646447181702,0.9665843844413757,0.7500038146972656,0.0001459601044189185,,,,,,0.6599161028862,0.3243773877620697,0.015706514939665794,0.9914763569831848,0.48194143176078796,0.39024344086647034,0.0416080616414547,0.020586775615811348
mdeberta,Cannabis,331199533980,pre,0.9538480043411255,0.9376511573791504,0.9621254205703735,0.9549241065979004,0.003178865648806095,,,,,,0.1517387479543686,0.5953227281570435,0.25293856859207153,0.9137535691261292,0.8775292634963989,0.8371545672416687,0.7942254543304443,0.8840893507003784
mdeberta,Cannabis,331199533980,post,0.9325762391090393,0.9729852080345154,0.967625081539154,0.5151320695877075,0.004231587518006563,,,,,,0.01909794472157955,0.08727918565273285,0.8936228156089783,0.9926896691322327,0.9849128723144531,0.9734433889389038,0.7523766160011292,0.6771538853645325
mdeberta,Cannabis,331428197232,pre,0.9874721169471741,0.6567683219909668,0.9727014303207397,0.03937942907214165,0.004109915811568499,,,,,,0.7415511012077332,0.24887409806251526,0.009574799798429012,0.7155730724334717,0.9830850958824158,0.41324037313461304,0.5537466406822205,0.9884138107299805
mdeberta,Cannabis,331428197232,post,0.9944666028022766,0.8067384958267212,0.6459578275680542,0.3351876437664032,0.002136421389877796,,,,,,0.5684417486190796,0.4104340374469757,0.021124180406332016,0.9949861764907837,0.954329252243042,0.9391784071922302,0.977867603302002,0.689514696598053
mdeberta,Cannabis,331497006264,pre,0.9458262920379639,0.35253605246543884,0.9289907813072205,0.011474869213998318,0.0012089457595720887,,,,,,0.6174595952033997,0.33850517868995667,0.0440351702272892,0.8121979832649231,0.26530900597572327,0.12522576749324799,0.0042151594534516335,0.5590493083000183
mdeberta,Cannabis,331497006264,post,0.9213896989822388,0.7024279832839966,0.9758546352386475,0.8110033273696899,0.0066153923980891705,,,,,,0.0008828373975120485,0.21814312040805817,0.7809740900993347,0.6095241904258728,0.9935619235038757,0.12797923386096954,0.8137569427490234,0.155783548951149
mdeberta,Cannabis,331558564212,pre,0.9557547569274902,0.9733802676200867,0.9618217349052429,0.24798741936683655,0.007403014227747917,,,,,,0.4203372895717621,0.5498316287994385,0.029831044375896454,0.897784948348999,0.5336405038833618,0.4089847505092621,0.4163219928741455,0.21493849158287048
mdeberta,Cannabis,331558564212,post,0.998708188533783,0.974821150302887,0.9804500341415405,0.9299510717391968,0.08764190226793289,,,,,,0.8418847918510437,0.1527208685874939,0.005394339561462402,0.9689151048660278,0.9959298372268677,0.9995651841163635,0.6894624829292297,0.9927881956100464
mdeberta,Cannabis,331646387760,pre,0.7871959805488586,0.7714563012123108,0.9312742948532104,0.19814173877239227,0.002128110034391284,,,,,,0.050655387341976166,0.45613986253738403,0.493204802274704,0.9903803467750549,0.9987744092941284,0.26454830169677734,0.0010608151787891984,0.7526266574859619
mdeberta,Cannabis,331646387760,post,0.8816403746604919,0.9064566493034363,0.9400785565376282,0.2635993957519531,0.00877910852432251,,,,,,0.013395503163337708,0.9774606823921204,0.00914386473596096,0.9769017696380615,0.9895513653755188,0.06443238258361816,0.0033733274322003126,0.6766198873519897
mdeberta,Cannabis,331664859864,pre,0.614509642124176,0.005080037284642458,0.3397181034088135,0.031817466020584106,0.0006202511722221971,,,,,,0.3737837076187134,0.5494573712348938,0.07675892114639282,0.9912123680114746,0.99083012342453,0.132094144821167,0.001978111220523715,0.028368661180138588
mdeberta,Cannabis,331664859864,post,0.3501991033554077,0.357231080532074,0.017028963193297386,0.0017511968035250902,0.00011126154277008027,,,,,,0.4422799348831177,0.4931580126285553,0.06456203758716583,0.4590761065483093,0.9389548897743225,0.0076881940476596355,0.0001229135668836534,0.38722679018974304
mdeberta,Cannabis,331683325812,pre,0.03439110890030861,0.9914969801902771,0.8984550833702087,0.32415518164634705,0.004857965745031834,,,,,,0.012474981136620045,0.11807071417570114,0.8694543242454529,0.9908744096755981,0.9018990397453308,0.041969772428274155,0.8010813593864441,0.07706495374441147
mdeberta,Cannabis,331683325812,post,0.014615669846534729,0.92765873670578,0.6075467467308044,0.057546216994524,0.07110591232776642,,,,,,0.0056952242739498615,0.047673892229795456,0.9466308951377869,0.6523521542549133,0.9750003218650818,0.17276418209075928,0.7798252105712891,0.47073662281036377
mdeberta,Cannabis,332476016148,post,0.9797646403312683,0.9316182136535645,0.9937466382980347,0.9291516542434692,0.025516603142023087,,,,,,0.25377434492111206,0.6575980186462402,0.08862761408090591,0.9784877300262451,0.9949002265930176,0.3225259780883789,0.7563575506210327,0.8971559405326843
mdeberta,Cannabis,332533810728,pre,0.6907155513763428,0.9473810195922852,0.9251623749732971,0.8289387822151184,0.07217758148908615,,,,,,0.036072440445423126,0.2393931895494461,0.7245343923568726,0.8436376452445984,0.9334914088249207,0.14823204278945923,0.29451924562454224,0.9926825761795044
mdeberta,Cannabis,332533810728,post,0.9533619284629822,0.9741166234016418,0.9282138347625732,0.5438022017478943,0.01500031165778637,,,,,,0.33452820777893066,0.351096510887146,0.31437528133392334,0.9324532747268677,0.5176928043365479,0.9790558218955994,0.24382245540618896,0.9995802044868469
mdeberta,Cannabis,332551598148,pre,0.5893619060516357,0.010189337655901909,0.9526622295379639,0.0004869056574534625,0.0004916815087199211,,,,,,0.2646869421005249,0.690074622631073,0.045238394290208817,0.989629328250885,0.010318174958229065,0.10790660977363586,0.004331502132117748,0.0007717979606240988
mdeberta,Cannabis,332551598148,post,0.9638651013374329,0.9614976644515991,0.9114953279495239,0.6340903043746948,0.002575881313532591,,,,,,0.5187057852745056,0.41466036438941956,0.06663385033607483,0.6529056429862976,0.9053223133087158,0.44167301058769226,0.34246158599853516,0.8347439765930176
mdeberta,Cannabis,332579913696,pre,0.8269914388656616,0.7644082903862,0.9138689041137695,0.0923086479306221,0.0012868157355114818,,,,,,0.6631104350090027,0.2964889407157898,0.04040065035223961,0.9412234425544739,0.4598037004470825,0.30074557662010193,0.3129996359348297,0.36954256892204285
mdeberta,Cannabis,332579913696,post,0.9210652709007263,0.6441131830215454,0.881576657295227,0.03481519967317581,0.001968494849279523,,,,,,0.4744427502155304,0.48203179240226746,0.04352549836039543,0.7310585379600525,0.4892594814300537,0.33133605122566223,0.2011847048997879,0.3415825068950653
mdeberta,Cannabis,332724581064,pre,0.6480209827423096,0.5803520083427429,0.026976313441991806,0.2538610100746155,0.0004897656035609543,,,,,,0.04183872789144516,0.9320048093795776,0.02615644969046116,0.6779006123542786,0.3380771279335022,0.06788577884435654,0.11211312562227249,0.15266281366348267
mdeberta,Cannabis,332724581064,post,0.5592900514602661,0.9486860632896423,0.018457891419529915,0.09488716721534729,0.000250207755016163,,,,,,0.07750175893306732,0.36227908730506897,0.5602191090583801,0.0018279431387782097,0.37068092823028564,0.11511248350143433,0.08563278615474701,0.39723673462867737
mdeberta,Cannabis,332796813516,pre,0.18864141404628754,0.9127477407455444,0.8875948786735535,0.6013595461845398,0.005797401070594788,,,,,,0.03302833437919617,0.4198797643184662,0.5470919013023376,0.5039061903953552,0.7455836534500122,0.013171950355172157,0.6025294065475464,0.5178146958351135
mdeberta,Cannabis,332796813516,post,0.6789658665657043,0.9444208741188049,0.8883236050605774,0.05324004217982292,0.001252149697393179,,,,,,0.014328517019748688,0.09049823135137558,0.8951732516288757,0.7399864792823792,0.4371025562286377,0.02157406695187092,0.14306794106960297,0.26076579093933105
mdeberta,Cannabis,332922253644,pre,0.9390527606010437,0.9996132850646973,0.9793737530708313,0.3063195049762726,0.060031525790691376,,,,,,0.00803871639072895,0.2781651020050049,0.7137962579727173,0.9861112833023071,0.9824568033218384,0.7875893712043762,0.14974883198738098,0.869541585445404
mdeberta,Cannabis,332922253644,post,0.9092796444892883,0.8265849351882935,0.9711291193962097,0.28279000520706177,8.284655632451177e-05,,,,,,0.18910673260688782,0.7656683325767517,0.04522489011287689,0.9833828806877136,0.9988552927970886,0.7722731828689575,0.12792475521564484,0.9510741233825684
mdeberta,Cannabis,333132449580,pre,0.994428813457489,0.9331572651863098,0.8826430439949036,0.9902539253234863,0.002741555916145444,,,,,,0.10767215490341187,0.8543834686279297,0.03794441372156143,0.9310562014579773,0.9978300333023071,0.9488699436187744,0.7226249575614929,0.9993384480476379
mdeberta,Cannabis,333132449580,post,0.986571729183197,0.8272008895874023,0.964271068572998,0.8990881443023682,0.0035657365806400776,,,,,,0.0278303325176239,0.939791202545166,0.03237846866250038,0.9905235171318054,0.9992889165878296,0.5609742999076843,0.2757143974304199,0.034326303750276566
mdeberta,Cannabis,333186824160,pre,0.6894624829292297,0.7095729112625122,0.6088266372680664,0.462473064661026,0.006679878570139408,,,,,,0.014740344136953354,0.3238990604877472,0.6613605618476868,0.8856314420700073,0.6455669403076172,0.640186071395874,0.5229331254959106,0.41111084818840027
mdeberta,Cannabis,333186824160,post,0.7889620065689087,0.9906237721443176,0.986151397228241,0.8277585506439209,0.005674875341355801,,,,,,0.047735318541526794,0.30699044466018677,0.6452742218971252,0.9816842079162598,0.9461630582809448,0.8112277984619141,0.7856377363204956,0.807460606098175
mdeberta,Cannabis,333303379128,pre,0.9821512699127197,0.9178933501243591,0.9876520037651062,0.48169761896133423,0.032744042575359344,,,,,,0.31656232476234436,0.6747592687606812,0.008678427897393703,0.9942138195037842,0.6183196306228638,0.5343695282936096,0.7760294079780579,0.5873515009880066
mdeberta,Cannabis,333303379128,post,0.9871788024902344,0.9340726733207703,0.972257137298584,0.1505042165517807,0.0003837120602838695,,,,,,0.6122134923934937,0.3313951790332794,0.05639132857322693,0.9839525818824768,0.00885592307895422,0.7848142385482788,0.19728976488113403,0.75743567943573
mdeberta,Cannabis,333382381812,pre,0.9939260482788086,0.9871292114257812,0.9720985889434814,0.8699909448623657,0.0007096703629940748,,,,,,0.06207779049873352,0.8569574952125549,0.08096470683813095,0.9871756434440613,0.8070047497749329,0.30259713530540466,0.3195459246635437,0.4428774118423462
mdeberta,Cannabis,333382381812,post,0.9597997665405273,0.9303950667381287,0.7701624035835266,0.9259194731712341,0.0006487307837232947,,,,,,0.08444175124168396,0.7171049118041992,0.1984533667564392,0.038938507437705994,0.9830281734466553,0.7626008987426758,0.6386099457740784,0.5889482498168945
mdeberta,Cannabis,333419387580,pre,0.8303878903388977,0.6279512047767639,0.8053261041641235,0.03819620609283447,0.0004424872458912432,,,,,,0.046681564301252365,0.4864330589771271,0.4668853282928467,0.9242615103721619,0.4509637951850891,0.006314364727586508,0.02077466994524002,0.24305802583694458
mdeberta,Cannabis,333419387580,post,0.422028124332428,0.4530198276042938,0.843508780002594,0.03120282106101513,0.008093290030956268,,,,,,0.04104273021221161,0.6767812371253967,0.28217604756355286,0.9979966282844543,0.8378190994262695,0.006139130797237158,0.009731977246701717,0.29209020733833313
mdeberta,Cannabis,333509673528,pre,0.9854685068130493,0.7187671661376953,0.9815244078636169,0.48657551407814026,0.001004416379146278,,,,,,0.1940486878156662,0.7856776714324951,0.020273609086871147,0.9835891127586365,0.7923437356948853,0.404272198677063,0.6180890798568726,0.42823338508605957
mdeberta,Cannabis,333509673528,post,0.9880619645118713,0.8601049780845642,0.971238374710083,0.6627964973449707,0.0026112475898116827,,,,,,0.08839857578277588,0.8849815130233765,0.026619939133524895,0.9475268721580505,0.7134315967559814,0.5693738460540771,0.27561691403388977,0.14147405326366425
mdeberta,Cannabis,333524107980,pre,0.9174876809120178,0.7535573244094849,0.9192447662353516,0.16858302056789398,0.002467810409143567,,,,,,0.8029412627220154,0.17942304909229279,0.0176356453448534,0.7878903746604919,0.9780727624893188,0.17140765488147736,0.316791832447052,0.8544601202011108
mdeberta,Cannabis,333524107980,post,0.6522414088249207,0.988949179649353,0.928732693195343,0.18787655234336853,0.001327609526924789,,,,,,0.028205540031194687,0.4592329263687134,0.512561559677124,0.29777616262435913,0.3085026443004608,0.2606716752052307,0.5477060079574585,0.6924340724945068
mdeberta,Cannabis,333524655864,post,0.9584600329399109,0.9696420431137085,0.9990925192832947,0.22567248344421387,0.0011948780156672,,,,,,0.8046890497207642,0.18434759974479675,0.01096334494650364,0.9971606135368347,0.9878411293029785,0.01300794631242752,0.2549724578857422,0.7459308505058289
mdeberta,Cannabis,333621101232,pre,0.9892544746398926,0.9898793697357178,0.9902349710464478,0.8545435667037964,0.001724093803204596,,,,,,0.1465708613395691,0.6182928681373596,0.23513630032539368,0.969555675983429,0.9500646591186523,0.8833051919937134,0.8482193946838379,0.8189541101455688
mdeberta,Cannabis,333621101232,post,0.9774570465087891,0.9818404912948608,0.9763104915618896,0.7507926225662231,0.0019117692718282342,,,,,,0.14008009433746338,0.5854554772377014,0.2744644582271576,0.9506062269210815,0.9288618564605713,0.9312322735786438,0.7405498027801514,0.7350239157676697
mdeberta,Cannabis,333674999748,post,0.9251285195350647,0.9988304376602173,0.9742884635925293,0.5720056891441345,0.004348381422460079,,,,,,0.015915287658572197,0.5272993445396423,0.4567854106426239,0.9607703685760498,0.9727661609649658,0.05227922275662422,0.20507720112800598,0.19586309790611267
mdeberta,Cannabis,333757626264,pre,0.6797104477882385,0.7685595154762268,0.31205546855926514,0.3883860409259796,0.9637458920478821,,,,,,0.06834159791469574,0.5898050665855408,0.34185341000556946,0.8560919165611267,0.6890963912010193,0.39140594005584717,0.11501304805278778,0.29118239879608154
mdeberta,Cannabis,333757626264,post,0.8545435667037964,0.9741443395614624,0.7750891447067261,0.7209580540657043,0.006589771248400211,,,,,,0.06707412749528885,0.6989284753799438,0.2339974194765091,0.8850366473197937,0.7187918424606323,0.5090322494506836,0.3324187695980072,0.5943158268928528
mdeberta,Cannabis,335869337412,pre,0.8799228072166443,0.6891225576400757,0.5278641581535339,0.5973730087280273,0.8037135601043701,,,,,,0.036525849252939224,0.12808048725128174,0.8353936076164246,0.9653403162956238,0.8440237045288086,0.9529367685317993,0.6725468039512634,0.5107405185699463
mdeberta,Cannabis,335869337412,post,0.7789016962051392,0.8793023228645325,0.4971924424171448,0.7559974789619446,0.0022650505416095257,,,,,,0.15621155500411987,0.5621662139892578,0.2816222608089447,0.983798086643219,0.47779780626296997,0.932637631893158,0.2708657681941986,0.5239075422286987
mdeberta,Cannabis,335891226096,pre,0.8583238124847412,0.7584211826324463,0.5721849799156189,0.5367985367774963,0.07303238660097122,,,,,,0.05249280110001564,0.4437216818332672,0.5037854909896851,0.9298555254936218,0.6178585886955261,0.4318237602710724,0.21288587152957916,0.639510989189148
mdeberta,Cannabis,335891226096,post,0.9958900809288025,0.9951420426368713,0.987829327583313,0.9087799191474915,0.002895213896408677,,,,,,0.12130308151245117,0.8542265892028809,0.02447034977376461,0.9938069581985474,0.9016179442405701,0.873160719871521,0.8230441212654114,0.8739159107208252
mdeberta,Cannabis,335905795296,pre,0.8534095287322998,0.08655482530593872,0.32949957251548767,0.970098614692688,0.0013511207653209567,,,,,,0.32804179191589355,0.571494996547699,0.10046318918466568,0.4941408932209015,0.953057050704956,0.023197626695036888,0.7681249976158142,0.862351655960083
mdeberta,Cannabis,335905795296,post,0.992046594619751,0.3952873647212982,0.6380462646484375,0.8884204030036926,0.0006758737727068365,,,,,,0.5362647175788879,0.4186067283153534,0.04512854665517807,0.0955391600728035,0.6441691517829895,0.0032287640497088432,0.0817393809556961,0.9582651853561401
mdeberta,Cannabis,335907029232,pre,0.9934484362602234,0.9580400586128235,0.9941118359565735,0.9562068581581116,0.014615670777857304,,,,,,0.19413822889328003,0.7154357433319092,0.09042605012655258,0.9398306012153625,0.9323917627334595,0.6595147848129272,0.7411122918128967,0.8031737804412842
mdeberta,Cannabis,335907029232,post,0.7515569925308228,0.32161977887153625,0.413802832365036,0.5278033018112183,0.00031381085864268243,,,,,,0.29636645317077637,0.6409939527511597,0.06263958662748337,0.42155179381370544,0.39140594005584717,0.11367795616388321,0.24598956108093262,0.5994851589202881
mdeberta,Cannabis,335939244948,pre,0.9340651631355286,0.6469064950942993,0.9600252509117126,0.12681220471858978,0.007093861699104309,,,,,,0.5274197459220886,0.4454350769519806,0.02714519202709198,0.9538587927818298,0.6393139958381653,0.09973295032978058,0.0015700473450124264,0.9336428642272949
mdeberta,Cannabis,335939244948,post,0.7782177329063416,0.6294686198234558,0.7998334765434265,0.21425952017307281,0.0004765613120980561,,,,,,0.43370020389556885,0.38180580735206604,0.1844940483570099,0.7644522786140442,0.9926755428314209,0.07608955353498459,0.00018850983178708702,0.08170273900032043
mdeberta,Cannabis,335953130148,pre,0.9727661609649658,0.9805061221122742,0.9798033833503723,0.8734849095344543,0.0011649561347439885,,,,,,0.19640278816223145,0.6887003183364868,0.11489685624837875,0.9317677617073059,0.8040214776992798,0.87169349193573,0.6531268954277039,0.6230328679084778
mdeberta,Cannabis,335953130148,post,0.9303950667381287,0.99455726146698,0.9158841967582703,0.7372528314590454,0.9953227043151855,,,,,,0.03233686834573746,0.2660680413246155,0.70159512758255,0.9844376444816589,0.7897205948829651,0.633863627910614,0.7541915774345398,0.8262916803359985
mdeberta,Cannabis,335992182444,pre,0.9140608906745911,0.7962528467178345,0.9412504434585571,0.7098244428634644,0.0031480707693845034,,,,,,0.015019023790955544,0.19175001978874207,0.7932309508323669,0.9000476002693176,0.9419084787368774,0.40615516901016235,0.46223029494285583,0.07972825318574905
mdeberta,Cannabis,335992182444,post,0.8215994238853455,0.9872527718544006,0.970687747001648,0.41087448596954346,0.003376612439751625,,,,,,0.000979448901489377,0.026758495718240738,0.9722620844841003,0.9970102310180664,0.9750404357910156,0.7256485819816589,0.8984105587005615,0.8203255534172058
mdeberta,Cannabis,336050532432,post,0.9357293248176575,0.9889385104179382,0.9156394004821777,0.9762600064277649,0.0030813640914857388,,,,,,0.004602036438882351,0.14372549951076508,0.8516725301742554,0.949980616569519,0.9389548897743225,0.9471371173858643,0.7972412705421448,0.9429548382759094
mdeberta,Cannabis,336066055128,pre,0.9819186925888062,0.9911097288131714,0.804218590259552,0.825659990310669,0.0031175725162029266,,,,,,0.05085483193397522,0.9381906390190125,0.010954582132399082,0.911110520362854,0.8884733319282532,0.13927927613258362,0.43638184666633606,0.052134256809949875
mdeberta,Cannabis,336066055128,post,0.5481898188591003,0.905322253704071,0.5525397062301636,0.7721872329711914,0.003350423648953438,,,,,,0.0655728280544281,0.788378119468689,0.14604906737804413,0.8689936399459839,0.7420480251312256,0.5741559863090515,0.378459095954895,0.6448963284492493
mdeberta,Cannabis,336092047812,pre,0.8449534773826599,0.9796092510223389,0.9966299533843994,0.21908679604530334,0.004654597491025925,,,,,,0.0007802299223840237,0.12159081548452377,0.8776289820671082,0.9817007184028625,0.9915215969085693,0.25626158714294434,0.9374975562095642,0.10739066451787949
mdeberta,Cannabis,336092047812,post,0.9833908677101135,0.885532557964325,0.9864417910575867,0.031143829226493835,0.014643825590610504,,,,,,0.014738884754478931,0.9091950058937073,0.07606609165668488,0.17432241141796112,0.265523225069046,0.11925419420003891,0.9813732504844666,0.9555270671844482
mdeberta,Cannabis,336209078844,post,0.9908744096755981,0.9759579300880432,0.9717254042625427,0.5469802021980286,0.0002046221779892221,,,,,,0.8466698527336121,0.14011768996715546,0.013212384656071663,0.9951396584510803,0.2979804277420044,0.8917639255523682,0.30239108204841614,0.8312800526618958
mdeberta,Cannabis,336213594612,pre,0.9703103303909302,0.9421817064285278,0.8874486684799194,0.3000272810459137,0.0011855904012918472,,,,,,0.090729258954525,0.46363863348960876,0.44563207030296326,0.9446893334388733,0.11864013969898224,0.2209722250699997,0.364551305770874,0.641871452331543
mdeberta,Cannabis,336213594612,post,0.6754435896873474,0.5458909869194031,0.9376189708709717,0.03381211683154106,0.0076807462610304356,,,,,,0.00135268853046,0.01913478970527649,0.9795125126838684,0.41691532731056213,0.9991255402565002,0.018689308315515518,0.11621123552322388,0.09402578324079514
mdeberta,Cannabis,336220230780,pre,0.987592339515686,0.9527503252029419,0.9930827617645264,0.9494178891181946,0.08115490525960922,,,,,,0.1343408077955246,0.6963745951652527,0.16928456723690033,0.9508463740348816,0.8471792936325073,0.003027834929525852,0.19042274355888367,0.5228112936019897
mdeberta,Cannabis,336220230780,post,0.9822707176208496,0.8679338097572327,0.9704647064208984,0.0055765449069440365,0.005070175509899855,,,,,,0.2057052105665207,0.7844204306602478,0.009874396026134491,0.9440963864326477,0.015693791210651398,0.00391482375562191,0.008669319562613964,0.07369626313447952
mdeberta,Cannabis,336312157644,pre,0.12176405638456345,0.5226894617080688,0.25525081157684326,0.006602569483220577,0.030014924705028534,,,,,,0.0071610645391047,0.13551580905914307,0.8573231101036072,0.0021033689845353365,0.934185266494751,0.0014409428695216775,0.11767348647117615,0.5503657460212708
mdeberta,Cannabis,336312157644,post,0.7384805083274841,0.6994597315788269,0.6858442425727844,0.24707797169685364,0.06336633861064911,,,,,,0.006739420350641012,0.060954175889492035,0.9323063492774963,0.9510173201560974,0.8975606560707092,0.3065270483493805,0.622459352016449,0.6824678778648376
mdeberta,Cannabis,336365716212,pre,0.884986937046051,0.10203596204519272,0.8290772438049316,0.2423849105834961,0.005522650666534901,,,,,,0.5007504224777222,0.48962849378585815,0.009621107950806618,0.9486681818962097,0.7496374249458313,0.34466397762298584,0.3704531192779541,0.32917603850364685
mdeberta,Cannabis,336365716212,post,0.9597384929656982,0.7052016854286194,0.8743188977241516,0.4464946985244751,0.0027149852830916643,,,,,,0.9530201554298401,0.03868819400668144,0.008291669189929962,0.9989203810691833,0.38722679018974304,0.507567822933197,0.81967693567276,0.20878323912620544
mdeberta,Cannabis,336368866716,pre,0.20894460380077362,0.12522576749324799,0.11367794871330261,0.18884699046611786,0.0038393947761505842,,,,,,0.03184458240866661,0.5412466526031494,0.42690879106521606,0.6573185324668884,0.6815148591995239,0.4846239686012268,0.1310063749551773,0.05447471886873245
mdeberta,Cannabis,336368866716,post,0.9861847162246704,0.9257490038871765,0.9904405474662781,0.870266854763031,0.0004222328425385058,,,,,,0.3038468360900879,0.5826139450073242,0.11353926360607147,0.7961339950561523,0.9480584263801575,0.7854732275009155,0.6095241904258728,0.9269676208496094
mdeberta,Cannabis,336436920612,pre,0.9862378239631653,0.8987442851066589,0.96720951795578,0.4028618633747101,0.014254464767873287,,,,,,0.4662620723247528,0.45103493332862854,0.08270299434661865,0.8931697607040405,0.47219666838645935,0.5585677623748779,0.061684947460889816,0.6031139492988586
mdeberta,Cannabis,336436920612,post,0.9071478247642517,0.4303867220878601,0.2719278633594513,0.5917232036590576,0.00011774458835134283,,,,,,0.27077269554138184,0.7175832390785217,0.011644048616290092,0.97894287109375,0.9623028635978699,0.8751482367515564,0.3172147274017334,0.7258430123329163
mdeberta,Cannabis,336453335928,pre,0.9659478068351746,0.0838528722524643,0.9660279750823975,0.6320486068725586,0.0015885252505540848,,,,,,0.9245565533638,0.06080271676182747,0.014640715904533863,0.9999114274978638,0.8799357414245605,0.39396774768829346,0.5931380391120911,0.006241259630769491
mdeberta,Cannabis,336453335928,post,0.9823977947235107,0.703956663608551,0.9325454831123352,0.26326778531074524,0.0003125878283753991,,,,,,0.4036751687526703,0.5622290968894958,0.034095823764801025,0.98046875,0.23074638843536377,0.5774953961372375,0.016898682340979576,0.7164170145988464
mdeberta,Cannabis,337439599632,post,0.2988493740558624,0.9714016318321228,0.9736195802688599,0.3389073610305786,0.0007495313766412437,,,,,,0.041377775371074677,0.556338369846344,0.40228384733200073,0.7410654425621033,0.9964893460273743,0.26681074500083923,0.049704212695360184,0.5209532976150513
mdeberta,Cannabis,337490487180,pre,0.6435533761978149,0.520252525806427,0.021677378565073013,0.01012551598250866,0.0009735437924973667,,,,,,0.1252720206975937,0.7439558506011963,0.13077212870121002,0.7781439423561096,0.4605315029621124,0.1233656257390976,0.07807816565036774,0.034922003746032715
mdeberta,Cannabis,337490487180,post,0.9808117151260376,0.601593554019928,0.9765129089355469,0.48999160528182983,0.0002668609959073365,,,,,,0.7848126292228699,0.19929197430610657,0.01589541882276535,0.9991752505302429,0.09340889006853104,0.6721165180206299,0.06555996090173721,0.0016875097062438726
mdeberta,Cannabis,337500337464,pre,0.26001349091529846,0.9621964693069458,0.3376401960849762,0.7021217346191406,0.003953089937567711,,,,,,0.017785750329494476,0.33723512291908264,0.6449791193008423,0.8613633513450623,0.8889035582542419,0.04764695465564728,0.6069644689559937,0.2192121297121048
mdeberta,Cannabis,337500337464,post,0.9812029004096985,0.9889864921569824,0.9616420269012451,0.7689067721366882,0.8692435622215271,,,,,,0.011231520213186741,0.311981201171875,0.676787257194519,0.9898266196250916,0.8578872084617615,0.8589553236961365,0.8307315111160278,0.8031737804412842
mdeberta,Cannabis,337523113296,pre,0.9109794497489929,0.6273806691169739,0.976669192314148,0.5636181831359863,0.001874861540272832,,,,,,0.20396174490451813,0.6064739227294922,0.1895643174648285,0.8859278559684753,0.8289388418197632,0.7426084280014038,0.5786862969398499,0.23122340440750122
mdeberta,Cannabis,337523113296,post,0.9854824542999268,0.9755070209503174,0.9553608298301697,0.7172099947929382,0.005808669608086348,,,,,,0.24939022958278656,0.7120528221130371,0.03855695575475693,0.9725062847137451,0.9682163596153259,0.6656279563903809,0.6785399913787842,0.4931644797325134
mdeberta,Cannabis,337564903644,pre,0.3222059905529022,0.6857390403747559,0.391289621591568,0.0006641047657467425,0.0017140385461971164,,,,,,0.24657872319221497,0.5466916561126709,0.20672960579395294,0.545285701751709,0.02834511734545231,0.01974273845553398,0.03619449585676193,0.04966963082551956
mdeberta,Cannabis,337564903644,post,0.1942053884267807,0.7719939947128296,0.005395408719778061,8.957788668340072e-05,0.002046750159934163,,,,,,0.08006514608860016,0.8141760230064392,0.10575879365205765,0.7372527718544006,0.001817283104173839,0.02256987988948822,0.0019286135211586952,0.013083388097584248
mdeberta,Cannabis,337689875232,post,0.09664449095726013,0.10991160571575165,0.004962942097336054,0.0023413407616317272,0.0006178345065563917,,,,,,0.051545653492212296,0.6060396432876587,0.3424146771430969,0.02349824830889702,0.0626743733882904,0.016761332750320435,0.005951373837888241,0.015678713098168373
mdeberta,Cannabis,337924757412,pre,0.7768769264221191,0.1422765851020813,0.7139304876327515,0.02544385939836502,0.0005736652528867126,,,,,,0.38887467980384827,0.5519607067108154,0.05916454643011093,0.9511110186576843,0.571019172668457,0.3656831979751587,0.021084841340780258,0.36184096336364746
mdeberta,Cannabis,337924757412,post,0.9878175854682922,0.9754368662834167,0.9865328669548035,0.7191864252090454,0.00012706265260931104,,,,,,0.2859989106655121,0.6380892992019653,0.07591179013252258,0.9937039613723755,0.9088204503059387,0.9071478247642517,0.4330221712589264,0.6334102153778076
mdeberta,Cannabis,338387077116,pre,0.9750716686248779,0.9947084188461304,0.9820826649665833,0.18993394076824188,0.006109410431236029,,,,,,0.21505117416381836,0.6875313520431519,0.09741750359535217,0.9952540397644043,0.9757854342460632,0.935523509979248,0.21584618091583252,0.16364583373069763
mdeberta,Cannabis,338424079464,pre,0.975237250328064,0.9573575854301453,0.9967460036277771,0.77647465467453,0.0006745558930560946,,,,,,0.3040096163749695,0.677197277545929,0.018793104216456413,0.9337506294250488,0.9976357221603394,0.29665422439575195,0.6674728393554688,0.6997675895690918
mdeberta,Cannabis,338559034716,pre,0.9606020450592041,0.9141758680343628,0.9439190030097961,0.5078118443489075,0.0007824140484444797,,,,,,0.789272665977478,0.13695426285266876,0.07377313822507858,0.9439189434051514,0.6804540753364563,0.8275495767593384,0.8889517188072205,0.8445373177528381
mdeberta,Cannabis,338559034716,post,0.915128767490387,0.9610614776611328,0.764979362487793,0.6265813112258911,0.00033732017618604004,,,,,,0.2729856073856354,0.6262447834014893,0.10076963901519775,0.9522865414619446,0.6916015148162842,0.6638869643211365,0.4814538359642029,0.3493107259273529
mdeberta,Cannabis,339360065748,pre,0.8069286942481995,0.9308167695999146,0.8727681636810303,0.4472188949584961,0.007417379878461361,,,,,,0.0009491156088188291,0.04672408476471901,0.952326774597168,0.947853684425354,0.9803750514984131,0.0393378883600235,0.17852585017681122,0.10617977380752563
mdeberta,Cannabis,339360065748,post,0.027402503415942192,0.9056983590126038,0.2969663441181183,0.016545439139008522,0.005934067070484161,,,,,,0.008732779882848263,0.07401669770479202,0.9172504544258118,0.7854731678962708,0.7214489579200745,0.0004529757716227323,0.00026947917649522424,0.02872750721871853
mdeberta,Cannabis,339400418328,pre,0.19551727175712585,0.9874720573425293,0.9710330963134766,0.8580657243728638,0.0004926423425786197,,,,,,0.028165899217128754,0.17169009149074554,0.8001440167427063,0.977459728717804,0.9531879425048828,0.7112303972244263,0.849846601486206,0.7711548805236816
mdeberta,Cannabis,339400418328,post,0.5462540984153748,0.39280256628990173,0.7068485021591187,0.2683658003807068,0.000656372809316963,,,,,,0.008619247004389763,0.1392434984445572,0.8521372675895691,0.8550057411193848,0.39466747641563416,0.23458193242549896,0.4344612658023834,0.012229472398757935
mdeberta,Cannabis,339412460148,pre,0.9723228812217712,0.9805806875228882,0.9580106139183044,0.7022238373756409,0.00030594569398090243,,,,,,0.4295650124549866,0.5202457904815674,0.05018923059105873,0.8121234178543091,0.8970206379890442,0.7793217897415161,0.4573790431022644,0.8371545672416687
mdeberta,Cannabis,339412460148,post,0.9771974086761475,0.9752490520477295,0.9857455492019653,0.6286354064941406,0.0006238938658498228,,,,,,0.4428791403770447,0.5064016580581665,0.050719209015369415,0.1333305686712265,0.7146280407905579,0.8003020882606506,0.5234203338623047,0.9952309131622314
mdeberta,Cannabis,339468139116,pre,0.9024444818496704,0.9891186356544495,0.96207195520401,0.4238157272338867,0.006519820541143417,,,,,,0.0012921164743602276,0.07214965671300888,0.9265581965446472,0.7899232506752014,0.9967900514602661,0.2443629950284958,0.28997451066970825,0.9748451113700867
mdeberta,Cannabis,339468139116,post,0.00817206408828497,0.9816918969154358,0.8354163765907288,0.79376620054245,0.007303223945200443,,,,,,0.003596826223656535,0.027896849438548088,0.9685062766075134,0.22397056221961975,0.9932941198348999,0.012759560719132423,0.7381031513214111,0.9148438572883606
mdeberta,Cannabis,339512253696,pre,0.649161696434021,0.9296482801437378,0.8065480589866638,0.4653874933719635,0.001452227937988937,,,,,,0.013190004043281078,0.05577656626701355,0.9310333728790283,0.8938665986061096,0.7122321724891663,0.5443170070648193,0.3005402684211731,0.5493988394737244
mdeberta,Cannabis,339512253696,post,0.7893351912498474,0.8655937910079956,0.9346341490745544,0.705987811088562,0.002895213896408677,,,,,,0.026173340156674385,0.3716905415058136,0.6021361351013184,0.5076898336410522,0.9990545511245728,0.729616105556488,0.36116471886634827,0.11951085925102234
mdeberta,Cannabis,339572310264,pre,0.08785687386989594,0.13205216825008392,0.0018821858102455735,0.0005549409543164074,0.0009362828568555415,,,,,,0.12009834498167038,0.47222310304641724,0.4076785445213318,0.45834869146347046,0.05298526585102081,0.007511434145271778,0.004154118709266186,0.016230616718530655
mdeberta,Cannabis,339572310264,post,0.31636926531791687,0.7030400037765503,0.04401865229010582,0.03098217025399208,0.0016103573143482208,,,,,,0.030962655320763588,0.3885115385055542,0.5805257558822632,0.03086511231958866,0.23863887786865234,0.005144606810063124,0.048496004194021225,0.007190811913460493
mdeberta,Cannabis,339637903812,pre,0.9947442412376404,0.8499088883399963,0.6473385095596313,0.10975347459316254,0.00024536947603337467,,,,,,0.828101634979248,0.16273479163646698,0.009163513779640198,0.9732851982116699,0.16398024559020996,0.8311430811882019,0.0972617045044899,0.7449347376823425
mdeberta,Cannabis,339637903812,post,0.9961418509483337,0.9862642884254456,0.9870046377182007,0.9046874046325684,0.00021909605129621923,,,,,,0.6681953072547913,0.2862667739391327,0.04553791508078575,0.991570770740509,0.576780378818512,0.843508780002594,0.5151320695877075,0.7690802216529846
mdeberta,Cannabis,339838728948,pre,0.9223600625991821,0.5232985019683838,0.9903849959373474,0.9532641768455505,0.0003654328465927392,,,,,,0.0009075350244529545,0.9971786737442017,0.0019137613708153367,0.9988620281219482,0.9995197653770447,0.9511876106262207,0.5375269055366516,0.18761594593524933
mdeberta,Cannabis,339838728948,post,0.6608293652534485,0.6025294065475464,0.0031603528186678886,0.6695287823677063,0.0006166297825984657,,,,,,0.12691515684127808,0.6008398532867432,0.27224498987197876,0.8720207810401917,0.7531036734580994,0.3942009508609772,0.44167301058769226,0.7352616190910339
mdeberta,Cannabis,339960888612,pre,0.1262994408607483,0.41288521885871887,0.7931260466575623,0.018142107874155045,0.051749538630247116,,,,,,0.00600352743640542,0.08719338476657867,0.9068031311035156,0.7670797109603882,0.30954524874687195,0.0015427324688062072,0.11114469915628433,0.07444977760314941
mdeberta,Cannabis,339960888612,post,0.020390791818499565,0.8638516664505005,0.9563497304916382,0.04342661052942276,0.0043738228268921375,,,,,,0.02402104064822197,0.22541514039039612,0.7505638003349304,0.6971967220306396,0.9460635185241699,0.00016474656877107918,0.3186971843242645,0.01948920451104641
mdeberta,Cannabis,340026146316,pre,0.057864829897880554,0.7636600136756897,0.02673386037349701,0.033939965069293976,0.000758359965402633,,,,,,0.03413445129990578,0.6614798903465271,0.3043856620788574,0.45810627937316895,0.3354596793651581,0.08184939622879028,0.25219982862472534,0.4134771525859833
mdeberta,Cannabis,340026146316,post,0.9189543128013611,0.9000476002693176,0.9710468053817749,0.2929997444152832,0.0020033332984894514,,,,,,0.0698259100317955,0.5122449994087219,0.41792911291122437,0.9898855090141296,0.8812066316604614,0.41679659485816956,0.05869556963443756,0.4211946725845337
mdeberta,Cannabis,340120874160,post,0.9801673293113708,0.9874720573425293,0.9527502655982971,0.9087596535682678,0.0015854305820539594,,,,,,0.1145378053188324,0.6446375250816345,0.2408246546983719,0.968268871307373,0.9256174564361572,0.9023517966270447,0.5518152713775635,0.4440825581550598
mdeberta,Cannabis,340237222560,pre,0.8587185740470886,0.42131370306015015,0.9276751279830933,0.2609540522098541,0.01024860143661499,,,,,,0.9663292169570923,0.03167525678873062,0.0019954857416450977,0.21683956682682037,0.7766228914260864,0.12526588141918182,0.5360700488090515,0.7580631375312805
mdeberta,Cannabis,340237222560,post,0.9818753004074097,0.9561863541603088,0.9974039793014526,0.2523379921913147,0.012858347967267036,,,,,,0.7771759033203125,0.2151826173067093,0.007641518954187632,0.9998058676719666,0.992974579334259,0.0221377182751894,0.7948630452156067,0.3933558762073517
mdeberta,Cannabis,340243723296,pre,0.9215697050094604,0.7287965416908264,0.07850097864866257,0.25321412086486816,0.00792262889444828,,,,,,0.046949923038482666,0.29085126519203186,0.6621989011764526,0.9986249804496765,0.40262696146965027,0.2750323712825775,0.28937166929244995,0.999180018901825
mdeberta,Cannabis,340243723296,post,0.9906509518623352,0.8424423336982727,0.9286882281303406,0.970680832862854,0.00030475331004709005,,,,,,0.0801839604973793,0.7864480018615723,0.13336804509162903,0.9672946333885193,0.9014878869056702,0.7823300361633301,0.8257302641868591,0.8122724294662476
mdeberta,Cannabis,340245912780,pre,0.38722679018974304,0.8744261264801025,0.8162416815757751,0.1009783148765564,0.014672035351395607,,,,,,0.033005066215991974,0.850381076335907,0.11661385744810104,0.25631392002105713,0.9981030821800232,0.005962939001619816,0.0273634884506464,0.07566586136817932
mdeberta,Cannabis,340245912780,post,0.27551940083503723,0.24339507520198822,0.7268136143684387,0.03384403511881828,0.0005336928297765553,,,,,,0.22817805409431458,0.643073558807373,0.12874847650527954,0.5520567893981934,0.2523840367794037,0.046087540686130524,0.010755925439298153,0.08549907058477402
mdeberta,Cannabis,340410140496,post,0.8290426135063171,0.9787329435348511,0.9439964890480042,0.8107131719589233,0.11392416805028915,,,,,,0.00537821464240551,0.959993839263916,0.03462795168161392,0.9163906574249268,0.9711154103279114,0.910086989402771,0.4960938096046448,0.7412059903144836
mdeberta,Cannabis,340416364896,pre,0.4604101777076721,0.5624168515205383,0.29838910698890686,0.8124770522117615,0.0021912408992648125,,,,,,0.33645427227020264,0.5645564198493958,0.09898937493562698,0.9467200040817261,0.9489291310310364,0.18010666966438293,0.04771900922060013,0.1811545342206955
mdeberta,Cannabis,340416364896,post,0.8139049410820007,0.9426916241645813,0.7486280798912048,0.1617169976234436,0.011777843348681927,,,,,,0.006993440445512533,0.1333816796541214,0.8596249222755432,0.9320833683013916,0.5667380690574646,0.35667067766189575,0.16586315631866455,0.25599414110183716
mdeberta,Cannabis,340552889928,pre,0.9248236417770386,0.948846161365509,0.9720985889434814,0.0016072202706709504,0.0013432379346340895,,,,,,0.6431421637535095,0.342572420835495,0.014285383746027946,0.17645862698554993,0.08079154044389725,0.04720576852560043,0.00010720879799919203,0.6239498853683472
mdeberta,Cannabis,340634619720,pre,0.9986827373504639,0.9104658365249634,0.9990245699882507,0.44830551743507385,0.06797852367162704,,,,,,0.3648631274700165,0.43753767013549805,0.19759926199913025,0.9973139762878418,0.9956558346748352,0.9889704585075378,0.01711088791489601,0.9427180290222168
mdeberta,Cannabis,340634619720,post,0.6057990789413452,0.9147273898124695,0.6080704927444458,0.22034244239330292,0.0002885393041651696,,,,,,0.21631839871406555,0.7292541861534119,0.05442744493484497,0.7869504690170288,0.6913931965827942,0.36886027455329895,0.14560063183307648,0.10424912720918655
mdeberta,Cannabis,340636960368,pre,0.9919691681861877,0.9725062847137451,0.9706042408943176,0.543590247631073,0.000219096036744304,,,,,,0.8402032256126404,0.14715056121349335,0.012646173126995564,0.9950969815254211,0.2333567589521408,0.8732147812843323,0.33111971616744995,0.8098029494285583
mdeberta,Cannabis,340636960368,post,0.9932680726051331,0.9773815870285034,0.9872035384178162,0.346762478351593,0.0009491592645645142,,,,,,0.3109925389289856,0.6381152868270874,0.05089223384857178,0.9829403758049011,0.30466195940971375,0.6862649321556091,0.21518577635288239,0.7407373785972595
mdeberta,Cannabis,340639446708,post,0.9730876684188843,0.5778229832649231,0.8275060653686523,0.0032224843744188547,0.0007687913603149354,,,,,,0.5643483400344849,0.41531240940093994,0.020339230075478554,0.8566025495529175,0.6235989332199097,0.00015296379569917917,0.006903837900608778,0.15928277373313904
mdeberta,Cannabis,340640571888,post,0.9821341037750244,0.9626731276512146,0.9875082969665527,0.7464163899421692,0.0005053045460954309,,,,,,0.16251839697360992,0.5715543031692505,0.265927255153656,0.9749078750610352,0.8401278853416443,0.7905303239822388,0.7518303990364075,0.8386136889457703
mdeberta,Cannabis,340640868744,pre,0.6772072315216064,0.17626358568668365,0.46077415347099304,0.14223189651966095,0.05370030552148819,,,,,,0.24395716190338135,0.6350982785224915,0.12094458937644958,0.060835544019937515,0.29219120740890503,0.1250653862953186,0.07940641045570374,0.9978801608085632
mdeberta,Cannabis,340640868744,post,0.929223895072937,0.6889917850494385,0.8517987728118896,0.2806163728237152,0.0029235430993139744,,,,,,0.2829541265964508,0.6726678013801575,0.04437807947397232,0.5156198740005493,0.9648054242134094,0.5971381068229675,0.3250918984413147,0.8124957084655762
mdeberta,Cannabis,340641067104,pre,0.9098569750785828,0.9611709713935852,0.994551956653595,0.726037323474884,0.029451481997966766,,,,,,0.0033436487428843975,0.41422057151794434,0.5824357867240906,0.997785210609436,0.9808025360107422,0.26865354180336,0.5905430912971497,0.6295468807220459
mdeberta,Cannabis,340641067104,post,0.9154694676399231,0.996182918548584,0.9800626039505005,0.9046505093574524,0.002467810409143567,,,,,,0.00850751157850027,0.5831757187843323,0.4083167612552643,0.984574556350708,0.92950439453125,0.28997451066970825,0.8265718817710876,0.9008791446685791
mdeberta,Cannabis,340641527436,pre,0.9817706942558289,0.9049029350280762,0.9950563311576843,0.14423923194408417,0.0008830458973534405,,,,,,0.26400861144065857,0.7073867321014404,0.0286046601831913,0.9402090907096863,0.9993699789047241,0.03659692034125328,0.006654009688645601,0.9629179835319519
mdeberta,Cannabis,340641527436,post,0.9925393462181091,0.9939202070236206,0.9871292114257812,0.15463115274906158,0.008388572372496128,,,,,,0.025108283385634422,0.35275575518608093,0.6221359968185425,0.9534704089164734,0.9985978603363037,0.9995243549346924,0.755636990070343,0.7785125374794006
mdeberta,Cannabis,340641934416,pre,0.8379765748977661,0.8716115355491638,0.9272316098213196,0.35331663489341736,0.01805533468723297,,,,,,0.02316385507583618,0.4832610487937927,0.49357515573501587,0.8470843434333801,0.8574102520942688,0.02750680409371853,0.026455774903297424,0.13153885304927826
mdeberta,Cannabis,340641934416,post,0.32028958201408386,0.09820897877216339,0.5406813621520996,0.0284495260566473,0.00042804275290109217,,,,,,0.017129037529230118,0.43789801001548767,0.5449728965759277,0.3133147060871124,0.1131991520524025,0.0009735437924973667,0.0024774454068392515,0.020924190059304237
mdeberta,Cannabis,340641935100,pre,0.9771319627761841,0.9138689041137695,0.9907588362693787,0.45438137650489807,0.03971325606107712,,,,,,0.810390055179596,0.18583503365516663,0.003774904413148761,0.9997175931930542,0.9816479682922363,0.985731840133667,0.04310322925448418,0.46235164999961853
mdeberta,Cannabis,340641935100,post,0.9725974798202515,0.3455468416213989,0.9927812814712524,0.3718206584453583,0.0028671585023403168,,,,,,0.7738901376724243,0.22021271288394928,0.005897194612771273,0.9964203834533691,0.564578652381897,0.6345433592796326,0.19605544209480286,0.7708100080490112
mdeberta,Cannabis,340642271628,pre,0.9941347241401672,0.9747732281684875,0.978834331035614,0.18465721607208252,0.00033930179779417813,,,,,,0.5320937633514404,0.40228334069252014,0.06562286615371704,0.9929438233375549,0.07423137873411179,0.7551859021186829,0.08846282213926315,0.7263286113739014
mdeberta,Cannabis,340642271628,post,0.9918121099472046,0.9825993180274963,0.9810219407081604,0.2956872880458832,0.00034802412847056985,,,,,,0.570854902267456,0.3586300313472748,0.07051507383584976,0.9924264550209045,0.1188700944185257,0.7871959805488586,0.14940723776817322,0.7364006042480469
mdeberta,Cannabis,340642298304,pre,0.7997308969497681,0.47219666838645935,0.4192317724227905,0.6719012260437012,0.00035488588036969304,,,,,,0.09090416878461838,0.6347081065177917,0.27438774704933167,0.9280998706817627,0.7377254366874695,0.16043037176132202,0.24889913201332092,0.5472221374511719
mdeberta,Cannabis,340642298304,post,0.08366550505161285,0.7555468082427979,0.12797921895980835,0.018761083483695984,0.0001468177215429023,,,,,,0.0754912719130516,0.3283998668193817,0.5961088538169861,0.41561025381088257,0.25091278553009033,0.052492447197437286,0.1271640658378601,0.32831403613090515
mdeberta,Cannabis,340642943316,pre,0.7148271799087524,0.9632089138031006,0.9412773847579956,0.679816722869873,0.026989132165908813,,,,,,0.008201848715543747,0.06936409324407578,0.9224340319633484,0.8574103116989136,0.7399864792823792,0.347537100315094,0.7536479830741882,0.4838922917842865
mdeberta,Cannabis,340642943316,post,0.8616110682487488,0.9586250185966492,0.9803562164306641,0.47755417227745056,0.12189465761184692,,,,,,0.0008072225609794259,0.017420044168829918,0.9817726612091064,0.9287164807319641,0.7920624017715454,0.31975826621055603,0.5976079106330872,0.7189891934394836
mdeberta,Cannabis,340643476152,pre,0.6448963284492493,0.9410611391067505,0.8050581216812134,0.37593555450439453,0.2676832675933838,,,,,,0.0010932417353615165,0.010802707634866238,0.988103985786438,0.9435559511184692,0.7626008987426758,0.10388492047786713,0.3302551507949829,0.46077415347099304
mdeberta,Cannabis,340643476152,post,0.8029035329818726,0.9958901405334473,0.93059241771698,0.19438692927360535,0.003780095372349024,,,,,,0.0009741731337271631,0.018689002841711044,0.9803368449211121,0.8689380884170532,0.7466935515403748,0.1629786342382431,0.20323272049427032,0.48657551407814026
mdeberta,Cannabis,340644762756,pre,0.9833988547325134,0.8936811089515686,0.9994916915893555,0.8002240657806396,0.12959538400173187,,,,,,0.9543724060058594,0.04189126566052437,0.003736260114237666,0.9945783019065857,0.8365378975868225,0.5454068183898926,0.0564570277929306,0.9477207660675049
mdeberta,Cannabis,340644762756,post,0.9715268015861511,0.915128767490387,0.9946774244308472,0.3242354094982147,0.0024438868276774883,,,,,,0.9506023526191711,0.04592201113700867,0.0034756020177155733,0.9902633428573608,0.7049732208251953,0.36931508779525757,0.22202467918395996,0.5748721957206726
mdeberta,Cannabis,340646687532,pre,0.6510221362113953,0.7644083499908447,0.9588856101036072,0.35031023621559143,0.01641879603266716,,,,,,0.03381172940135002,0.42751017212867737,0.5386781692504883,0.9175984859466553,0.9539231657981873,0.027941133826971054,0.4709799289703369,0.1464225798845291
mdeberta,Cannabis,340646687532,post,0.7424684166908264,0.7962924838066101,0.9878177046775818,0.7932661175727844,0.003389783436432481,,,,,,0.003242493374273181,0.07638347893953323,0.9203739166259766,0.7650671601295471,0.9418082237243652,0.016721144318580627,0.30383506417274475,0.023916389793157578
mdeberta,Cannabis,340646807916,pre,0.6269239187240601,0.9955576062202454,0.9981469511985779,0.7067978978157043,0.003544978564605117,,,,,,0.0008019914384931326,0.04452025517821312,0.9546777606010437,0.9781302213668823,0.7552761435508728,0.16357900202274323,0.7631308436393738,0.34510529041290283
