topic,pid,wave,finanzielle Unterstützung und Armutsbekämpfung,Entlastung von Familien und Eltern,Gerechtigkeit und Verteilung,"Finanzierung, Kosten und Steuern",Unterstützung von Kindern und Bildungschancen,Bürokratie und Zugang zur Leistung,grundsätzliche Zustimmung oder Ablehnung,Kritik an der politischen Umsetzung,"Kriminalität, Polizei und Strafrecht",Gesundheitliche Chancen und Risiken,"Regulierung, Kontrolle und Abgaberegeln","Wirtschaft, Steuern und Arbeitsplätze",Jugendschutz und Prävention,Freiheit und Eigenverantwortung,gesellschaftliche Akzeptanz und Normalisierung
Child support,273726366948,post,0.8702669143676758,0.8264318108558655,0.8033281564712524,0.7702056169509888,0.7498207092285156,0.6630147099494934,0.6027340292930603,0.004727549850940704,,,,,,,
Child support,273908992896,post,0.16411416232585907,0.820685088634491,0.005119676236063242,0.9359931349754333,0.02849004417657852,0.6825208067893982,0.9919846653938293,0.9996243715286255,,,,,,,
Child support,273971922264,pre,0.9161471128463745,0.8308687210083008,0.6911847591400146,0.01314658671617508,0.9478175044059753,0.034749627113342285,0.2541385591030121,0.003728957613930106,,,,,,,
Child support,273971922264,post,0.33415475487709045,0.681938648223877,0.32831403613090515,0.7362109422683716,0.5660185813903809,0.6531268954277039,0.47049328684806824,0.11417084187269211,,,,,,,
Child support,273984233580,pre,0.05751974508166313,0.24274376034736633,0.01021398976445198,0.19406217336654663,0.22815650701522827,0.11879339814186096,0.07667948305606842,0.5258558392524719,,,,,,,
Child support,273984233580,post,0.2869678735733032,0.5102524757385254,0.10397586226463318,0.4843800961971283,0.4196479618549347,0.4663594961166382,0.4940188229084015,0.34510526061058044,,,,,,,
Child support,274024999980,pre,0.7668178677558899,0.7893961071968079,0.8871068358421326,0.77797532081604,0.9883633852005005,0.994128942489624,0.9969956278800964,0.16357901692390442,,,,,,,
Child support,274024999980,post,0.6779006719589233,0.5770187377929688,0.3734187185764313,0.8169911503791809,0.6684474945068359,0.8478418588638306,0.9485551118850708,0.6208515167236328,,,,,,,
Child support,274131498096,post,0.9962051510810852,0.5805898904800415,0.4170340597629547,0.26497605443000793,0.88957679271698,0.08822931349277496,0.9803374409675598,0.3123700022697449,,,,,,,
Child support,274350928032,pre,0.22337706387043,0.43638184666633606,0.06371498852968216,0.6338636875152588,0.5779718160629272,0.3015677034854889,0.4498155415058136,0.5248817801475525,,,,,,,
Child support,274350928032,post,0.30985841155052185,0.5341265797615051,0.29828691482543945,0.5073237419128418,0.47804149985313416,0.25963786244392395,0.671901285648346,0.022572573274374008,,,,,,,
Child support,274397163696,pre,0.003621685551479459,0.005501238629221916,0.0013354007387533784,0.9664620161056519,0.005528016947209835,0.9857866168022156,0.7418844699859619,0.7806625366210938,,,,,,,
Child support,274502024316,pre,0.999839723110199,0.20165596902370453,0.9981469511985779,0.7991289496421814,0.9527722597122192,0.9119276404380798,0.9411694407463074,0.29421496391296387,,,,,,,
Child support,274502024316,post,0.016721144318580627,0.03231377899646759,0.0014607495395466685,0.820900559425354,0.016561338678002357,0.6086231470108032,0.501220703125,0.9649398922920227,,,,,,,
Child support,274518574380,pre,0.9847304224967957,0.6233768463134766,0.696784257888794,0.3214600086212158,0.9998161792755127,0.30902373790740967,0.7319217324256897,0.07379632443189621,,,,,,,
Child support,274518574380,post,0.6354575157165527,0.029986508190631866,0.03927796334028244,0.15720152854919434,0.15843459963798523,0.14798562228679657,0.4409506916999817,0.7427950501441956,,,,,,,
Child support,274526852832,pre,0.30611202120780945,0.3086068034172058,0.14694206416606903,0.5195212960243225,0.39094078540802,0.45132648944854736,0.10795362293720245,0.14463143050670624,,,,,,,
Child support,274526852832,post,0.6220002770423889,0.4843800961971283,0.39513418078422546,0.7498207092285156,0.6302298307418823,0.5851011872291565,0.24059610068798065,0.39326852560043335,,,,,,,
Child support,274533484212,pre,0.8578872084617615,0.9883858561515808,0.9349616169929504,0.8161134719848633,0.9083743691444397,0.7136312127113342,0.8572012186050415,0.20721471309661865,,,,,,,
Child support,274533484212,post,0.6736212372779846,0.7739006280899048,0.9998701810836792,0.7074046730995178,0.7341195344924927,0.7094218730926514,0.7461389899253845,0.26530903577804565,,,,,,,
Child support,274653049464,pre,0.29462069272994995,0.42919012904167175,0.041593458503484726,0.7041601538658142,0.6270381212234497,0.7229184508323669,0.9575167894363403,0.8724560737609863,,,,,,,
Child support,274653049464,post,0.0007509957649745047,0.02905629761517048,0.0005549408961087465,0.8172100186347961,0.3119506537914276,0.6478121280670166,0.9278877973556519,0.9700543284416199,,,,,,,
Child support,274671650160,pre,0.9998779892921448,0.38110440969467163,0.4946291148662567,0.0009362828568555415,0.9731196761131287,0.001142449676990509,0.25594761967658997,0.0011008767178282142,,,,,,,
Child support,274671650160,post,0.999893844127655,0.967625081539154,0.9492476582527161,0.9588085412979126,0.9997826218605042,0.9667260646820068,0.03474962338805199,0.002140589291229844,,,,,,,
Child support,274758455232,post,0.42536652088165283,0.9993188381195068,0.9666789174079895,0.9989371299743652,0.23458193242549896,0.7207615375518799,0.9589817523956299,0.06960496306419373,,,,,,,
Child support,274788345348,post,0.011201214045286179,0.002822832902893424,0.0009290034067817032,0.003324436955153942,0.28616926074028015,0.0004442183708306402,0.22475656867027283,0.19406215846538544,,,,,,,
Child support,274880751012,pre,0.22490547597408295,0.6642681360244751,0.1598721444606781,0.1919327825307846,0.24871662259101868,0.0762699618935585,0.11104825884103775,0.02155732363462448,,,,,,,
Child support,274880751012,post,0.04573463276028633,0.5824316143989563,0.04095105826854706,0.08130066096782684,0.05813159421086311,0.023414360359311104,0.06938393414020538,0.06100314483046532,,,,,,,
Child support,274948399980,pre,0.9765940308570862,0.3129996359348297,0.4775541424751282,0.19042274355888367,0.8413047790527344,0.1790994256734848,0.21174263954162598,0.08075528591871262,,,,,,,
Child support,274948399980,post,0.9945836067199707,0.022564493119716644,0.33589524030685425,0.001911769388243556,0.9998517632484436,0.03155902028083801,0.590277373790741,0.0023186400067061186,,,,,,,
Child support,275780146716,post,0.05773187428712845,0.12447883188724518,0.0013354008551687002,0.8191711902618408,0.6878397464752197,0.8409785628318787,0.9864808917045593,0.865792453289032,,,,,,,
Child support,275794438896,pre,0.996364176273346,0.9950370788574219,0.24124349653720856,0.9903103113174438,0.9987182021141052,0.7546438574790955,0.9683513045310974,0.832236647605896,,,,,,,
Child support,275794438896,post,0.999191164970398,0.9992237091064453,0.7962924838066101,0.9998540282249451,0.9996505975723267,0.9995899796485901,0.79234379529953,0.8737543821334839,,,,,,,
Child support,275865368328,post,0.635448694229126,0.9420552849769592,0.08532741665840149,0.9910058975219727,0.3214600086212158,0.9444977045059204,0.7559974193572998,0.7709824442863464,,,,,,,
Child support,275910784560,pre,0.7534666657447815,0.8768454790115356,0.8472108244895935,0.9458012580871582,0.9997555613517761,0.9832949042320251,0.9317114353179932,0.00418249424546957,,,,,,,
Child support,275910784560,post,0.8342719078063965,0.7955787181854248,0.5509697794914246,0.7337142825126648,0.9949396252632141,0.9973989129066467,0.06539562344551086,0.05167770758271217,,,,,,,
Child support,276109219116,pre,0.6517982482910156,0.06702574342489243,0.4510846734046936,0.7311545610427856,0.8297680616378784,0.18326450884342194,0.957576334476471,0.17827533185482025,,,,,,,
Child support,276109219116,post,0.999819815158844,0.996616780757904,0.9951936602592468,0.8967045545578003,0.966044008731842,0.773729681968689,0.6247515082359314,0.23353151977062225,,,,,,,
Child support,276126931980,pre,0.7928254008293152,0.9569169282913208,0.4042722284793854,0.7575590014457703,0.8452811241149902,0.7608283758163452,0.9912039041519165,0.2146914303302765,,,,,,,
Child support,276126931980,post,0.8402425646781921,0.2603894770145416,0.0018932257080450654,0.9318821430206299,0.4156101942062378,0.9894294738769531,0.9597243070602417,0.9998960494995117,,,,,,,
Child support,276150871980,pre,0.9998734593391418,0.7689067721366882,0.3000272810459137,0.1775968223810196,0.999636709690094,0.17596246302127838,0.8520143628120422,0.0017207354540005326,,,,,,,
Child support,276150871980,post,0.5122045874595642,0.5563995242118835,0.07960743457078934,0.5895982384681702,0.3830641806125641,0.7464163899421692,0.8803862929344177,0.28746768832206726,,,,,,,
Child support,276190955064,pre,0.8711463212966919,0.5906611680984497,0.667147696018219,0.5822535753250122,0.5515736937522888,0.633863627910614,0.9953181743621826,0.2999247610569,,,,,,,
Child support,276190955064,post,0.0061450921930372715,0.07981787621974945,0.11074735224246979,0.6821504235267639,0.2727988064289093,0.8601343631744385,0.728144645690918,0.6261241436004639,,,,,,,
Child support,276272487864,pre,0.07885492593050003,0.6588566303253174,0.15431226789951324,0.2309197634458542,0.4073334038257599,0.44601207971572876,0.15810935199260712,0.42727723717689514,,,,,,,
Child support,276272487864,post,0.010179492644965649,0.9219394326210022,0.19352814555168152,0.08609268814325333,0.3942009508609772,0.20410384237766266,0.016593176871538162,0.17525559663772583,,,,,,,
Child support,276321326148,pre,0.08616955578327179,0.14258970320224762,0.022518770769238472,0.4882833659648895,0.33415472507476807,0.31869712471961975,0.16851887106895447,0.5959630012512207,,,,,,,
Child support,276321326148,post,0.8119743466377258,0.017028965055942535,0.00407013762742281,0.954562783241272,0.3858373463153839,0.9973477125167847,0.7856377363204956,0.8833366632461548,,,,,,,
Child support,276479328780,pre,0.9997766017913818,0.022350110113620758,0.040502771735191345,0.6164163947105408,0.9997181296348572,0.04903962463140488,0.030763035640120506,0.0004280427237972617,,,,,,,
Child support,276479328780,post,0.9991784691810608,0.9595730304718018,0.9665370583534241,0.0009128306992352009,0.9994673728942871,0.6031724214553833,0.23039986193180084,0.009850326925516129,,,,,,,
Child support,276821393760,pre,0.9528024196624756,0.9231431484222412,0.20689404010772705,0.7796575427055359,0.9996309876441956,0.38191086053848267,0.9063531160354614,0.4489094018936157,,,,,,,
Child support,276821393760,post,0.6286354064941406,0.6768335700035095,0.20689402520656586,0.8451772332191467,0.43638184666633606,0.9423211812973022,0.5053709149360657,0.5234203338623047,,,,,,,
Child support,277792883064,pre,0.9998741745948792,0.5596510767936707,0.16451646387577057,0.773729681968689,0.8613050580024719,0.3988746404647827,0.6686639785766602,0.4368622601032257,,,,,,,
Child support,277792883064,post,0.9998008608818054,0.9612438082695007,0.9912633299827576,0.7323048114776611,0.9778226017951965,0.9304265975952148,0.11930549889802933,0.007793202996253967,,,,,,,
Child support,277902182844,pre,0.6015936136245728,0.5043944716453552,0.2716379761695862,0.8413048386573792,0.7045668959617615,0.7343100905418396,0.766643226146698,0.3326354920864105,,,,,,,
Child support,277948352160,pre,0.9066531658172607,0.9699850678443909,0.9100469946861267,0.8738621473312378,0.8282452821731567,0.9800530672073364,0.4004855751991272,0.00037409563083201647,,,,,,,
Child support,277948352160,post,0.5107405185699463,0.5214712023735046,0.3458781838417053,0.7004851698875427,0.20721471309661865,0.6746938228607178,0.7714993953704834,0.01218237541615963,,,,,,,
Child support,277955127180,pre,0.9488106369972229,0.9899476170539856,0.9966788291931152,0.7959754467010498,0.842863142490387,0.9745803475379944,0.48279869556427,0.13730095326900482,,,,,,,
Child support,277955127180,post,0.5477060079574585,0.8867150545120239,0.7921428680419922,0.4063907563686371,0.8833366632461548,0.15771976113319397,0.30187633633613586,0.03858828544616699,,,,,,,
Child support,277967714148,pre,0.756717324256897,0.5914873480796814,0.8171371221542358,0.674050509929657,0.9514137506484985,0.7496374845504761,0.17564409971237183,0.07718659937381744,,,,,,,
Child support,277967714148,post,0.724090576171875,0.9784464836120605,0.6469064354896545,0.745212972164154,0.9436079859733582,0.7154240012168884,0.7477080821990967,0.2845759987831116,,,,,,,
Child support,278016416316,pre,0.0010796068236231804,0.07744785398244858,0.0016388678923249245,0.16749082505702972,0.006890459917485714,0.8835315108299255,0.22917918860912323,0.8841894268989563,,,,,,,
Child support,278016416316,post,0.2752270996570587,0.215536430478096,0.0019154998008161783,0.8063956499099731,0.5273165702819824,0.9886079430580139,0.2471460998058319,0.7435406446456909,,,,,,,
Child support,278076262896,pre,0.9998528957366943,0.999347448348999,0.8955683708190918,0.679816722869873,0.9999197125434875,0.9975703358650208,0.9989758133888245,0.6099888682365417,,,,,,,
Child support,278076262896,post,0.9860442876815796,0.7408311367034912,0.0030337367206811905,0.0007931760046631098,0.18506188690662384,0.016689062118530273,0.001622967072762549,0.00048690568655729294,,,,,,,
Child support,278168810148,pre,0.007763055618852377,0.46368709206581116,0.030368773266673088,0.12226098030805588,0.22884511947631836,0.07273544371128082,0.05837267264723778,0.39326852560043335,,,,,,,
Child support,278168810148,post,0.28917092084884644,0.3678378164768219,0.09416624903678894,0.4144248068332672,0.3830641806125641,0.8060905337333679,0.32761451601982117,0.18742994964122772,,,,,,,
Child support,278441178948,pre,0.9956936836242676,0.8576191663742065,0.06581467390060425,0.8164063692092896,0.9975321888923645,0.014158729463815689,0.29934513568878174,0.00012100819731131196,,,,,,,
Child support,278441178948,post,0.29128316044807434,0.0005941797280684114,0.002385084517300129,0.0007480700151063502,0.9930828213691711,0.00014883847325108945,0.0004784255870617926,0.00011412237654440105,,,,,,,
Child support,278572228560,pre,0.047924671322107315,0.167286679148674,0.027193641290068626,0.49218812584877014,0.8910104632377625,0.25183165073394775,0.9743617177009583,0.4153730571269989,,,,,,,
Child support,278572228560,post,0.8053261637687683,0.1718936413526535,0.8564525246620178,0.36840569972991943,0.9998671412467957,0.3119506239891052,0.6227461695671082,0.0005872613401152194,,,,,,,
Child support,278622229644,pre,0.9992621541023254,0.9919224381446838,0.910186767578125,0.6584175229072571,0.6383845210075378,0.8853344321250916,0.8514594435691833,0.24725967645645142,,,,,,,
Child support,278622229644,post,0.3306872844696045,0.4946291148662567,0.35756751894950867,0.5936092734336853,0.42155182361602783,0.5180585384368896,0.479381799697876,0.058857645839452744,,,,,,,
Child support,278633794032,pre,0.9983738660812378,0.9833589196205139,0.7018153071403503,0.9833589792251587,0.9996659755706787,0.5682960152626038,0.9600252509117126,0.3720487654209137,,,,,,,
Child support,278633794032,post,0.6870003938674927,0.09974391013383865,0.007183844223618507,0.9986329674720764,0.9936856627464294,0.9975891709327698,0.9936610460281372,0.6575384140014648,,,,,,,
Child support,278659579464,post,0.36931508779525757,0.6749081611633301,0.4130035638809204,0.5515736937522888,0.4751182496547699,0.5380124449729919,0.8758400678634644,0.46733179688453674,,,,,,,
Child support,278660944728,pre,0.9997676610946655,0.32241931557655334,0.7109294533729553,0.05970173701643944,0.9995514750480652,0.015769395977258682,0.29205235838890076,0.0006499983137473464,,,,,,,
Child support,278660944728,post,0.9989350438117981,0.848846971988678,0.40474268794059753,0.23863890767097473,0.9410611391067505,0.19713513553142548,0.8495660424232483,0.08064661920070648,,,,,,,
Child support,278693504496,pre,0.001622967072762549,0.014323237352073193,0.001492425100877881,0.1695433408021927,0.029767142608761787,0.0684129148721695,0.7731307744979858,0.13240233063697815,,,,,,,
Child support,278693504496,post,0.004829721990972757,0.0602799728512764,0.0011313596041873097,0.07716921716928482,0.08993301540613174,0.005070175044238567,0.6993281841278076,0.12474516034126282,,,,,,,
Child support,278872026444,pre,0.8693822622299194,0.9914639592170715,0.849846601486206,0.6779006719589233,0.9991507530212402,0.8279673457145691,0.611382007598877,0.3065270483493805,,,,,,,
Child support,278872026444,post,0.9997351765632629,0.7013040781021118,0.7892336249351501,0.49145588278770447,0.9997310638427734,0.2962469160556793,0.922307550907135,0.18227991461753845,,,,,,,
Child support,278911290096,pre,0.003292235778644681,0.07396338135004044,0.0031695959623903036,0.7170118689537048,0.0069373962469398975,0.03552766516804695,0.039471887052059174,0.6688802242279053,,,,,,,
Child support,278911290096,post,0.8999596834182739,0.007080117706209421,0.028355207294225693,0.9892405271530151,0.8915280699729919,0.9514927268028259,0.9675331711769104,0.20641373097896576,,,,,,,
Child support,279013821696,pre,0.3747906982898712,0.05670464038848877,0.012734980322420597,0.7405498027801514,0.6361271142959595,0.3534281849861145,0.6506615281105042,0.007225755602121353,,,,,,,
Child support,279013821696,post,0.42548584938049316,0.11747085303068161,0.06875601410865784,0.0015129384119063616,0.9980505704879761,0.00042804278200492263,0.060696203261613846,0.0007613258203491569,,,,,,,
Child support,280442421360,pre,0.8943289518356323,0.5905430912971497,0.5616956949234009,0.8247444033622742,0.9606759548187256,0.9074352979660034,0.7950222492218018,0.1872812807559967,,,,,,,
Child support,280442421360,post,0.9980956315994263,0.9606021046638489,0.5491570830345154,0.14872592687606812,0.9482265114784241,0.015454242005944252,0.9417077898979187,0.0030219447799026966,,,,,,,
Child support,280499878728,pre,0.03487780690193176,0.24418272078037262,0.014828144572675228,0.2440025359392166,0.23370635509490967,0.2656899094581604,0.2841785252094269,0.3770817816257477,,,,,,,
Child support,280499878728,post,0.562176525592804,0.7354516983032227,0.3956010639667511,0.8206132054328918,0.2759094536304474,0.8801804780960083,0.7500038743019104,0.12391120940446854,,,,,,,
Child support,280752412212,pre,0.9986488819122314,0.3470943570137024,0.2664526700973511,0.9500183463096619,0.9823258519172668,0.8584814667701721,0.9975080490112305,0.6701766848564148,,,,,,,
Child support,280752412212,post,0.968366265296936,0.5048826336860657,0.002992665395140648,0.5708099007606506,0.9246196746826172,0.6951311230659485,0.8628724217414856,0.6099889278411865,,,,,,,
Child support,281166779412,post,0.0009888596832752228,0.13375429809093475,0.00030061634606681764,0.4007493555545807,0.139748215675354,0.16559311747550964,0.5936092734336853,0.5355842709541321,,,,,,,
Child support,281236409928,pre,0.5884161591529846,0.2735743820667267,0.6071974635124207,0.37433314323425293,0.7892337441444397,0.20930802822113037,0.27028757333755493,0.3319854736328125,,,,,,,
Child support,281236409928,post,0.99946528673172,0.33334043622016907,0.2433725893497467,0.9964825510978699,0.20946969091892242,0.864396333694458,0.5382551550865173,0.5999540090560913,,,,,,,
Child support,281257755516,post,0.7224045991897583,0.7910957932472229,0.0032922360114753246,0.9128643870353699,0.9716178774833679,0.6815678477287292,0.7020706534385681,0.9807472825050354,,,,,,,
Child support,281279369916,post,0.0407501719892025,0.2598256468772888,0.009661643765866756,0.6265813112258911,0.4163219630718231,0.4144247770309448,0.8748812079429626,0.6884683966636658,,,,,,,
Child support,281337505812,pre,0.9922106266021729,0.9963071346282959,0.5384978652000427,0.5794004201889038,0.999615490436554,0.8672608137130737,0.9571378231048584,0.1245320588350296,,,,,,,
Child support,281337505812,post,0.7972412705421448,0.83601975440979,0.5316957235336304,0.5014649033546448,0.6601724028587341,0.6584175229072571,0.9979251027107239,0.011558246798813343,,,,,,,
Child support,281345780160,post,0.6206216216087341,0.7424216866493225,0.7333563566207886,0.8572908639907837,0.6531268954277039,0.9791619777679443,0.9963499903678894,0.2816031277179718,,,,,,,
Child support,281408440032,post,0.9925681948661804,0.4765796959400177,0.42751622200012207,0.9513206481933594,0.6680145263671875,0.667147696018219,0.6253808736801147,0.41584742069244385,,,,,,,
Child support,281426425812,pre,0.316791832447052,0.9340952038764954,0.47877252101898193,0.7989721894264221,0.3652302324771881,0.37387579679489136,0.4250681698322296,0.6109178066253662,,,,,,,
Child support,281426425812,post,0.9992402195930481,0.9938787221908569,0.5763035416603088,0.06548521667718887,0.9687603116035461,0.4101654887199402,0.8754679560661316,0.0014465743442997336,,,,,,,
Child support,281433058560,pre,0.9955748319625854,0.11367794871330261,0.21950475871562958,0.7162185907363892,0.44263651967048645,0.9788141250610352,0.4411914050579071,0.7446563243865967,,,,,,,
Child support,281433058560,post,0.8800774812698364,0.9325148463249207,0.9238674640655518,0.19544047117233276,0.8492224812507629,0.4895034730434418,0.813423752784729,0.1355750560760498,,,,,,,
Child support,281464595748,pre,0.6071974039077759,0.6325027942657471,0.43206343054771423,0.7889086008071899,0.6383845210075378,0.6641047596931458,0.2718070447444916,0.6706082820892334,,,,,,,
Child support,281464595748,post,0.6132365465164185,0.6627964973449707,0.53946852684021,0.6104534268379211,0.6150878667831421,0.4455295503139496,0.8282105922698975,0.28776782751083374,,,,,,,
Child support,281526837012,pre,0.30611202120780945,0.6649755835533142,0.4073334038257599,0.39001110196113586,0.6469064950942993,0.7360212802886963,0.2933032512664795,0.07138053327798843,,,,,,,
Child support,281526837012,post,0.5983121991157532,0.5122045874595642,0.9141375422477722,0.5583269596099854,0.3306872844696045,0.8374870419502258,0.9998133182525635,0.13251455128192902,,,,,,,
Child support,281546467812,pre,0.010673115029931068,0.4978637397289276,0.008681918494403362,0.0003029734070878476,0.020259536802768707,0.0019342611776664853,0.9835495948791504,0.0008492455817759037,,,,,,,
Child support,281546467812,post,0.9939202070236206,0.9361245632171631,0.6143940091133118,0.7495458126068115,0.9992460608482361,0.4663594961166382,0.4373428225517273,0.006151059176772833,,,,,,,
Child support,281646404316,pre,0.9709643721580505,0.05108273774385452,0.08525123447179794,0.0007947254925966263,0.9816105365753174,0.0036785092670470476,0.36860454082489014,0.0006142272031866014,,,,,,,
Child support,281646404316,post,0.8851855993270874,0.2691815197467804,0.013558246195316315,0.0009217805345542729,0.9869386553764343,0.019382191821932793,0.7083134651184082,0.001515891752205789,,,,,,,
Child support,281672870328,pre,0.5253688097000122,0.684264063835144,0.1788124442100525,0.5489153265953064,0.9752077460289001,0.3132096529006958,0.4733985960483551,0.002305125119164586,,,,,,,
Child support,281672870328,post,0.9988926649093628,0.9687380790710449,0.8968231678009033,0.6200466156005859,0.9982282519340515,0.5751705169677734,0.6996649503707886,0.0008025182178243995,,,,,,,
Child support,281709125064,pre,0.9579713344573975,0.18050357699394226,0.35220178961753845,0.788338840007782,0.8978744745254517,0.5498823523521423,0.32542675733566284,0.038692574948072433,,,,,,,
Child support,281709125064,post,0.998549222946167,0.7577943205833435,0.36931508779525757,0.5631377100944519,0.8311430811882019,0.36071422696113586,0.31384021043777466,0.10628407448530197,,,,,,,
Child support,281793327516,pre,0.030185984447598457,0.5954925417900085,0.04601246118545532,0.26913347840309143,0.13500383496284485,0.340923935174942,0.01078714244067669,0.14342749118804932,,,,,,,
Child support,281793327516,post,0.9954350590705872,0.9263371229171753,0.04484790563583374,0.9994285702705383,0.5798763036727905,0.977262556552887,0.20920702815055847,0.39001110196113586,,,,,,,
Child support,282569457528,pre,0.45519861578941345,0.9931228756904602,0.6647579669952393,0.6984323263168335,0.9993724226951599,0.8554893136024475,0.5134245157241821,0.9897042512893677,,,,,,,
Child support,282569457528,post,0.9996818900108337,0.9994986057281494,0.9962088465690613,0.3464307487010956,0.9975273609161377,0.6152034401893616,0.767384946346283,0.0006499982555396855,,,,,,,
Child support,282651334380,pre,0.9991672039031982,0.242923304438591,0.8489722609519958,0.9429286122322083,0.8283842206001282,0.9087799191474915,0.7325918674468994,0.4892594814300537,,,,,,,
Child support,282651334380,post,0.999610960483551,0.3858374059200287,0.10172322392463684,0.6641048192977905,0.7818307876586914,0.12431928515434265,0.9992791414260864,0.2782568037509918,,,,,,,
Child support,282693195180,post,0.5650587677955627,0.6081287264823914,0.2557152211666107,0.7386690974235535,0.5592900514602661,0.7762839198112488,0.7248702645301819,0.36251768469810486,,,,,,,
Child support,282727054548,pre,0.9990434050559998,0.9936054944992065,0.8327133059501648,0.053009770810604095,0.980548083782196,0.04381363466382027,0.9671940803527832,0.0019043302163481712,,,,,,,
Child support,282727054548,post,0.9992490410804749,0.7539198994636536,0.3411433696746826,0.6325027346611023,0.4897475242614746,0.7759445309638977,0.7379143238067627,0.6457903981208801,,,,,,,
Child support,282756805128,pre,0.940078616142273,0.8141266703605652,0.06760822981595993,0.8122724294662476,0.7199746966362,0.9933717846870422,0.7640673518180847,0.9264369606971741,,,,,,,
Child support,282756805128,post,0.7676027417182922,0.9906509518623352,0.280419260263443,0.7918210625648499,0.46198755502700806,0.1045687273144722,0.40662631392478943,0.5954926013946533,,,,,,,
Child support,282825414432,pre,0.03494669869542122,0.07565305382013321,0.001367025775834918,0.9992431402206421,0.003949246369302273,0.9706321358680725,0.6817665100097656,0.9663628935813904,,,,,,,
Child support,282825414432,post,0.2541385889053345,0.05686154589056969,0.005763726308941841,0.8784707188606262,0.03757772222161293,0.8910549283027649,0.7203683257102966,0.3013620376586914,,,,,,,
Child support,282839092380,pre,0.6959583163261414,0.8033280968666077,0.7174080014228821,0.7496374249458313,0.9210740923881531,0.685528576374054,0.24889913201332092,0.12485182285308838,,,,,,,
Child support,282839092380,post,0.9527063369750977,0.9820998311042786,0.16599830985069275,0.1953253448009491,0.9878528118133545,0.19740577042102814,0.842215359210968,0.19072401523590088,,,,,,,
Child support,282882728844,post,0.6990490555763245,0.6992544531822205,0.5239075422286987,0.7786492705345154,0.6817268133163452,0.7397985458374023,0.3087110221385956,0.3326354920864105,,,,,,,
Child support,282911935644,pre,0.1747620850801468,0.04488975554704666,0.01720971241593361,0.9928647875785828,0.21436229348182678,0.9038048386573792,0.4043310284614563,0.7500038743019104,,,,,,,
Child support,282911935644,post,0.7791958451271057,0.781617283821106,0.17518500983715057,0.9947671294212341,0.006944127380847931,0.9893268346786499,0.9009444713592529,0.7862947583198547,,,,,,,
Child support,282993196896,pre,0.9998562932014465,0.9988462924957275,0.8692713379859924,0.0010525686666369438,0.9998822808265686,0.004390866495668888,0.9402982592582703,0.0006878512213006616,,,,,,,
Child support,282993196896,post,0.9991990327835083,0.3919876515865326,0.7187918424606323,0.00432308716699481,0.9996492266654968,0.0010775026166811585,0.22414034605026245,0.0004965042462572455,,,,,,,
Child support,283032939348,pre,0.20537588000297546,0.129733145236969,0.0012351678451523185,0.9515602588653564,0.0021784668788313866,0.3950502872467041,0.5631677508354187,0.5190337300300598,,,,,,,
Child support,283032939348,post,0.012784186750650406,0.002278330735862255,0.0005759092746302485,0.08738844841718674,0.34997692704200745,0.001314724562689662,0.2689894437789917,0.0021033689845353365,,,,,,,
Child support,283098805128,pre,0.22354653477668762,0.6949241757392883,0.25832599401474,0.9556720852851868,0.3665897250175476,0.6934729814529419,0.5083000063896179,0.6424325108528137,,,,,,,
Child support,283098805128,post,0.9817706942558289,0.9975370168685913,0.6256668567657471,0.9904497861862183,0.9492814540863037,0.9605281352996826,0.8868620991706848,0.7552762031555176,,,,,,,
Child support,283103593128,pre,0.16885694861412048,0.4248891770839691,0.24835185706615448,0.308190256357193,0.38029855489730835,0.328529417514801,0.40133580565452576,0.44167301058769226,,,,,,,
Child support,283103593128,post,0.411583811044693,0.6127731800079346,0.3069423735141754,0.5078119039535522,0.5278033018112183,0.37068086862564087,0.8453688621520996,0.6206215620040894,,,,,,,
Child support,283103661528,pre,0.8274102210998535,0.6753365397453308,0.24871660768985748,0.8067004084587097,0.6477982401847839,0.5151320695877075,0.5648187398910522,0.16817277669906616,,,,,,,
Child support,283103661528,post,0.03178364038467407,0.27396270632743835,0.033660903573036194,0.6062654256820679,0.19072403013706207,0.6568784117698669,0.9748092293739319,0.7134315967559814,,,,,,,
Child support,283129720560,pre,0.13892842829227448,0.7636601328849792,0.12378869205713272,0.5881797075271606,0.49511733651161194,0.5209837555885315,0.22979436814785004,0.37410444021224976,,,,,,,
Child support,283129720560,post,0.00046010586083866656,0.0026316740550100803,0.00037850363878533244,0.45956116914749146,0.0018350841710343957,0.0843135192990303,0.29432904720306396,0.5763035416603088,,,,,,,
Child support,283218440832,pre,0.3597577214241028,0.06523168087005615,0.0020829709246754646,0.4137139916419983,0.2533295750617981,0.01468615885823965,0.9154317378997803,0.21272225677967072,,,,,,,
Child support,283218440832,post,0.0007793660624884069,0.014803199097514153,0.02621164359152317,0.09868570417165756,0.0845683291554451,0.09807933121919632,0.008694534189999104,0.32167303562164307,,,,,,,
Child support,283254009516,pre,0.950364887714386,0.8858785033226013,0.008503066375851631,0.9875443577766418,0.9972637891769409,0.8707072734832764,0.9586926698684692,0.6757646203041077,,,,,,,
Child support,283254009516,post,0.13846179842948914,0.034140653908252716,0.007748025935143232,0.15329548716545105,0.11018358916044235,0.24944724142551422,0.8938665390014648,0.4649015963077545,,,,,,,
Child support,283567484664,pre,0.00048311834689229727,0.31426095962524414,0.0007808886584825814,0.0027362213004380465,0.0005082724965177476,0.06831961125135422,0.00194560585077852,0.2919892966747284,,,,,,,
Child support,283567484664,post,0.3837567865848541,0.674050509929657,0.013467122800648212,0.6408606767654419,0.25963789224624634,0.5607337951660156,0.07772740721702576,0.696784257888794,,,,,,,
Child support,283830482664,post,0.9986060261726379,0.9859397411346436,0.934108316898346,0.7270074486732483,0.9738070368766785,0.9764793515205383,0.6043989062309265,0.004672729875892401,,,,,,,
Child support,284818927644,post,0.8916224241256714,0.8318272233009338,0.9982212781906128,0.6667137742042542,0.7662936449050903,0.7633073925971985,0.03912164270877838,0.031888991594314575,,,,,,,
Child support,284853542148,pre,0.21288585662841797,0.3544330298900604,0.02093294821679592,0.5389832258224487,0.32295289635658264,0.4059196412563324,0.24166831374168396,0.36432507634162903,,,,,,,
Child support,284853542148,post,0.2114168256521225,0.3526475131511688,0.02050938829779625,0.5336405038833618,0.3263787627220154,0.39981165528297424,0.24113181233406067,0.36342093348503113,,,,,,,
Child support,284916813516,post,0.9301416277885437,0.9971216917037964,0.7035495042800903,0.5827285051345825,0.944587230682373,0.012491741217672825,0.5943746566772461,0.0006190416170284152,,,,,,,
Child support,285019478496,post,0.5508490204811096,0.8798711895942688,0.09816574305295944,0.972701370716095,0.28616926074028015,0.918899655342102,0.34673482179641724,0.6911847591400146,,,,,,,
Child support,285151150548,pre,0.9976032376289368,0.9687047600746155,0.9755638241767883,0.9926077723503113,0.9222726225852966,0.964169979095459,0.7870323061943054,0.3296074867248535,,,,,,,
Child support,285151150548,post,0.9800148010253906,0.1831549108028412,0.009755533188581467,0.8656931519508362,0.9618978500366211,0.5563995838165283,0.9261034727096558,0.8024007678031921,,,,,,,
Child support,285153476148,pre,0.8382830023765564,0.2972659170627594,0.8677378296852112,0.8054027557373047,0.8873022794723511,0.8724017143249512,0.4517572820186615,0.006400730460882187,,,,,,,
Child support,285315995916,pre,0.9977656602859497,0.3873426616191864,0.11092781275510788,0.00043563017970882356,0.9944639205932617,0.0008813243475742638,0.031321119517087936,0.000191104321856983,,,,,,,
Child support,285315995916,post,0.9991768598556519,0.9995121955871582,0.941600501537323,0.9974090456962585,0.991273820400238,0.9733295440673828,0.9928786158561707,0.1583694964647293,,,,,,,
Child support,285326048664,pre,0.985531210899353,0.9975844621658325,0.21370519697666168,0.0029665553011000156,0.9175985455513,0.5020065307617188,0.9920773506164551,0.005094865337014198,,,,,,,
Child support,285326048664,post,0.9940428137779236,0.996364176273346,0.26683464646339417,0.6522414088249207,0.7000752091407776,0.9984482526779175,0.7598050832748413,0.9965233206748962,,,,,,,
Child support,285369343128,pre,0.011497044935822487,0.36296918988227844,0.002536047250032425,0.7442847490310669,0.13028541207313538,0.8300610184669495,0.022759154438972473,0.6959583163261414,,,,,,,
Child support,285369343128,post,0.46587345004081726,0.6210814118385315,0.5360700488090515,0.8550057411193848,0.46344423294067383,0.6766198873519897,0.7969105243682861,0.19132767617702484,,,,,,,
Child support,285399848844,pre,0.9446893930435181,0.9685899019241333,0.6088266968727112,0.5810653567314148,0.765943706035614,0.6238352656364441,0.8559715747833252,0.317214697599411,,,,,,,
Child support,285399848844,post,0.9408203959465027,0.7892337441444397,0.9960237145423889,0.9157053828239441,0.8792504668235779,0.6370307803153992,0.5034789443016052,0.03225276246666908,,,,,,,
Child support,285510524148,pre,0.9971272349357605,0.9094053506851196,0.9843062162399292,0.016371550038456917,0.9796597361564636,0.9932811260223389,0.677873969078064,0.0003989913093391806,,,,,,,
Child support,285510524148,post,0.7463239431381226,0.5971381068229675,0.15817435085773468,0.7680380344390869,0.7466935515403748,0.7813306450843811,0.7637922167778015,0.6311397552490234,,,,,,,
Child support,285556695516,post,0.9837537407875061,0.05573313683271408,0.011664720252156258,0.1747841089963913,0.9996485710144043,0.8024781942367554,0.9884026050567627,0.5151320695877075,,,,,,,
Child support,285613125516,pre,0.44046923518180847,0.1739712804555893,0.010418377816677094,0.9709625840187073,0.19042275846004486,0.7248702645301819,0.8032799363136292,0.8503443598747253,,,,,,,
Child support,285613125516,post,0.016717130318284035,0.07857164740562439,0.0010182287078350782,0.34953272342681885,0.198529914021492,0.17838267982006073,0.03231378644704819,0.4804786741733551,,,,,,,
Child support,285635829528,post,0.015663648024201393,0.7884203195571899,0.11543616652488708,0.0285983644425869,0.4464946985244751,0.06977907568216324,0.010338138788938522,0.1218423992395401,,,,,,,
Child support,285771606948,pre,0.10026028007268906,0.38191089034080505,0.10641169548034668,0.37159258127212524,0.027116045355796814,0.29828691482543945,0.9239018559455872,0.6996650099754333,,,,,,,
Child support,285771606948,post,0.04050276800990105,0.3372035324573517,0.12710988521575928,0.29462072253227234,0.24762336909770966,0.2309197634458542,0.028368661180138588,0.24006125330924988,,,,,,,
Child support,285820032780,post,0.9991638660430908,0.033923953771591187,0.5353413820266724,0.0011649560183286667,0.9997555613517761,0.04328484460711479,0.04401864856481552,0.0001439784246031195,,,,,,,
Child support,288042623064,pre,0.022759154438972473,0.24926446378231049,0.004564980510622263,0.005045603029429913,0.15869519114494324,0.15077754855155945,0.05635307729244232,0.24707795679569244,,,,,,,
Child support,288088104960,pre,0.30881524085998535,0.5969031453132629,0.36817848682403564,0.843508780002594,0.50048828125,0.7418610453605652,0.9994745850563049,0.5316957235336304,,,,,,,
Child support,288088104960,post,0.4692770540714264,0.9081301689147949,0.022542966529726982,0.3711366355419159,0.6531269550323486,0.5583270192146301,0.9983959197998047,0.7193836569786072,,,,,,,
Child support,288101380032,pre,0.6386099457740784,0.8698251843452454,0.6399611234664917,0.7424217462539673,0.6761924028396606,0.6878397464752197,0.6231690645217896,0.061706144362688065,,,,,,,
Child support,288101380032,post,0.7595822811126709,0.7721872925758362,0.6006569862365723,0.7431679964065552,0.709019124507904,0.7412996292114258,0.73829185962677,0.14866411685943604,,,,,,,
Child support,288142415928,pre,0.00048029725439846516,0.08667071163654327,0.0018066854681819677,0.4926762878894806,0.010218926705420017,0.39001110196113586,0.1305345892906189,0.6509112119674683,,,,,,,
Child support,288163964664,pre,0.9987282156944275,0.7874412536621094,0.0076807462610304356,0.2415788322687149,0.35488009452819824,0.007274958770722151,0.9836598634719849,0.185282900929451,,,,,,,
Child support,288163964664,post,0.00041245590546168387,0.21750368177890778,0.005379709880799055,0.002833849750459194,0.15077754855155945,0.06629663705825806,0.0033766122069209814,0.09999631345272064,,,,,,,
Child support,288199733760,pre,0.9872496128082275,0.943040132522583,0.9402981996536255,0.9694076180458069,0.9477207660675049,0.8721842169761658,0.5455278158187866,0.334589421749115,,,,,,,
Child support,288199733760,post,0.9991238117218018,0.9086381793022156,0.03776801750063896,0.006944127380847931,0.6934729814529419,0.09524422138929367,0.6876168847084045,0.05480259656906128,,,,,,,
Child support,288220123116,pre,0.9854544997215271,0.9991238713264465,0.8370879888534546,0.7217431664466858,0.8312800526618958,0.9573177695274353,0.8192073106765747,0.0009811718482524157,,,,,,,
Child support,288220123116,post,0.22210903465747833,0.9959456324577332,0.07004895806312561,0.5851011276245117,0.23161421716213226,0.8858662247657776,0.24732781946659088,0.05771858990192413,,,,,,,
Child support,288271144044,post,0.02997230738401413,0.9156582355499268,0.24889911711215973,0.26971012353897095,0.2666436433792114,0.23231014609336853,0.5030516982078552,0.3363310694694519,,,,,,,
Child support,288318753864,pre,0.7841538190841675,0.8683810234069824,0.43254271149635315,0.4653874635696411,0.8839391469955444,0.34687310457229614,0.3752484619617462,0.5195213556289673,,,,,,,
Child support,288318753864,post,0.9807818531990051,0.9922444820404053,0.9885528087615967,0.6955448389053345,0.9797937273979187,0.7262315154075623,0.6883636713027954,0.38029852509498596,,,,,,,
Child support,288351171360,pre,0.6352224349975586,0.9230045080184937,0.7579735517501831,0.9694979786872864,0.6451199054718018,0.855911374092102,0.45560920238494873,0.14560061693191528,,,,,,,
Child support,288351171360,post,0.7844841480255127,0.9938429594039917,0.9096866250038147,0.5493988394737244,0.38444986939430237,0.9175985455513,0.9171543717384338,0.014657923020422459,,,,,,,
Child support,288509588496,post,0.39513421058654785,0.959757387638092,0.2881682813167572,0.688258945941925,0.6370307803153992,0.4987793266773224,0.718298077583313,0.5350984334945679,,,,,,,
Child support,288511369632,pre,0.9445136785507202,0.9677529335021973,0.869548499584198,0.9349095821380615,0.8888553380966187,0.7424217462539673,0.9337939620018005,0.27009502053260803,,,,,,,
Child support,288511369632,post,0.837221086025238,0.9983707070350647,0.665410578250885,0.5997195839881897,0.9842817187309265,0.9689763784408569,0.19087480008602142,0.0525946207344532,,,,,,,
Child support,288531952560,post,0.5794004201889038,0.9994877576828003,0.5068355202674866,0.8477157354354858,0.6338636875152588,0.5195213556289673,0.6863700747489929,0.27125170826911926,,,,,,,
Child support,288547276212,post,0.12106091529130936,0.7492706775665283,0.19713515043258667,0.5087881684303284,0.3184851408004761,0.4078049659729004,0.9963214993476868,0.6071974635124207,,,,,,,
Child support,289391882832,pre,0.9519526362419128,0.997166097164154,0.4814537763595581,0.8106288313865662,0.856452465057373,0.9075173139572144,0.8844266533851624,0.334589421749115,,,,,,,
Child support,289391882832,post,0.7215470671653748,0.9351691007614136,0.5234203338623047,0.25888770818710327,0.49218812584877014,0.2065737396478653,0.5029296875,0.09434341639280319,,,,,,,
Child support,289551044160,pre,0.0630771592259407,0.3372035026550293,0.13364118337631226,0.3306873142719269,0.0983387902379036,0.26702573895454407,0.03649376332759857,0.46101677417755127,,,,,,,
Child support,289551044160,post,0.11992251873016357,0.09122005850076675,0.26817408204078674,0.6039318442344666,0.2617081105709076,0.4902356266975403,0.3113221526145935,0.5053708553314209,,,,,,,
Child support,289596807180,pre,0.24816960096359253,0.6848966479301453,0.09241098165512085,0.6213111877441406,0.3816803991794586,0.5813031196594238,0.9190633296966553,0.3298232853412628,,,,,,,
Child support,289642978548,post,0.9787735939025879,0.8179382681846619,0.10507271438837051,0.984032392501831,0.9003547430038452,0.36127740144729614,0.6874201893806458,0.3704531192779541,,,,,,,
Child support,289656043632,pre,0.11370255053043365,0.9012165665626526,0.19368059933185577,0.6953380107879639,0.8852848410606384,0.9518373608589172,0.5474035739898682,0.9724801182746887,,,,,,,
Child support,289656043632,post,0.7757747769355774,0.7896192073822021,0.5616956949234009,0.43830427527427673,0.7045668959617615,0.26740819215774536,0.4929204285144806,0.033526163548231125,,,,,,,
Child support,289870339464,pre,0.8784707188606262,0.9803186058998108,0.38676342368125916,0.8894568085670471,0.6990489959716797,0.14854055643081665,0.8332567811012268,0.5626571774482727,,,,,,,
Child support,289870339464,post,0.9850860238075256,0.9545627236366272,0.9626258015632629,0.7586894035339355,0.802710235118866,0.989223301410675,0.9725714921951294,0.01958741992712021,,,,,,,
Child support,289944143064,pre,0.47852882742881775,0.782880425453186,0.44987595081329346,0.537041425704956,0.22084614634513855,0.581778347492218,0.6210238933563232,0.12743528187274933,,,,,,,
Child support,289944143064,post,0.11476477980613708,0.15399393439292908,0.0006263342220336199,0.4522940218448639,0.23423144221305847,0.17938674986362457,0.17474450170993805,0.4049780070781708,,,,,,,
Child support,290011993128,pre,0.21354113519191742,0.08957398682832718,0.29645055532455444,0.03436679020524025,0.9979332685470581,0.01747598871588707,0.20354916155338287,0.07126733660697937,,,,,,,
Child support,290011993128,post,0.6566582322120667,0.5122045874595642,0.4436003863811493,0.6127731800079346,0.4368622601032257,0.14276887476444244,0.9942250847816467,0.05242456495761871,,,,,,,
Child support,290634638328,pre,0.7006516456604004,0.20956066250801086,0.009458226151764393,0.7213507890701294,0.4751182198524475,0.8392899036407471,0.9330657720565796,0.6829967498779297,,,,,,,
Child support,290634638328,post,0.9994440078735352,0.9805061221122742,0.9824399948120117,0.9993687272071838,0.9780438542366028,0.9939495921134949,0.9987503290176392,0.272024542093277,,,,,,,
Child support,290638059012,pre,0.35353976488113403,0.7995205521583557,0.25082099437713623,0.6641047596931458,0.5515737533569336,0.6943026781082153,0.6604188084602356,0.4902355968952179,,,,,,,
Child support,290638059012,post,0.35353976488113403,0.7995205521583557,0.25082099437713623,0.6641047596931458,0.5515737533569336,0.6943026781082153,0.6604188084602356,0.4902355968952179,,,,,,,
Child support,290681287128,pre,0.17866909503936768,0.019345104694366455,0.07596094161272049,0.6437773704528809,0.3380771577358246,0.3083984851837158,0.21190565824508667,0.2747403681278229,,,,,,,
Child support,290681287128,post,0.6509111523628235,0.596433162689209,0.5452857613563538,0.8891444206237793,0.765593409538269,0.5404388308525085,0.7977144718170166,0.5612147450447083,,,,,,,
Child support,291584235528,post,0.29203975200653076,0.2357235848903656,0.03267066180706024,0.0026886719278991222,0.8194603323936462,0.08949437737464905,0.8848128914833069,0.2045007199048996,,,,,,,
Child support,291621786444,post,0.08540366590023041,0.2254166156053543,0.03179866820573807,0.39233678579330444,0.3844498097896576,0.6085940599441528,0.9077220559120178,0.9893165826797485,,,,,,,
Child support,291758381244,pre,0.5422876477241516,0.42155182361602783,0.16132023930549622,0.0909774899482727,0.29624688625335693,0.11491367965936661,0.44363054633140564,0.12581531703472137,,,,,,,
Child support,291758381244,post,0.993561863899231,0.9988620281219482,0.5628974437713623,0.4754835367202759,0.8345417976379395,0.9977260828018188,0.7976356148719788,0.049696289002895355,,,,,,,
Child support,291933006444,pre,0.9825239777565002,0.7105781435966492,0.8392301797866821,0.917299211025238,0.8885655403137207,0.4816976487636566,0.9187722206115723,0.8115267157554626,,,,,,,
Child support,291933006444,post,0.9980295896530151,0.9494355320930481,0.6020615696907043,0.36931508779525757,0.9994946718215942,0.23074637353420258,0.42036160826683044,0.0011335690505802631,,,,,,,
Child support,291945183012,pre,0.9985221028327942,0.9723097085952759,0.8570517301559448,0.2458084523677826,0.988818347454071,0.8271310925483704,0.9739437103271484,0.019951706752181053,,,,,,,
Child support,292037520960,pre,0.9994439482688904,0.9990358948707581,0.7620701193809509,0.10194652527570724,0.9728307723999023,0.4258439838886261,0.4985351860523224,0.02592342719435692,,,,,,,
Child support,292037520960,post,0.9998919367790222,0.9932549595832825,0.8856314420700073,0.5175709128379822,0.9997981190681458,0.12273334711790085,0.09691926836967468,0.0054639652371406555,,,,,,,
Child support,292134583980,pre,0.8904848694801331,0.8140897154808044,0.986377477645874,0.4059196412563324,0.9818926453590393,0.5380124449729919,0.049016859382390976,0.46101677417755127,,,,,,,
Child support,292134583980,post,0.4882833957672119,0.6217706203460693,0.9986060261726379,0.37983834743499756,0.9140608310699463,0.5774953961372375,0.012443645857274532,0.20689405500888824,,,,,,,
Child support,292146350148,pre,0.29178741574287415,0.93288254737854,0.37250521779060364,0.3127896785736084,0.7606506943702698,0.411583811044693,0.29746994376182556,0.29037681221961975,,,,,,,
Child support,292146350148,post,0.9992401003837585,0.9978468418121338,0.8450494408607483,0.5418937802314758,0.9776712656021118,0.7297124266624451,0.33328619599342346,0.0007554056355729699,,,,,,,
Child support,292249837296,pre,0.997255802154541,0.9906327724456787,0.7824962735176086,0.8315538167953491,0.9598750472068787,0.35086607933044434,0.6144229769706726,0.13706976175308228,,,,,,,
Child support,292294294560,pre,0.08834722638130188,0.15299469232559204,0.07389651238918304,0.9544567465782166,0.0007793660624884069,0.9977525472640991,0.9283113479614258,0.5655387043952942,,,,,,,
Child support,292294294560,post,0.9990471601486206,0.986057698726654,0.8932629227638245,0.5096423625946045,0.9375547170639038,0.09756223112344742,0.9723097085952759,0.30280324816703796,,,,,,,
Child support,292295663928,pre,0.7102265357971191,0.6779006123542786,0.6252092719078064,0.6667138338088989,0.6566582918167114,0.6500230431556702,0.5170831680297852,0.5068354606628418,,,,,,,
Child support,292295663928,post,0.13834534585475922,0.2441827356815338,0.10678371042013168,0.5874698162078857,0.2954331636428833,0.4873073697090149,0.17981842160224915,0.47950366139411926,,,,,,,
Child support,292337935128,pre,0.956471860408783,0.20681393146514893,0.03173859044909477,0.4741441607475281,0.36840566992759705,0.7356179356575012,0.5875289440155029,0.9147107005119324,,,,,,,
Child support,292337935128,post,0.06070664897561073,0.026480941101908684,0.0061450921930372715,0.3376401960849762,0.5083000063896179,0.5053708553314209,0.8800774216651917,0.9478174448013306,,,,,,,
Child support,292380889644,pre,0.7170118689537048,0.5333974361419678,0.6757646203041077,0.5457699298858643,0.9125921130180359,0.4407099485397339,0.38560599088668823,0.061819322407245636,,,,,,,
Child support,292380889644,post,0.9998481869697571,0.9987791776657104,0.9996252059936523,0.9963071346282959,0.9497160315513611,0.9950754642486572,0.973569393157959,0.019899262115359306,,,,,,,
Child support,292439852496,pre,0.4196479618549347,0.8070427775382996,0.299105167388916,0.39187130331993103,0.7304821610450745,0.8402589559555054,0.9297599196434021,0.5712883472442627,,,,,,,
Child support,292439852496,post,0.3640989661216736,0.9944288730621338,0.36590972542762756,0.5287767052650452,0.3508661091327667,0.9833269715309143,0.9983450770378113,0.5544704794883728,,,,,,,
Child support,292516663644,pre,0.4421547055244446,0.7322090268135071,0.3638728857040405,0.5282900929450989,0.5316957235336304,0.5165954828262329,0.8814364075660706,0.2465333491563797,,,,,,,
Child support,292516663644,post,0.777384340763092,0.997434139251709,0.40662631392478943,0.696681022644043,0.9623559713363647,0.6507447361946106,0.7739860415458679,0.3433417081832886,,,,,,,
Child support,292518036432,pre,0.9994493722915649,0.5006103515625,0.9449946880340576,0.003736220533028245,0.9970707297325134,0.002736221067607403,0.00553876394405961,0.00015812712081242353,,,,,,,
Child support,292518036432,post,0.9997109174728394,0.9705485105514526,0.9917882680892944,0.13276734948158264,0.9980788826942444,0.002238720888271928,0.4772191345691681,0.00023735809372738004,,,,,,,
Child support,292549427244,post,0.9757624268531799,0.16940587759017944,0.0026316740550100803,0.9514250755310059,0.9798949360847473,0.92714923620224,0.9638480544090271,0.8406518697738647,,,,,,,
Child support,292623712380,post,0.7550956010818481,0.8250265121459961,0.6109178066253662,0.6173973083496094,0.6909762620925903,0.6178585290908813,0.6276089549064636,0.3459886312484741,,,,,,,
Child support,292646490264,pre,0.7829945087432861,0.6697448492050171,0.5341265797615051,0.7585105895996094,0.6963714361190796,0.8006920218467712,0.30590465664863586,0.5126925706863403,,,,,,,
Child support,292646490264,post,0.9564718008041382,0.7830567359924316,0.007823465391993523,0.9793195128440857,0.5931380391120911,0.6500230431556702,0.4545932114124298,0.50146484375,,,,,,,
Child support,292748060844,pre,0.22541660070419312,0.954350471496582,0.014316343702375889,0.021029481664299965,0.5214712023735046,0.0014779430348426104,0.8586000800132751,0.014104308560490608,,,,,,,
Child support,292748060844,post,0.9978342652320862,0.9988840222358704,0.8890962600708008,0.9930760264396667,0.8970657587051392,0.7244805693626404,0.851706326007843,0.0003997710009571165,,,,,,,
Child support,294136104096,pre,0.001220795209519565,0.0014779430348426104,0.0009907910134643316,0.9316803812980652,0.23792989552021027,0.1062261164188385,0.42960885167121887,0.6242935061454773,,,,,,,
Child support,294136104096,post,0.9923564195632935,0.832236647605896,0.8490973711013794,0.9981361031532288,0.9998340010643005,0.9940774440765381,0.6386803984642029,0.030860546976327896,,,,,,,
Child support,294548351580,pre,0.6959583759307861,0.3268083333969116,0.25349125266075134,0.6067314743995667,0.9657383561134338,0.26303109526634216,0.8539127707481384,0.02740250527858734,,,,,,,
Child support,294548351580,post,0.6531268954277039,0.28120818734169006,0.25720494985580444,0.5083000063896179,0.4240877330303192,0.4539879858493805,0.6979693174362183,0.21800270676612854,,,,,,,
Child support,294601017528,pre,0.9857454895973206,0.9379537105560303,0.8767333626747131,0.9894499182701111,0.9993512630462646,0.9967962503433228,0.9467691779136658,0.5869964361190796,,,,,,,
Child support,294601017528,post,0.7209580540657043,0.9414392113685608,0.7108290791511536,0.7844842076301575,0.8003801107406616,0.9993810057640076,0.3727335035800934,0.002575881313532591,,,,,,,
Child support,294637136832,pre,0.9998655319213867,0.7637481689453125,0.4056253135204315,0.822474479675293,0.9873567819595337,0.2766905426979065,0.07237401604652405,0.0035312070976942778,,,,,,,
Child support,294637136832,post,0.9998717308044434,0.5595307350158691,0.12357700616121292,0.6297746300697327,0.9157335758209229,0.36229208111763,0.9991083145141602,0.9661170244216919,,,,,,,
Child support,294844178160,pre,0.5983121991157532,0.5822535157203674,0.09645017236471176,0.7189891934394836,0.640186071395874,0.4931645095348358,0.9869920611381531,0.6513548493385315,,,,,,,
Child support,294844178160,post,0.4012185037136078,0.5760650634765625,0.04312840849161148,0.7813305854797363,0.5554352402687073,0.5214711427688599,0.8015089631080627,0.5822535157203674,,,,,,,
Child support,294981665580,post,0.7416740655899048,0.682573676109314,0.3479801416397095,0.6636689901351929,0.5973730087280273,0.4882833957672119,0.7334518432617188,0.10026028007268906,,,,,,,
Child support,294983786664,pre,0.46174484491348267,0.9979251027107239,0.8905948996543884,0.1388116478919983,0.6270381212234497,0.048462215811014175,0.18473993241786957,0.05694016069173813,,,,,,,
Child support,294983786664,post,0.7367795705795288,0.9326069355010986,0.19837458431720734,0.8807970881462097,0.26057755947113037,0.9936426281929016,0.9134065508842468,0.3306873142719269,,,,,,,
Child support,294992336664,post,0.7701191902160645,0.865792453289032,0.5688948631286621,0.7859664559364319,0.7013041377067566,0.6800292134284973,0.6574284434318542,0.3638728857040405,,,,,,,
Child support,295039534032,pre,0.16913123428821564,0.33252713084220886,0.1916300505399704,0.9170801043510437,0.5336405038833618,0.7876046299934387,0.3757064640522003,0.6509112119674683,,,,,,,
Child support,295039534032,post,0.0007222463027574122,0.14804719388484955,0.0007824141066521406,0.8766343593597412,0.1032954752445221,0.6907677054405212,0.6002176403999329,0.9990888833999634,,,,,,,
Child support,295075850328,pre,0.16995622217655182,0.3293917179107666,0.10941995680332184,0.5287767648696899,0.37983837723731995,0.4101655185222626,0.18454696238040924,0.53946852684021,,,,,,,
Child support,295075850328,post,0.6460136771202087,0.7858020663261414,0.45423004031181335,0.7178037762641907,0.5034179091453552,0.9995954632759094,0.22570447623729706,0.0015517842257395387,,,,,,,
Child support,295087686948,pre,0.5496405959129333,0.9936978220939636,0.3315524458885193,0.3993430435657501,0.8955226540565491,0.3195459246635437,0.8706729412078857,0.20134170353412628,,,,,,,
Child support,295087686948,post,0.8716388940811157,0.21825255453586578,0.4515683054924011,0.026708466932177544,0.9998219013214111,0.04940524697303772,0.21444456279277802,0.0017207354540005326,,,,,,,
Child support,295124897916,pre,0.23762015998363495,0.6255524754524231,0.001190225244499743,0.47852882742881775,0.4995117485523224,0.18447349965572357,0.29254475235939026,0.9310875535011292,,,,,,,
Child support,295124897916,post,0.6442251205444336,0.9805629253387451,0.5855752229690552,0.6575384736061096,0.5741559863090515,0.6229181885719299,0.7616271376609802,0.8464508056640625,,,,,,,
Child support,295147262664,pre,0.9995566010475159,0.9601001143455505,0.1368100792169571,0.9970707297325134,0.9559299349784851,0.7132319211959839,0.9967586398124695,0.923316240310669,,,,,,,
Child support,295147262664,post,0.17009402811527252,0.4201236963272095,0.09662052243947983,0.4153730571269989,0.35086607933044434,0.25534364581108093,0.29239320755004883,0.5588086247444153,,,,,,,
Child support,295148694960,pre,0.39210405945777893,0.7771307826042175,0.3257350027561188,0.7369688749313354,0.491211861371994,0.6675812602043152,0.6302298903465271,0.48681944608688354,,,,,,,
Child support,295148694960,post,0.998420774936676,0.8624096512794495,0.35711899399757385,0.954350471496582,0.8445372581481934,0.7946639657020569,0.978610634803772,0.07453392446041107,,,,,,,
Child support,295167711528,pre,0.7166154384613037,0.7205649614334106,0.6229182481765747,0.7523766160011292,0.6984322667121887,0.6779006123542786,0.7597605586051941,0.42727720737457275,,,,,,,
Child support,295167711528,post,0.9925031065940857,0.05946917459368706,0.3593641519546509,0.15259963274002075,0.9731595516204834,0.5501240491867065,0.45082777738571167,0.0017787250690162182,,,,,,,
Child support,295290420444,pre,0.9799765944480896,0.9795114398002625,0.6883113384246826,0.9967523813247681,0.5705706477165222,0.9967586398124695,0.9043130278587341,0.9993013143539429,,,,,,,
Child support,295290420444,post,0.005281333811581135,0.297265887260437,0.027559099718928337,0.8842393159866333,0.2978782653808594,0.5029296875,0.6642171144485474,0.6846858859062195,,,,,,,
Child support,295334470044,pre,0.00018023049051407725,0.004277093335986137,0.00021739141084253788,0.545285701751709,0.0360245481133461,0.45713672041893005,0.07126733660697937,0.7086160182952881,,,,,,,
Child support,295334470044,post,0.00016282752039842308,0.14128141105175018,0.0004165018326602876,0.4144247770309448,0.058857642114162445,0.38606882095336914,0.12814278900623322,0.9925176501274109,,,,,,,
Child support,295412860548,pre,0.6491339206695557,0.8454964756965637,0.4632014334201813,0.7970833778381348,0.6169358491897583,0.7921428680419922,0.8825291395187378,0.5039061903953552,,,,,,,
Child support,295412860548,post,0.000847589981276542,0.041617799550294876,0.0003193740558344871,0.2895725667476654,0.006890459917485714,0.08591996878385544,0.22819948196411133,0.541893720626831,,,,,,,
Child support,295443772560,pre,0.07772741466760635,0.0053744870238006115,0.0017477856017649174,0.0692264661192894,0.3293917179107666,0.14823204278945923,0.4668456017971039,0.6723317503929138,,,,,,,
Child support,295443772560,post,0.9838082790374756,0.9797452688217163,0.99183589220047,0.1374456137418747,0.8010035753250122,0.007045874372124672,0.9724146723747253,0.002163657918572426,,,,,,,
Child support,296236531296,pre,0.22253113985061646,0.4846239984035492,0.04584931209683418,0.49755859375,0.4101655185222626,0.38792216777801514,0.16559521853923798,0.4411914348602295,,,,,,,
Child support,296270392716,post,0.4707365930080414,0.6365790963172913,0.42107561230659485,0.6388353109359741,0.7803278565406799,0.5214711427688599,0.6627964973449707,0.2635993957519531,,,,,,,
Child support,296314442316,pre,0.046416014432907104,0.8221890926361084,0.13706977665424347,0.20613393187522888,0.4445647895336151,0.12692037224769592,0.013915452174842358,0.2544163465499878,,,,,,,
Child support,296314442316,post,0.9739437699317932,0.7003186941146851,0.028625503182411194,0.24061842262744904,0.5178146958351135,0.07247242331504822,0.12808825075626373,0.2867681086063385,,,,,,,
Child support,296431060896,post,0.00896371528506279,0.21419788897037506,0.0009092751424759626,0.700894832611084,0.2037075310945511,0.1214771717786789,0.3703961670398712,0.787114143371582,,,,,,,
Child support,296485300044,pre,0.997285008430481,0.9865975975990295,0.9986356496810913,0.30020034313201904,0.6861597895622253,0.14122217893600464,0.6623052358627319,0.005598248448222876,,,,,,,
Child support,296485300044,post,0.188174769282341,0.7201715111732483,0.19544048607349396,0.1749029904603958,0.20914645493030548,0.14033624529838562,0.2447238266468048,0.032767243683338165,,,,,,,
Child support,296604729180,pre,0.9992357492446899,0.9319440722465515,0.9013903141021729,0.8141266703605652,0.8875949382781982,0.7450739741325378,0.9698140025138855,0.2420264333486557,,,,,,,
Child support,296604729180,post,0.9995744228363037,0.8121979236602783,0.034326303750276566,0.019813736900687218,0.45713669061660767,0.06241670995950699,0.9737197756767273,0.002565864473581314,,,,,,,
Child support,296701859916,pre,0.2568320035934448,0.00768074719235301,0.174480602145195,0.8572909235954285,0.18862269818782806,0.8609547019004822,0.9965770244598389,0.7453983426094055,,,,,,,
Child support,296701859916,post,0.7995988130569458,0.8800774216651917,0.6343168616294861,0.4590761065483093,0.5209837555885315,0.3326354920864105,0.8178656101226807,0.9981648921966553,,,,,,,
Child support,296710409916,post,0.9991752505302429,0.9019638895988464,0.9323917627334595,0.06296183168888092,0.9227612018585205,0.02044939436018467,0.7492018938064575,0.007066401187330484,,,,,,,
Child support,297042555528,post,0.048293620347976685,0.6855285167694092,0.05613277852535248,0.39187127351760864,0.4809662401676178,0.367270290851593,0.27250829339027405,0.6493563055992126,,,,,,,
Child support,297120463812,pre,0.9994856715202332,0.989223301410675,0.00972727220505476,0.14475229382514954,0.9957478046417236,0.023353030905127525,0.9389128684997559,0.7295197248458862,,,,,,,
Child support,297120463812,post,0.9997761249542236,0.16451646387577057,0.17596246302127838,0.12603028118610382,0.9948603510856628,0.23204901814460754,0.515254020690918,0.01234800461679697,,,,,,,
Child support,297211164948,pre,0.9965402483940125,0.022542962804436684,0.6796041131019592,0.8932163119316101,0.8607207536697388,0.9228308200836182,0.962373673915863,0.8705973029136658,,,,,,,
Child support,297211164948,post,0.9997418522834778,0.7202699184417725,0.8736466765403748,0.9999313354492188,0.9812029600143433,0.9925681948661804,0.7578839659690857,0.7527403235435486,,,,,,,
Child support,297276141528,pre,0.9994927048683167,0.017831627279520035,0.5992506742477417,0.002256239764392376,0.9997783303260803,0.0008492456399835646,0.030646778643131256,0.00038296362617984414,,,,,,,
Child support,297276141528,post,0.9992875456809998,0.01958741992712021,0.913425862789154,0.003586615901440382,0.9997336864471436,0.6673611402511597,0.16138629615306854,0.0008328334079124033,,,,,,,
Child support,297309799116,pre,0.9988372921943665,0.4717099070549011,0.378459095954895,0.770810067653656,0.9443310499191284,0.38168036937713623,0.5941981077194214,0.9303950071334839,,,,,,,
Child support,297309799116,post,0.9974640011787415,0.002273895312100649,0.00032250722870230675,0.0004132618778385222,0.9495407938957214,0.0005463420529849827,0.024030638858675957,0.0005571116926148534,,,,,,,
Child support,297437978664,pre,0.011331753805279732,0.08203306049108505,0.003051510313525796,0.6684475541114807,0.06263136118650436,0.5058590769767761,0.26435837149620056,0.8722385764122009,,,,,,,
Child support,297437978664,post,0.0037911441177129745,0.0015397268580272794,0.00027159214369021356,0.5107405781745911,0.06954174488782883,0.09679114073514938,0.33111974596977234,0.8645393252372742,,,,,,,
Child support,298225945296,pre,0.052936285734176636,0.9885029792785645,0.1125025674700737,0.9311187863349915,0.2477143555879593,0.7305783629417419,0.9714016318321228,0.5824910998344421,,,,,,,
Child support,298225945296,post,0.14718706905841827,0.9889705181121826,0.004289588425308466,0.1905733346939087,0.2825919985771179,0.7134315967559814,0.18724411725997925,0.17370830476284027,,,,,,,
Child support,298249883928,pre,0.5903069376945496,0.8260111808776855,0.6682310700416565,0.8243205547332764,0.6838419437408447,0.8335956931114197,0.9949396252632141,0.9082116484642029,,,,,,,
Child support,298249883928,post,0.7579735517501831,0.9755536317825317,0.7903686165809631,0.7362110018730164,0.47025004029273987,0.8831352591514587,0.9798226356506348,0.13106197118759155,,,,,,,
Child support,298252892160,pre,0.9997169971466064,0.981462299823761,0.9946567416191101,0.9950993061065674,0.9564515352249146,0.9857592582702637,0.9988418221473694,0.2617081105709076,,,,,,,
Child support,298252892160,post,0.9449693560600281,0.9231777787208557,0.0017140385461971164,0.6851073503494263,0.6169358491897583,0.7794896960258484,0.8554591536521912,0.5535053014755249,,,,,,,
Child support,298301049864,post,0.2538610100746155,0.9379395246505737,0.9784696698188782,0.522445797920227,0.9059897661209106,0.40450742840766907,0.6957516074180603,0.2203424572944641,,,,,,,
Child support,298381419864,pre,0.9620006084442139,0.9742026925086975,0.9788343906402588,0.8669231534004211,0.8296300768852234,0.9746407270431519,0.6683122515678406,0.18892180919647217,,,,,,,
Child support,298381419864,post,0.23475734889507294,0.015633564442396164,0.3302551805973053,0.3319854438304901,0.9024377465248108,0.24926446378231049,0.9908831715583801,0.6575384140014648,,,,,,,
Child support,298394417916,pre,0.9096665382385254,0.9970131516456604,0.013636835850775242,0.9651191234588623,0.9988926649093628,0.4930424690246582,0.023531882092356682,0.001220795209519565,,,,,,,
Child support,298394417916,post,0.9948703646659851,0.9988530874252319,0.7588067650794983,0.9995685815811157,0.9421883821487427,0.9954703450202942,0.9956091642379761,0.04133450612425804,,,,,,,
Child support,298519314264,post,0.9995719790458679,0.9928370118141174,0.966851532459259,0.8810020089149475,0.9722505211830139,0.9222025275230408,0.6071683168411255,0.0026522595435380936,,,,,,,
Child support,298562882328,post,0.7377254366874695,0.8271310925483704,0.5535053014755249,0.7487199306488037,0.6988435387611389,0.6343168020248413,0.8203975558280945,0.07772740721702576,,,,,,,
Child support,298592227296,pre,0.9986775517463684,0.9948604106903076,0.9984299540519714,0.31100818514823914,0.8574103713035583,0.23637299239635468,0.6798698902130127,0.02510703168809414,,,,,,,
Child support,298592227296,post,0.9989935755729675,0.9969780445098877,0.9743128418922424,0.5544629096984863,0.45956119894981384,0.1128198429942131,0.750415563583374,0.003087369492277503,,,,,,,
Child support,298631968380,post,0.9971216917037964,0.07953143119812012,0.0016261348500847816,0.28656840324401855,0.9993893504142761,0.5956102013587952,0.8814428448677063,0.013729090802371502,,,,,,,
Child support,298778755464,pre,0.9591925144195557,0.5979601144790649,0.01784873940050602,0.15723389387130737,0.9102267026901245,0.8340017199516296,0.9953362941741943,0.15668469667434692,,,,,,,
Child support,298802216664,pre,0.6918097138404846,0.5926665663719177,0.07985373586416245,0.9780307412147522,0.882983922958374,0.7880943417549133,0.5360387563705444,0.9064049124717712,,,,,,,
Child support,298802216664,post,0.1329079568386078,0.17490297555923462,0.09999630600214005,0.8147907853126526,0.43830427527427673,0.6779006123542786,0.6650843024253845,0.7745833396911621,,,,,,,
Child support,298885935528,pre,0.9730653166770935,0.681090772151947,0.7110298275947571,0.16871994733810425,0.5693738460540771,0.30777397751808167,0.9769127368927002,0.08502304553985596,,,,,,,
Child support,298885935528,post,0.9928647875785828,0.3890821635723114,0.7290378212928772,0.9994240403175354,0.2929997146129608,0.7465087175369263,0.7715209126472473,0.14282864332199097,,,,,,,
Child support,299005499412,pre,0.04818153753876686,0.11422023922204971,0.09081609547138214,0.3643251061439514,0.222362220287323,0.41774648427963257,0.024423090741038322,0.1748325228691101,,,,,,,
Child support,299005499412,post,0.77390056848526,0.5879430770874023,0.005663865711539984,0.5234203338623047,0.2314404845237732,0.99826580286026,0.24535612761974335,0.959554135799408,,,,,,,
Child support,299006529516,post,0.9922143816947937,0.8085212111473083,0.5862860083580017,0.7446563243865967,0.709019124507904,0.849846601486206,0.7548246383666992,0.6183196306228638,,,,,,,
Child support,299096813412,pre,0.7264255881309509,0.9023947715759277,0.5822535157203674,0.4834045171737671,0.6934729218482971,0.4073334336280823,0.9319905042648315,0.21883626282215118,,,,,,,
Child support,299096813412,post,0.9967365264892578,0.8656789660453796,0.7576150894165039,0.003039649687707424,0.9998540282249451,0.0005264497012831271,0.29721489548683167,0.010101075284183025,,,,,,,
Child support,299118362148,pre,0.7732163667678833,0.3656831681728363,0.42536652088165283,0.6934729218482971,0.45859116315841675,0.8122723698616028,0.9904035925865173,0.7371581792831421,,,,,,,
Child support,299118362148,post,0.6057990789413452,0.05114193633198738,0.6619228720664978,0.07896137982606888,0.9871540665626526,0.18624302744865417,0.5752301812171936,0.0011740821646526456,,,,,,,
Child support,299135390328,pre,0.9911268949508667,0.14608724415302277,0.4130035638809204,0.9398581385612488,0.9998804330825806,0.8830344080924988,0.3974705636501312,0.4078049957752228,,,,,,,
Child support,299135390328,post,0.0757213681936264,0.14560063183307648,0.20386599004268646,0.0004512106243055314,0.9998482465744019,0.03784795105457306,0.5849826335906982,0.00043478055158630013,,,,,,,
Child support,299342574612,pre,0.26626187562942505,0.6258955597877502,0.046421416103839874,0.7126322984695435,0.46587345004081726,0.6203916668891907,0.580140233039856,0.43494123220443726,,,,,,,
Child support,299342574612,post,0.15885822474956512,0.6486889123916626,0.11284427344799042,0.7550956010818481,0.5039061903953552,0.8054026961326599,0.9562272429466248,0.4848679006099701,,,,,,,
Child support,299405505348,post,0.7921428680419922,0.7959754467010498,0.9778199791908264,0.775604784488678,0.8432507514953613,0.655777096748352,0.593962550163269,0.015439389273524284,,,,,,,
Child support,299438609580,pre,0.7047700881958008,0.8682483434677124,0.7856377363204956,0.733905017375946,0.974190354347229,0.04845096170902252,0.5607187747955322,0.007937993854284286,,,,,,,
Child support,299438609580,post,0.8484706282615662,0.3152087330818176,0.8335956931114197,0.23222306370735168,0.9646725654602051,0.40615513920783997,0.1196136623620987,0.0007628131425008178,,,,,,,
Child support,299465418960,pre,0.9962710738182068,0.9448931217193604,0.7262800335884094,0.05934639275074005,0.9935805797576904,0.47559770941734314,0.675336480140686,0.023633070290088654,,,,,,,
Child support,299465418960,post,0.2632204592227936,0.9709505438804626,0.08789600431919098,0.7470627427101135,0.19299523532390594,0.8401278257369995,0.42823341488838196,0.5331544280052185,,,,,,,
Child support,299545516728,post,0.9544355869293213,0.8447935581207275,0.04447291046380997,0.7161193490028381,0.8951566219329834,0.02658182568848133,0.0285983607172966,0.03799937665462494,,,,,,,
Child support,299558447064,pre,0.6988723874092102,0.3397180736064911,0.08023126423358917,0.014949893578886986,0.5712883472442627,0.002828336087986827,0.3721628487110138,0.009984568692743778,,,,,,,
Child support,299558447064,post,0.9240047335624695,0.8294919729232788,0.2658804655075073,0.7919819951057434,0.4049779772758484,0.998553454875946,0.4021573066711426,0.1598721295595169,,,,,,,
Child support,299590045812,pre,0.7134316563606262,0.8569320440292358,0.6783269643783569,0.7235048413276672,0.7316341996192932,0.7254542112350464,0.6753365397453308,0.227469339966774,,,,,,,
Child support,299590045812,post,0.00272558256983757,0.2808135449886322,0.0010322310263291001,0.07805180549621582,0.012594551779329777,0.12629945576190948,0.006050397176295519,0.2349327951669693,,,,,,,
Child support,301010033916,pre,0.9998988509178162,0.5867596864700317,0.006944127380847931,0.6531268954277039,0.9951537847518921,0.08280853182077408,0.5374359488487244,0.6909762620925903,,,,,,,
Child support,301031710560,pre,0.949669361114502,0.853851854801178,0.9713473320007324,0.7833262085914612,0.9998696446418762,0.7350714802742004,0.13201019167900085,0.0045827655121684074,,,,,,,
Child support,301031710560,post,0.8044058680534363,0.9834228157997131,0.9481064677238464,0.9199756383895874,0.8869110941886902,0.6249804496765137,0.18584558367729187,0.11706648766994476,,,,,,,
Child support,301040330328,post,0.5973730087280273,0.6827852725982666,0.8335956931114197,0.6034645438194275,0.5846269726753235,0.5559174418449402,0.46952030062675476,0.5190337300300598,,,,,,,
Child support,301139171748,pre,0.9996762275695801,0.3473156988620758,0.28537195920944214,0.609756588935852,0.6586371064186096,0.297265887260437,0.9337637424468994,0.467818021774292,,,,,,,
Child support,301139171748,post,0.9982926249504089,0.988469660282135,0.3153141736984253,0.6365790963172913,0.48584362864494324,0.46879062056541443,0.3218861520290375,0.5912513136863708,,,,,,,
Child support,301235681412,pre,0.9740568995475769,0.8147907853126526,0.5251253247261047,0.9307578206062317,0.923316240310669,0.4860876202583313,0.6073939800262451,0.020537609234452248,,,,,,,
Child support,301235681412,post,0.8329172730445862,0.9172285199165344,0.9114165306091309,0.15817435085773468,0.7345005869865417,0.01424074824899435,0.6918357610702515,0.0009146136580966413,,,,,,,
Child support,301489654032,pre,0.6619228720664978,0.526829719543457,0.3697701096534729,0.7082125544548035,0.6302298903465271,0.5798763036727905,0.9188451170921326,0.3830641806125641,,,,,,,
Child support,301489654032,post,0.6880493760108948,0.6701767444610596,0.44601204991340637,0.7364006042480469,0.6714705228805542,0.6469064354896545,0.674050509929657,0.5525397062301636,,,,,,,
Child support,301530007296,pre,0.665410578250885,0.7615385055541992,0.45519858598709106,0.6388353109359741,0.6872103214263916,0.6491339206695557,0.6707161664962769,0.36161547899246216,,,,,,,
Child support,301530007296,post,0.9978468418121338,0.7132319211959839,0.7063930034637451,0.878000795841217,0.9907005429267883,0.6232622265815735,0.901401162147522,0.018797073513269424,,,,,,,
Child support,301673236896,post,0.4201236963272095,0.5316957235336304,0.004560545086860657,0.7221352458000183,0.4965820908546448,0.34510526061058044,0.664322555065155,0.7457688450813293,,,,,,,
Child support,301703880780,pre,0.28115883469581604,0.6961649060249329,0.42679932713508606,0.9345895051956177,0.562176525592804,0.9347981214523315,0.6247658729553223,0.4834045469760895,,,,,,,
Child support,301754976948,pre,0.9997565746307373,0.9289101958274841,0.21153897047042847,0.953302264213562,0.8624675869941711,0.9905142188072205,0.9395815134048462,0.9953634142875671,,,,,,,
Child support,301754976948,post,0.999880850315094,0.0014103585854172707,0.001987774157896638,0.000799392000772059,0.9851254224777222,0.0007321812445297837,0.06097517907619476,0.0002611903182696551,,,,,,,
Child support,301780282212,pre,0.9997868537902832,0.9259864687919617,0.780662477016449,0.6011252999305725,0.9293122291564941,0.5583270192146301,0.9621609449386597,0.1598721444606781,,,,,,,
Child support,301780282212,post,0.9998612999916077,0.9847524166107178,0.951096773147583,0.38861802220344543,0.9998286962509155,0.4002803862094879,0.5786862969398499,0.30964964628219604,,,,,,,
Child support,301829874264,pre,0.405213326215744,0.7916600704193115,0.32487764954566956,0.7485361695289612,0.512204647064209,0.7136312127113342,0.636155366897583,0.4530198872089386,,,,,,,
Child support,301829874264,post,0.405213326215744,0.7916600704193115,0.32487764954566956,0.7485361695289612,0.512204647064209,0.7136312127113342,0.636155366897583,0.4530198872089386,,,,,,,
Child support,301856139864,pre,0.997730553150177,0.7784388661384583,0.6390605568885803,0.12106090039014816,0.9965335130691528,0.020508162677288055,0.8324410915374756,0.008077625185251236,,,,,,,
Child support,301856139864,post,0.9997382760047913,0.9931228756904602,0.998661994934082,0.0019304942106828094,0.9971272945404053,0.0061929901130497456,0.14678911864757538,0.0003785036678891629,,,,,,,
Child support,301878235116,pre,0.8293538093566895,0.779156506061554,0.008994128555059433,0.00813258159905672,0.9055731296539307,0.5851011872291565,0.07647662609815598,0.003791144350543618,,,,,,,
Child support,301878235116,post,0.9883690476417542,0.7361161708831787,0.6136996746063232,0.29057806730270386,0.9965969920158386,0.9602121710777283,0.21056333184242249,0.0011008767178282142,,,,,,,
Child support,301903336548,post,0.9998799562454224,0.9894295334815979,0.41063809394836426,0.9354054927825928,0.9998505115509033,0.9991135001182556,0.43023714423179626,0.005614581983536482,,,,,,,
Child support,301953198096,post,0.20641374588012695,0.9294083714485168,0.30321577191352844,0.754191517829895,0.2660711407661438,0.6522414088249207,0.9870420694351196,0.6187804341316223,,,,,,,
Child support,302043826044,post,0.9921004176139832,0.997087836265564,0.9988817572593689,0.9717522263526917,0.8349459171295166,0.895369827747345,0.7805997133255005,0.07926376909017563,,,,,,,
Child support,302066194896,pre,0.03510347753763199,0.9987744688987732,0.15040279924869537,0.015424552373588085,0.9991186857223511,0.9459761381149292,0.12397418171167374,0.03645944222807884,,,,,,,
Child support,302066194896,post,0.9993306398391724,0.42441195249557495,0.8147907853126526,0.9996880292892456,0.9995290040969849,0.9639160633087158,0.8961151242256165,0.03774140775203705,,,,,,,
Child support,302239108044,pre,0.8279672861099243,0.7576150894165039,0.530236542224884,0.8635067939758301,0.7221353054046631,0.631367027759552,0.41072672605514526,0.04291732236742973,,,,,,,
Child support,302239108044,post,0.6383845210075378,0.4527778923511505,0.61555016040802,0.2037075161933899,0.9078037738800049,0.0593191422522068,0.098273865878582,0.0305634792894125,,,,,,,
Child support,303085973232,pre,0.242923304438591,0.1244322806596756,0.0017308300593867898,0.9981287717819214,0.07885491847991943,0.985327959060669,0.7203806042671204,0.6813028454780579,,,,,,,
Child support,303085973232,post,0.47195330262184143,0.9915544390678406,0.16013462841510773,0.0014895173953846097,0.11104825139045715,0.0018932258244603872,0.33147132396698,0.003007269464433193,,,,,,,
Child support,303348214044,pre,0.23283302783966064,0.6392858028411865,0.4892594516277313,0.3407045006752014,0.498046875,0.4258439838886261,0.2483518421649933,0.23440665006637573,,,,,,,
Child support,303348214044,post,0.34108850359916687,0.8719798922538757,0.007149101700633764,0.5710490942001343,0.10856641829013824,0.9868913292884827,0.7449347972869873,0.3019792437553406,,,,,,,
Child support,303418463580,pre,0.38861802220344543,0.5083000063896179,0.2086622714996338,0.6947170495986938,0.4975586235523224,0.5360700488090515,0.3094409108161926,0.3437821865081787,,,,,,,
Child support,303418463580,post,0.7435405850410461,0.8684925436973572,0.6804540753364563,0.8180110454559326,0.7409248948097229,0.7341195344924927,0.7520182728767395,0.18713268637657166,,,,,,,
Child support,303428110716,post,0.3048688769340515,0.2507292628288269,0.21683961153030396,0.1865392029285431,0.2404177486896515,0.6408606171607971,0.19231170415878296,0.19744445383548737,,,,,,,
Child support,303481936728,pre,0.9988281726837158,0.6901415586471558,0.7735586762428284,0.6146253943443298,0.921640157699585,0.5997196435928345,0.6113819479942322,0.34466397762298584,,,,,,,
Child support,303481936728,post,0.9998911023139954,0.40874868631362915,0.9603146910667419,0.019985152408480644,0.9992958307266235,0.5931380391120911,0.9254660606384277,0.25627321004867554,,,,,,,
Child support,303624554832,pre,0.9626906514167786,0.35217392444610596,0.7264256477355957,0.6222297549247742,0.9676709175109863,0.6957516074180603,0.6582047343254089,0.4892594814300537,,,,,,,
Child support,303624554832,post,0.995216965675354,0.8637942671775818,0.3302551507949829,0.8085967898368835,0.9866620302200317,0.7274917364120483,0.9591543078422546,0.007045874372124672,,,,,,,
Child support,303682488948,pre,0.9919379949569702,0.9866234064102173,0.33220207691192627,0.2954331636428833,0.5428632497787476,0.11566071957349777,0.2591688334941864,0.16079244017601013,,,,,,,
Child support,303682488948,post,0.013902059756219387,0.0014465743442997336,0.0006602275534532964,0.8890902400016785,0.004281254485249519,0.001304506789892912,0.7908636331558228,0.8508408069610596,,,,,,,
Child support,303798632832,pre,0.9855626225471497,0.9996505975723267,0.8321002721786499,0.5950219631195068,0.8416955471038818,0.7664684653282166,0.5348555445671082,0.0057581327855587006,,,,,,,
Child support,303798632832,post,0.9467937350273132,0.837221086025238,0.9611482620239258,0.9752283692359924,0.5688948631286621,0.9946722984313965,0.3355821967124939,0.004764452110975981,,,,,,,
Child support,304167717864,pre,0.857171356678009,0.8388614058494568,0.32124701142311096,0.9964584708213806,0.9997448921203613,0.999783456325531,0.4060373902320862,0.32338008284568787,,,,,,,
Child support,304167717864,post,0.5976079106330872,0.09896291792392731,0.3436720371246338,0.590779185295105,0.6884684562683105,0.9548004865646362,0.23686909675598145,0.8661324977874756,,,,,,,
Child support,304277772780,post,0.4995117485523224,0.9892855286598206,0.7576150894165039,0.19759923219680786,0.24328269064426422,0.9956091046333313,0.1905733346939087,0.0630771592259407,,,,,,,
Child support,304323598044,pre,0.9879112243652344,0.23135364055633545,0.0012893283274024725,0.14175598323345184,0.15418486297130585,0.05423002317547798,0.9432430863380432,0.15027806162834167,,,,,,,
Child support,304323598044,post,0.019205784425139427,0.0011424495605751872,0.003105456242337823,0.28776779770851135,0.05715027451515198,0.5588086247444153,0.3584653437137604,0.5950220227241516,,,,,,,
Child support,305108492832,pre,0.5331543684005737,0.000736480753403157,0.002934951800853014,0.6258955597877502,0.5282900333404541,0.7662937045097351,0.10613343864679337,0.3324187397956848,,,,,,,
Child support,305108492832,post,0.9985646605491638,0.6743722558021545,0.23231016099452972,0.7246754169464111,0.9101868271827698,0.5994851589202881,0.9478657841682434,0.8220463395118713,,,,,,,
Child support,305161161516,post,0.6067314743995667,0.8678219318389893,0.702530026435852,0.7476159334182739,0.6397360563278198,0.954201340675354,0.723700225353241,0.47219666838645935,,,,,,,
Child support,305308765296,pre,0.859545886516571,0.9995224475860596,0.4160846471786499,0.5860490798950195,0.640186071395874,0.4824290871620178,0.978260338306427,0.22371606528759003,,,,,,,
Child support,305308765296,post,0.9905692338943481,0.9748929738998413,0.9105453491210938,0.9475268721580505,0.9347906112670898,0.9599876999855042,0.9560224413871765,0.045183759182691574,,,,,,,
Child support,305448165180,pre,0.002585936803370714,0.8691672086715698,0.0014158706180751324,0.0033963879104703665,0.7851439118385315,0.03488088771700859,0.4640210270881653,0.011040126904845238,,,,,,,
Child support,305448165180,post,0.0059110685251653194,0.043467193841934204,0.03588069602847099,0.2965905964374542,0.9349318742752075,0.001813743612729013,0.3589427173137665,0.009936417452991009,,,,,,,
Child support,305573133348,pre,0.997607946395874,0.9967491626739502,0.8964781761169434,0.7653084397315979,0.9397476315498352,0.9168943166732788,0.917376697063446,0.04980809986591339,,,,,,,
Child support,305573133348,post,0.4404542148113251,0.6350526809692383,0.007149101700633764,0.9825993180274963,0.034618839621543884,0.9508007168769836,0.8417606353759766,0.6123096942901611,,,,,,,
Child support,305611706160,pre,0.4265604615211487,0.046877436339855194,0.4177464544773102,0.1916300356388092,0.6343168020248413,0.696784257888794,0.8557908535003662,0.8888552784919739,,,,,,,
Child support,305611706160,post,0.9977656602859497,0.9861913323402405,0.011441684328019619,0.9964377284049988,0.9994887113571167,0.8259409666061401,0.5742902755737305,0.8551872372627258,,,,,,,
Child support,305637566832,pre,0.00047193223144859076,0.05176751688122749,0.0008295892039313912,0.024211667478084564,0.00029308180091902614,0.0327054001390934,0.0036076169926673174,0.2544163167476654,,,,,,,
Child support,305740711980,pre,0.9993448853492737,0.8295610547065735,0.9715908765792847,0.26707351207733154,0.9657384157180786,0.05649605765938759,0.9054896235466003,0.002496827859431505,,,,,,,
Child support,305740711980,post,0.9998148083686829,0.09577147662639618,0.04059775546193123,0.0029810324776917696,0.9970464110374451,0.148509681224823,0.5989372730255127,0.0003882333403453231,,,,,,,
Child support,305854117128,pre,0.16871994733810425,0.4532618522644043,0.013350850902497768,0.5423785448074341,0.3123700022697449,0.4985351860523224,0.049267835915088654,0.41869693994522095,,,,,,,
Child support,305854117128,post,0.15140382945537567,0.9505488872528076,0.22729776799678802,0.8950190544128418,0.3069424033164978,0.5508490204811096,0.8147355318069458,0.50048828125,,,,,,,
Child support,305892698148,pre,0.8988553881645203,0.40098389983177185,0.9988642334938049,0.4751181900501251,0.9997444152832031,0.3830641508102417,0.21005648374557495,0.029367852956056595,,,,,,,
Child support,305892698148,post,0.7541915774345398,0.9047136902809143,0.9518855810165405,0.561214804649353,0.9692224264144897,0.7221352458000183,0.1602003276348114,0.22051025927066803,,,,,,,
Child support,305925391980,pre,0.27474039793014526,0.5336405038833618,0.02570546790957451,0.5448014140129089,0.4339814782142639,0.47317031025886536,0.24517536163330078,0.43926623463630676,,,,,,,
Child support,305925391980,post,0.9998342990875244,0.9841546416282654,0.5076897740364075,0.003422935027629137,0.9875766634941101,0.02655657008290291,0.807460606098175,0.00038521329406648874,,,,,,,
Child support,305971564032,pre,0.741954505443573,0.7469936013221741,0.10650458186864853,0.6584175229072571,0.31027624011039734,0.3073580265045166,0.8852847814559937,0.49218815565109253,,,,,,,
Child support,305971564032,post,0.9922594428062439,0.4475809931755066,0.010268433019518852,0.6680145263671875,0.7833262085914612,0.7272012233734131,0.5398324131965637,0.9538373351097107,,,,,,,
Child support,306046189116,pre,0.9953634738922119,0.9872281551361084,0.8768223524093628,0.9993798136711121,0.9966496229171753,0.9888203740119934,0.6295468807220459,0.21568097174167633,,,,,,,
Child support,306046189116,post,0.28017303347587585,0.008077625185251236,0.0002835130726452917,0.6710395216941833,0.08028533309698105,0.5178147554397583,0.10091183334589005,0.7181992530822754,,,,,,,
Child support,306075936960,pre,0.9997418522834778,0.9730876684188843,0.9767469763755798,0.9236267805099487,0.9987331032752991,0.9696420431137085,0.9281812906265259,0.00898542907088995,,,,,,,
Child support,306075936960,post,0.9987648725509644,0.5596511363983154,0.022350111976265907,0.0015761828981339931,0.9893268346786499,0.002817340660840273,0.501678466796875,0.0005452766781672835,,,,,,,
Child support,306151934148,pre,0.9648054838180542,0.9865717887878418,0.5053708553314209,0.3713645935058594,0.8024007678031921,0.7876046895980835,0.7877271771430969,0.50146484375,,,,,,,
Child support,306151934148,post,0.8216173648834229,0.9964272975921631,0.8617711067199707,0.6740504503250122,0.8770561814308167,0.528046727180481,0.83561772108078,0.06869351863861084,,,,,,,
Child support,306376282044,pre,0.9907945990562439,0.1722414493560791,0.19345194101333618,0.9996646642684937,0.9663470387458801,0.9991065859794617,0.9899281859397888,0.5888891220092773,,,,,,,
Child support,306376282044,post,0.04356881231069565,0.009321969002485275,0.004146046936511993,0.9114755988121033,0.009508679620921612,0.27884554862976074,0.4969483017921448,0.9478657245635986,,,,,,,
Child support,306384353244,post,0.5253688097000122,0.7849791049957275,0.13898684084415436,0.7599387764930725,0.6509112119674683,0.4892594814300537,0.9154316782951355,0.23458194732666016,,,,,,,
Child support,308006390160,pre,0.00032187814940698445,0.12023207545280457,0.0390666164457798,0.35086607933044434,0.21452681720256805,0.33415475487709045,0.28101083636283875,0.5874698758125305,,,,,,,
Child support,308006390160,post,0.4063907563686371,0.4877954125404358,0.23440663516521454,0.543832540512085,0.4790162444114685,0.5248817801475525,0.8452411890029907,0.5126925706863403,,,,,,,
Child support,308492647812,pre,0.836821436882019,0.6238353252410889,0.692225992679596,0.9232470393180847,0.6684474945068359,0.8631033897399902,0.9559813737869263,0.47219669818878174,,,,,,,
Child support,308492647812,post,0.7000752091407776,0.9819446802139282,0.8398653268814087,0.3459886312484741,0.3153141736984253,0.3176378607749939,0.62446528673172,0.02085677720606327,,,,,,,
Child support,308495727864,pre,0.9824568629264832,0.07490526139736176,0.16810448467731476,0.650245189666748,0.2330075204372406,0.5655387043952942,0.9604354500770569,0.3391706645488739,,,,,,,
Child support,308495727864,post,0.8580062389373779,0.04126865044236183,0.0002913700300268829,0.6859495043754578,0.4639299511909485,0.8862728476524353,0.9777775406837463,0.5520567893981934,,,,,,,
Child support,308510639748,pre,0.6256668567657471,0.9071066975593567,0.899827778339386,0.5571225881576538,0.7549149990081787,0.5931380391120911,0.5298715829849243,0.23022675514221191,,,,,,,
Child support,308510639748,post,0.5341265201568604,0.5219584703445435,0.6001883745193481,0.6206216216087341,0.5278033018112183,0.6855285167694092,0.8492224812507629,0.3951341509819031,,,,,,,
Child support,308613650832,pre,0.7318258881568909,0.1308952420949936,0.0023504828568547964,0.12732672691345215,0.862699031829834,0.0011832797899842262,0.05584888160228729,0.00021527924400288612,,,,,,,
Child support,308613650832,post,0.9996288418769836,0.7505527138710022,0.7757747173309326,0.7158215045928955,0.7947037220001221,0.6265812516212463,0.8450494408607483,0.5229331254959106,,,,,,,
Child support,308641552560,post,0.4293994605541229,0.9749287962913513,0.2512800693511963,0.13059002161026,0.6835251450538635,0.4624730348587036,0.6419556140899658,0.6779006123542786,,,,,,,
Child support,308671922160,pre,0.7201715707778931,0.9980238080024719,0.995538055896759,0.5903069376945496,0.8802834153175354,0.4239349365234375,0.029915573075413704,0.05372512713074684,,,,,,,
Child support,308671922160,post,0.9998676180839539,0.38144993782043457,0.1945973038673401,0.02076473832130432,0.9822813272476196,0.03525262698531151,0.8760523200035095,0.008660931140184402,,,,,,,
Child support,308779242444,post,0.9410340785980225,0.8612467050552368,0.7072025537490845,0.9026954174041748,0.9046505093574524,0.9743448495864868,0.7391400933265686,0.6557770371437073,,,,,,,
Child support,309001268160,pre,0.8255897164344788,0.4313446283340454,0.06412401050329208,0.7664684653282166,0.7992857098579407,0.7793218493461609,0.444368839263916,0.04484790191054344,,,,,,,
Child support,309001268160,post,0.39001110196113586,0.3009509742259979,0.17258982360363007,0.7640564441680908,0.903037965297699,0.4004269242286682,0.49100592732429504,0.007360082119703293,,,,,,,
Child support,309007154664,post,0.21076633036136627,0.7248215675354004,0.2037075310945511,0.39233681559562683,0.16559311747550964,0.36161547899246216,0.14553989470005035,0.4373428225517273,,,,,,,
Child support,309010917348,pre,0.9922143816947937,0.9877114295959473,0.7880942821502686,0.9526622891426086,0.7728736996650696,0.8784186244010925,0.9791556596755981,0.5903069376945496,,,,,,,
Child support,309010917348,post,0.9992327094078064,0.9990226626396179,0.9926684498786926,0.026180503889918327,0.9529258012771606,0.020924191921949387,0.9441768527030945,0.007367220241576433,,,,,,,
Child support,309083079348,pre,0.5207400321960449,0.6526842713356018,0.004223365802317858,0.21650809049606323,0.45035937428474426,0.6190107464790344,0.8354164361953735,0.6374822854995728,,,,,,,
Child support,309083079348,post,0.36274343729019165,0.6495786309242249,0.6180890798568726,0.08937687426805496,0.4882833659648895,0.5168393850326538,0.9553608298301697,0.524394690990448,,,,,,,
Child support,309102981696,pre,0.6520198583602905,0.887057900428772,0.2356356531381607,0.8972459435462952,0.5248817205429077,0.8194603323936462,0.7791538834571838,0.6963714361190796,,,,,,,
Child support,309102981696,post,0.9998681545257568,0.05240637809038162,0.0737963318824768,0.002062769839540124,0.9773275256156921,0.0006851713405922055,0.8301814794540405,0.001085944357328117,,,,,,,
Child support,309120765696,post,0.9998390674591064,0.9853842854499817,0.9944126605987549,0.6564380526542664,0.5156199336051941,0.995207667350769,0.8897685408592224,0.08029434084892273,,,,,,,
Child support,309889927116,pre,0.9887987971305847,0.9432953596115112,0.5784481763839722,0.38630029559135437,0.4016878306865692,0.31552502512931824,0.9972099661827087,0.35042136907577515,,,,,,,
Child support,309889927116,post,0.9997040629386902,0.9960507154464722,0.9527942538261414,0.9997621774673462,0.9420286417007446,0.9996824860572815,0.94413822889328,0.5616956949234009,,,,,,,
Child support,309980008548,post,0.08273439109325409,0.6984323263168335,0.26530903577804565,0.3296074867248535,0.5068355202674866,0.37068089842796326,0.3615027666091919,0.47268348932266235,,,,,,,
Child support,310130760096,pre,0.17852583527565002,0.5544704794883728,0.24926446378231049,0.4990234375,0.4054487645626068,0.29992473125457764,0.9287326335906982,0.7122321724891663,,,,,,,
Child support,310130760096,post,0.1245320588350296,0.6334102749824524,0.5414087772369385,0.5448014140129089,0.3306873142719269,0.5648187398910522,0.9781145453453064,0.780495285987854,,,,,,,
Child support,310464070560,pre,0.5602526664733887,0.575588047504425,0.6347697973251343,0.5491571426391602,0.6053325533866882,0.6714705228805542,0.5544704794883728,0.18698418140411377,,,,,,,
Child support,310464070560,post,0.9964342713356018,0.9982350468635559,0.9797065258026123,0.997279703617096,0.9995514154434204,0.9985221028327942,0.9677624702453613,0.1771693378686905,,,,,,,
Child support,310472966664,pre,0.5375269055366516,0.16735470294952393,0.2546016275882721,0.30033501982688904,0.7362110018730164,0.25645938515663147,0.9764681458473206,0.2109287977218628,,,,,,,
Child support,310472966664,post,0.9998554587364197,0.10856641829013824,0.7055822014808655,0.6118459105491638,0.6838418841362,0.17938676476478577,0.9520976543426514,0.049199268221855164,,,,,,,
Child support,310513113360,pre,0.38676345348358154,0.44360044598579407,0.3298232853412628,0.4287116825580597,0.4153730571269989,0.43206340074539185,0.7013040781021118,0.285770446062088,,,,,,,
Child support,310513113360,post,0.6433293223381042,0.7431679964065552,0.45859116315841675,0.5535053014755249,0.6588566303253174,0.5597714185714722,0.8551371693611145,0.43830427527427673,,,,,,,
Child support,310542183360,post,0.13443464040756226,0.30321574211120605,0.16317856311798096,0.36206647753715515,0.32082128524780273,0.3289604187011719,0.004390866495668888,0.42059963941574097,,,,,,,
Child support,310634528148,pre,0.7063930034637451,0.9737446904182434,0.760650634765625,0.937882661819458,0.9214283227920532,0.6740504503250122,0.41649994254112244,0.28736767172813416,,,,,,,
Child support,310634528148,post,0.7565374374389648,0.4484262764453888,0.7534666657447815,0.7781439423561096,0.933854341506958,0.5841525793075562,0.38404548168182373,0.20291662216186523,,,,,,,
Child support,310788697644,pre,0.9857883453369141,0.6656279563903809,0.6851073503494263,0.9413314461708069,0.9659798741340637,0.9994429349899292,0.596433162689209,0.7065954804420471,,,,,,,
Child support,310788697644,post,0.5316957235336304,0.5124486088752747,0.632729709148407,0.7260372638702393,0.6365790367126465,0.9655318260192871,0.936080813407898,0.7379143834114075,,,,,,,
Child support,310832068716,pre,0.9995479583740234,0.8889035582542419,0.0008393599418923259,0.9978258013725281,0.20418314635753632,0.05592617765069008,0.04424522817134857,0.7662937045097351,,,,,,,
Child support,310832068716,post,0.09289329499006271,0.32423537969589233,0.06883812695741653,0.30777397751808167,0.29057806730270386,0.36795133352279663,0.2823445498943329,0.2699025273323059,,,,,,,
Child support,310852586664,post,0.11235638707876205,0.9646309018135071,0.3019792437553406,0.4436004161834717,0.11446747928857803,0.532181978225708,0.018457893282175064,0.4311051368713379,,,,,,,
Child support,310867357644,pre,0.5609742999076843,0.8669230937957764,0.24274373054504395,0.7675156593322754,0.9955662488937378,0.4663594961166382,0.8298370242118835,0.3218861520290375,,,,,,,
Child support,310867357644,post,0.03069758601486683,0.5811842083930969,0.05644402280449867,0.07654563337564468,0.9734434485435486,0.08122774958610535,0.00574138481169939,0.27396270632743835,,,,,,,
Child support,310956209928,pre,0.999616265296936,0.9966299533843994,0.8779091835021973,0.4855387210845947,0.9981160163879395,0.3378586173057556,0.4714665710926056,0.0012843081494793296,,,,,,,
Child support,310956209928,post,0.925027072429657,0.9679599404335022,0.8224745392799377,0.731442391872406,0.9997560977935791,0.8765286803245544,0.8387458324432373,0.03820517659187317,,,,,,,
Child support,311914424844,pre,0.6821503639221191,0.9853420853614807,0.6217706203460693,0.8870823383331299,0.9994995594024658,0.3112174868583679,0.3930937349796295,0.6708239316940308,,,,,,,
Child support,311914424844,post,0.9410340785980225,0.9254660606384277,0.4860875606536865,0.915511965751648,0.9997326135635376,0.9283616542816162,0.6704599261283875,0.6986379623413086,,,,,,,
Child support,312036589980,pre,0.9905692338943481,0.29320207238197327,0.056730762124061584,0.49951171875,0.9544355273246765,0.10511863976716995,0.5880780816078186,0.4163219630718231,,,,,,,
Child support,312036589980,post,0.9998440742492676,0.9308993220329285,0.08799391984939575,0.492676317691803,0.9755040407180786,0.5776256322860718,0.18991047143936157,0.001667882432229817,,,,,,,
Child support,312063130548,pre,0.14151853322982788,0.6793914437294006,0.13006426393985748,0.24798743426799774,0.20260091125965118,0.15266279876232147,0.03729180991649628,0.069320909678936,,,,,,,
Child support,312063130548,post,0.8498368859291077,0.5491570830345154,0.0018102109897881746,0.697093665599823,0.8840392827987671,0.796806812286377,0.2698063254356384,0.9102267026901245,,,,,,,
Child support,312089803128,pre,0.46490156650543213,0.4148988425731659,0.25888770818710327,0.5846269130706787,0.4373428225517273,0.18937113881111145,0.9148629307746887,0.8942365646362305,,,,,,,
Child support,312089803128,post,0.661048173904419,0.849597156047821,0.9823914170265198,0.6731916666030884,0.7783124446868896,0.60905921459198,0.8886138796806335,0.32060855627059937,,,,,,,
Child support,312227975232,pre,0.9994418025016785,0.9863893985748291,0.9768906831741333,0.9154127836227417,0.9994693994522095,0.9312440156936646,0.9655439853668213,0.274545818567276,,,,,,,
Child support,312227975232,post,0.9284412264823914,0.5513321757316589,0.9491769671440125,0.17709815502166748,0.9786463975906372,0.3665897250175476,0.07753511518239975,0.004459704738110304,,,,,,,
Child support,312294663864,pre,0.9958981275558472,0.8459424376487732,0.05203782394528389,0.8598403930664062,0.9464236497879028,0.24972160160541534,0.8507013320922852,0.4916999638080597,,,,,,,
Child support,312294663864,post,0.9989975690841675,0.995408296585083,0.9099069833755493,0.0014982575085014105,0.9606390595436096,0.000682501879055053,0.5900559425354004,0.0011269537499174476,,,,,,,
Child support,312381322560,post,0.9998590350151062,0.19375687837600708,0.04716186597943306,0.002752256579697132,0.9977127909660339,0.0018932258244603872,0.9828233122825623,0.011984202079474926,,,,,,,
Child support,312419011644,pre,0.012030542828142643,0.9947186708450317,0.007388675585389137,0.8666976690292358,0.0006878512213006616,0.4909677803516388,0.8712285757064819,0.95635986328125,,,,,,,
Child support,312419011644,post,0.0286798607558012,0.09154440462589264,0.002957902615889907,0.7511008381843567,0.005070175044238567,0.9474026560783386,0.9032089114189148,0.6988434791564941,,,,,,,
Child support,312511287348,post,0.8413536548614502,0.6564931273460388,0.834406852722168,0.9346789717674255,0.8955797553062439,0.021958736702799797,0.004853247664868832,0.0003168894618283957,,,,,,,
Child support,312593093748,pre,0.9835518598556519,0.7709825038909912,0.7678639888763428,0.19821934401988983,0.9586540460586548,0.2603894770145416,0.007577241398394108,0.003861870151013136,,,,,,,
Child support,312593093748,post,0.4799911677837372,0.6039318442344666,0.37616467475891113,0.6575384140014648,0.47950369119644165,0.9979170560836792,0.7112303972244263,0.34466397762298584,,,,,,,
Child support,312646511412,post,0.9633297920227051,0.9957560896873474,0.9341252446174622,0.7183969020843506,0.9380956292152405,0.7783125042915344,0.874667227268219,0.032829202711582184,,,,,,,
Child support,312735843180,pre,0.9996430277824402,0.7649355530738831,0.09463585913181305,0.006326631177216768,0.9986302852630615,0.010631946846842766,0.3253597617149353,0.0007408056408166885,,,,,,,
Child support,312735843180,post,0.9993941187858582,0.42847251892089844,0.5681762099266052,0.029535338282585144,0.9914432764053345,0.9426190257072449,0.5316957235336304,0.09995236992835999,,,,,,,
Child support,312744733128,pre,0.9996423721313477,0.998795747756958,0.9810401201248169,0.11526177078485489,0.9994589686393738,0.18933366239070892,0.9819619655609131,0.0007931759464554489,,,,,,,
Child support,312744733128,post,0.9997062683105469,0.9984160661697388,0.6638869047164917,0.9602913856506348,0.979584813117981,0.8649961948394775,0.5893176198005676,0.0005092656356282532,,,,,,,
Child support,312797949012,pre,0.9980732202529907,0.9952539801597595,0.4509637951850891,0.9992504715919495,0.6913931965827942,0.9986645579338074,0.939581573009491,0.9990728497505188,,,,,,,
Child support,312797949012,post,0.18609507381916046,0.0838528722524643,0.0938439592719078,0.798344075679779,0.25608712434768677,0.6617043018341064,0.7085908055305481,0.9890975952148438,,,,,,,
Child support,312849797580,post,0.9996672868728638,0.7863768935203552,0.3988746702671051,0.2887696325778961,0.666279673576355,0.21900324523448944,0.9575167298316956,0.18535663187503815,,,,,,,
Child support,312901643412,pre,0.7090191841125488,0.8156733512878418,0.7940657734870911,0.6469064950942993,0.842345118522644,0.696784257888794,0.17009404301643372,0.22936254739761353,,,,,,,
Child support,312901643412,post,0.013742320239543915,0.9986646175384521,0.15259963274002075,0.4644157588481903,0.9144436120986938,0.9968334436416626,0.31991761922836304,0.006296008825302124,,,,,,,
Child support,312926952780,pre,0.9986645579338074,0.9781771898269653,0.012784185819327831,0.0037727474700659513,0.9344549775123596,0.004382336512207985,0.9110215306282043,0.08120953291654587,,,,,,,
Child support,312926952780,post,0.5395898222923279,0.055208686739206314,0.019215844571590424,0.9378684163093567,0.22815649211406708,0.9337788820266724,0.7695135474205017,0.8772666454315186,,,,,,,
Child support,314759321748,pre,0.8844391703605652,0.8633340001106262,0.7816641330718994,0.837221086025238,0.9237300753593445,0.9988991618156433,0.9562272429466248,0.37250521779060364,,,,,,,
Child support,314759321748,post,0.987823486328125,0.9712929129600525,0.6210813522338867,0.7047700881958008,0.9988004565238953,0.07616682350635529,0.2525683641433716,0.006469411309808493,,,,,,,
Child support,315062397360,pre,0.922097384929657,0.9384385347366333,0.9702681303024292,0.7869504690170288,0.814643383026123,0.6232335567474365,0.5776145458221436,0.055285144597291946,,,,,,,
Child support,315062397360,post,0.5674573183059692,0.6201615929603577,0.4368622899055481,0.5592900514602661,0.6388353109359741,0.5770187377929688,0.673245370388031,0.4527778625488281,,,,,,,
Child support,315110072160,pre,0.6340903043746948,0.9658351540565491,0.6922260522842407,0.7793218493461609,0.895339846611023,0.9209319949150085,0.4526493549346924,0.10349917411804199,,,,,,,
Child support,315110072160,post,0.898944079875946,0.6242935061454773,0.6118459105491638,0.919498085975647,0.7943849563598633,0.8403900265693665,0.4532618522644043,0.590779185295105,,,,,,,
Child support,315115068780,pre,0.9771756529808044,0.9520251750946045,0.7270074486732483,0.5380124449729919,0.50048828125,0.11230769008398056,0.9914225339889526,0.14940723776817322,,,,,,,
Child support,315115068780,post,0.7793217897415161,0.7885831594467163,0.31615808606147766,0.23161421716213226,0.6855285167694092,0.40262699127197266,0.6988435387611389,0.11777492612600327,,,,,,,
Child support,315163084212,post,0.01250379253178835,0.44307324290275574,0.9936733245849609,0.03835798054933548,0.7779752612113953,0.14128141105175018,0.2815413773059845,0.45132648944854736,,,,,,,
Child support,315212672160,pre,0.2841785252094269,0.46101680397987366,0.39513418078422546,0.6256668567657471,0.6675812602043152,0.7160200476646423,0.8098029494285583,0.13963085412979126,,,,,,,
Child support,315212672160,post,0.044952601194381714,0.38352587819099426,0.0004092474118806422,0.5851011872291565,0.26971012353897095,0.4469774663448334,0.5845083594322205,0.6838419437408447,,,,,,,
Child support,315253513116,pre,0.7154240012168884,0.6306849122047424,0.2531217932701111,0.8556702733039856,0.9432430863380432,0.5304797291755676,0.7148714661598206,0.08907748758792877,,,,,,,
Child support,315253513116,post,0.8307314515113831,0.896885335445404,0.24274377524852753,0.5350984334945679,0.9965870380401611,0.3227394223213196,0.6404109597206116,0.2391715943813324,,,,,,,
Child support,315374991516,pre,0.5034179091453552,0.8307314515113831,0.4809662401676178,0.6963714361190796,0.6279512643814087,0.7962924838066101,0.4916999638080597,0.27105870842933655,,,,,,,
Child support,315374991516,post,0.34908878803253174,0.8461968302726746,0.20850107073783875,0.6838418841362,0.5224458575248718,0.6401860117912292,0.4561675190925598,0.40827676653862,,,,,,,
Child support,315405361116,pre,0.9991752505302429,0.902995228767395,0.9348427653312683,0.9793195128440857,0.8873998522758484,0.8535468578338623,0.6094824075698853,0.5295066833496094,,,,,,,
Child support,315610355232,pre,0.39864054322242737,0.0031726828310638666,0.3376401960849762,0.9161096215248108,0.104112409055233,0.9516838788986206,0.994019627571106,0.8976055979728699,,,,,,,
Child support,315610355232,post,0.9480584263801575,0.8128301501274109,0.8821997046470642,0.6555014252662659,0.15002882480621338,0.7804638147354126,0.986954391002655,0.12673112750053406,,,,,,,
Child support,315641477232,post,0.6254380941390991,0.8944211602210999,0.07972826063632965,0.9385890960693359,0.6984322667121887,0.867260754108429,0.4704020917415619,0.6293190717697144,,,,,,,
Child support,315705226032,post,0.002704429207369685,0.030544498935341835,0.0031480707693845034,0.3429015278816223,0.16145241260528564,0.30259713530540466,0.03824837878346443,0.4484262466430664,,,,,,,
Child support,315792773928,pre,0.8507168292999268,0.692069947719574,0.9992663860321045,0.16218088567256927,0.9729723334312439,0.0043738228268921375,0.7856376767158508,0.00024156630388461053,,,,,,,
Child support,315792773928,post,0.9990817904472351,0.9318356513977051,0.999346137046814,0.6654105186462402,0.9978342652320862,0.8378854393959045,0.8280715942382812,0.017987893894314766,,,,,,,
Child support,315832038948,post,0.6803479194641113,0.9768686890602112,0.994865357875824,0.5472221374511719,0.4877954125404358,0.2691574692726135,0.9038048386573792,0.0011972112115472555,,,,,,,
Child support,315871844328,pre,0.2639787197113037,0.6192410588264465,0.03455362468957901,0.6381590366363525,0.4576214551925659,0.6118459105491638,0.4050368070602417,0.37616467475891113,,,,,,,
Child support,316700919360,pre,0.04709608852863312,0.7512833476066589,0.35420963168144226,0.9714558720588684,0.15817435085773468,0.8366880416870117,0.1554947942495346,0.8726732730865479,,,,,,,
Child support,316700919360,post,0.9870545864105225,0.2575782835483551,0.38641607761383057,0.928958535194397,0.8461967706680298,0.9534920454025269,0.9991639256477356,0.952838122844696,,,,,,,
Child support,316718361360,pre,0.24006123840808868,0.21800272166728973,0.36296918988227844,0.5535053014755249,0.2254166156053543,0.4407099485397339,0.4332619309425354,0.37662309408187866,,,,,,,
Child support,316718361360,post,0.046616338193416595,0.5590493083000183,0.08366550505161285,0.020880471915006638,0.16238002479076385,0.08042965829372406,0.4530198574066162,0.3140505254268646,,,,,,,
Child support,316867954212,post,0.9696348309516907,0.6976089477539062,0.32766827940940857,0.929568350315094,0.6118459105491638,0.9989515542984009,0.49609383940696716,0.45084288716316223,,,,,,,
Child support,316893197916,pre,0.9995092749595642,0.5544704794883728,0.2113354206085205,0.003586615901440382,0.9693387150764465,0.021206121891736984,0.9234888553619385,0.0020111585035920143,,,,,,,
Child support,316893197916,post,0.6746938228607178,0.25367608666419983,0.9251116514205933,0.39280256628990173,0.7086160182952881,0.4335017502307892,0.2745458483695984,0.015833944082260132,,,,,,,
Child support,316902020148,pre,0.14493373036384583,0.5622215867042542,0.04202871024608612,0.2485341876745224,0.12304912507534027,0.28587013483047485,0.964755654335022,0.20833994448184967,,,,,,,
Child support,316902020148,post,0.9863237142562866,0.9213045239448547,0.0019897124730050564,0.6451199054718018,0.988755464553833,0.656493067741394,0.9401335716247559,0.6090591549873352,,,,,,,
Child support,316926303516,pre,0.9494823217391968,0.9969005584716797,0.14004196226596832,0.9995206594467163,0.9855799078941345,0.9924226999282837,0.9930018186569214,0.8349459171295166,,,,,,,
Child support,316926303516,post,0.4980469048023224,0.9238417148590088,0.5886526703834534,0.9885914325714111,0.44263651967048645,0.6789659261703491,0.97624272108078,0.9006609320640564,,,,,,,
Child support,316958656032,pre,0.0013511208817362785,0.033070363104343414,0.0002182420575991273,0.1635122150182724,0.0006905414629727602,0.10079009085893631,0.02496401220560074,0.8115267157554626,,,,,,,
Child support,316958656032,post,0.22206684947013855,0.978590190410614,0.05288734659552574,0.9994058012962341,0.1296229213476181,0.5693738460540771,0.7931860685348511,0.46976348757743835,,,,,,,
Child support,316965700548,pre,0.014213357120752335,0.3391706347465515,0.014392335899174213,0.8321002125740051,0.9666316509246826,0.32396799325942993,0.07065572589635849,0.2780607342720032,,,,,,,
Child support,316965700548,post,0.9825491309165955,0.9725519418716431,0.9989055395126343,0.3764512240886688,0.9996982216835022,0.0037398571148514748,0.07100922614336014,0.00022429059026762843,,,,,,,
Child support,317025893916,pre,0.06186889857053757,0.04447031766176224,0.0004691763606388122,0.38606885075569153,0.45035940408706665,0.776114284992218,0.14875684678554535,0.9726365208625793,,,,,,,
Child support,317025893916,post,0.9978510737419128,0.9612074494361877,0.011018822900950909,0.9652175903320312,0.9891396760940552,0.9841393828392029,0.998742938041687,0.9014878869056702,,,,,,,
Child support,317039093064,pre,0.977625846862793,0.8330531716346741,0.9527117609977722,0.8206132054328918,0.9968149065971375,0.7905303239822388,0.9120648503303528,0.3378586173057556,,,,,,,
Child support,317039093064,post,0.9986929893493652,0.9520419239997864,0.579400360584259,0.7697732448577881,0.9988861680030823,0.2520156800746918,0.08079154044389725,0.15241031348705292,,,,,,,
Child support,317153595348,pre,0.24635197222232819,0.26189684867858887,0.006400730460882187,0.47950366139411926,0.30321574211120605,0.27708160877227783,0.18698418140411377,0.3486451506614685,,,,,,,
Child support,317230338096,post,0.7281687259674072,0.9909271597862244,0.9183704853057861,0.1902722418308258,0.9656736850738525,0.02280263788998127,0.03317983075976372,0.00040211935993283987,,,,,,,
Child support,317245731516,pre,0.004451041575521231,0.03305475041270256,0.0008626077324151993,0.30611202120780945,0.0011181936133652925,0.30239108204841614,0.5588085651397705,0.8589553833007812,,,,,,,
Child support,317245731516,post,0.6330700516700745,0.2203843891620636,0.1045687273144722,0.7325918078422546,0.3775406777858734,0.382602721452713,0.9701834321022034,0.850468635559082,,,,,,,
Child support,317303528148,pre,0.023214230313897133,0.2210562825202942,0.1905733346939087,0.7977144718170166,0.03012707829475403,0.6236060857772827,0.3961995542049408,0.6270381808280945,,,,,,,
Child support,317304006264,post,0.7118316888809204,0.7174080014228821,0.4799911379814148,0.7958168387413025,0.6800292730331421,0.7142295837402344,0.5230548977851868,0.641983687877655,,,,,,,
Child support,317450653812,pre,0.18213440477848053,0.39187127351760864,0.19360436499118805,0.501953125,0.39233681559562683,0.2615194618701935,0.2913839817047119,0.8686875700950623,,,,,,,
Child support,317450653812,post,0.6247515678405762,0.6001883745193481,0.9965603351593018,0.48194149136543274,0.5626571178436279,0.2260993868112564,0.9711837768554688,0.09409338980913162,,,,,,,
Child support,317769196032,pre,0.014756984077394009,0.14399830996990204,0.033305369317531586,0.33676716685295105,0.5926665663719177,0.2759094536304474,0.8598403930664062,0.7959754467010498,,,,,,,
Child support,317769196032,post,0.9985646605491638,0.7966881990432739,0.08355327695608139,0.6109178066253662,0.995617687702179,0.08647764474153519,0.9986515045166016,0.9320175647735596,,,,,,,
Child support,317988002160,pre,0.0019955383613705635,0.06163550540804863,0.0019839033484458923,0.02709190361201763,0.16940587759017944,0.11321141570806503,0.0031175725162029266,0.2375759333372116,,,,,,,
Child support,317988002160,post,0.039736539125442505,0.2762998044490814,0.007688193116337061,0.17469169199466705,0.2786492109298706,0.35622265934944153,0.020081009715795517,0.4040370583534241,,,,,,,
Child support,318880282212,pre,0.9991540312767029,0.8110781311988831,0.5940803289413452,0.8053261637687683,0.9998148083686829,0.7325918078422546,0.777215301990509,0.2286728173494339,,,,,,,
Child support,318880282212,post,0.9909971356391907,0.9650862216949463,0.5119606256484985,0.6877349019050598,0.6649755239486694,0.4525359272956848,0.5708099007606506,0.1720326989889145,,,,,,,
Child support,318887057916,post,0.5573635101318359,0.9908389449119568,0.4234580397605896,0.5321820378303528,0.5496405959129333,0.5691343545913696,0.12912793457508087,0.2568320035934448,,,,,,,
Child support,318951623412,pre,0.0991208553314209,0.011452735401690006,0.0017926506698131561,0.4751181900501251,0.021538021042943,0.4658734202384949,0.9942082762718201,0.8080672025680542,,,,,,,
Child support,318951623412,post,0.004399413242936134,0.08725225180387497,0.0038996203802525997,0.01681775413453579,0.004074098076671362,0.09885955601930618,0.9897909164428711,0.3697701394557953,,,,,,,
Child support,319158263232,pre,0.5068355202674866,0.7256486415863037,0.1678997427225113,0.801314651966095,0.5443170070648193,0.6462369561195374,0.5596811771392822,0.4409506916999817,,,,,,,
Child support,319158263232,post,0.5736784338951111,0.686580240726471,0.5333974361419678,0.2376643866300583,0.801780641078949,0.048631370067596436,0.44239556789398193,0.17917121946811676,,,,,,,
Child support,319216674780,pre,0.9998794198036194,0.8619454503059387,0.9504110217094421,0.18609507381916046,0.9998286962509155,0.6932653188705444,0.8473687767982483,0.00023782205244060606,,,,,,,
Child support,319216674780,post,0.9985785484313965,0.0420483723282814,0.23231013119220734,0.022672438994050026,0.9698711633682251,0.0391400046646595,0.18999029695987701,0.0014924249844625592,,,,,,,
Child support,319309766496,post,0.11767348647117615,0.20149877667427063,0.10856642574071884,0.38168036937713623,0.25608712434768677,0.3482017517089844,0.43638181686401367,0.3734187185764313,,,,,,,
Child support,319406073696,pre,0.9983450174331665,0.8527823090553284,0.7752646803855896,0.9502266049385071,0.918699324131012,0.7852262854576111,0.7711979150772095,0.08678673207759857,,,,,,,
Child support,319406073696,post,0.9936856031417847,0.92950439453125,0.9995140433311462,0.996385395526886,0.8698251843452454,0.9858003258705139,0.7022238373756409,0.04343675076961517,,,,,,,
Child support,319484393064,post,0.8699357509613037,0.7526494860649109,0.7803278565406799,0.5394684672355652,0.8155264854431152,0.5360699892044067,0.1583695113658905,0.17441028356552124,,,,,,,
Child support,319508809812,pre,0.1059020385146141,0.0006851713987998664,0.0006538155139423907,0.6779006719589233,0.03801723197102547,0.8093513250350952,0.7140426635742188,0.454714298248291,,,,,,,
Child support,319508809812,post,0.00042804275290109217,0.00041731575038284063,0.0009946649661287665,0.6352224349975586,0.06804042309522629,0.679816722869873,0.5276816487312317,0.6025294661521912,,,,,,,
Child support,319817226096,post,0.9998819828033447,0.9002999663352966,0.26435837149620056,0.7019174695014954,0.988755464553833,0.5817784070968628,0.09844707697629929,0.0036856739316135645,,,,,,,
Child support,319984871760,pre,0.9997125864028931,0.14829371869564056,0.001976184081286192,0.013133922591805458,0.9743067622184753,0.007093862164765596,0.8529354333877563,0.06643278896808624,,,,,,,
Child support,319984871760,post,0.027888137847185135,0.006419389508664608,0.0003697388747241348,0.7615385055541992,0.0013617032673209906,0.0017856743652373552,0.6273806691169739,0.7654180526733398,,,,,,,
Child support,320071743180,pre,0.011687257327139378,0.018887342885136604,0.011080184020102024,0.09825222939252853,0.11596071720123291,0.17567944526672363,0.20197057723999023,0.6123096942901611,,,,,,,
Child support,320071743180,post,0.9939613342285156,0.9517063498497009,0.9969898462295532,0.8268516063690186,0.9354645013809204,0.6907677054405212,0.7917808294296265,0.10980118811130524,,,,,,,
Child support,320088088044,pre,0.9945093989372253,0.8743993639945984,0.11852531135082245,0.8855077624320984,0.9134837985038757,0.03871983289718628,0.3213402032852173,0.7806625366210938,,,,,,,
Child support,320088088044,post,0.9138304591178894,0.8611883521080017,0.8950649499893188,0.96635502576828,0.8429924249649048,0.8431216478347778,0.5919443964958191,0.6749081611633301,,,,,,,
Child support,320098008096,pre,0.8170276284217834,0.9894600510597229,0.3136299252510071,0.7047700881958008,0.9996526837348938,0.42990800738334656,0.7757322788238525,0.9844248294830322,,,,,,,
Child support,320098008096,post,0.9992504715919495,0.8371545672416687,0.021420001983642578,0.9922218918800354,0.837221086025238,0.976557731628418,0.9247556328773499,0.8525676131248474,,,,,,,
Child support,321496653348,pre,0.9339146018028259,0.9870045781135559,0.9453615546226501,0.689723789691925,0.9998140931129456,0.9531661868095398,0.17455093562602997,0.06287546455860138,,,,,,,
Child support,321496653348,post,0.996194064617157,0.9920620322227478,0.9725518822669983,0.9798323512077332,0.8847382068634033,0.8156734108924866,0.46368712186813354,0.33589524030685425,,,,,,,
Child support,321515327232,pre,0.4068619906902313,0.953144371509552,0.047471389174461365,0.9025452136993408,0.08419108390808105,0.7608283758163452,0.9077220559120178,0.5869964361190796,,,,,,,
Child support,321515327232,post,0.10043661296367645,0.05288735032081604,0.0011313597206026316,0.8523526787757874,0.22181390225887299,0.1753438264131546,0.9708817005157471,0.9254997372627258,,,,,,,
Child support,321593645232,pre,0.9794328808784485,0.7704755663871765,0.016137322410941124,0.9979493021965027,0.3402659595012665,0.9985674619674683,0.9934484958648682,0.3081902265548706,,,,,,,
Child support,321593645232,post,0.037326887249946594,0.01981373503804207,0.002895213896408677,0.9603472352027893,0.28378137946128845,0.9824568033218384,0.5691344141960144,0.9987527132034302,,,,,,,
Child support,321781061232,pre,0.015547383576631546,0.03712127357721329,0.01987428218126297,0.13511791825294495,0.08913693577051163,0.11606086790561676,0.341802179813385,0.35309353470802307,,,,,,,
Child support,321781061232,post,0.9992005825042725,0.9359784722328186,0.7170118689537048,0.07136435806751251,0.6884684562683105,0.2440025359392166,0.9342153668403625,0.0011995489476248622,,,,,,,
Child support,321941185632,pre,0.9998211860656738,0.9926967620849609,0.8472740054130554,0.8191712498664856,0.9945809245109558,0.03960167616605759,0.9776924848556519,0.32039588689804077,,,,,,,
Child support,321941185632,post,0.9962746500968933,0.9371532797813416,0.6498008966445923,0.34334173798561096,0.9998352527618408,0.017028963193297386,0.2590751051902771,0.03344714641571045,,,,,,,
Child support,322066149012,post,0.6085940599441528,0.9692823886871338,0.8872045874595642,0.5219585299491882,0.9991864562034607,0.43206337094306946,0.9938608407974243,0.7521946430206299,,,,,,,
Child support,322114509180,pre,0.4644157588481903,0.5297499299049377,0.4751182198524475,0.6242935657501221,0.545285701751709,0.5784481167793274,0.7969253659248352,0.4834045469760895,,,,,,,
Child support,322114509180,post,0.7322090864181519,0.7501868605613708,0.7668179273605347,0.6562177538871765,0.6719012260437012,0.7745833992958069,0.5167040824890137,0.14057204127311707,,,,,,,
Child support,322259859864,pre,0.07107366621494293,0.0011809737188741565,0.054449573159217834,0.00018667822587303817,0.9996843338012695,0.00041245590546168387,0.0004547479038592428,0.022174745798110962,,,,,,,
Child support,322259859864,post,0.9933589100837708,0.0060975621454417706,0.8594574332237244,0.000943619292229414,0.999763548374176,0.0009039677679538727,0.15974101424217224,0.00023828688426874578,,,,,,,
Child support,322300761012,pre,0.975877583026886,0.10576342046260834,0.0037948344834148884,0.9643383026123047,0.562176525592804,0.9957765936851501,0.8906751871109009,0.7876046299934387,,,,,,,
Child support,322300761012,post,0.9872527718544006,0.9487038254737854,0.5198869705200195,0.5846269130706787,0.9084149599075317,0.7636600732803345,0.836120069026947,0.22524617612361908,,,,,,,
Child support,322305278148,pre,0.0009565965156070888,0.9492710828781128,0.0008103873115032911,0.05189349129796028,0.007953389547765255,0.07039965689182281,0.3065918982028961,0.2598256468772888,,,,,,,
Child support,322305278148,post,0.5966681838035583,0.9538265466690063,0.1203354001045227,0.40450742840766907,0.5472220778465271,0.9439674019813538,0.828488290309906,0.7527403831481934,,,,,,,
Child support,322309516212,post,0.9834624528884888,0.6804540753364563,0.0005142607842572033,0.9714100956916809,0.6800292730331421,0.8641385436058044,0.45102423429489136,0.9837742447853088,,,,,,,
Child support,322356578148,pre,0.9880157709121704,0.8498154282569885,0.08752483129501343,0.8598403930664062,0.9820998311042786,0.8329172730445862,0.928829550743103,0.586759626865387,,,,,,,
Child support,322356578148,post,0.9994150400161743,0.9970247745513916,0.9270997643470764,0.8641958832740784,0.8984104990959167,0.6971967220306396,0.7810071706771851,0.0008917039376683533,,,,,,,
Child support,322359929748,pre,0.01755581609904766,0.37159261107444763,0.01240171305835247,0.16357900202274323,0.25982561707496643,0.38722679018974304,0.0018458483973518014,0.5234203934669495,,,,,,,
Child support,322359929748,post,0.5950220227241516,0.5808276534080505,0.6667138338088989,0.6627964377403259,0.6675812602043152,0.618319571018219,0.5988987684249878,0.22850064933300018,,,,,,,
Child support,322388382096,pre,0.9734434485435486,0.7704432010650635,0.003178865648806095,0.9994058012962341,0.19406217336654663,0.9974639415740967,0.9772191643714905,0.8694931268692017,,,,,,,
Child support,322388382096,post,0.008046387694776058,0.0009146136580966413,0.0004592085024341941,0.9944908022880554,0.03173859417438507,0.7579734921455383,0.6365790963172913,0.8044058680534363,,,,,,,
Child support,322434896832,post,0.9998461604118347,0.07362963259220123,0.9983124732971191,0.6804540753364563,0.30528292059898376,0.9993675351142883,0.9758315086364746,0.7183969020843506,,,,,,,
Child support,322599736044,pre,0.09556026756763458,0.08379193395376205,0.06850633025169373,0.633637011051178,0.17795369029045105,0.291989266872406,0.24153411388397217,0.5112285614013672,,,,,,,
Child support,322599736044,post,0.3132096529006958,0.02278088591992855,0.12163357436656952,0.6757646203041077,0.35622265934944153,0.4277552366256714,0.9566746950149536,0.5921949744224548,,,,,,,
Child support,322693443360,post,0.9996423125267029,0.9991816878318787,0.9914969205856323,0.661048173904419,0.980728805065155,0.8286616802215576,0.5302364826202393,0.33982762694358826,,,,,,,
Child support,322694606844,post,0.9923266768455505,0.7300974726676941,0.8933559060096741,0.631367027759552,0.7424216866493225,0.7917405962944031,0.13145172595977783,0.2726050913333893,,,,,,,
Child support,322808223348,post,0.39326849579811096,0.6509111523628235,0.39280256628990173,0.7061904668807983,0.5535053014755249,0.6838418841362,0.8216888308525085,0.9764835238456726,,,,,,,
Child support,322846727760,post,0.9882788062095642,0.7498207092285156,0.8921403884887695,0.9694111943244934,0.2901756465435028,0.9971104264259338,0.9941232204437256,0.044727787375450134,,,,,,,
Child support,323585037360,pre,0.6270381808280945,0.6469064950942993,0.9926256537437439,0.7033457159996033,0.6701767444610596,0.672331690788269,0.8319296836853027,0.35309353470802307,,,,,,,
Child support,323585037360,post,0.19915220141410828,0.6955448985099792,0.24526573717594147,0.47219666838645935,0.5631377696990967,0.42250463366508484,0.10941996425390244,0.507323682308197,,,,,,,
Child support,323620058160,pre,0.11080747842788696,0.9184070825576782,0.00172745855525136,0.873862087726593,0.16218090057373047,0.8485020399093628,0.44004809856414795,0.6081287264823914,,,,,,,
Child support,323620058160,post,0.9545494914054871,0.9765912294387817,0.9608691334724426,0.5929023027420044,0.9181139469146729,0.8176472783088684,0.5739769339561462,0.0130581920966506,,,,,,,
Child support,323660345760,post,0.02621164545416832,0.6804540753364563,0.04938231781125069,0.3789186179637909,0.08670936524868011,0.20434191823005676,0.03989988565444946,0.3562226891517639,,,,,,,
Child support,323689213296,post,0.5406813621520996,0.06244528293609619,0.005934066604822874,0.8595458269119263,0.859663724899292,0.7906516194343567,0.5384068489074707,0.09579262137413025,,,,,,,
Child support,323733401748,pre,0.23196199536323547,0.4464946985244751,0.12315456569194794,0.543832540512085,0.3956010937690735,0.4765796363353729,0.14157786965370178,0.5156198740005493,,,,,,,
Child support,323733401748,post,0.3752484619617462,0.7110297679901123,0.3067346513271332,0.5583270192146301,0.2579519748687744,0.5119606256484985,0.4332619607448578,0.011168811470270157,,,,,,,
Child support,323789900832,pre,0.9847780466079712,0.9886791706085205,0.9031234383583069,0.7622471451759338,0.7416740655899048,0.37410447001457214,0.33178243041038513,0.01630876399576664,,,,,,,
Child support,323789900832,post,0.9368100166320801,0.9928300976753235,0.8958306312561035,0.32896044850349426,0.9646392464637756,0.9982073307037354,0.24059613049030304,0.0007539328071288764,,,,,,,
Child support,323790307128,pre,0.9953227639198303,0.9863499999046326,0.9995962977409363,0.8789390921592712,0.6675812602043152,0.9930423498153687,0.9768686294555664,0.34997689723968506,,,,,,,
Child support,323790307128,post,0.9993500113487244,0.9921841025352478,0.9963923692703247,0.16749082505702972,0.9765241146087646,0.05127241834998131,0.9734181761741638,0.0019342611776664853,,,,,,,
Child support,323845780896,pre,0.5727227926254272,0.9687528610229492,0.10790660977363586,0.6127732396125793,0.8094266057014465,0.795181393623352,0.8807457685470581,0.23283304274082184,,,,,,,
Child support,323845780896,post,0.9992533922195435,0.9624950885772705,0.9159217476844788,0.9295364618301392,0.8080672025680542,0.729134202003479,0.983020007610321,0.21667379140853882,,,,,,,
Child support,323896669128,post,0.8816149234771729,0.9861113429069519,0.9157335758209229,0.9382373094558716,0.9934102296829224,0.7723590135574341,0.9984115362167358,0.21933750808238983,,,,,,,
Child support,323935043580,post,0.997821569442749,0.9625148773193359,0.03087971918284893,0.748076319694519,0.9440609216690063,0.06693420559167862,0.2030351161956787,0.12378869205713272,,,,,,,
Child support,324016918380,post,0.0046636550687253475,0.35734322667121887,0.0031850605737417936,0.005469274241477251,0.04939378425478935,0.04735974222421646,0.6075322031974792,0.0009308178559876978,,,,,,,
Child support,324062475516,post,0.0684129074215889,0.7570766806602478,0.174480602145195,0.4627158045768738,0.4234580099582672,0.35465651750564575,0.716627836227417,0.9594212770462036,,,,,,,
Child support,324099064044,post,0.30528295040130615,0.3661363124847412,0.07828931510448456,0.4756053686141968,0.4790162444114685,0.5931380391120911,0.30280327796936035,0.5399537086486816,,,,,,,
Child support,324228274380,pre,0.8276889324188232,0.9814178943634033,0.8175744414329529,0.5209837555885315,0.6710395812988281,0.7520126104354858,0.9955791234970093,0.048507269471883774,,,,,,,
Child support,324228274380,post,0.9992461204528809,0.8745601773262024,0.9014011025428772,0.981031060218811,0.9998418688774109,0.9898891448974609,0.8882266879081726,0.01977820321917534,,,,,,,
Child support,324382650444,pre,0.9556927680969238,0.2372223436832428,0.9950274229049683,0.005490562412887812,0.9996094703674316,0.0723084807395935,0.06258837878704071,0.0006238938076421618,,,,,,,
Child support,324382650444,post,0.9998947978019714,0.9661080241203308,0.9968581199645996,0.3714785575866699,0.999276340007782,0.5082390308380127,0.03035799227654934,0.0033179717138409615,,,,,,,
Child support,324383265360,pre,0.9843212962150574,0.4743877053260803,0.7209580540657043,0.00301019917242229,0.9747371077537537,0.048002708703279495,0.41856321692466736,0.014643825590610504,,,,,,,
Child support,324383265360,post,0.9992489814758301,0.5090322494506836,0.5801141858100891,0.03245147690176964,0.9947186708450317,0.04312337189912796,0.7679075002670288,0.010849845595657825,,,,,,,
Child support,324482381064,post,0.014196263626217842,0.38029855489730835,0.006320495158433914,0.38352587819099426,0.29462069272994995,0.1705079823732376,0.5970793962478638,0.7838230133056641,,,,,,,
Child support,325705305348,pre,0.9998008608818054,0.06547027826309204,0.8491286635398865,0.0034902107436209917,0.9808816313743591,0.007225755136460066,0.42984816431999207,0.002626552479341626,,,,,,,
Child support,325705305348,post,0.9987527132034302,0.042285025119781494,0.7647159695625305,0.002585937036201358,0.9272974729537964,0.013689477927982807,0.8145696520805359,0.029388736933469772,,,,,,,
Child support,325791216432,pre,0.7059877514839172,0.011574993841350079,0.44432365894317627,0.005620036739856005,0.9765982031822205,0.020586775615811348,0.172380730509758,0.0008119703852571547,,,,,,,
Child support,325791216432,post,0.13782231509685516,0.003324436955153942,0.06008664518594742,0.005416411906480789,0.911337673664093,0.04981965571641922,0.0360160730779171,0.0010403185151517391,,,,,,,
Child support,325862962560,post,0.004481435287743807,0.00047656134120188653,0.0030014195945113897,0.15152934193611145,0.034897331148386,0.08057424426078796,0.0029121781699359417,0.15778464078903198,,,,,,,
Child support,325894494960,pre,0.7325918078422546,0.7138307690620422,0.6562178134918213,0.7094219326972961,0.6901415586471558,0.6388352513313293,0.7762839198112488,0.4359014928340912,,,,,,,
Child support,325894494960,post,0.731442391872406,0.764012336730957,0.8045595288276672,0.3000272810459137,0.9765464663505554,0.18119075894355774,0.6856650710105896,0.0002415662893326953,,,,,,,
Child support,325957425012,pre,0.9981648921966553,0.9978130459785461,0.8564525246620178,0.8685482740402222,0.9997142553329468,0.13067319989204407,0.8822757601737976,0.01639515534043312,,,,,,,
Child support,325957425012,post,0.6783269643783569,0.9976881742477417,0.8453050255775452,0.9886354207992554,0.9989556074142456,0.7559974789619446,0.814643383026123,0.3937346339225769,,,,,,,
Child support,325998600444,post,0.26626187562942505,0.2333567589521408,0.27708157896995544,0.50048828125,0.36116471886634827,0.6913931369781494,0.45713672041893005,0.48194146156311035,,,,,,,
Child support,326105443980,pre,0.3670433461666107,0.24926446378231049,0.44263648986816406,0.02373468689620495,0.8840392827987671,0.0017856743652373552,0.020645931363105774,0.046746715903282166,,,,,,,
Child support,326105443980,post,0.9459012746810913,0.9979730844497681,0.9915870428085327,0.1594790518283844,0.7283620238304138,0.7259887456893921,0.9921689629554749,0.00681072985753417,,,,,,,
Child support,326166322716,pre,0.16789975762367249,0.6630147099494934,0.14300808310508728,0.4002803862094879,0.3486451506614685,0.543347954750061,0.5622515678405762,0.3391706645488739,,,,,,,
Child support,326166322716,post,0.1875787377357483,0.6120778322219849,0.32124701142311096,0.42679929733276367,0.38075894117355347,0.5107405185699463,0.46219995617866516,0.22592855989933014,,,,,,,
Child support,326295594612,pre,0.24283351004123688,0.9279204607009888,0.12074951082468033,0.45713672041893005,0.17078442871570587,0.7035495042800903,0.12537962198257446,0.36931508779525757,,,,,,,
Child support,326295594612,post,0.5087881684303284,0.8034823536872864,0.3090237081050873,0.8437663912773132,0.45423007011413574,0.7742422223091125,0.9979848861694336,0.4163219630718231,,,,,,,
Child support,326310098832,pre,0.052049875259399414,0.07473627477884293,0.006887119263410568,0.13939638435840607,0.17217184603214264,0.26626187562942505,0.13226217031478882,0.5751108527183533,,,,,,,
Child support,326440400832,pre,0.9849852919578552,0.07515943050384521,0.06652369350194931,0.41418781876564026,0.8857303261756897,0.11527422815561295,0.9806363582611084,0.025809623301029205,,,,,,,
Child support,326440400832,post,0.9134451746940613,0.9995326399803162,0.5477060079574585,0.07358800619840622,0.9467937350273132,0.0017926506698131561,0.14996658265590668,0.0009308177977800369,,,,,,,
Child support,326445730560,post,0.8332567811012268,0.34842339158058167,0.014199679717421532,0.9891553521156311,0.5506073832511902,0.8664153218269348,0.7727879881858826,0.9505258798599243,,,,,,,
Child support,326513041632,pre,0.47706690430641174,0.5043944120407104,0.590779185295105,0.6460137367248535,0.5784481763839722,0.6081287264823914,0.4809662401676178,0.31447145342826843,,,,,,,
Child support,326513041632,post,0.9158089756965637,0.9090225100517273,0.6533480882644653,0.5992506742477417,0.34953272342681885,0.6832081079483032,0.8683251142501831,0.2441827356815338,,,,,,,
Child support,326513858328,post,0.3069423735141754,0.8346765637397766,0.31257984042167664,0.5501240491867065,0.23196201026439667,0.5341265201568604,0.6757111549377441,0.7302898168563843,,,,,,,
Child support,326519469864,pre,0.24908174574375153,0.5024413466453552,0.19087480008602142,0.2881682813167572,0.6584174633026123,0.1661335527896881,0.23388129472732544,0.227812722325325,,,,,,,
Child support,326519469864,post,0.4153730571269989,0.7848142385482788,0.6185500621795654,0.7977144122123718,0.29746994376182556,0.6413100957870483,0.18937112390995026,0.04478062689304352,,,,,,,
Child support,326591356896,pre,0.995265543460846,0.9976722598075867,0.993561863899231,0.6838419437408447,0.9925008416175842,0.7240905165672302,0.8014457821846008,0.3510885238647461,,,,,,,
Child support,326591356896,post,0.40662631392478943,0.23988313972949982,0.055374469608068466,0.6062653660774231,0.35667070746421814,0.4515683352947235,0.20946969091892242,0.30177339911460876,,,,,,,
Child support,326640673980,pre,0.9987552165985107,0.9859101176261902,0.8849372267723083,0.3736472427845001,0.6141626238822937,0.8971559405326843,0.9197326898574829,0.004038591403514147,,,,,,,
Child support,326640673980,post,0.8572908639907837,0.8589553833007812,0.191176638007164,0.9415467381477356,0.7947037816047668,0.427755206823349,0.46733176708221436,0.13753247261047363,,,,,,,
Child support,326668168044,pre,0.9994340538978577,0.9743312001228333,0.795340359210968,0.7977144718170166,0.981462299823761,0.1870584338903427,0.3947257995605469,0.3223126530647278,,,,,,,
Child support,326668168044,post,0.07661468535661697,0.009798077866435051,0.0021260373760014772,0.6727617979049683,0.22988080978393555,0.9831297397613525,0.07670973986387253,0.3812195658683777,,,,,,,
Child support,326671658496,pre,0.27260512113571167,0.8680457472801208,0.2812081575393677,0.7749242186546326,0.13904529809951782,0.613699734210968,0.6250662803649902,0.5501240491867065,,,,,,,
Child support,326687595012,pre,0.378459095954895,0.29214704036712646,0.23598763346672058,0.5751107931137085,0.42202815413475037,0.9222375750541687,0.6074303388595581,0.16158466041088104,,,,,,,
Child support,326687595012,post,0.5287767648696899,0.7918210625648499,0.3775406777858734,0.5258558392524719,0.5846269726753235,0.7029380798339844,0.7918210029602051,0.2158461958169937,,,,,,,
Child support,326810305980,pre,0.999500572681427,0.886322021484375,0.8747541308403015,0.891303539276123,0.9538372755050659,0.5777336359024048,0.6854232549667358,0.0025960314087569714,,,,,,,
Child support,326810305980,post,0.0005658799782395363,0.0010838276939466596,0.0007000406039878726,0.0007336116395890713,0.0003119780740235001,0.0012472739908844233,0.0004850082623306662,0.002521268557757139,,,,,,,
Child support,326813589864,pre,0.9960315227508545,0.986789882183075,0.9554231762886047,0.34997692704200745,0.9998051524162292,0.8852351903915405,0.7644962668418884,0.008503066375851631,,,,,,,
Child support,326813589864,post,0.9997220039367676,0.9994023442268372,0.07096494734287262,0.04708376154303551,0.9997197985649109,0.35231319069862366,0.11071129888296127,0.0002835130726452917,,,,,,,
Child support,326914750044,pre,0.8474634289741516,0.9522421360015869,0.8820728063583374,0.6557770371437073,0.9308363795280457,0.9281812906265259,0.9269015192985535,0.003422935027629137,,,,,,,
Child support,326914750044,post,0.9995262026786804,0.7019046545028687,0.8419556021690369,0.9941573739051819,0.9972127079963684,0.8829082250595093,0.0772387832403183,0.004231587518006563,,,,,,,
Child support,328337065116,pre,0.8334602117538452,0.8655226826667786,0.590779185295105,0.04537372291088104,0.9896368384361267,0.11526177078485489,0.5944777131080627,0.00027911883080378175,,,,,,,
Child support,328337065116,post,0.8584814667701721,0.8037136197090149,0.5073237419128418,0.15804436802864075,0.9753549098968506,0.2778647243976593,0.7262314558029175,0.0010923190275207162,,,,,,,
Child support,328362096096,pre,0.9644723534584045,0.9381240010261536,0.809577226638794,0.7209580540657043,0.7789857387542725,0.6099888682365417,0.5263427495956421,0.23423144221305847,,,,,,,
Child support,328362096096,post,0.9998051524162292,0.9987624287605286,0.9867835640907288,0.304972380399704,0.9970160722732544,0.4049779772758484,0.710728645324707,0.0010901899076998234,,,,,,,
Child support,328405054716,pre,0.9997214078903198,0.8452092409133911,0.8811426758766174,0.03053094446659088,0.9996041059494019,0.006731917150318623,0.5347719788551331,0.002983936807140708,,,,,,,
Child support,328405054716,post,0.6388352513313293,0.9424802660942078,0.5058590769767761,0.4455295205116272,0.9189906716346741,0.4068619906902313,0.7595822811126709,0.05981147661805153,,,,,,,
Child support,328411619064,pre,0.9997787475585938,0.9349318742752075,0.9994069933891296,0.9976357221603394,0.9998359084129333,0.9967837929725647,0.007204768713563681,0.01607542112469673,,,,,,,
Child support,328411619064,post,0.9676556587219238,0.9498557448387146,0.10683028399944305,0.6034646034240723,0.9291194677352905,0.4040370583534241,0.7859664559364319,0.609524130821228,,,,,,,
Child support,328670034264,pre,0.5200088620185852,0.6162432432174683,0.47317031025886536,0.4707365930080414,0.9001793265342712,0.46101677417755127,0.6352224349975586,0.14792406558990479,,,,,,,
Child support,328670034264,post,0.999681293964386,0.9968580007553101,0.00222133775241673,0.9094255566596985,0.9994319081306458,0.9996587038040161,0.5149491429328918,0.16344542801380157,,,,,,,
Child support,329088025296,post,0.7287483215332031,0.8238958716392517,0.7977144122123718,0.6050992012023926,0.9888742566108704,0.9639245867729187,0.5709294676780701,0.2628418207168579,,,,,,,
Child support,329159776896,post,0.996182918548584,0.9285385012626648,0.6639958620071411,0.03871982917189598,0.7959754467010498,0.015860598534345627,0.24409262835979462,0.00044421839993447065,,,,,,,
Child support,329277080844,pre,0.9861113429069519,0.9459512233734131,0.107671819627285,0.9255334138870239,0.5987815260887146,0.4258439838886261,0.9846494197845459,0.26303109526634216,,,,,,,
Child support,329277080844,post,0.9981541037559509,0.993008553981781,0.32018327713012695,0.4590761661529541,0.7420480847358704,0.30259713530540466,0.15882562100887299,0.0019608354195952415,,,,,,,
Child support,329313745980,pre,0.7851438522338867,0.8845388889312744,0.74167400598526,0.7932661175727844,0.7549149990081787,0.7511008381843567,0.7618376016616821,0.1661335527896881,,,,,,,
Child support,329313745980,post,0.7892336845397949,0.8845388889312744,0.74167400598526,0.7932661175727844,0.7559974193572998,0.7514657974243164,0.7653303742408752,0.1661335527896881,,,,,,,
Child support,329322982716,post,0.9997148513793945,0.7242856025695801,0.6676896214485168,0.6880493760108948,0.8928431272506714,0.47244006395339966,0.4279943108558655,0.002015082398429513,,,,,,,
Child support,329333853528,pre,0.9379252791404724,0.9778728485107422,0.7725306749343872,0.2745458483695984,0.8274102210998535,0.43782350420951843,0.7576150894165039,0.054393038153648376,,,,,,,
Child support,329333853528,post,0.9951890110969543,0.9973218441009521,0.9382797479629517,0.6988435387611389,0.8237541317939758,0.1250653862953186,0.8740772008895874,0.06535086780786514,,,,,,,
Child support,329344181928,pre,0.6670392751693726,0.010013571009039879,0.007899634540081024,0.565058708190918,0.8171006441116333,0.07313989847898483,0.7640123963356018,0.8991213440895081,,,,,,,
Child support,329344181928,post,0.5616956949234009,0.9993613362312317,0.6636689305305481,0.3464307188987732,0.7329742908477783,0.6601723432540894,0.47414419054985046,0.09999632090330124,,,,,,,
Child support,329356699812,pre,0.7122321724891663,0.9375261664390564,0.5674572587013245,0.9920927286148071,0.999378502368927,0.9536218047142029,0.8964328765869141,0.26076579093933105,,,,,,,
Child support,329356699812,post,0.01683390885591507,0.07685684412717819,0.0004029052215628326,0.12863457202911377,0.034643325954675674,0.012217681854963303,0.19677795469760895,0.9441253542900085,,,,,,,
Child support,329362716960,pre,0.31153160333633423,0.5583269596099854,0.20817892253398895,0.5674573183059692,0.5180585384368896,0.4335017800331116,0.9731898307800293,0.5457699298858643,,,,,,,
Child support,329362716960,post,0.6980207562446594,0.9415534138679504,0.541893720626831,0.44890937209129333,0.9248235821723938,0.4838922917842865,0.5578452944755554,0.02823438122868538,,,,,,,
Child support,329379682212,pre,0.9874124526977539,0.2958398759365082,0.801780641078949,0.9551938772201538,0.9994937181472778,0.8166989684104919,0.683208167552948,0.010542438365519047,,,,,,,
Child support,329379682212,post,0.15713687241077423,0.09751923382282257,0.15077754855155945,0.7337380647659302,0.42536652088165283,0.5727227926254272,0.9957354068756104,0.5573635101318359,,,,,,,
Child support,329385221928,pre,0.9961605668067932,0.9905646443367004,0.9744560718536377,0.9744621515274048,0.8844391107559204,0.7833262085914612,0.6794977784156799,0.7140302062034607,,,,,,,
Child support,329385221928,post,0.4436004161834717,0.6011252999305725,0.3830641806125641,0.5746334791183472,0.480966180562973,0.5165954828262329,0.4946291148662567,0.4101654887199402,,,,,,,
Child support,329398291116,pre,0.8062431216239929,0.9805992245674133,0.4870634078979492,0.5287767648696899,0.9880049824714661,0.42155182361602783,0.6761924028396606,0.2254166305065155,,,,,,,
Child support,329398291116,post,0.9582944512367249,0.4859655797481537,0.9806548953056335,0.4196479618549347,0.9992591738700867,0.852125883102417,0.028490042313933372,0.004672729875892401,,,,,,,
Child support,329421818664,pre,0.7446563839912415,0.9982108473777771,0.9222463369369507,0.0032540052197873592,0.019975589588284492,0.6059739589691162,0.5610945820808411,0.04678480327129364,,,,,,,
Child support,329421818664,post,0.9911011457443237,0.47189244627952576,0.6749081015586853,0.011222866363823414,0.2658804953098297,0.019069159403443336,0.6269525289535522,0.02533511258661747,,,,,,,
Child support,329435021232,pre,0.99979168176651,0.9956516027450562,0.978693962097168,0.7352616190910339,0.819604754447937,0.9332181215286255,0.9101468920707703,0.02572382427752018,,,,,,,
Child support,329435021232,post,0.9980919361114502,0.9939260482788086,0.9754486083984375,0.8934024572372437,0.9993845820426941,0.9369084239006042,0.1403951644897461,0.03458621725440025,,,,,,,
Child support,329454786096,pre,0.17938674986362457,0.6529056429862976,0.0068107303231954575,0.45519858598709106,0.3242354094982147,0.05414869263768196,0.451084703207016,0.3991088569164276,,,,,,,
Child support,329454786096,post,0.11153118312358856,0.009965281002223492,0.1119188517332077,0.5170832276344299,0.24077460169792175,0.4063907265663147,0.4838922917842865,0.39326849579811096,,,,,,,
Child support,329485223412,pre,0.530722975730896,0.0812641978263855,0.5827285051345825,0.6001883149147034,0.3437822461128235,0.6870003938674927,0.5670976638793945,0.4330222010612488,,,,,,,
Child support,329485223412,post,0.9996768236160278,0.9438413381576538,0.25991958379745483,0.7664684653282166,0.9358466863632202,0.007584588136523962,0.2661665081977844,0.10390763729810715,,,,,,,
Child support,329562035244,pre,0.986828088760376,0.9910319447517395,0.9508236050605774,0.9945835471153259,0.9989596605300903,0.9740179181098938,0.997468888759613,0.8303191661834717,,,,,,,
Child support,329562035244,post,0.004718369338661432,0.7341671586036682,0.00035281325108371675,0.8228306770324707,0.035377386957407,0.6463485956192017,0.29254478216171265,0.5302364826202393,,,,,,,
Child support,329587821360,pre,0.3106943666934967,0.5399536490440369,0.17695587873458862,0.5568816065788269,0.438785195350647,0.48291680216789246,0.2314404845237732,0.5912513136863708,,,,,,,
Child support,329587821360,post,0.9985618591308594,0.995833694934845,0.850437581539154,0.9942697882652283,0.6370307803153992,0.9396369457244873,0.9934611320495605,0.6664968132972717,,,,,,,
Child support,329589326160,pre,0.9997208118438721,0.9934484958648682,0.9929882287979126,0.02004261314868927,0.9978299736976624,0.07935288548469543,0.4940493702888489,0.0006973134004510939,,,,,,,
Child support,329589326160,post,0.9992721080780029,0.001299427472986281,0.885061502456665,0.0019154998008161783,0.9978023171424866,0.05112121254205704,0.021004365757107735,0.0017173837404698133,,,,,,,
Child support,329679411696,pre,0.7570766806602478,0.726037323474884,0.9462500214576721,0.5950219631195068,0.8860265016555786,0.6836307048797607,0.2935056984424591,0.011772160418331623,,,,,,,
Child support,329679411696,post,0.9531989097595215,0.1583695113658905,0.8606036305427551,0.7086160182952881,0.9538158178329468,0.7082125544548035,0.2939109206199646,0.17342814803123474,,,,,,,
Child support,330411837528,post,0.9944773316383362,0.9424909949302673,0.8554893136024475,0.8775292634963989,0.7485361695289612,0.4368622899055481,0.780829668045044,0.5976078510284424,,,,,,,
Child support,330505338960,pre,0.9991083145141602,0.2667868733406067,0.8662174344062805,0.00040211938903667033,0.9998375177383423,0.0025409928057342768,0.023087240755558014,0.00018522574100643396,,,,,,,
Child support,330505338960,post,0.953057050704956,0.1796024888753891,0.6826795339584351,0.9384632706642151,0.04956601560115814,0.810600757598877,0.995479166507721,0.7172099947929382,,,,,,,
Child support,330632295516,pre,0.5631377100944519,0.49121183156967163,0.4246505796909332,0.4804786741733551,0.4522939920425415,0.6071974039077759,0.034872669726610184,0.16762705147266388,,,,,,,
Child support,330632295516,post,0.46198755502700806,0.7744981050491333,0.26511871814727783,0.7846492528915405,0.6268097162246704,0.7172099947929382,0.525338351726532,0.34224170446395874,,,,,,,
Child support,330682908780,post,0.16438227891921997,0.4663594961166382,0.2620856761932373,0.39140596985816956,0.4063907265663147,0.3411433696746826,0.7726325988769531,0.6888871788978577,,,,,,,
Child support,330730649244,pre,0.9979372620582581,0.9935368299484253,0.6645402908325195,0.13000904023647308,0.9782344102859497,0.9990187883377075,0.2889702618122101,0.0005122569273225963,,,,,,,
Child support,330730649244,post,0.998507559299469,0.9937707781791687,0.18572556972503662,0.7774688601493835,0.9974291324615479,0.9978801012039185,0.11100006848573685,0.003780095372349024,,,,,,,
Child support,330737286096,pre,0.46879062056541443,0.609524130821228,0.20963142812252045,0.6566582918167114,0.7162185907363892,0.996271014213562,0.8520143628120422,0.3319854438304901,,,,,,,
Child support,330737286096,post,0.9535353779792786,0.562056303024292,0.003953089471906424,0.6846858263015747,0.7262315154075623,0.9145200252532959,0.7082125544548035,0.9532533288002014,,,,,,,
Child support,330822715644,post,0.86200350522995,0.955464780330658,0.4522939622402191,0.8464508652687073,0.37616467475891113,0.61555016040802,0.744749128818512,0.5151320695877075,,,,,,,
Child support,330983937864,pre,0.6706082820892334,0.6136996746063232,0.27904197573661804,0.7213507890701294,0.6601724028587341,0.6606104373931885,0.3241283893585205,0.3544330894947052,,,,,,,
Child support,330983937864,post,0.6808785796165466,0.7254541516304016,0.43206340074539185,0.601593554019928,0.6504672765731812,0.6548947095870972,0.3718206286430359,0.37937840819358826,,,,,,,
Child support,330992489232,pre,0.9988074898719788,0.7468782067298889,0.36954256892204285,0.3489501178264618,0.9684410095214844,0.018020739778876305,0.9259027242660522,0.031173311173915863,,,,,,,
Child support,330992489232,post,0.9993845820426941,0.8221534490585327,0.24944724142551422,0.45743969082832336,0.9704996347427368,0.2758362889289856,0.901270866394043,0.0497734472155571,,,,,,,
Child support,331066087632,pre,0.7004852294921875,0.9949100613594055,0.7854732275009155,0.05366310104727745,0.9997164607048035,0.19790911674499512,0.0033634924329817295,0.04516269639134407,,,,,,,
Child support,331066087632,post,0.9966233968734741,0.9820998311042786,0.9161096215248108,0.9746301770210266,0.4995116889476776,0.9876817464828491,0.993561863899231,0.5263427495956421,,,,,,,
Child support,331199533980,pre,0.9998560547828674,0.9976403117179871,0.988244891166687,0.22807051241397858,0.9830688238143921,0.6131786108016968,0.022542964667081833,0.008669320493936539,,,,,,,
Child support,331199533980,post,0.19436782598495483,0.016841992735862732,0.0003256710770074278,0.8845389485359192,0.09960149973630905,0.0010838276939466596,0.3540002703666687,0.02132808044552803,,,,,,,
Child support,331428197232,pre,0.9989617466926575,0.8226794004440308,0.08314291387796402,0.14318770170211792,0.8986776471138,0.9965435862541199,0.1391119807958603,0.0008409995352849364,,,,,,,
Child support,331428197232,post,0.9987624883651733,0.9969186782836914,0.9739437103271484,0.9386040568351746,0.6446726322174072,0.9984391331672668,0.9832144975662231,0.9527941942214966,,,,,,,
Child support,331497006264,pre,0.023537492379546165,0.10340472310781479,0.016931159421801567,0.7874411940574646,0.2628418207168579,0.5688949227333069,0.9460510015487671,0.8597815036773682,,,,,,,
Child support,331497006264,post,0.9264369010925293,0.10951516777276993,0.008830244652926922,0.9299828410148621,0.8822250366210938,0.5039061903953552,0.9719126224517822,0.8384153842926025,,,,,,,
Child support,331558564212,post,0.13420754671096802,0.9919145703315735,0.21036048233509064,0.23846149444580078,0.5903069376945496,0.9294884204864502,0.045268092304468155,0.09268777817487717,,,,,,,
Child support,331646387760,pre,0.9544196128845215,0.47950366139411926,0.6513548493385315,0.18242552876472473,0.9990034103393555,0.53946852684021,0.677687406539917,0.015203663147985935,,,,,,,
Child support,331646387760,post,0.9959594011306763,0.910306453704834,0.9996485114097595,0.6934729814529419,0.793105959892273,0.9998273253440857,0.9697568416595459,0.3151033818721771,,,,,,,
Child support,332476016148,post,0.9933071136474609,0.9938668608665466,0.8929832577705383,0.991938054561615,0.8536689281463623,0.9960238337516785,0.985327959060669,0.20537588000297546,,,,,,,
Child support,332533810728,pre,0.9997766017913818,0.9994995594024658,0.9990130662918091,0.9993148446083069,0.9997051954269409,0.9984360933303833,0.9995102286338806,0.3005402684211731,,,,,,,
Child support,332533810728,post,0.9903662800788879,0.9912970066070557,0.11338924616575241,0.9997507929801941,0.9980732202529907,0.9994515180587769,0.9364305138587952,0.9993869662284851,,,,,,,
Child support,332541130212,pre,0.17009404301643372,0.35042139887809753,0.07175364345312119,0.4980469048023224,0.4134771525859833,0.47365719079971313,0.46174484491348267,0.5248817801475525,,,,,,,
Child support,332541130212,post,0.014138296246528625,0.25720497965812683,0.0478690080344677,0.34997692704200745,0.1564912348985672,0.3411433696746826,0.0013511207653209567,0.46733176708221436,,,,,,,
Child support,332551598148,post,0.1252792626619339,0.250545859336853,0.09309922158718109,0.3656831681728363,0.31827324628829956,0.34246155619621277,0.13443465530872345,0.4678179919719696,,,,,,,
Child support,332579913696,pre,0.9879752993583679,0.9408984780311584,0.7266196012496948,0.5355842709541321,0.6284074187278748,0.21568094193935394,0.304972380399704,0.0015578482998535037,,,,,,,
Child support,332579913696,post,0.9607865214347839,0.3040674924850464,0.6270381808280945,0.20323270559310913,0.5365557074546814,0.08874129503965378,0.09225751459598541,0.0005452766781672835,,,,,,,
Child support,332597764728,post,0.5640984773635864,0.8766871690750122,0.4892594516277313,0.5518152713775635,0.8226170539855957,0.963660478591919,0.9877350926399231,0.06966031342744827,,,,,,,
Child support,332701188264,pre,0.28101080656051636,0.28378137946128845,0.14414885640144348,0.522445797920227,0.4205995798110962,0.4717099368572235,0.31447142362594604,0.4838922917842865,,,,,,,
Child support,332724581064,pre,0.9998639225959778,0.9898891448974609,0.7431679964065552,0.6926419734954834,0.9998403191566467,0.5789243578910828,0.7518303990364075,0.20593424141407013,,,,,,,
Child support,332724581064,post,0.9998610019683838,0.9103861451148987,0.9943963289260864,0.972933828830719,0.9997695088386536,0.7036004066467285,0.9826242923736572,0.0015823420835658908,,,,,,,
Child support,332734017528,pre,0.5367985367774963,0.8489722013473511,0.524394690990448,0.5335189700126648,0.8810020089149475,0.8715842366218567,0.6524351835250854,0.17962047457695007,,,,,,,
Child support,332734017528,post,0.7643643617630005,0.8608377575874329,0.15052764117717743,0.928473711013794,0.859663724899292,0.8162599205970764,0.30370599031448364,0.04045535996556282,,,,,,,
Child support,332796813516,pre,0.3292299509048462,0.4998778998851776,0.0035038229543715715,0.49536147713661194,0.03307816758751869,0.23174460232257843,0.22581517696380615,0.2520156800746918,,,,,,,
Child support,332821778832,pre,0.9998915791511536,0.7019174695014954,0.5843897461891174,0.7872777581214905,0.6706082820892334,0.4402286112308502,0.07221028953790665,0.5331543684005737,,,,,,,
Child support,332821778832,post,0.9761291742324829,0.4399879574775696,0.010071823373436928,0.905698299407959,0.6938879489898682,0.035813190042972565,0.9815243482589722,0.6053325533866882,,,,,,,
Child support,332922253644,post,0.07406377047300339,0.13563229143619537,0.12743529677391052,0.4205995798110962,0.29746997356414795,0.37845906615257263,0.16228044033050537,0.6201616525650024,,,,,,,
Child support,333103718160,pre,0.5152540802955627,0.9778410792350769,0.0010024583898484707,0.9992490410804749,0.3816803991794586,0.4469774663448334,0.9987181425094604,0.7396105527877808,,,,,,,
Child support,333103718160,post,0.9542653560638428,0.5724838376045227,0.02843603491783142,0.9988664388656616,0.34356194734573364,0.9529374241828918,0.999464213848114,0.9357587099075317,,,,,,,
Child support,333186824160,pre,0.8827314972877502,0.2598256468772888,0.3869950771331787,0.8826303482055664,0.5698526501655579,0.74167400598526,0.846878707408905,0.596433162689209,,,,,,,
Child support,333186824160,post,0.1612541824579239,0.21109138429164886,0.17133833467960358,0.7437267899513245,0.4440825283527374,0.7595822811126709,0.48352646827697754,0.6448963284492493,,,,,,,
Child support,333303379128,pre,0.6417592167854309,0.8035979866981506,0.01842254213988781,0.9987623691558838,0.2004011571407318,0.9759235382080078,0.8643677234649658,0.813015878200531,,,,,,,
Child support,333303379128,post,0.1252257525920868,0.81967693567276,0.0342051163315773,0.6531269550323486,0.35353976488113403,0.6606104373931885,0.9768244624137878,0.7774688601493835,,,,,,,
Child support,333367402896,pre,0.9972208142280579,0.9934102892875671,0.9983881115913391,0.9552565217018127,0.6579781174659729,0.9008791446685791,0.7472472190856934,0.1751144826412201,,,,,,,
Child support,333367402896,post,0.9998676180839539,0.9544567465782166,0.9595114588737488,0.760650634765625,0.6619228720664978,0.7126323580741882,0.9931958913803101,0.04261748120188713,,,,,,,
Child support,333382381812,pre,0.9992266893386841,0.9486622214317322,0.9937101006507874,0.9998804330825806,0.35711899399757385,0.08730907738208771,0.7540104389190674,0.11899800598621368,,,,,,,
Child support,333382381812,post,0.46490156650543213,0.2133771777153015,0.7181992530822754,0.6500230431556702,0.9643886089324951,0.5418937802314758,0.08197791874408722,0.26133090257644653,,,,,,,
Child support,333419387580,pre,0.9978130459785461,0.1289084553718567,0.09583492577075958,0.0008559006382711232,0.9996581077575684,0.00391482375562191,0.00976497121155262,0.00018342604744248092,,,,,,,
Child support,333419387580,post,0.9990150332450867,0.9578728675842285,0.4569019675254822,0.6781138181686401,0.9943963289260864,0.9140225052833557,0.9629179835319519,0.581303060054779,,,,,,,
Child support,333621101232,pre,0.25312182307243347,0.63680499792099,0.4244120121002197,0.6907677054405212,0.4990234375,0.693680465221405,0.5439801216125488,0.49365267157554626,,,,,,,
Child support,333621101232,post,0.2812081575393677,0.6462370157241821,0.015218290500342846,0.7277820110321045,0.454714298248291,0.6349961757659912,0.35493597388267517,0.37937837839126587,,,,,,,
Child support,333674999748,post,0.1191004291176796,0.3030094504356384,0.0002287133247591555,0.6649755835533142,0.42441198229789734,0.532181978225708,0.38676345348358154,0.7585105895996094,,,,,,,
Child support,333757626264,pre,0.00033274127054028213,0.01966257579624653,0.00032886600820347667,0.756177544593811,0.008976737037301064,0.9192084670066833,0.39326852560043335,0.9741596579551697,,,,,,,
Child support,333757626264,post,0.0007657964597456157,0.07823647558689117,0.0003799845289904624,0.9990942478179932,0.037714820355176926,0.47292691469192505,0.53912353515625,0.975877583026886,,,,,,,
Child support,335424943296,pre,0.9967837929725647,0.9995197057723999,0.9815288186073303,0.6088266372680664,0.7759445309638977,0.9868786931037903,0.8725647330284119,0.1898212879896164,,,,,,,
Child support,335424943296,post,0.7266196012496948,0.9933136701583862,0.49365270137786865,0.8711463809013367,0.9727532863616943,0.860251784324646,0.7107788920402527,0.5209837555885315,,,,,,,
Child support,335891226096,pre,0.28101080656051636,0.3789186179637909,0.09619516134262085,0.6261241436004639,0.3638728857040405,0.5248818397521973,0.5087881684303284,0.32380759716033936,,,,,,,
Child support,335905795296,pre,0.07068778574466705,0.1557193398475647,0.05220668762922287,0.4897474944591522,0.2624635696411133,0.3372035324573517,0.9770883321762085,0.29787829518318176,,,,,,,
Child support,335905795296,post,0.9914141893386841,0.46733176708221436,0.34576770663261414,0.972923755645752,0.9998043775558472,0.9799574017524719,0.35723111033439636,0.4153730869293213,,,,,,,
Child support,335907029232,post,0.9995035529136658,0.9974885582923889,0.44432365894317627,0.7516481280326843,0.8737543821334839,0.3579040765762329,0.3393895924091339,0.7023769617080688,,,,,,,
Child support,335939244948,post,0.9953725337982178,0.8694376945495605,0.2324843555688858,0.17603328824043274,0.661048173904419,0.3437822163105011,0.9193534255027771,0.10753115266561508,,,,,,,
Child support,336028571244,pre,0.6800292730331421,0.8370879292488098,0.47706690430641174,0.6916015148162842,0.7094219326972961,0.6242935061454773,0.5140343904495239,0.2505458891391754,,,,,,,
Child support,336028571244,post,0.8490973711013794,0.6522414088249207,0.1782395839691162,0.7638362646102905,0.6173973083496094,0.9055730700492859,0.3246634900569916,0.0471838116645813,,,,,,,
Child support,336050532432,post,0.9881765842437744,0.5576044321060181,0.6651930809020996,0.40615516901016235,0.6623597741127014,0.48535579442977905,0.2649284899234772,0.057308346033096313,,,,,,,
Child support,336066055128,pre,0.2649284899234772,0.33350321650505066,0.19178137183189392,0.49951171875,0.4234580397605896,0.40874868631362915,0.2721696197986603,0.4814538359642029,,,,,,,
Child support,336066055128,post,0.020670628175139427,0.07250525802373886,0.03706459328532219,0.06687324494123459,0.10687688738107681,0.11706648766994476,0.06445997953414917,0.20545560121536255,,,,,,,
Child support,336092047812,pre,0.04332530125975609,0.4402286112308502,0.14354752004146576,0.5034179091453552,0.297061949968338,0.4012185037136078,0.5407419800758362,0.5765420198440552,,,,,,,
Child support,336092047812,post,0.9996659755706787,0.5410451292991638,0.7986975312232971,0.08632346987724304,0.9995262026786804,0.9970131516456604,0.02015802077949047,0.02534717507660389,,,,,,,
Child support,336093073128,pre,0.6736212372779846,0.8130158185958862,0.526829719543457,0.7877680063247681,0.6388353109359741,0.5481898188591003,0.6988434791564941,0.0011335689341649413,,,,,,,
Child support,336213594612,pre,0.3152087330818176,0.18954454362392426,0.12352412939071655,0.4436003863811493,0.08846528083086014,0.46368709206581116,0.7456777095794678,0.4751182496547699,,,,,,,
Child support,336213594612,post,0.8949731588363647,0.0037362207658588886,0.006863780785351992,0.38214144110679626,0.44987595081329346,0.5720056891441345,0.08151975274085999,0.0027683854568749666,,,,,,,
Child support,336312157644,pre,0.9996879696846008,0.9964133501052856,0.4192318022251129,0.967563807964325,0.9997208714485168,0.9917324185371399,0.0960254892706871,0.4926762878894806,,,,,,,
Child support,336312157644,post,0.9870795011520386,0.9970420598983765,0.9915869832038879,0.9901686906814575,0.4012184739112854,0.9966820478439331,0.8372044563293457,0.9996749758720398,,,,,,,
Child support,336365716212,pre,0.9997142553329468,0.20979328453540802,0.9667888283729553,0.006085737142711878,0.9997757077217102,0.0033439078833907843,0.2492644488811493,0.00018023049051407725,,,,,,,
Child support,336365716212,post,0.05741395428776741,0.02013874053955078,0.0016420666361227632,0.9518856406211853,0.055720288306474686,0.9626906514167786,0.6066732406616211,0.9674717783927917,,,,,,,
Child support,336368866716,pre,0.9517288208007812,0.5736783742904663,0.2008122354745865,0.9513685703277588,0.3153141736984253,0.14573736488819122,0.11426964402198792,0.26664361357688904,,,,,,,
Child support,336368866716,post,0.4804786741733551,0.3195459246635437,0.4021572768688202,0.8074606657028198,0.46830427646636963,0.6361271142959595,0.6536798477172852,0.034757811576128006,,,,,,,
Child support,336385416780,pre,0.9997937679290771,0.9438930749893188,0.5717666149139404,0.4431184232234955,0.7322090268135071,0.739234209060669,0.2050573080778122,0.04342154040932655,,,,,,,
Child support,336385416780,post,0.9993749260902405,0.5886527299880981,0.7045668363571167,0.953361988067627,0.24762338399887085,0.6540113687515259,0.9816479086875916,0.2885690927505493,,,,,,,
Child support,336436920612,pre,0.02850356139242649,0.03541072830557823,0.0014186347834765911,0.9577149748802185,0.02260761149227619,0.057440385222435,0.62846440076828,0.5,,,,,,,
Child support,336436920612,post,0.9949396252632141,0.9785902500152588,0.2458989918231964,0.9709368348121643,0.11961366981267929,0.8500800728797913,0.9987106919288635,0.0006986756343394518,,,,,,,
Child support,336439112148,pre,0.8864695429801941,0.006068041548132896,0.0046365344896912575,0.6365790367126465,0.6938879489898682,0.04624880477786064,0.24458849430084229,0.250545859336853,,,,,,,
Child support,336439112148,post,0.3842187523841858,0.7187917828559875,0.5700920224189758,0.113481305539608,0.7833262085914612,0.7686463594436646,0.13963085412979126,0.009793341159820557,,,,,,,
Child support,336468520044,pre,0.5477060079574585,0.5760650634765625,0.50048828125,0.5048826336860657,0.6606103777885437,0.5959629416465759,0.989957332611084,0.5491571426391602,,,,,,,
Child support,336468520044,post,0.9990321397781372,0.020081011578440666,0.21354113519191742,0.0008183335303328931,0.9919086694717407,0.004050392657518387,0.4267396032810211,0.0013696945970878005,,,,,,,
Child support,337361281632,post,0.9991912245750427,0.9984177350997925,0.19452078640460968,0.9997574687004089,0.462473064661026,0.9995583295822144,0.8334602117538452,0.3517562747001648,,,,,,,
Child support,337398761412,post,0.00021739138173870742,0.01609860733151436,0.0002663404738996178,0.6761924028396606,0.0402568019926548,0.17009404301643372,0.3281525671482086,0.4464946985244751,,,,,,,
Child support,337486379760,pre,0.9784053564071655,0.15707218647003174,0.37250518798828125,0.7567172646522522,0.7074046730995178,0.9993869662284851,0.7201715111732483,0.66888028383255,,,,,,,
Child support,337486379760,post,0.7019174695014954,0.5331543684005737,0.014517544768750668,0.6451199054718018,0.4234580397605896,0.19450165331363678,0.5130280256271362,0.014615669846534729,,,,,,,
Child support,337500337464,pre,0.00436108373105526,0.08748584985733032,0.0005122569273225963,0.5959629416465759,0.19421494007110596,0.4503593444824219,0.01681775413453579,0.6951311230659485,,,,,,,
Child support,337500337464,post,0.9966755509376526,0.9939024448394775,0.9594212770462036,0.9667888283729553,0.9925538301467896,0.9601374864578247,0.6500785946846008,0.7950222492218018,,,,,,,
Child support,337523113296,pre,0.9460011720657349,0.9925898313522339,0.6592954993247986,0.7552761435508728,0.9987696409225464,0.019400762394070625,0.9573177099227905,0.003565736347809434,,,,,,,
Child support,337523113296,post,0.9910320043563843,0.5578452944755554,0.2913839817047119,0.05141511559486389,0.9990710020065308,0.23176634311676025,0.3454363942146301,0.059866420924663544,,,,,,,
Child support,337628106612,pre,0.00027532977401278913,0.0021281098015606403,0.0002764070814009756,0.7521946430206299,0.0029984985012561083,0.25183165073394775,0.008838795125484467,0.6265813112258911,,,,,,,
Child support,337628106612,post,0.015043660998344421,0.2117018848657608,0.0005122569273225963,0.9258021712303162,0.5469801425933838,0.8784185647964478,0.8875949382781982,0.8022458553314209,,,,,,,
Child support,337689875232,post,0.9996799826622009,0.9873993992805481,0.25219982862472534,0.06066836789250374,0.9994725584983826,0.010986942797899246,0.8161134719848633,0.00032313753035850823,,,,,,,
Child support,337924757412,pre,0.003930085804313421,0.2660711407661438,0.005511934868991375,0.015739111229777336,0.005395408719778061,0.008694534189999104,0.08396546542644501,0.22295381128787994,,,,,,,
Child support,337924757412,post,0.9997153282165527,0.9764386415481567,0.639848530292511,0.9206114411354065,0.9778199791908264,0.9920157790184021,0.9409798383712769,0.0006166297243908048,,,,,,,
Child support,338363202780,post,0.9998867511749268,0.9687528610229492,0.998136043548584,0.9490000605583191,0.944943904876709,0.9776071906089783,0.9991424679756165,0.05715356394648552,,,,,,,
Child support,338424079464,pre,0.6699607968330383,0.9996464848518372,0.9117116928100586,0.19314737617969513,0.7534666657447815,0.24496081471443176,0.9778199791908264,0.000263238325715065,,,,,,,
Child support,338424079464,post,0.802710235118866,0.9728307127952576,0.6774740815162659,0.9452732801437378,0.9398581385612488,0.8854086995124817,0.6858443021774292,0.0023322340566664934,,,,,,,
Child support,338559034716,pre,0.9996178150177002,0.8185918927192688,0.28032076358795166,0.38447874784469604,0.964169979095459,0.17469169199466705,0.9510513544082642,0.26170814037323,,,,,,,
Child support,338559034716,post,0.9963500499725342,0.9986329674720764,0.7753497362136841,0.8848875164985657,0.9889492392539978,0.9927812218666077,0.8961605429649353,0.0035796426236629486,,,,,,,
Child support,339334073748,post,0.8164064288139343,0.9949983358383179,0.8003801703453064,0.8319637775421143,0.8399966955184937,0.6719012260437012,0.9171915054321289,0.3153141736984253,,,,,,,
Child support,339368474844,pre,0.052862897515296936,0.9052386283874512,0.1341366469860077,0.6150878667831421,0.21354113519191742,0.49340859055519104,0.4051177203655243,0.4383043050765991,,,,,,,
Child support,339368474844,post,0.14151853322982788,0.9148248434066772,0.2058544009923935,0.8039445877075195,0.4215518534183502,0.5226894617080688,0.43246781826019287,0.4392662048339844,,,,,,,
Child support,339412460148,pre,0.0362541638314724,0.3763938844203949,0.05904726684093475,0.32423537969589233,0.12819735705852509,0.29746994376182556,0.10145582258701324,0.5973730087280273,,,,,,,
Child support,339412460148,post,0.948620617389679,0.9411152601242065,0.21452681720256805,0.7829945087432861,0.9500877857208252,0.6482437252998352,0.7848142385482788,0.8551267981529236,,,,,,,
Child support,339443236728,pre,0.9913725256919861,0.9976264834403992,0.3807589113712311,0.7045668363571167,0.3094409108161926,0.5346125364303589,0.43422138690948486,0.5755879878997803,,,,,,,
Child support,339468139116,pre,0.4263215959072113,0.956735372543335,0.30798205733299255,0.6647579669952393,0.755636990070343,0.45810624957084656,0.7195314764976501,0.564578652381897,,,,,,,
Child support,339474562560,pre,0.7094219326972961,0.9898106455802917,0.3704531192779541,0.7489035725593567,0.524394690990448,0.9797453284263611,0.22329238057136536,0.679643988609314,,,,,,,
Child support,339474562560,post,0.9985133409500122,0.541166365146637,0.8426042795181274,0.9391923546791077,0.6076631546020508,0.929728090763092,0.694276750087738,0.73045814037323,,,,,,,
Child support,339512253696,pre,0.6671476364135742,0.12381517142057419,0.1138748899102211,0.8494724035263062,0.9099069833755493,0.7889086008071899,0.40412524342536926,0.06281076371669769,,,,,,,
Child support,339512253696,post,0.9998381733894348,0.6916015148162842,0.7777222394943237,0.6951311230659485,0.9249593019485474,0.33090347051620483,0.332093745470047,0.16865146160125732,,,,,,,
Child support,339552675360,pre,0.9970015287399292,0.8128301501274109,0.8484078645706177,0.984941840171814,0.9996679425239563,0.995226263999939,0.19868536293506622,0.1067604199051857,,,,,,,
Child support,339552675360,post,0.9919574856758118,0.3582408130168915,0.6011253595352173,0.8397339582443237,0.9714964628219604,0.7864588499069214,0.3597014546394348,0.003063417039811611,,,,,,,
Child support,339572310264,post,0.11956224590539932,0.40309685468673706,0.03471560776233673,0.24944725632667542,0.38029855489730835,0.3970029056072235,0.31732049584388733,0.36251771450042725,,,,,,,
Child support,339637903812,pre,0.7037531137466431,0.6256668567657471,0.32380759716033936,0.5884161591529846,0.6606104373931885,0.6150878071784973,0.05893883854150772,0.1524103283882141,,,,,,,
Child support,339637903812,post,0.6800292730331421,0.8370879292488098,0.47706690430641174,0.6916015148162842,0.7094219326972961,0.6242935061454773,0.5140343904495239,0.2505458891391754,,,,,,,
Child support,339764721516,post,0.9858412146568298,0.09572920948266983,0.0036785088013857603,0.6825737357139587,0.7634837627410889,0.6169358491897583,0.9293763041496277,0.6684475541114807,,,,,,,
Child support,339838728948,pre,0.999782145023346,0.9966884255409241,0.755636990070343,0.5751107931137085,0.8407825827598572,0.3100672960281372,0.9753196835517883,0.40309685468673706,,,,,,,
Child support,339838728948,post,0.9998345375061035,0.9995694160461426,0.9835812449455261,0.7780702114105225,0.9997153878211975,0.8291463851928711,0.9986593723297119,0.08269734680652618,,,,,,,
Child support,339941464380,pre,0.27708157896995544,0.17469169199466705,0.025881078094244003,0.5122045874595642,0.9297599196434021,0.5779718160629272,0.5382552146911621,0.5185462236404419,,,,,,,
Child support,339941464380,post,0.14199377596378326,0.09044384956359863,0.30673468112945557,0.27125170826911926,0.2743513882160187,0.31636929512023926,0.25832599401474,0.13603352010250092,,,,,,,
Child support,339960888612,pre,0.8443448543548584,0.7862948179244995,0.38560599088668823,0.5808276534080505,0.8912444114685059,0.40239211916923523,0.398640513420105,0.4527778625488281,,,,,,,
Child support,339960888612,post,0.9915215969085693,0.0770823284983635,0.666388213634491,0.8854334950447083,0.755636990070343,0.8252378702163696,0.8443448543548584,0.3413628935813904,,,,,,,
Child support,340120874160,pre,0.9928923845291138,0.7221353054046631,0.9418148994445801,0.8005360960960388,0.6460137367248535,0.9856801629066467,0.9052385091781616,0.47804147005081177,,,,,,,
Child support,340120874160,post,0.9888231158256531,0.9876995086669922,0.836821436882019,0.896975576877594,0.9569973349571228,0.8406518697738647,0.6109178066253662,0.2762998044490814,,,,,,,
Child support,340237222560,pre,0.9949199557304382,0.7774978876113892,0.001232760725542903,0.5117166042327881,0.7590468525886536,0.24006123840808868,0.6186652779579163,0.015123452991247177,,,,,,,
Child support,340237222560,post,0.9998219013214111,0.9985335469245911,0.10599454492330551,0.07821886986494064,0.6428810358047485,0.03941638767719269,0.967808187007904,0.051082734018564224,,,,,,,
Child support,340243723296,post,0.677047073841095,0.6925835013389587,0.7256485819816589,0.6736212372779846,0.7788175344467163,0.6041653752326965,0.6801487803459167,0.5,,,,,,,
Child support,340245912780,pre,0.9545945525169373,0.6939139366149902,0.03061777912080288,0.8833366632461548,0.6311396956443787,0.7958961129188538,0.09807931631803513,0.5583269596099854,,,,,,,
Child support,340245912780,post,0.9974787831306458,0.9865975379943848,0.9462251663208008,0.993079423904419,0.82332843542099,0.9939054250717163,0.9989837408065796,0.9258357286453247,,,,,,,
Child support,340410140496,pre,0.570331335067749,0.4877953827381134,0.4040370583534241,0.4765796363353729,0.6667138338088989,0.38398775458335876,0.7560874819755554,0.42727723717689514,,,,,,,
Child support,340410140496,post,0.7154240012168884,0.37421879172325134,0.04074063152074814,0.7732163667678833,0.8036364912986755,0.7350714802742004,0.4523544907569885,0.5477060079574585,,,,,,,
Child support,340552889928,pre,0.9990072250366211,0.7335473299026489,0.49853515625,0.6588566303253174,0.8441522121429443,0.4809662401676178,0.9490118622779846,0.3816803991794586,,,,,,,
Child support,340552889928,post,0.34048521518707275,0.8338664770126343,0.21617695689201355,0.7631308436393738,0.8830344080924988,0.4315842092037201,0.8089554905891418,0.7948630452156067,,,,,,,
Child support,340634619720,pre,0.0030396494548767805,0.023464657366275787,0.00044945228728465736,0.9441511034965515,0.00885378010571003,0.9973373413085938,0.9952816367149353,0.8774768114089966,,,,,,,
Child support,340634619720,post,0.9981541633605957,0.4536249041557312,0.0008693673880770802,0.5009765625,0.2685575783252716,0.96117103099823,0.3361131250858307,0.7783125042915344,,,,,,,
Child support,340635583476,pre,0.312789648771286,0.05028397589921951,0.4089847505092621,0.15065255761146545,0.5273165106773376,0.11240509152412415,0.06336633861064911,0.02399630844593048,,,,,,,
Child support,340635583476,post,0.6976089477539062,0.9851861000061035,0.7531037330627441,0.983501136302948,0.5693738460540771,0.9980505704879761,0.6025440096855164,0.6213111281394958,,,,,,,
Child support,340636960368,pre,0.6693127155303955,0.6967843174934387,0.6132366061210632,0.7156227827072144,0.6783269047737122,0.6477982401847839,0.7707237601280212,0.5131805539131165,,,,,,,
Child support,340636960368,post,0.5803520679473877,0.6813028454780579,0.4082767367362976,0.7273948788642883,0.6265813112258911,0.6279512643814087,0.5539879202842712,0.46587347984313965,,,,,,,
Child support,340639446708,pre,0.9998915195465088,0.8363541960716248,0.2855711579322815,0.21321329474449158,0.6410853862762451,0.05394897237420082,0.0373619943857193,0.17582090198993683,,,,,,,
Child support,340639446708,post,0.7049732804298401,0.7793218493461609,0.5380124449729919,0.7799928784370422,0.6701766848564148,0.6293191313743591,0.7459539771080017,0.125600665807724,,,,,,,
Child support,340640571888,post,0.7120319604873657,0.8569320440292358,0.6783269643783569,0.7235048413276672,0.722331166267395,0.7254542112350464,0.6753365397453308,0.227469339966774,,,,,,,
Child support,340640868744,pre,0.9989876747131348,0.9697281122207642,0.8686040639877319,0.5431056022644043,0.9482025504112244,0.45350387692451477,0.513668417930603,0.01400956604629755,,,,,,,
Child support,340640868744,post,0.9952471256256104,0.8080672025680542,0.9742210507392883,0.5185461640357971,0.9008791446685791,0.7727879881858826,0.2800499200820923,0.05037732794880867,,,,,,,
Child support,340641527436,pre,0.9998394250869751,0.9562170505523682,0.9967523217201233,0.8433797955513,0.999683141708374,0.9356999397277832,0.6958550214767456,0.45810627937316895,,,,,,,
Child support,340641527436,post,0.9115347862243652,0.9872035384178162,0.9224823713302612,0.38514336943626404,0.9995102286338806,0.011777841486036777,0.6448403596878052,0.0011247573420405388,,,,,,,
Child support,340641934416,post,0.700894832611084,0.7890711426734924,0.7373473048210144,0.7102264761924744,0.70537930727005,0.7318258881568909,0.8123840689659119,0.1741994470357895,,,,,,,
Child support,340642271628,pre,0.7629543542861938,0.7781439423561096,0.8804377317428589,0.8079156875610352,0.8935883045196533,0.8258707523345947,0.23717541992664337,0.32103413343429565,,,,,,,
Child support,340642271628,post,0.9964063763618469,0.9546262621879578,0.8992099165916443,0.9389268755912781,0.8440237641334534,0.723504900932312,0.7378789186477661,0.06614568084478378,,,,,,,
Child support,340642298304,pre,0.9986929893493652,0.730866551399231,0.006837204098701477,0.9718458652496338,0.9805434346199036,0.9371532797813416,0.9988486170768738,0.9883296489715576,,,,,,,
Child support,340642298304,post,0.19868534803390503,0.23161421716213226,0.191176638007164,0.5073237419128418,0.24617072939872742,0.555917501449585,0.10532550513744354,0.5755879878997803,,,,,,,
Child support,340642943316,post,0.46976348757743835,0.9926541447639465,0.2819984257221222,0.9135994911193848,0.30115649104118347,0.982864499092102,0.9558991193771362,0.6123096942901611,,,,,,,
Child support,340643476152,pre,0.36931508779525757,0.45956119894981384,0.39793840050697327,0.45665204524993896,0.5563995838165283,0.49609383940696716,0.7839367985725403,0.5626571774482727,,,,,,,
Child support,340643476152,post,0.9997909665107727,0.9198228120803833,0.9880849719047546,0.6634508967399597,0.9965770840644836,0.6546739935874939,0.9830363392829895,0.042344387620687485,,,,,,,
Child support,340644762756,pre,0.43782350420951843,0.002601093612611294,0.011513704434037209,0.034529197961091995,0.9795103669166565,0.8032509684562683,0.13279545307159424,0.007808319758623838,,,,,,,
Child support,340644762756,post,0.9998804330825806,0.009642974473536015,0.026670409366488457,0.004150080494582653,0.666279673576355,0.0014437559293583035,0.0029235428664833307,0.00022516823082696646,,,,,,,
Child support,340645688892,pre,0.890007734298706,0.7325918674468994,0.5406814217567444,0.8211876153945923,0.8763172030448914,0.8592509031295776,0.581778347492218,0.14163722097873688,,,,,,,
Child support,340645688892,post,0.8221891522407532,0.24440808594226837,0.4330221712589264,0.39466747641563416,0.8557305932044983,0.6992544531822205,0.7975568175315857,0.18653921782970428,,,,,,,
Child support,340646807916,pre,0.4134771525859833,0.67640620470047,0.104112409055233,0.6808785796165466,0.6817267537117004,0.4814538061618805,0.9481065273284912,0.7752646803855896,,,,,,,
Child support,340646807916,post,0.46684563159942627,0.011093566194176674,0.31510335206985474,0.4397473633289337,0.7442848086357117,0.3974705934524536,0.10221505165100098,0.02490021102130413,,,,,,,
Cannabis,273746614716,pre,,,,,,,0.3032713830471039,,0.9713881015777588,0.9505488872528076,0.9012273550033569,0.6911847591400146,0.1718936413526535,0.0028727478347718716,0.000293654651613906
Cannabis,273746614716,post,,,,,,,0.17088815569877625,,0.9872404932975769,0.9404624700546265,0.5592900514602661,0.004681822378188372,0.0017926506698131561,0.0015099907759577036,0.0009565964573994279
Cannabis,273971922264,pre,,,,,,,0.2355477213859558,,0.9594877362251282,0.8861251473426819,0.35398629307746887,0.6477982401847839,0.3170032501220703,0.1362488567829132,0.0075479233637452126
Cannabis,273984233580,pre,,,,,,,0.7143790125846863,,0.5784481763839722,0.6570984721183777,0.297061949968338,0.5273165106773376,0.2970619201660156,0.7559974193572998,0.4951173663139343
Cannabis,273984233580,post,,,,,,,0.026721160858869553,,0.556640625,0.5438324809074402,0.030938221141695976,0.30528295040130615,0.10079008340835571,0.08106392621994019,0.0007748164352960885
Cannabis,274115558160,pre,,,,,,,0.3943777084350586,,0.7273948788642883,0.000758359907194972,0.4527778923511505,0.23810701072216034,0.04740382358431816,0.8523834347724915,0.8440879583358765
Cannabis,274115558160,post,,,,,,,0.967132031917572,,0.9068182706832886,0.47706690430641174,0.5808275938034058,0.5770187377929688,0.36048904061317444,0.7610060572624207,0.952175498008728
Cannabis,274131498096,post,,,,,,,0.7406905293464661,,0.9940196871757507,0.9784567952156067,0.6874201893806458,0.7306744456291199,0.21288585662841797,0.38352587819099426,0.4838922917842865
Cannabis,274350928032,post,,,,,,,0.49530044198036194,,0.9687602519989014,0.7599387764930725,0.4605315029621124,0.3702253997325897,0.04023794084787369,0.0027683856897056103,0.0002824080584105104
Cannabis,274430404728,pre,,,,,,,0.06730107218027115,,0.00022560836805496365,0.18286287784576416,0.0033309145364910364,0.00017536994710098952,0.00013032974675297737,0.000888230511918664,0.0001344663032796234
Cannabis,274430404728,post,,,,,,,0.216621994972229,,0.9890871047973633,0.9998279809951782,0.002278330735862255,0.6703925132751465,0.9890976548194885,0.005842604674398899,0.0009381115669384599
Cannabis,274502024316,pre,,,,,,,0.637482225894928,,0.10818894952535629,0.498046875,0.5258558392524719,0.06468302011489868,0.11818140000104904,0.48194146156311035,0.01615283451974392
Cannabis,274502024316,post,,,,,,,0.9895513653755188,,0.9929949641227722,0.23581159114837646,0.45713672041893005,0.15002882480621338,0.198529914021492,0.9983802437782288,0.0005736653110943735
Cannabis,274518574380,pre,,,,,,,0.06250248104333878,,0.9225957989692688,0.6477982401847839,0.23005373775959015,0.0711381733417511,0.0002891032490879297,0.0003711854515131563,0.00016931274149101228
Cannabis,274518574380,post,,,,,,,0.672896146774292,,0.8064718246459961,0.7945443987846375,0.7532851696014404,0.08148320019245148,0.012920472770929337,0.0007870083209127188,0.0001892474974738434
Cannabis,274526852832,pre,,,,,,,0.5198088884353638,,0.8915280699729919,0.9316493272781372,0.47122323513031006,0.7279754877090454,0.21044158935546875,0.001758038648404181,0.0004442183708306402
Cannabis,274526852832,post,,,,,,,0.7006804347038269,,0.9701852202415466,0.8839391469955444,0.6099889278411865,0.7455836534500122,0.1937568634748459,0.15024687349796295,0.11303996294736862
Cannabis,274533484212,pre,,,,,,,0.43206340074539185,,0.9366915822029114,0.9106249213218689,0.49072375893592834,0.6808786392211914,0.25183165073394775,0.029486393555998802,0.0007839425234124064
Cannabis,274533484212,post,,,,,,,0.7327830791473389,,0.8178656101226807,0.94868004322052,0.5491571426391602,0.43254274129867554,0.09081608802080154,0.003051510313525796,0.004459704272449017
Cannabis,274596068844,pre,,,,,,,0.3916385769844055,,0.5727227926254272,0.7189891934394836,0.42202815413475037,0.5472221374511719,0.43830427527427673,0.9969425797462463,0.25608712434768677
Cannabis,274596068844,post,,,,,,,0.8193157911300659,,0.6206216216087341,0.45132648944854736,0.492676317691803,0.5200088024139404,0.41917234659194946,0.5597713589668274,0.5774953961372375
Cannabis,274654142496,pre,,,,,,,0.5341265201568604,,0.027742888778448105,0.7973990440368652,0.3816803991794586,0.5808276534080505,0.200557678937912,0.9995169043540955,0.9610432386398315
Cannabis,274654142496,post,,,,,,,0.16132023930549622,,0.5841525793075562,0.724090576171875,0.3182732164859772,0.5078118443489075,0.4196479618549347,0.9976654648780823,0.244723841547966
Cannabis,274671650160,post,,,,,,,0.8688267469406128,,0.5936092734336853,0.507323682308197,0.5836780667304993,0.570331335067749,0.4707365930080414,0.7485361099243164,0.857171356678009
Cannabis,274758455232,pre,,,,,,,0.03079216554760933,,0.07326411455869675,0.8288695216178894,0.9863795638084412,0.08133713901042938,0.009946029633283615,0.06162138655781746,0.9932681322097778
Cannabis,274758455232,post,,,,,,,0.6302298903465271,,0.7577943205833435,0.16687896847724915,0.9993013143539429,0.733738124370575,0.06316378712654114,0.004755199886858463,0.032666806131601334
Cannabis,274880751012,pre,,,,,,,0.880373477935791,,0.00015905621694400907,0.39140594005584717,0.5053709149360657,0.0003453167446423322,0.0005941797280684114,0.6395109295845032,0.013597484678030014
Cannabis,274880751012,post,,,,,,,0.8482351303100586,,0.01662507839500904,0.9877291917800903,0.8450494408607483,0.11511248350143433,0.005089918617159128,0.5990160703659058,0.0035038229543715715
Cannabis,275780146716,pre,,,,,,,0.8985887169837952,,0.9016178846359253,0.20769642293453217,0.3583530783653259,0.3195459246635437,0.008054185658693314,0.8518295288085938,0.9424372315406799
Cannabis,275780146716,post,,,,,,,0.7234132885932922,,0.40415462851524353,0.7563575506210327,0.5794004201889038,0.2989005148410797,0.6667138338088989,0.4525358974933624,0.014657923951745033
Cannabis,275794438896,pre,,,,,,,0.25275275111198425,,0.4639299809932709,0.985327959060669,0.22575783729553223,0.0840970054268837,0.0005442132242023945,0.0009235809557139874,0.0005759092164225876
Cannabis,275794438896,post,,,,,,,0.7819972634315491,,0.12466522306203842,0.9888527393341064,0.7027340531349182,0.12940272688865662,0.021094921976327896,0.4666025638580322,0.0007793661206960678
Cannabis,275853123360,pre,,,,,,,0.4081588089466095,,0.5855752229690552,0.11104825139045715,0.32552051544189453,0.3757064640522003,0.13546064496040344,0.0029607838951051235,0.0003340431721881032
Cannabis,275910784560,pre,,,,,,,0.11790181696414948,,0.9655196070671082,0.8694931268692017,0.32723817229270935,0.6757646203041077,0.31658050417900085,0.040436405688524246,0.0014269596431404352
Cannabis,275910784560,post,,,,,,,0.2324516773223877,,0.5784481763839722,0.5917232632637024,0.04740381985902786,0.34466397762298584,0.0643000528216362,0.00025464370264671743,9.278282232116908e-05
Cannabis,276126931980,pre,,,,,,,0.001383117283694446,,0.00044421834172680974,0.016569290310144424,0.0004965042462572455,0.0003682979440782219,0.000263238325715065,0.0010083435336127877,0.0003569706459529698
Cannabis,276126931980,post,,,,,,,0.934574544429779,,0.02595735713839531,0.6623598337173462,0.9065291285514832,0.49658212065696716,0.00041731575038284063,0.000816738058347255,0.0002131875662598759
Cannabis,276150871980,pre,,,,,,,0.0636567622423172,,0.7213507890701294,0.39001110196113586,0.22151905298233032,0.4078049957752228,0.06979493051767349,0.008339973166584969,0.00028351310174912214
Cannabis,276150871980,post,,,,,,,0.1564912348985672,,0.3255205452442169,0.28937169909477234,0.25201570987701416,0.36931508779525757,0.19574777781963348,0.0002673826238606125,0.00013552079326473176
Cannabis,276190955064,pre,,,,,,,0.846957802772522,,0.9996380805969238,0.7769615650177002,0.23970511555671692,0.04455598443746567,0.00657699815928936,0.0007554056355729699,0.00034464316559024155
Cannabis,276190955064,post,,,,,,,0.007424573879688978,,0.7426084280014038,0.8856314420700073,0.13352817296981812,0.5029296875,0.14620910584926605,0.0007808886002749205,0.0003439709253143519
Cannabis,276272487864,pre,,,,,,,0.2488078624010086,,0.956405758857727,0.9533619284629822,0.3953675925731659,0.7285552024841309,0.10347652435302734,0.07567013055086136,0.00035488588036969304
Cannabis,276272487864,post,,,,,,,0.3713075816631317,,0.9745924472808838,0.9316492676734924,0.4990234375,0.8509646654129028,0.22729778289794922,0.0991644635796547,0.0004189484170638025
Cannabis,276479328780,pre,,,,,,,0.9592593908309937,,0.27105870842933655,0.9977261424064636,0.9999068379402161,0.13916224241256714,0.8811043500900269,0.7468781471252441,0.999908983707428
Cannabis,276479328780,post,,,,,,,0.7083544135093689,,0.29769957065582275,0.041152894496917725,0.02753293700516224,0.0007824140484444797,0.8972459435462952,0.2520386874675751,0.49072375893592834
Cannabis,276821393760,pre,,,,,,,0.5937271118164062,,0.1399831920862198,0.9995931386947632,0.4717099666595459,0.0016842223703861237,0.0006324767600744963,0.0023688743822276592,0.00043648143764585257
Cannabis,276821393760,post,,,,,,,0.43362167477607727,,0.0002813073806464672,0.9974934458732605,0.32060855627059937,0.00017536994710098952,0.0005193048273213208,0.02964751049876213,0.0009110511164180934
Cannabis,277769624328,pre,,,,,,,0.9801672697067261,,0.00014883848780300468,0.9997517466545105,0.4205995798110962,0.0003225071995984763,0.014497037045657635,0.42727723717689514,0.00020542288257274777
Cannabis,277769624328,post,,,,,,,0.9798611998558044,,0.685949444770813,0.6486889123916626,0.60905921459198,0.5219585299491882,0.24871663749217987,0.2084205001592636,0.0010142630198970437
Cannabis,277781255748,pre,,,,,,,0.9741657972335815,,0.02593267895281315,0.164717897772789,0.4765796363353729,0.1296229213476181,0.04871615767478943,0.9986006021499634,0.49633798003196716
Cannabis,277781255748,post,,,,,,,0.16815143823623657,,0.017309095710515976,0.01578456163406372,0.00432308716699481,0.0014550630003213882,0.00036901768180541694,0.9100669622421265,0.8041753172874451
Cannabis,277792883064,pre,,,,,,,0.3927152454853058,,0.5080559253692627,0.9995298981666565,0.1494693160057068,0.008219693787395954,0.0009253849275410175,0.0005792916635982692,0.00019373449322301894
Cannabis,277792883064,post,,,,,,,0.7775744199752808,,0.9729598760604858,0.6821504235267639,0.7114308476448059,0.724090576171875,0.4946291148662567,0.805785059928894,0.7902066707611084
Cannabis,277824618612,pre,,,,,,,0.6334102749824524,,0.001232760725542903,0.9486086964607239,0.6104534864425659,0.012540020048618317,0.15456734597682953,0.3289604187011719,0.0025459476746618748
Cannabis,277824618612,post,,,,,,,0.5161762833595276,,0.0007180297398008406,0.9994251728057861,0.17088817059993744,0.0003077430883422494,0.0006166297243908048,0.08862290531396866,0.003004342783242464
Cannabis,277871473980,post,,,,,,,0.7174080014228821,,0.18264411389827728,0.6178585290908813,0.8045595288276672,0.05912870168685913,0.07767493277788162,0.9991204142570496,0.2468622773885727
Cannabis,277948352160,pre,,,,,,,0.43170395493507385,,0.000847589923068881,0.4814538061618805,0.6799229979515076,0.005469274707138538,0.0023504828568547964,0.9666946530342102,0.9993550181388855
Cannabis,277948352160,post,,,,,,,0.8288003206253052,,0.35064369440078735,0.904101550579071,0.36590972542762756,0.010008730925619602,0.001377732609398663,0.9521532654762268,0.9752725958824158
Cannabis,277955127180,pre,,,,,,,0.0302145853638649,,0.0005295418086461723,0.9278060793876648,0.0009773503988981247,0.0002942285791505128,0.0061929901130497456,0.01481388509273529,0.0004765613120980561
Cannabis,277955127180,post,,,,,,,0.5947866439819336,,0.9619649648666382,0.9533619284629822,0.4411914050579071,0.6437773108482361,0.31742626428604126,0.1062261164188385,0.0016842223703861237
Cannabis,277957794096,pre,,,,,,,0.033939965069293976,,0.0001529638102510944,0.12710987031459808,0.003154205624014139,0.00035906763514503837,0.0022916889283806086,0.4014531075954437,0.002026899950578809
Cannabis,277957794096,post,,,,,,,0.7306022644042969,,0.0002611903182696551,0.9998326301574707,0.1445106565952301,0.0001859505573520437,0.059387292712926865,0.10606396943330765,0.0003439709544181824
Cannabis,277967714148,pre,,,,,,,0.6980465054512024,,0.16193224489688873,0.9222725629806519,0.9072916507720947,0.002439129864796996,0.02025469020009041,0.5207400321960449,0.05208602175116539
Cannabis,277967714148,post,,,,,,,0.6938620805740356,,0.9546262621879578,0.9996653199195862,0.8337311744689941,0.1866874396800995,0.0037325872108340263,0.570091962814331,0.005641908850520849
Cannabis,278016416316,pre,,,,,,,0.05934639647603035,,0.9828233122825623,0.5905430912971497,0.0002694791473913938,0.5664982795715332,0.0005907104350626469,0.006289901677519083,0.00043393252417445183
Cannabis,278016416316,post,,,,,,,0.024609927088022232,,0.9962419271469116,0.9605743288993835,0.00027000586851499975,0.4239349067211151,0.0012570442631840706,0.005469274241477251,0.0005053045460954309
Cannabis,278052255864,pre,,,,,,,0.7175564765930176,,0.8565725684165955,0.3731902837753296,0.9556514024734497,0.7339288592338562,0.35868996381759644,0.2907794415950775,0.7217432260513306
Cannabis,278052255864,post,,,,,,,0.514644205570221,,0.681938648223877,0.38676342368125916,0.72154700756073,0.5841525197029114,0.3083984851837158,0.2483518272638321,0.3858373761177063
Cannabis,278064084960,pre,,,,,,,0.9397476315498352,,0.21709881722927094,0.995749831199646,0.4153730571269989,0.020371293649077415,0.0015247863484546542,0.013146588578820229,0.0023231625091284513
Cannabis,278064084960,post,,,,,,,0.9114165306091309,,0.20323272049427032,0.5350984334945679,0.15077754855155945,0.07396337389945984,0.014696761034429073,0.00039977103006094694,0.00017709062376525253
Cannabis,278079206148,pre,,,,,,,0.9233161807060242,,0.7811636924743652,0.39326849579811096,0.24382245540618896,0.4848678708076477,0.04118179902434349,0.2557152211666107,0.0364251509308815
Cannabis,278079206148,post,,,,,,,0.6706082820892334,,0.8826302886009216,0.6146253347396851,0.6220002174377441,0.7189891934394836,0.45956119894981384,0.7074046730995178,0.6381590962409973
Cannabis,278168810148,pre,,,,,,,0.4452280104160309,,0.9929677844047546,0.7140738368034363,0.35711899399757385,0.10352182388305664,0.000956596399191767,0.0032603463623672724,0.00016865275392774493
Cannabis,278168810148,post,,,,,,,0.9984692931175232,,0.9948703646659851,0.9937829375267029,0.031499382108449936,0.0010923190275207162,0.0011879055527970195,0.015321080572903156,0.00026068079750984907
Cannabis,278241382548,pre,,,,,,,0.9061145782470703,,0.8373541235923767,0.7178037762641907,0.5204963088035583,0.6829968094825745,0.325949490070343,0.20275872945785522,0.03586803004145622
Cannabis,278441178948,pre,,,,,,,0.9982959628105164,,0.07864238321781158,0.5983121991157532,0.13834533095359802,0.04165676608681679,0.05139130726456642,0.0384233258664608,0.0004477008478716016
Cannabis,278441178948,post,,,,,,,0.36576810479164124,,0.015357956290245056,0.5068355202674866,0.11357959359884262,0.010965741239488125,0.014294829219579697,0.0009454622631892562,0.00033666222589090466
Cannabis,278572228560,pre,,,,,,,0.9276259541511536,,0.6963714361190796,0.43638181686401367,0.7801604270935059,0.4315841794013977,0.30033501982688904,0.6036982536315918,0.31658056378364563
Cannabis,278572228560,post,,,,,,,0.9933717250823975,,0.2242252677679062,0.3319854736328125,0.5292633771896362,0.41917237639427185,0.08655483275651932,0.006168994586914778,0.004382336512207985
Cannabis,278622229644,pre,,,,,,,0.9634718894958496,,0.8966819047927856,0.522445797920227,0.3713645935058594,0.4692770838737488,0.001771802781149745,0.004086002707481384,0.00018814207578543574
Cannabis,278622229644,post,,,,,,,0.7314903736114502,,0.9163344502449036,0.18997150659561157,0.46830427646636963,0.6424325108528137,0.0157164353877306,0.019946932792663574,0.0002953798102680594
Cannabis,278633794032,pre,,,,,,,0.9779466390609741,,0.8016254305839539,0.9963994026184082,0.7759445309638977,0.3956010937690735,0.014636781997978687,0.0005861162208020687,0.00027532977401278913
Cannabis,278633794032,post,,,,,,,0.01683390885591507,,0.9598562121391296,0.4021573066711426,0.22388571500778198,0.002214853884652257,0.00024346048303414136,0.00020906500867567956,0.00016061686619650573
Cannabis,278659579464,post,,,,,,,0.4229365885257721,,0.4301435947418213,0.9332713484764099,0.5176928043365479,0.061339642852544785,0.14499425888061523,0.9471614956855774,0.955878496170044
Cannabis,278872026444,pre,,,,,,,0.9978551864624023,,0.013636834919452667,0.9996755719184875,0.646460235118866,0.0064882696606218815,0.15127840638160706,0.7111300826072693,0.005332885775715113
Cannabis,278872026444,post,,,,,,,0.979570209980011,,0.9993094801902771,0.9997170567512512,0.9987792372703552,0.3729618489742279,0.9997331500053406,0.9994341135025024,0.9784052968025208
Cannabis,278911290096,pre,,,,,,,0.998798131942749,,0.9993537664413452,0.9997284412384033,0.9996373653411865,0.705987811088562,0.0017409835709258914,0.007914956659078598,0.2772649824619293
Cannabis,278911290096,post,,,,,,,0.7424508929252625,,0.24274376034736633,0.15393033623695374,0.9892128109931946,0.726037323474884,0.3812195360660553,0.5717666149139404,0.8246031999588013
Cannabis,279013821696,pre,,,,,,,0.8639377951622009,,0.9620897769927979,0.8442806601524353,0.7547342777252197,0.9009227156639099,0.7980294823646545,0.7199746370315552,0.8718026280403137
Cannabis,279013821696,post,,,,,,,0.25930947065353394,,0.9905508756637573,0.9990907311439514,0.045819953083992004,0.6949241161346436,0.6766566634178162,0.07393830269575119,0.00026686102501116693
Cannabis,280442421360,pre,,,,,,,0.942506730556488,,0.6731916666030884,0.7394224405288696,0.5559174418449402,0.35197901725769043,0.007176882121711969,0.3090237081050873,0.0014325367519631982
Cannabis,280442421360,post,,,,,,,0.7301095128059387,,0.9919769763946533,0.9663946628570557,0.6796041131019592,0.01384861022233963,0.0005965039017610252,0.00042554308311082423,0.00020422300440259278
Cannabis,280499878728,pre,,,,,,,0.952308714389801,,0.685949444770813,0.9997893571853638,0.5409238934516907,0.2393493354320526,0.005432216916233301,0.9592689275741577,0.0005420927191153169
Cannabis,280499878728,post,,,,,,,0.7055314779281616,,0.9364304542541504,0.8150853514671326,0.3812195658683777,0.45350390672683716,0.08277145028114319,0.9970934987068176,0.020645929500460625
Cannabis,280752412212,pre,,,,,,,0.7269105315208435,,0.9717153310775757,0.7694269418716431,0.6201616525650024,0.712232232093811,0.3577919006347656,0.8962627053260803,0.722331166267395
Cannabis,280752412212,post,,,,,,,0.9675024747848511,,0.484136164188385,0.9938369989395142,0.35242465138435364,0.5292633771896362,0.18491466343402863,0.8925581574440002,0.8729984760284424
Cannabis,281166779412,pre,,,,,,,0.8615381717681885,,0.0004230579943396151,0.9997791647911072,0.5229331254959106,0.0002971151261590421,0.14438997209072113,0.4397473633289337,0.0419795885682106
Cannabis,281166779412,post,,,,,,,0.9959417581558228,,0.7786492705345154,0.7961340546607971,0.4775541424751282,0.5146442651748657,0.08479540795087814,0.052473098039627075,0.0012918456923216581
Cannabis,281236409928,post,,,,,,,0.3933267295360565,,0.0013858176534995437,0.0005213363328948617,0.9997686147689819,0.0014982575085014105,0.9990636706352234,0.07043161243200302,0.7810802459716797
Cannabis,281257755516,pre,,,,,,,0.7752646803855896,,0.489747554063797,0.9903196096420288,0.6081287264823914,0.19563250243663788,0.10052486509084702,0.5782100558280945,0.06787032634019852
Cannabis,281257755516,post,,,,,,,0.6591240763664246,,0.015130727551877499,0.9549634456634521,0.35644665360450745,0.0031788658816367388,0.001377732609398663,0.3119506239891052,0.011846236884593964
Cannabis,281337505812,pre,,,,,,,0.8446013331413269,,0.9238159656524658,0.5161077380180359,0.12885363399982452,0.32295289635658264,0.011955329217016697,0.0004424872749950737,0.0008056566584855318
Cannabis,281337505812,post,,,,,,,0.9003546833992004,,0.0026886719278991222,0.1782395839691162,0.9337940216064453,0.08520720899105072,0.0001368505327263847,0.00040211935993283987,0.0004637128149624914
Cannabis,281345780160,pre,,,,,,,0.8427984714508057,,0.9744712710380554,0.14318770170211792,0.5643386244773865,0.0355360321700573,0.003524341154843569,0.7655057311058044,0.9250693917274475
Cannabis,281345780160,post,,,,,,,0.5753494501113892,,0.96304851770401,0.671901285648346,0.5760650634765625,0.7029380798339844,0.5029296875,0.7306744456291199,0.709019124507904
Cannabis,281408440032,pre,,,,,,,0.8287310004234314,,0.9286679625511169,0.9984176158905029,0.6116139888763428,0.7144288420677185,0.21708844602108002,0.15713684260845184,0.5102524757385254
Cannabis,281408440032,post,,,,,,,0.641534686088562,,0.9906508922576904,0.8107787370681763,0.6526843309402466,0.7116312980651855,0.41182035207748413,0.6588566303253174,0.783491849899292
Cannabis,281426425812,post,,,,,,,0.8082943558692932,,0.0027954769320786,0.9996064305305481,0.9987081289291382,0.0002332232252229005,0.10199961811304092,0.28462570905685425,0.35314926505088806
Cannabis,281433058560,pre,,,,,,,0.9175754189491272,,0.4005148410797119,0.7597605586051941,0.9982143044471741,0.910823404788971,0.18772760033607483,0.086941659450531,0.20724980533123016
Cannabis,281433058560,post,,,,,,,0.6249803900718689,,0.006494567263871431,0.7836574912071228,0.9972153902053833,0.042077887803316116,0.9985046982765198,0.706974983215332,0.005426943302154541
Cannabis,281443592160,pre,,,,,,,0.9658995270729065,,0.865792453289032,0.8851360082626343,0.792624831199646,0.6930575966835022,0.15380319952964783,0.094343401491642,0.000626334163825959
Cannabis,281443592160,post,,,,,,,0.9175984859466553,,0.8967949151992798,0.9015746116638184,0.7975567579269409,0.6749081611633301,0.0642266497015953,0.10433037579059601,0.0004503306117840111
Cannabis,281464595748,pre,,,,,,,0.2653566300868988,,0.7108290195465088,0.10300186276435852,0.22270013391971588,0.31806138157844543,0.2314404547214508,0.9661639332771301,0.8675363063812256
Cannabis,281464595748,post,,,,,,,0.28894513845443726,,0.6194712519645691,0.08282707631587982,0.08700951188802719,0.18039526045322418,0.12896329164505005,0.9589625000953674,0.714528501033783
Cannabis,281467056780,pre,,,,,,,0.9992387294769287,,0.7114309072494507,0.9856919646263123,0.0003113695129286498,0.31174105405807495,0.00020263405167497694,0.0006654023309238255,0.00019147786952089518
Cannabis,281467056780,post,,,,,,,0.9908389449119568,,0.44384145736694336,0.9995850920677185,0.003664220217615366,0.07744785398244858,0.0001888783008325845,0.0003697388747241348,0.0001321235904470086
Cannabis,281526837012,pre,,,,,,,0.18476751446723938,,0.3729618787765503,0.8416955471038818,0.49365267157554626,0.006893801968544722,0.0846770703792572,0.013273886404931545,0.0004036925674881786
Cannabis,281526837012,post,,,,,,,0.993122935295105,,0.3113221526145935,0.47999119758605957,0.4234580099582672,0.40450745820999146,0.2620856761932373,0.35667067766189575,0.9932680726051331
Cannabis,281546467812,pre,,,,,,,0.9964687824249268,,0.8465777039527893,0.9997996687889099,0.988084614276886,0.6947170495986938,0.6404109597206116,0.013795364648103714,0.0009584649233147502
Cannabis,281546467812,post,,,,,,,0.0345739908516407,,0.009394396096467972,0.8521989583969116,0.9353169798851013,0.04790240153670311,0.0006214631139300764,0.0002225455391453579,0.00017298903549090028
Cannabis,281646404316,pre,,,,,,,0.02501159906387329,,0.8982322216033936,0.7599387168884277,0.2622745931148529,0.5660185217857361,0.2819983959197998,0.0070801181718707085,0.0003071427927352488
Cannabis,281646404316,post,,,,,,,0.16276226937770844,,0.946398913860321,0.808672308921814,0.438785195350647,0.6379335522651672,0.39793840050697327,0.1465141475200653,0.0014465743442997336
Cannabis,281649409812,pre,,,,,,,0.281701922416687,,0.7956581115722656,0.9994827508926392,0.005603687837719917,0.28101080656051636,0.0010965896071866155,0.0009454623213969171,0.0003951154067181051
Cannabis,281649409812,post,,,,,,,0.2719278931617737,,0.0680713877081871,0.36342090368270874,0.033800158649683,0.08555635809898376,0.0006023541209287941,0.000643685576505959,0.00043224150431342423
Cannabis,281672870328,pre,,,,,,,0.8651670813560486,,0.004755199421197176,0.19329960644245148,0.3019792139530182,0.5273165106773376,0.3925696611404419,0.9804359674453735,0.9988396167755127
Cannabis,281672870328,post,,,,,,,0.5433478951454163,,0.9577841758728027,0.6426567435264587,0.9988642334938049,0.6226887702941895,0.0012255674228072166,0.0011181937297806144,0.00019110430730506778
Cannabis,281730809232,pre,,,,,,,0.448879212141037,,0.25534364581108093,0.08479540795087814,0.16586315631866455,0.3826026916503906,0.06342433393001556,0.2391715943813324,0.5043944120407104
Cannabis,281730809232,post,,,,,,,0.14369012415409088,,0.08006926625967026,0.227812722325325,0.010883960872888565,0.12074951082468033,0.05831901729106903,0.2441827356815338,0.24006123840808868
Cannabis,282511387296,pre,,,,,,,0.9862841367721558,,0.002833849983289838,0.9975845217704773,0.30881524085998535,0.0009075026027858257,0.0016182268736883998,0.02102445624768734,0.0005495509831234813
Cannabis,282511387296,post,,,,,,,0.9766023755073547,,0.8164978623390198,0.9996288418769836,0.46198755502700806,0.002132261637598276,0.00030356552451848984,0.0007000406621955335,0.0003113695129286498
Cannabis,282556875348,pre,,,,,,,0.6619228720664978,,0.9588374495506287,0.9069831967353821,0.17819488048553467,0.37068089842796326,0.018020739778876305,0.0004538609937299043,0.0002216781140305102
Cannabis,282636288432,pre,,,,,,,0.5849826335906982,,0.9729948043823242,0.9978109002113342,0.8419556617736816,0.8473371863365173,0.3123700022697449,0.01966257579624653,0.00027053357916884124
Cannabis,282636288432,post,,,,,,,0.04146227240562439,,0.127829447388649,0.9906508922576904,0.6770471334457397,0.15209519863128662,0.08719393610954285,0.012170628644526005,0.0005132579244673252
Cannabis,282651334380,pre,,,,,,,0.7708100080490112,,0.26654815673828125,0.9994916915893555,0.50244140625,0.011840521357953548,0.09691926836967468,0.0017106997547671199,0.00028462239424698055
Cannabis,282651334380,post,,,,,,,0.9197867512702942,,0.992165207862854,0.6680145263671875,0.9569772481918335,0.9592307209968567,0.12995381653308868,0.0013670256594195962,0.0039454069919884205
Cannabis,282727054548,pre,,,,,,,0.3859530985355377,,0.7898827195167542,0.9997241497039795,0.005400652065873146,0.12863455712795258,0.06578466296195984,0.003907214384526014,0.001317291520535946
Cannabis,282727054548,post,,,,,,,0.6729230284690857,,0.4006907045841217,0.9997667670249939,0.5853381752967834,0.20234467089176178,0.000758359965402633,0.37343302369117737,0.0004477008478716016
Cannabis,282756805128,pre,,,,,,,0.9484179615974426,,0.31552502512931824,0.9998898506164551,0.9229003190994263,0.4201236963272095,0.058144960552453995,0.09786356985569,0.0120537793263793
Cannabis,282756805128,post,,,,,,,0.6592954397201538,,0.8084455728530884,0.9959179759025574,0.6787529587745667,0.42250463366508484,0.11971654742956161,0.3654566705226898,0.036934107542037964
Cannabis,282825414432,pre,,,,,,,0.7983440160751343,,0.09467770159244537,0.7554566264152527,0.16803620755672455,0.22371608018875122,0.07928157597780228,0.9964133501052856,0.09459403157234192
Cannabis,282825414432,post,,,,,,,0.994551956653595,,0.6297745704650879,0.9970248341560364,0.6311397552490234,0.5992506146430969,0.3268083333969116,0.9995205998420715,0.2336626499891281
Cannabis,282839092380,pre,,,,,,,0.9480584859848022,,0.9074872136116028,0.7037531137466431,0.8107787370681763,0.025791212916374207,0.00266261282376945,0.0012042381567880511,0.005453362595289946
Cannabis,282839092380,post,,,,,,,0.7820389270782471,,0.9417881369590759,0.004755199886858463,0.25330647826194763,0.4172714650630951,0.0016468764515593648,0.0005378764471970499,0.030574332922697067
Cannabis,282877258212,pre,,,,,,,0.8652241230010986,,0.952552080154419,0.7272012233734131,0.6150879263877869,0.6410853862762451,0.43014734983444214,0.4656304717063904,0.06889684498310089
Cannabis,282877258212,post,,,,,,,0.5152192711830139,,0.9921538233757019,0.6187804341316223,0.6943026781082153,0.7766229510307312,0.14045409858226776,0.0008459375821985304,0.0002282671193825081
Cannabis,282882728844,post,,,,,,,0.2746947705745697,,0.00038672034861519933,0.9801862239837646,0.017576882615685463,0.00021654405281879008,0.002300637774169445,0.21433661878108978,0.0004189484170638025
Cannabis,282911935644,pre,,,,,,,0.9393594264984131,,0.8839015364646912,0.9970088601112366,0.001201891340315342,0.19620941579341888,0.21914945542812347,0.008536062203347683,0.0002561397268436849
Cannabis,282911935644,post,,,,,,,0.7377726435661316,,0.9613346457481384,0.008813166990876198,0.02330852672457695,0.0010965896071866155,0.5995364189147949,0.928278923034668,0.0008542320574633777
Cannabis,282993196896,pre,,,,,,,0.08161120861768723,,0.0019723358564078808,0.9996331334114075,0.27144476771354675,0.00041731575038284063,0.0002082500868709758,0.0012545944191515446,0.0003077430883422494
Cannabis,282993196896,post,,,,,,,0.774071455001831,,0.0006361912819556892,0.9718258380889893,0.2080179899930954,0.0005203196196816862,0.00043055706191807985,0.0037000461015850306,0.0006178345065563917
Cannabis,283103593128,pre,,,,,,,0.9921841621398926,,0.6451199054718018,0.4678179919719696,0.3974705934524536,0.468304306268692,0.3420218825340271,0.31573596596717834,0.16749083995819092
Cannabis,283103593128,post,,,,,,,0.7533078789710999,,0.8433797955513,0.4469774663448334,0.6693126559257507,0.6706082820892334,0.5185461640357971,0.7754347920417786,0.6712551116943359
Cannabis,283103661528,pre,,,,,,,0.26667943596839905,,0.795340359210968,0.9419418573379517,0.02880253456532955,0.4205995798110962,0.00016250985208898783,0.0003604724770411849,0.0001417465682607144
Cannabis,283103661528,post,,,,,,,0.9873993992805481,,0.18683576583862305,0.9977568984031677,0.3345894515514374,0.17286890745162964,0.002487117424607277,0.022499967366456985,0.0007672924548387527
Cannabis,283218440832,pre,,,,,,,0.3225259780883789,,0.6011253595352173,0.5346125364303589,0.38630029559135437,0.38954654335975647,0.28101080656051636,0.20850107073783875,0.19102567434310913
Cannabis,283218440832,post,,,,,,,0.5596811771392822,,0.993129551410675,0.7098243832588196,0.5801141858100891,0.7362110018730164,0.2266124188899994,0.5684158205986023,0.7260372638702393
Cannabis,283254009516,pre,,,,,,,0.4838922917842865,,0.21436230838298798,0.9942026138305664,0.9989737868309021,0.2839798927307129,0.0007451557903550565,0.0011832797899842262,0.00047101182281039655
Cannabis,283254009516,post,,,,,,,0.9520419239997864,,0.5588085651397705,0.6343168616294861,0.7203682661056519,0.34953272342681885,0.0005792917218059301,0.00042058739927597344,0.0006035310798324645
Cannabis,283567484664,pre,,,,,,,0.34993529319763184,,0.9975608587265015,0.0005976693937554955,0.32039588689804077,0.0003237690543755889,0.02709190361201763,0.005416411440819502,0.0022606407292187214
Cannabis,283567484664,post,,,,,,,0.6647307276725769,,0.9861113429069519,0.5712882876396179,0.6208515167236328,0.722527027130127,0.3515336513519287,0.6004226803779602,0.8672045469284058
Cannabis,283737523644,post,,,,,,,0.9851003885269165,,0.7834919095039368,0.6229182481765747,0.8091251850128174,0.10257408022880554,0.9989916682243347,0.019606182351708412,0.4099292755126953
Cannabis,283830482664,pre,,,,,,,0.8447935581207275,,0.021739596500992775,0.999761700630188,0.013248330913484097,0.00036117699346505105,0.00035697061684913933,0.0030994154512882233,0.00018595057190395892
Cannabis,283830482664,post,,,,,,,0.1025291457772255,,0.0006023541209287941,0.9783639907836914,0.0023967307060956955,0.0003719108644872904,0.0002551413781475276,0.0005142607842572033,0.00020223874889779836
Cannabis,284916813516,pre,,,,,,,0.4399879574775696,,0.7037531137466431,0.13330234587192535,0.36296921968460083,0.4287117123603821,0.2635993957519531,0.6127732396125793,0.10479754954576492
Cannabis,284916813516,post,,,,,,,0.6663068532943726,,0.9797065258026123,0.9920774102210999,0.5469801425933838,0.00039051397470757365,0.0007096704212017357,0.2500877380371094,0.00034599160426296294
Cannabis,284926453128,post,,,,,,,0.6983551383018494,,0.964821994304657,0.0018458485137671232,0.6343168020248413,0.23388129472732544,0.0013617033837363124,0.0011446804273873568,0.0009584649233147502
Cannabis,285019478496,post,,,,,,,0.019956480711698532,,0.4407099485397339,0.7229183912277222,0.0868641659617424,0.36795133352279663,0.07211220264434814,0.006283801048994064,0.000205022151931189
Cannabis,285118863012,pre,,,,,,,0.2036283314228058,,0.01153038814663887,0.0019267346942797303,0.10534851998090744,0.4765796661376953,0.469033807516098,0.9413043856620789,0.8576489090919495
Cannabis,285151150548,pre,,,,,,,0.019363639876246452,,0.3775406777858734,0.34842339158058167,0.06575465947389603,0.13296425342559814,0.014566524885594845,0.07575555145740509,0.27963173389434814
Cannabis,285151150548,post,,,,,,,0.8789390921592712,,0.4115837812423706,0.6048657894134521,0.22034244239330292,0.38676342368125916,0.15752525627613068,0.9777563810348511,0.2473505586385727
Cannabis,285234732612,pre,,,,,,,0.2158035784959793,,0.18200714886188507,0.9942026138305664,0.19536373019218445,0.06472734361886978,0.0007208380848169327,0.0004556365020107478,0.00022341635485645384
Cannabis,285234732612,post,,,,,,,0.13779331743717194,,0.11201595515012741,0.9978945851325989,0.8109659552574158,0.0016356753185391426,0.002068809699267149,0.0002526625175960362,0.00010472557187313214
Cannabis,285315995916,pre,,,,,,,0.6927978992462158,,0.272024542093277,0.9081302285194397,0.05930211395025253,0.12624557316303253,0.016403034329414368,0.009831293486058712,0.000626334163825959
Cannabis,285315995916,post,,,,,,,0.9880158305168152,,0.01369607262313366,0.9996395707130432,0.07269839942455292,0.01436465885490179,0.026380425319075584,0.01233610138297081,0.0010322310263291001
Cannabis,285322560948,pre,,,,,,,0.9535353183746338,,0.05865511670708656,0.9991880059242249,0.05958534777164459,0.042642395943403244,0.027193842455744743,0.6744794249534607,0.9742639064788818
Cannabis,285326048664,pre,,,,,,,0.06506811082363129,,0.8636218309402466,0.9017477631568909,0.5092763304710388,0.6934729814529419,0.25275275111198425,0.057308346033096313,0.000205422897124663
Cannabis,285326048664,post,,,,,,,0.9389968514442444,,0.9740179777145386,0.9997114539146423,0.0006602274952456355,0.2206781506538391,0.0006106409709900618,0.00025664037093520164,0.0001547666179249063
Cannabis,285369343128,pre,,,,,,,0.0073173982091248035,,0.06153674051165581,0.47706687450408936,0.058051444590091705,0.20689402520656586,0.13095079362392426,0.13678127527236938,0.06255973130464554
Cannabis,285369343128,post,,,,,,,0.14817042648792267,,0.4987793266773224,0.6034645438194275,0.3517562747001648,0.02853061631321907,0.002704429207369685,0.0008710655965842307,0.0003029734070878476
Cannabis,285428582316,pre,,,,,,,0.41051992774009705,,0.4260827600955963,0.928958535194397,0.04766910895705223,0.17391866445541382,0.002269468503072858,0.004943688865751028,0.0007931761210784316
Cannabis,285428582316,post,,,,,,,0.9856491684913635,,0.005630961619317532,0.8283842206001282,0.17996251583099365,0.001999432221055031,0.00012533752305898815,0.0012668909039348364,0.0001086844495148398
Cannabis,285510524148,pre,,,,,,,0.709522545337677,,0.9980807304382324,0.28517284989356995,0.9992678165435791,0.7227227687835693,0.16653981804847717,0.7167331576347351,0.011892049573361874
Cannabis,285510524148,post,,,,,,,0.635448694229126,,0.9902161359786987,0.09623762220144272,0.999745786190033,0.9999065399169922,0.1225232183933258,0.9298237562179565,0.08494710922241211
Cannabis,285613125516,pre,,,,,,,0.5323282480239868,,0.9304582476615906,0.8303191065788269,0.5477060079574585,0.6473524570465088,0.27009499073028564,0.00267821759916842,0.00017064045823644847
Cannabis,285613125516,post,,,,,,,0.7992464900016785,,0.9873262643814087,0.9298237562179565,0.9007264375686646,0.9794132709503174,0.5990161299705505,0.9138303995132446,0.9897364974021912
Cannabis,285820032780,pre,,,,,,,0.5592899918556213,,0.4056841731071472,0.9302684664726257,0.9083743691444397,0.21337716281414032,0.9979810118675232,0.04273717850446701,0.00048785709077492356
Cannabis,285820032780,post,,,,,,,0.9877941608428955,,0.8751981854438782,0.9924958348274231,0.9992534518241882,0.3555510938167572,0.9569571614265442,0.9291837811470032,0.006308240350335836
Cannabis,285874411464,pre,,,,,,,0.8608962297439575,,0.0008025182178243995,0.9188223481178284,0.2581389248371124,0.000874471792485565,0.000626334163825959,0.6153190732002258,0.003456409554928541
Cannabis,285874411464,post,,,,,,,0.7289171814918518,,0.005050507839769125,0.9996947050094604,0.8777914047241211,0.0023051253519952297,0.0006238938076421618,0.016013752669095993,0.00033666222589090466
Cannabis,287413070832,pre,,,,,,,0.9427971243858337,,0.07012056559324265,0.9865328669548035,0.46587345004081726,0.1856517195701599,0.03279627114534378,0.561455249786377,0.9526953101158142
Cannabis,287413070832,post,,,,,,,0.7957375049591064,,0.7523766160011292,0.7844842076301575,0.4717099666595459,0.5712882876396179,0.3415824770927429,0.5350984334945679,0.9938310384750366
Cannabis,287788307760,pre,,,,,,,0.35025468468666077,,0.008140463382005692,0.963711678981781,0.39187127351760864,0.03205901011824608,0.02713054046034813,0.7535799741744995,0.9862577319145203
Cannabis,287975928960,pre,,,,,,,0.2787964642047882,,0.0028895812574774027,0.9998458623886108,0.2986959218978882,0.00030475331004709005,0.029444504529237747,0.0010162440594285727,0.00017847929848358035
Cannabis,287975928960,post,,,,,,,0.652850329875946,,0.675336480140686,0.9832587838172913,0.005209993105381727,0.5561585426330566,0.002429643413051963,0.002234362531453371,0.0003406293399166316
Cannabis,288088104960,pre,,,,,,,0.811676025390625,,0.570331335067749,0.7213507890701294,0.13375429809093475,0.40969306230545044,0.2716379463672638,0.6851073503494263,0.20513693988323212
Cannabis,288088104960,post,,,,,,,0.010787141509354115,,0.8314169645309448,0.6804540753364563,0.26020142436027527,0.5273165702819824,0.328529417514801,0.05944187194108963,0.003980096895247698
Cannabis,288101380032,pre,,,,,,,0.9321451187133789,,0.9450327754020691,0.8106288909912109,0.9435266852378845,0.729519784450531,0.23651623725891113,0.3008482754230499,0.002251847181469202
Cannabis,288101380032,post,,,,,,,0.7828674912452698,,0.8292155861854553,0.9691348671913147,0.3690876364707947,0.5341265201568604,0.000706905615516007,0.00204276479780674,0.0005213363328948617
Cannabis,288140845464,pre,,,,,,,0.3805287182331085,,0.5693738460540771,0.9996626973152161,0.09268777817487717,0.29037681221961975,0.0507759228348732,0.020235320553183556,0.0004390453395899385
Cannabis,288140845464,post,,,,,,,0.022074386477470398,,0.8283841609954834,0.9999152421951294,0.4882833659648895,0.39233681559562683,0.0006641048239544034,0.0006641048239544034,0.0001903594093164429
Cannabis,288142415928,pre,,,,,,,0.39886000752449036,,0.24301312863826752,0.00030415886431001127,0.000330798007780686,0.0035106490831822157,0.0021657671313732862,0.975843071937561,0.5748721957206726
Cannabis,288142415928,post,,,,,,,0.004243950359523296,,0.9490826725959778,0.00012780925317201763,0.00027265484095551074,0.0005295418086461723,0.0003859660937450826,0.6568233966827393,0.00019871552649419755
Cannabis,288163964664,pre,,,,,,,0.6181755661964417,,0.0011948778992518783,0.9751309156417847,0.22918997704982758,0.0005274784052744508,0.007352951914072037,0.32718443870544434,0.048857782036066055
Cannabis,288163964664,post,,,,,,,0.333720326423645,,0.7694269418716431,0.9318356513977051,0.01155267097055912,0.6486889123916626,0.3345894515514374,0.5043944120407104,0.021338272839784622
Cannabis,288199733760,post,,,,,,,0.9798805117607117,,0.0027362213004380465,0.990486741065979,0.14010077714920044,0.000756881374400109,0.05381207540631294,0.017934536561369896,0.002741555916145444
Cannabis,288271144044,pre,,,,,,,0.949878990650177,,0.9809491038322449,0.9896243214607239,0.0012893282109871507,0.06218849867582321,0.0007124459953047335,0.0019043302163481712,0.0006785173318348825
Cannabis,288271144044,post,,,,,,,0.9076402187347412,,0.7969253659248352,0.9991357326507568,0.27727723121643066,0.8553686141967773,0.0009510130621492863,0.6483550071716309,0.0005112579092383385
Cannabis,288318753864,pre,,,,,,,0.017934538424015045,,0.7681685090065002,0.9991151690483093,0.6823621392250061,0.25155577063560486,0.0020951859187334776,0.004820343106985092,0.0006082616746425629
Cannabis,288318753864,post,,,,,,,0.7909746766090393,,0.014309455640614033,0.999555766582489,0.9887771606445312,0.008602435700595379,0.00036829791497439146,0.002038787119090557,0.0004637128731701523
Cannabis,288351171360,post,,,,,,,0.002833849750459194,,0.6592954993247986,0.5921950340270996,0.20087100565433502,0.40686196088790894,0.13128456473350525,0.0006693099858239293,0.00027425665757618845
Cannabis,288509588496,post,,,,,,,0.5994704365730286,,0.0030634168069809675,0.7554566264152527,0.0036358085926622152,0.13951356709003448,0.18668745458126068,0.9667515158653259,0.9842835664749146
Cannabis,288531952560,post,,,,,,,0.7546439170837402,,0.00046280844253487885,0.9463741183280945,0.641534686088562,0.004352611489593983,0.0006499983137473464,0.17433997988700867,0.0004765612829942256
Cannabis,288547276212,pre,,,,,,,0.6435533165931702,,0.1973671019077301,0.9975177645683289,0.7307704091072083,0.4303867220878601,0.3809892237186432,0.9687677025794983,0.9845085144042969
Cannabis,288547276212,post,,,,,,,0.9201462864875793,,0.7081116437911987,0.9900683760643005,0.6872496604919434,0.8245325684547424,0.004529616329818964,0.9921079874038696,0.9839708805084229
Cannabis,288610616664,pre,,,,,,,0.5362522006034851,,0.9421351552009583,0.9998340010643005,0.5202525854110718,0.44601207971572876,0.03610093146562576,0.00042058745748363435,0.00023005706316325814
Cannabis,289391882832,pre,,,,,,,0.9860979914665222,,0.6141626238822937,0.896975576877594,0.08028533309698105,0.43638184666633606,0.058533910661935806,0.04931359738111496,0.0010024583898484707
Cannabis,289391882832,post,,,,,,,0.42679932713508606,,0.2440025359392166,0.39793840050697327,0.4522940218448639,0.24908173084259033,0.15804436802864075,0.0006275578634813428,0.0001442598586436361
Cannabis,289533399012,pre,,,,,,,0.3421317934989929,,0.29828691482543945,0.9521309733390808,0.348201721906662,0.08909730613231659,0.005501238629221916,0.28656840324401855,0.004718368873000145
Cannabis,289533399012,post,,,,,,,0.5999539494514465,,0.27318641543388367,0.9964858889579773,0.10350484400987625,0.17398881912231445,0.013383048586547375,0.12581531703472137,0.002822832902893424
Cannabis,289551044160,pre,,,,,,,0.9805247783660889,,0.38444983959198,0.6451199650764465,0.32167306542396545,0.3350244164466858,0.031206507235765457,0.0030219450127333403,0.09039364755153656
Cannabis,289551044160,post,,,,,,,0.4383043050765991,,0.33306920528411865,0.4311051368713379,0.3225259780883789,0.3411433696746826,0.07892587780952454,0.06815371662378311,0.007039045915007591
Cannabis,289642978548,pre,,,,,,,0.28279000520706177,,0.6455669403076172,0.45810627937316895,0.3835258483886719,0.5650587677955627,0.28219619393348694,0.9937283396720886,0.4474602937698364
Cannabis,289642978548,post,,,,,,,0.5275599360466003,,0.0007321812445297837,0.13643570244312286,0.1720326989889145,0.15266279876232147,0.06941547244787216,0.960860013961792,0.5568816065788269
Cannabis,289656043632,pre,,,,,,,0.5923939347267151,,0.516351580619812,0.38630029559135437,0.9987672567367554,0.28219619393348694,0.06897518783807755,0.3218861520290375,0.6181035041809082
Cannabis,289656043632,post,,,,,,,0.9895109534263611,,0.962755560874939,0.9824357628822327,0.9986594319343567,0.627494752407074,0.12517228722572327,0.0333368256688118,0.0021955149713903666
Cannabis,289679230548,pre,,,,,,,0.4840104281902313,,0.01851104572415352,0.9805061221122742,0.003266699146479368,0.006382124964147806,0.00030774305923841894,0.15247340500354767,0.0002994447131641209
Cannabis,289679230548,post,,,,,,,0.9726235270500183,,0.0072117578238248825,0.9924301505088806,0.7958168387413025,0.01575661450624466,0.012232422828674316,0.022846197709441185,0.0021074723917990923
Cannabis,289703918844,pre,,,,,,,0.689044177532196,,0.30798205733299255,0.38468098640441895,0.03496316820383072,0.13352817296981812,0.10516458004713058,0.7991093397140503,0.3052311837673187
Cannabis,289703918844,post,,,,,,,0.8268166780471802,,0.7599387168884277,0.5448014140129089,0.8699357509613037,0.5978426933288574,0.398406445980072,0.9679599404335022,0.9462997317314148
Cannabis,289802213748,pre,,,,,,,0.0955180749297142,,0.973968505859375,0.9305213689804077,0.38214144110679626,0.00898542907088995,0.012324207462370396,0.0007321812445297837,0.000638679601252079
Cannabis,289802213748,post,,,,,,,0.003922447562217712,,0.7810854315757751,0.8095772862434387,0.004158160649240017,0.104112409055233,0.07647663354873657,0.009596453979611397,0.03900251165032387
Cannabis,289870474212,pre,,,,,,,0.5498219132423401,,0.9750716090202332,0.8238958716392517,0.642432451248169,0.6379335522651672,0.003175772726535797,0.00039743640809319913,0.00020662981842178851
Cannabis,289870474212,post,,,,,,,0.18495143949985504,,0.9672868847846985,0.8923750519752502,0.047470007091760635,0.7100254893302917,0.0008899655658751726,0.0018137437291443348,0.0006973134004510939
Cannabis,289944143064,pre,,,,,,,0.09786356985569,,0.5265862345695496,0.4311051070690155,0.11787642538547516,0.2778647243976593,0.044472914189100266,0.2680782675743103,0.35287049412727356
Cannabis,289944143064,post,,,,,,,0.21908678114414215,,0.3849121332168579,0.7057850360870361,0.14511536061763763,0.3298232853412628,0.1766715943813324,0.2722179889678955,0.29057809710502625
Cannabis,290011993128,pre,,,,,,,0.6536521911621094,,0.19884087145328522,0.9995168447494507,0.3415824770927429,0.34488460421562195,0.02688993699848652,0.02561391331255436,0.0005092656938359141
Cannabis,290011993128,post,,,,,,,0.9639838933944702,,0.23952716588974,0.9790508151054382,0.3123700022697449,0.46101677417755127,0.1796744465827942,0.07232486456632614,0.003279442898929119
Cannabis,290162201580,pre,,,,,,,0.9418148994445801,,0.9704295992851257,0.10530250519514084,0.21174263954162598,0.25312182307243347,0.0005838324432261288,0.002790037775412202,0.0006178345647640526
Cannabis,290162201580,post,,,,,,,0.6887301206588745,,0.4975586235523224,0.8954312801361084,0.0021848443429917097,0.3517562747001648,0.05821185186505318,0.0008642927859909832,0.0001313517859671265
Cannabis,290634638328,pre,,,,,,,0.45780324935913086,,0.9520196318626404,0.9911547899246216,0.2496301233768463,0.009936418384313583,0.00024536947603337467,0.0007643033168278635,0.00025514140725135803
Cannabis,290634638328,post,,,,,,,0.5893692970275879,,0.8604571223258972,0.997654139995575,0.0029694451950490475,0.06992828100919724,0.003429603762924671,0.00035697061684913933,0.00011983237345702946
Cannabis,290638059012,pre,,,,,,,0.9004423022270203,,0.4414321780204773,0.9931760430335999,0.5765419602394104,0.5214712023735046,0.05720292031764984,0.9980353713035583,0.00266261282376945
Cannabis,290638059012,post,,,,,,,0.7104023098945618,,0.08651623129844666,0.9287326335906982,0.026966702193021774,0.47999119758605957,0.09721884876489639,0.999525249004364,0.021287351846694946
Cannabis,290681287128,pre,,,,,,,0.512936532497406,,0.4995116889476776,0.10070161521434784,0.3065270483493805,0.5190337896347046,0.12874406576156616,0.05536170303821564,0.009268012829124928
Cannabis,290681287128,post,,,,,,,0.6356748342514038,,0.555435299873352,0.3170032501220703,0.3411433696746826,0.4838922917842865,0.25945019721984863,0.8586000800132751,0.0025708680041134357
Cannabis,291384030780,pre,,,,,,,0.25289109349250793,,0.0027629986871033907,0.9993175268173218,0.3942009508609772,0.0026678042486310005,0.006781068630516529,0.3842187523841858,0.0007408055826090276
Cannabis,291384030780,post,,,,,,,0.3642473816871643,,0.0029694451950490475,0.9996444582939148,0.1678997278213501,0.0006154273287393153,0.0012743262341246009,0.0023642629384994507,0.0004802971670869738
Cannabis,291541555296,pre,,,,,,,0.7065954804420471,,0.7523766756057739,0.5774953961372375,0.6104534864425659,0.6085940599441528,0.4508429169654846,0.24871662259101868,0.10026027262210846
Cannabis,291541555296,post,,,,,,,0.6229181885719299,,0.6233769059181213,0.4196479320526123,0.8226169943809509,0.5053709149360657,0.21502089500427246,0.008034703321754932,0.00036973890382796526
Cannabis,291601202148,pre,,,,,,,0.002038787119090557,,0.9747971296310425,0.674050509929657,0.05872255191206932,0.2944177985191345,0.043941665440797806,0.0025212683249264956,0.0024249141570180655
Cannabis,291601202148,post,,,,,,,0.047337714582681656,,0.9565327763557434,0.9896168112754822,0.12224787473678589,0.14401336014270782,0.053975459188222885,0.12947151064872742,0.5576044321060181
Cannabis,291621786444,post,,,,,,,0.4508579969406128,,0.09842541068792343,0.1792430281639099,0.3372035324573517,0.24006125330924988,0.08434180170297623,0.5822535157203674,0.8859279155731201
Cannabis,291758381244,pre,,,,,,,0.9990034103393555,,0.9167453646659851,0.3702254295349121,0.012734980322420597,0.016741225495934486,0.00014710471441503614,0.0006238938658498228,0.0004664366424549371
Cannabis,291758381244,post,,,,,,,0.888275146484375,,0.17405900359153748,0.9842268228530884,0.4765796661376953,0.024755392223596573,0.012643222697079182,0.09520215541124344,0.00355880381539464
Cannabis,291787726212,pre,,,,,,,0.0012113065458834171,,0.8767399787902832,0.49121183156967163,0.0015247863484546542,0.20481865108013153,0.010808003135025501,0.15077754855155945,0.039379432797431946
Cannabis,291933006444,pre,,,,,,,0.6552256941795349,,0.01607542112469673,0.9983190298080444,0.9979966878890991,0.015584795735776424,0.003791144350543618,0.0676698088645935,0.00044857573811896145
Cannabis,291933006444,post,,,,,,,0.2762998342514038,,0.7643643617630005,0.9924080967903137,0.5717666149139404,0.05237607657909393,0.1200256273150444,0.009802816435694695,0.02260761149227619
Cannabis,291945183012,pre,,,,,,,0.2906787395477295,,0.8766343593597412,0.9997214674949646,0.8801804780960083,0.8422152996063232,0.20769640803337097,0.15316878259181976,0.03254551440477371
Cannabis,291945183012,post,,,,,,,0.3135510981082916,,0.8663588166236877,0.0035796428564935923,0.9885472059249878,0.969512403011322,0.9969305992126465,0.021084841340780258,0.005630962084978819
Cannabis,292037520960,pre,,,,,,,0.9943141341209412,,0.04550079628825188,0.9755769371986389,0.889816403388977,0.999160647392273,0.5355842709541321,0.8452730774879456,0.9981104731559753
Cannabis,292037520960,post,,,,,,,0.2867680788040161,,0.3013620376586914,0.17455095052719116,0.998542070388794,0.7114309072494507,0.08985311537981033,0.6381590962409973,0.31341978907585144
Cannabis,292069259244,post,,,,,,,0.9974089860916138,,0.01910572685301304,0.9960315227508545,0.9893062710762024,0.010368156246840954,0.6879543662071228,0.011508149094879627,0.001782196224667132
Cannabis,292146350148,pre,,,,,,,0.5440747737884521,,0.47073662281036377,0.5256123542785645,0.9996103048324585,0.4590761065483093,0.6690965294837952,0.3364945650100708,0.005099818110466003
Cannabis,292146350148,post,,,,,,,0.4160253703594208,,0.6841585636138916,0.08563277870416641,0.9994115829467773,0.28937169909477234,0.6363531351089478,0.9150718450546265,0.008950711227953434
Cannabis,292249837296,pre,,,,,,,0.7818307280540466,,0.6614857316017151,0.4887714385986328,0.5428632497787476,0.5501240491867065,0.5316957235336304,0.6104534268379211,0.7457688450813293
Cannabis,292249837296,post,,,,,,,0.008124708198010921,,0.7380205392837524,0.1457221508026123,0.0029984985012561083,0.10061320662498474,0.0016293087974190712,0.002119830809533596,0.010228809900581837
Cannabis,292294294560,pre,,,,,,,0.9802146553993225,,0.7880942821502686,0.4012185037136078,0.9911397695541382,0.29380956292152405,0.8454326391220093,0.9405717849731445,0.005011401604861021
Cannabis,292294294560,post,,,,,,,0.5234203934669495,,0.5650587677955627,0.5341265201568604,0.4843800663948059,0.475605309009552,0.32039588689804077,0.07500683516263962,0.0025708682369440794
Cannabis,292295663928,pre,,,,,,,0.3293917179107666,,0.9329437017440796,0.4863314926624298,0.4373428225517273,0.6959583163261414,0.3713645935058594,0.7536479830741882,0.7558172941207886
Cannabis,292295663928,post,,,,,,,0.620750904083252,,0.9893937110900879,0.7126323580741882,0.59408038854599,0.685949444770813,0.3835258483886719,0.6703925132751465,0.7848142385482788
Cannabis,292439852496,pre,,,,,,,0.6181179285049438,,0.9847450256347656,0.949809193611145,0.5,0.7592253684997559,0.16559311747550964,0.7193836569786072,0.5933736562728882
Cannabis,292439852496,post,,,,,,,0.07204688340425491,,0.11240510642528534,0.37479066848754883,0.07903244346380234,0.21190565824508667,0.0258257407695055,0.0008231385727412999,0.00028685404686257243
Cannabis,292458797244,pre,,,,,,,0.9554024338722229,,0.5275599360466003,0.01578456163406372,0.11306442320346832,0.47804147005081177,0.006712355650961399,0.47828513383865356,0.9380530714988708
Cannabis,292458797244,post,,,,,,,0.7035239934921265,,0.049256402999162674,0.5667380690574646,0.1102793738245964,0.06107310578227043,0.10234956443309784,0.10230471193790436,0.005501238629221916
Cannabis,292518036432,pre,,,,,,,0.1469382494688034,,0.9046505689620972,0.545285701751709,0.9997241497039795,0.09231887012720108,0.3600107431411743,0.9982993006706238,0.4484262764453888
Cannabis,292518036432,post,,,,,,,0.3504769206047058,,0.5,0.33676716685295105,0.9997114539146423,0.38653185963630676,0.32788345217704773,0.9770883321762085,0.9401885271072388
Cannabis,292549427244,pre,,,,,,,0.6848176121711731,,0.009072806686162949,0.9755769371986389,0.7871959805488586,0.0011160142021253705,0.012455652467906475,0.6978277564048767,0.04913078993558884
Cannabis,292549427244,post,,,,,,,0.972388505935669,,0.1752202808856964,0.9968823790550232,0.8600168228149414,0.15752525627613068,0.12205152958631516,0.6194713115692139,0.0313507616519928
Cannabis,292623712380,pre,,,,,,,0.2632204294204712,,0.6076631546020508,0.50048828125,0.45374587178230286,0.5004882216453552,0.3420219123363495,0.4965820908546448,0.0916256532073021
Cannabis,292623712380,post,,,,,,,0.7858637571334839,,0.3324187397956848,0.8639665246009827,0.3182732164859772,0.1902722269296646,0.027785727754235268,0.5741560459136963,0.0023504826240241528
Cannabis,292703054328,post,,,,,,,0.8919522762298584,,0.9959338307380676,0.9997438192367554,0.9978924989700317,0.8130158185958862,0.08905768394470215,0.7719724774360657,0.0008626077906228602
Cannabis,292748060844,pre,,,,,,,0.47682327032089233,,0.8251674175262451,0.9901449084281921,0.9994876980781555,0.285770446062088,0.7455836534500122,0.3151033818721771,0.8651101589202881
Cannabis,292748060844,post,,,,,,,0.4369223415851593,,0.000388233398552984,0.9994000196456909,0.29971975088119507,0.000706905615516007,0.834339439868927,0.27137234807014465,0.0013885232619941235
Cannabis,294136104096,pre,,,,,,,0.765943706035614,,0.9482024908065796,0.5472221374511719,0.5978426933288574,0.6667138338088989,0.17497345805168152,0.09376873075962067,0.0015885253669694066
Cannabis,294136104096,post,,,,,,,0.41182029247283936,,0.9324994683265686,0.9730493426322937,0.16613353788852692,0.5636181831359863,0.000503335555549711,0.0006462033488787711,0.00035836725146509707
Cannabis,294298961760,pre,,,,,,,0.9752254486083984,,0.09990844875574112,0.7558172941207886,0.08340384066104889,0.3557749092578888,0.18922126293182373,0.9500125050544739,0.9308050274848938
Cannabis,294298961760,post,,,,,,,0.9523530006408691,,0.44987595081329346,0.9993674755096436,0.9909622669219971,0.27144479751586914,0.2995148003101349,0.7853909134864807,0.6384972333908081
Cannabis,294548351580,pre,,,,,,,0.003337404690682888,,0.001504112733528018,0.0020308545790612698,0.005911068990826607,0.025268884375691414,0.0009888596832752228,0.0005804235115647316,0.000558200292289257
Cannabis,294548351580,post,,,,,,,0.5774953961372375,,0.6322757601737976,0.9964790940284729,0.5477060079574585,0.5404388308525085,0.06605524569749832,0.0050211502239108086,0.00046643661335110664
Cannabis,294637136832,pre,,,,,,,0.052448831498622894,,0.003945406526327133,0.9712247848510742,0.1647179126739502,0.0014693211996927857,0.0004297173290979117,0.0013511208817362785,0.0005647764774039388
Cannabis,294637136832,post,,,,,,,0.8675416111946106,,0.5957277417182922,0.9140608310699463,0.29320207238197327,0.6522414088249207,0.024110930040478706,0.0017342078499495983,0.0003882333403453231
Cannabis,294844178160,pre,,,,,,,0.9726494550704956,,0.9829218983650208,0.9919847846031189,0.9922143816947937,0.7632191181182861,0.7305782437324524,0.9835969805717468,0.9978760480880737
Cannabis,294844178160,post,,,,,,,0.9884807467460632,,0.9745802879333496,0.9920002818107605,0.9835100173950195,0.28917092084884644,0.3656831979751587,0.7530128955841064,0.9799765944480896
Cannabis,294981665580,pre,,,,,,,0.5786862969398499,,0.9582065343856812,0.9063220024108887,0.5039061307907104,0.7094219326972961,0.20995521545410156,0.018869254738092422,0.0002406247513135895
Cannabis,294981665580,post,,,,,,,0.052850671112537384,,0.6495786309242249,0.45519858598709106,0.34554681181907654,0.43638184666633606,0.13534633815288544,0.0006499982555396855,0.00010391067189630121
Cannabis,294992336664,pre,,,,,,,0.3315524458885193,,0.6095241904258728,0.9992548227310181,0.5779718160629272,0.4263215959072113,0.3656831979751587,0.08277145773172379,0.11696559190750122
Cannabis,294992336664,post,,,,,,,0.4130035638809204,,0.7072025537490845,0.015746677294373512,0.847967803478241,0.1368389129638672,0.061932701617479324,0.08847513049840927,0.041705526411533356
Cannabis,295039534032,pre,,,,,,,0.9967396855354309,,0.9297918081283569,0.6888871788978577,0.7008947730064392,0.6774739623069763,0.42966869473457336,0.6164741516113281,0.7503699064254761
Cannabis,295039534032,post,,,,,,,0.22729776799678802,,0.8293538093566895,0.9848291873931885,0.6922260522842407,0.5592900514602661,0.31447145342826843,0.3298232853412628,0.024739187210798264
Cannabis,295075850328,pre,,,,,,,0.9995946884155273,,0.5122045874595642,0.9996229410171509,0.13568955659866333,0.36116471886634827,0.0077180517837405205,0.010499232448637486,0.0005538587574847043
Cannabis,295075850328,post,,,,,,,0.8903418779373169,,0.50048828125,0.9061560034751892,0.09305800497531891,0.13683892786502838,0.0010546240955591202,0.0003065436612814665,0.0003426303737796843
Cannabis,295087686948,pre,,,,,,,0.2191285640001297,,0.00024826108710840344,0.9951702356338501,0.00710074370726943,0.0001562851684866473,9.535461140330881e-05,0.0007321812445297837,0.00020906499412376434
Cannabis,295087686948,post,,,,,,,0.8802963495254517,,0.01037818193435669,0.7166153788566589,0.029929745942354202,0.0014465744607150555,0.001806685235351324,0.0010005044750869274,0.00024393631611019373
Cannabis,295148694960,pre,,,,,,,0.636155366897583,,0.9888311624526978,0.7643643617630005,0.5903068780899048,0.7597605586051941,0.319121390581131,0.5046385526657104,0.7595822811126709
Cannabis,295148694960,post,,,,,,,0.6311646103858948,,0.9903570413589478,0.7692536115646362,0.6206216216087341,0.7516481876373291,0.29229220747947693,0.46952024102211,0.7976750135421753
Cannabis,295280848548,pre,,,,,,,0.4299079477787018,,0.5578452944755554,0.7189891934394836,0.6761923432350159,0.47950369119644165,0.367951363325119,0.12896329164505005,0.044984057545661926
Cannabis,295280848548,post,,,,,,,0.9987256526947021,,0.5626571774482727,0.988021194934845,0.9995372295379639,0.30777397751808167,0.08210662752389908,0.9882901906967163,0.6072556972503662
Cannabis,295334470044,pre,,,,,,,0.6053325533866882,,0.9139072895050049,0.805019736289978,0.5443169474601746,0.6265813112258911,0.3302551507949829,0.3577919006347656,0.0012160416226834059
Cannabis,295334470044,post,,,,,,,0.0012718429788947105,,0.7426084280014038,0.8613050580024719,0.10185714811086655,0.4678179919719696,0.06216002628207207,0.0009362827986478806,0.0001398220774717629
Cannabis,295443772560,post,,,,,,,0.46587345004081726,,0.7472472786903381,0.5341265797615051,0.6544531583786011,0.5684158205986023,0.28101083636283875,0.04907379671931267,0.00046010586083866656
Cannabis,295444598148,post,,,,,,,0.79739910364151,,0.7574357390403748,0.9000036716461182,0.8521374464035034,0.48755139112472534,0.09153424948453903,0.7063043713569641,0.06941547244787216
Cannabis,296236531296,pre,,,,,,,0.16559521853923798,,0.9746829271316528,0.8603691458702087,0.40686196088790894,0.6370307803153992,0.32316645979881287,0.04975035414099693,0.012288598343729973
Cannabis,296270392716,pre,,,,,,,0.025492331013083458,,0.2859697937965393,0.6645402908325195,0.12189465761184692,0.2186693698167801,0.18068420886993408,0.3544330894947052,0.10617976635694504
Cannabis,296270392716,post,,,,,,,0.2092474102973938,,0.17113043367862701,0.819604754447937,0.03876074030995369,0.13240234553813934,0.10636527836322784,0.25515803694725037,0.10181249678134918
Cannabis,296302130316,pre,,,,,,,0.5749915242195129,,0.00032313750125467777,0.9989328980445862,0.8484078645706177,0.00021739138173870742,0.00032758430461399257,0.004125935025513172,0.00031688943272456527
Cannabis,296302130316,post,,,,,,,0.82928466796875,,0.00020184420282021165,0.9963393211364746,0.2706729471683502,0.00016030350525397807,0.00027425665757618845,0.001237579621374607,0.0003675795451272279
Cannabis,296314442316,pre,,,,,,,0.6119038462638855,,0.06973154842853546,0.971563994884491,0.014186016283929348,0.007059552241116762,0.004991961643099785,0.0010322310263291001,0.00016832372057251632
Cannabis,296314442316,post,,,,,,,0.5690370798110962,,0.9534487128257751,0.6256668567657471,0.4263215661048889,0.5751107931137085,0.10356715321540833,0.03170859441161156,0.0016776672564446926
Cannabis,296485300044,pre,,,,,,,0.2022855579853058,,0.8827314972877502,0.7836574912071228,0.34687307476997375,0.6442251205444336,0.20149877667427063,0.007267908658832312,0.00028685410507023335
Cannabis,296485300044,post,,,,,,,0.09235979616641998,,0.7505527138710022,0.6379335522651672,0.18359363079071045,0.462473064661026,0.040626294910907745,0.0006838353001512587,0.00016931274149101228
Cannabis,296505207180,pre,,,,,,,0.5794004201889038,,0.5978426933288574,0.8959786891937256,0.5597714185714722,0.492676317691803,0.26817411184310913,0.3402659296989441,0.02682294137775898
Cannabis,296505207180,post,,,,,,,0.7262800335884094,,0.027066174894571304,0.1916300505399704,0.17684921622276306,0.011309891939163208,0.0024582131300121546,0.8752015233039856,0.9192809462547302
Cannabis,296604729180,pre,,,,,,,0.015663648024201393,,0.6233768463134766,0.5156199336051941,0.38769033551216125,0.398406445980072,0.3350244164466858,0.14366760849952698,0.05208602175116539
Cannabis,296604729180,post,,,,,,,0.9270997047424316,,0.6656279563903809,0.010042655281722546,0.9905050992965698,0.9775107502937317,0.10434035956859589,0.9862576127052307,0.047735657542943954
Cannabis,296701859916,pre,,,,,,,0.6626089215278625,,0.6566582918167114,0.3090237081050873,0.5326682329177856,0.5331543684005737,0.42298126220703125,0.530722975730896,0.46101680397987366
Cannabis,296701859916,post,,,,,,,0.8232573866844177,,0.3937346339225769,0.7110297679901123,0.30404168367385864,0.3812195658683777,0.26170814037323,0.9061353206634521,0.17781086266040802
Cannabis,296804111760,pre,,,,,,,0.9636775255203247,,0.9596806764602661,0.895613968372345,0.5477060079574585,0.7485361695289612,0.04685017466545105,0.0790502205491066,0.002070826943963766
Cannabis,296804111760,post,,,,,,,0.498382568359375,,0.8662316203117371,0.00025613975594751537,0.7910150289535522,0.10338596254587173,0.005139610730111599,0.3203427195549011,0.008380454033613205
Cannabis,297211164948,pre,,,,,,,0.9955228567123413,,0.012588481418788433,0.8128673434257507,0.3551037013530731,0.04122037813067436,0.0034463333431631327,0.0056969597935676575,0.0013858177699148655
Cannabis,297211164948,post,,,,,,,0.9960699677467346,,0.21502090990543365,0.9998528957366943,0.5034178495407104,0.0262709092348814,0.541408896446228,0.17525559663772583,0.0009417796973139048
Cannabis,297276141528,pre,,,,,,,0.9918120503425598,,0.7170119285583496,0.9997473359107971,0.9720157384872437,0.48535576462745667,0.4530198276042938,0.2129574418067932,0.023576803505420685
Cannabis,297276141528,post,,,,,,,0.8362204432487488,,0.8200375437736511,0.9973862171173096,0.8251674771308899,0.05325542390346527,0.09642359614372253,0.06261701881885529,0.6373412609100342
Cannabis,297309799116,pre,,,,,,,0.9741411805152893,,0.8687710762023926,0.9994418025016785,0.0012893282109871507,0.01651368848979473,0.00048217616858892143,0.00044335194979794323,0.00018306818674318492
Cannabis,297309799116,post,,,,,,,0.6512439846992493,,0.9325454831123352,0.9998058676719666,0.24725966155529022,0.030386749655008316,0.0006411776994355023,0.001237579621374607,0.0002622122992761433
Cannabis,297437978664,pre,,,,,,,0.8726732730865479,,0.6522414088249207,0.8859278559684753,0.3009510040283203,0.22456519305706024,0.0011313597206026316,0.0008525666198693216,0.0003807270841207355
Cannabis,297437978664,post,,,,,,,0.5429844856262207,,0.7876046299934387,0.8759992718696594,0.813164234161377,0.7306743860244751,0.4941408634185791,0.42202815413475037,0.0007437028689309955
Cannabis,297484560432,pre,,,,,,,0.18558713793754578,,0.13471898436546326,0.7538292407989502,0.14223189651966095,0.05848012492060661,0.0010587474098429084,0.38528794050216675,0.0032413597218692303
Cannabis,297484560432,post,,,,,,,0.6942638158798218,,0.41632193326950073,0.8554893136024475,0.4590761065483093,0.2375759482383728,0.021418722346425056,0.06919500976800919,0.0020190137438476086
Cannabis,298232920044,pre,,,,,,,0.047337718307971954,,0.8790429830551147,0.004905405454337597,0.9968273043632507,0.8305254578590393,0.9954615831375122,0.0008693673298694193,0.00034531671553850174
Cannabis,298232920044,post,,,,,,,0.12576162815093994,,0.5359485745429993,0.9989697933197021,0.9835495948791504,0.11165221035480499,0.9668514728546143,0.12368280440568924,0.01716022938489914
Cannabis,298249883928,pre,,,,,,,0.5827581882476807,,0.8563624024391174,0.9444336295127869,0.7706374526023865,0.6751223802566528,0.35465651750564575,0.9811307191848755,0.003154205624014139
Cannabis,298249883928,post,,,,,,,0.9971272349357605,,0.5126925706863403,0.995628297328949,0.9812310338020325,0.4892594814300537,0.34997692704200745,0.6498008370399475,0.9988905191421509
Cannabis,298252892160,pre,,,,,,,0.36301860213279724,,0.29665422439575195,0.9318356513977051,0.3638728857040405,0.4059196412563324,0.24617072939872742,0.8740234375,0.9420586228370667
Cannabis,298252892160,post,,,,,,,0.9841850996017456,,0.03389196842908859,0.9819619655609131,0.26020142436027527,0.11683957278728485,0.0025708680041134357,0.5493988394737244,0.6019720435142517
Cannabis,298300704444,pre,,,,,,,0.5237248539924622,,0.29930996894836426,0.9990072846412659,0.2802222669124603,0.007725534029304981,0.00409395806491375,0.49121183156967163,0.7534213066101074
Cannabis,298300704444,post,,,,,,,0.6412258148193359,,0.7998725771903992,0.9984632730484009,0.501708984375,0.003628740319982171,0.05158356577157974,0.026280280202627182,0.001085944357328117
Cannabis,298301049864,pre,,,,,,,0.06754668802022934,,0.29158565402030945,0.3826026916503906,0.0014808281557634473,0.28937169909477234,0.04206804931163788,0.0007539327489212155,0.00022298053954727948
Cannabis,298301049864,post,,,,,,,0.7230162024497986,,0.1977541446685791,0.9993385076522827,0.19057334959506989,0.02170587331056595,0.06471256911754608,0.026006784290075302,0.0001816438016248867
Cannabis,298381419864,pre,,,,,,,0.9687085151672363,,0.7179027199745178,0.9252974390983582,0.6546739935874939,0.4931644797325134,0.003544978331774473,0.0002726548118516803,0.00024393633066210896
Cannabis,298381419864,post,,,,,,,0.05670463666319847,,0.5316957235336304,0.566977858543396,0.019774656742811203,0.3298232853412628,0.06723979860544205,0.0007279067649506032,0.00018450374773237854
Cannabis,298394417916,pre,,,,,,,0.9268021583557129,,0.6800292134284973,0.4402286112308502,0.31636926531791687,0.5282900929450989,0.12656909227371216,0.013630269095301628,0.0020627700723707676
Cannabis,298394417916,post,,,,,,,0.9794526100158691,,0.0004084492684341967,0.9992489814758301,0.6444489359855652,0.04569203406572342,0.001573112211190164,0.7804534435272217,0.5833220481872559
Cannabis,298396260612,pre,,,,,,,0.890847384929657,,0.4980469048023224,0.90473473072052,0.7260372638702393,0.21900324523448944,0.4431183934211731,0.7398925423622131,0.012312325648963451
Cannabis,298396260612,post,,,,,,,0.991938054561615,,0.6356748938560486,0.640186071395874,0.3674972355365753,0.5180585384368896,0.2356356531381607,0.10514160990715027,0.002621440915390849
Cannabis,298490993244,pre,,,,,,,0.5692840218544006,,0.6052742004394531,0.30964964628219604,0.08155632764101028,0.26076576113700867,0.0007717980770394206,0.00806199200451374,0.0005233756965026259
Cannabis,298490993244,post,,,,,,,0.0978204607963562,,0.966293454170227,0.8326452970504761,0.5219585299491882,0.6356748938560486,0.14977993071079254,0.010448625311255455,0.00019832787802442908
Cannabis,298502623980,pre,,,,,,,0.9693822264671326,,0.35488006472587585,0.9994396567344666,0.6290912628173828,0.35488009452819824,0.0053380681201815605,0.009285965003073215,0.00681072985753417
Cannabis,298502623980,post,,,,,,,0.5117166042327881,,0.5496405959129333,0.8194602727890015,0.9979651570320129,0.45956116914749146,0.9264951348304749,0.9910189509391785,0.11284427344799042
Cannabis,298584706032,post,,,,,,,0.6405234336853027,,0.6034645438194275,0.9229003190994263,0.5936092734336853,0.27943503856658936,0.006431858986616135,0.007032223045825958,0.0005965038435533643
Cannabis,298592227296,pre,,,,,,,0.46550893783569336,,0.0021115837153047323,0.9991047978401184,0.08973339200019836,0.001495338510721922,0.0005132578662596643,0.13709865510463715,0.004529616329818964
Cannabis,298592227296,post,,,,,,,0.39452165365219116,,0.0009362828568555415,0.9933717250823975,0.00572468526661396,0.0009399439441040158,0.0002497196546755731,0.01384861022233963,0.00043563012150116265
Cannabis,298631968380,pre,,,,,,,0.9226741790771484,,0.8484706282615662,0.5501240491867065,0.6279512643814087,0.5510905981063843,0.3736472427845001,0.41253015398979187,0.036804068833589554
Cannabis,298631968380,post,,,,,,,0.9156487584114075,,0.9639415144920349,0.793906033039093,0.8953397870063782,0.8042522072792053,0.6011252999305725,0.6011253595352173,0.7756048440933228
Cannabis,298778755464,pre,,,,,,,0.2565990686416626,,0.9739561080932617,0.938709557056427,0.9998084902763367,0.9147868752479553,0.777637779712677,0.0018932257080450654,0.002448652870953083
Cannabis,298778755464,post,,,,,,,0.8894327878952026,,0.9603797197341919,0.20087102055549622,0.5997195839881897,0.07114623486995697,0.0035518845543265343,0.6794978380203247,0.9365611672401428
Cannabis,298784432664,pre,,,,,,,0.7457688450813293,,0.4644157290458679,0.9986462593078613,0.9028240442276001,0.1064523234963417,0.031059226021170616,0.3900110721588135,0.09276994317770004
Cannabis,298784432664,post,,,,,,,0.6731916069984436,,0.6701766848564148,0.5684158205986023,0.5448014140129089,0.5501240491867065,0.4315841794013977,0.37387582659721375,0.22712630033493042
Cannabis,298802216664,pre,,,,,,,0.9941913485527039,,0.5520567893981934,0.8693822622299194,0.5068355202674866,0.31174108386039734,0.08997298032045364,0.9770445227622986,0.05429893359541893
Cannabis,298802216664,post,,,,,,,0.5693289637565613,,0.9835338592529297,0.7063930034637451,0.6136996746063232,0.6590760946273804,0.25423115491867065,0.404272198677063,0.29315146803855896
Cannabis,298885935528,pre,,,,,,,0.7127323150634766,,0.8171371221542358,0.0547899454832077,0.9494823217391968,0.4990234076976776,0.06187598407268524,0.19238756597042084,0.001372368773445487
Cannabis,298885935528,post,,,,,,,0.6575384140014648,,0.5717666149139404,0.4814538061618805,0.39001110196113586,0.4474602937698364,0.2254166156053543,0.025777412578463554,0.0019136337796226144
Cannabis,299005499412,pre,,,,,,,0.43494126200675964,,0.042009059339761734,0.9977591633796692,0.337858647108078,0.01756002940237522,0.0026522595435380936,0.0009164000512100756,0.0002835130726452917
Cannabis,299005499412,post,,,,,,,0.18110021948814392,,0.06587473303079605,0.9996280670166016,0.0023596605751663446,0.002103368751704693,0.008627456612884998,0.0005976693937554955,0.00019297933613415807
Cannabis,299027728728,pre,,,,,,,0.2544626295566559,,0.9035923480987549,0.45616745948791504,0.44263648986816406,0.613699734210968,0.011743792332708836,0.00015118200099095702,0.00013819332525599748
Cannabis,299027728728,post,,,,,,,0.6802417039871216,,0.601593554019928,0.666279673576355,0.32209938764572144,0.49365267157554626,0.2206781655550003,0.01358439214527607,0.003200601087883115
Cannabis,299096813412,pre,,,,,,,0.0937194749712944,,0.6141626238822937,0.9537081122398376,0.22439520061016083,0.4234580099582672,0.0018657464534044266,0.0005112579092383385,0.00021654405281879008
Cannabis,299096813412,post,,,,,,,0.04256272688508034,,0.8835378289222717,0.9992129802703857,0.0544118732213974,0.6636689305305481,0.0002617008285596967,0.0005549409543164074,0.0001670140482019633
Cannabis,299118362148,pre,,,,,,,0.6158967018127441,,0.818156361579895,0.7673413753509521,0.4277552664279938,0.30923226475715637,0.07871317118406296,0.0007702931179665029,0.00019411319226492196
Cannabis,299118362148,post,,,,,,,0.7507355213165283,,0.9736947417259216,0.9390807151794434,0.5014649033546448,0.3965354561805725,0.00785004161298275,0.0004390453395899385,0.00020342697098385543
Cannabis,299135390328,pre,,,,,,,0.18713267147541046,,0.05276518687605858,0.9996874332427979,0.8255897164344788,0.03082861751317978,0.15804435312747955,0.0011247573420405388,0.0001896174217108637
Cannabis,299135390328,post,,,,,,,0.7839884757995605,,0.5900707244873047,0.98501056432724,0.37387582659721375,0.13072867691516876,0.26170814037323,0.2573915719985962,0.0010733063099905849
Cannabis,299342574612,pre,,,,,,,0.7655495405197144,,0.9796919822692871,0.6020615696907043,0.5058591365814209,0.640186071395874,0.08032138645648956,0.33274391293525696,0.09760522097349167
Cannabis,299342574612,post,,,,,,,0.6180890798568726,,0.9662913680076599,0.6680145263671875,0.45374593138694763,0.5851011276245117,0.6176279783248901,0.25261443853378296,0.00586533872410655
Cannabis,299395791864,post,,,,,,,0.07329728454351425,,0.19868536293506622,0.42823338508605957,0.1367236226797104,0.314050555229187,0.08321738243103027,0.2749350070953369,0.24598956108093262
Cannabis,299405505348,pre,,,,,,,0.9831175208091736,,0.9997791647911072,0.34510526061058044,0.998798131942749,0.20260091125965118,0.8854830265045166,0.0697949230670929,0.5548567771911621
Cannabis,299405505348,post,,,,,,,0.9940313100814819,,0.9998246431350708,0.008168106898665428,0.9805974960327148,0.020271655172109604,0.03572898358106613,0.004600618965923786,0.000609450158663094
Cannabis,299424448044,pre,,,,,,,0.9942697286605835,,0.2833845913410187,0.5784481763839722,0.41917240619659424,0.2302267700433731,0.086941659450531,0.994949460029602,0.0025016965810209513
Cannabis,299424448044,post,,,,,,,0.8907226920127869,,0.0018208293477073312,0.9992958903312683,0.9992562532424927,0.0029579028487205505,0.0014721894403919578,0.0006300125387497246,0.00026272484683431685
Cannabis,299438609580,pre,,,,,,,0.2488078624010086,,0.002191240666434169,0.9996780753135681,0.28120818734169006,0.0006589401164092124,0.004198795184493065,0.017358997836709023,0.003937738947570324
Cannabis,299438609580,post,,,,,,,0.30146485567092896,,0.7749242186546326,0.6603914499282837,0.001999432221055031,0.22439518570899963,0.014985890127718449,0.8697007298469543,0.00825959350913763
Cannabis,299545516728,pre,,,,,,,0.8635643124580383,,0.8996515870094299,0.207857146859169,0.79739910364151,0.37387579679489136,0.04788709431886673,0.03400406241416931,0.5748124718666077
Cannabis,299545516728,post,,,,,,,0.21933750808238983,,0.00036472006468102336,0.984656810760498,0.0011291546979919076,0.00032440185896120965,0.00025414692936465144,0.00073075364343822,0.00023186100588645786
Cannabis,301010033916,pre,,,,,,,0.29269635677337646,,0.9169315099716187,0.8586000800132751,0.29930993914604187,0.3674972653388977,0.23810701072216034,0.001629308913834393,0.0007793661206960678
Cannabis,301010033916,post,,,,,,,0.44794321060180664,,0.8342719078063965,0.6757646203041077,0.5496406555175781,0.5312093496322632,0.4101654887199402,0.3328523337841034,0.2991051971912384
Cannabis,301031710560,pre,,,,,,,0.9951936602592468,,0.590779185295105,0.6067314743995667,0.8856315016746521,0.5380124449729919,0.3380771577358246,0.9956747889518738,0.5029296875
Cannabis,301031710560,post,,,,,,,0.9986929297447205,,0.36071422696113586,0.6744794249534607,0.8844391107559204,0.45519858598709106,0.1949802041053772,0.07996143400669098,0.07306545227766037
Cannabis,301139171748,pre,,,,,,,0.913058340549469,,0.5631377100944519,0.33437204360961914,0.32167306542396545,0.23704569041728973,0.001813743612729013,0.0012893282109871507,0.000260172295384109
Cannabis,301139171748,post,,,,,,,0.7440059185028076,,0.10096723586320877,0.1874299794435501,0.139748215675354,0.12485182285308838,0.008486615493893623,0.6632328033447266,0.9905417561531067
Cannabis,301235681412,pre,,,,,,,0.9870045781135559,,0.4405896067619324,0.998807430267334,0.45132648944854736,0.15234723687171936,0.001452227937988937,0.0017274587880820036,0.000414069538237527
Cannabis,301235681412,post,,,,,,,0.8806945085525513,,0.7446563839912415,0.5803520679473877,0.6349961161613464,0.23616372048854828,0.0031024343334138393,0.0005274784634821117,0.0002195242850575596
Cannabis,301489654032,pre,,,,,,,0.5926665663719177,,0.9831134676933289,0.7333563566207886,0.6315943002700806,0.7134315967559814,0.4082767367362976,0.528046727180481,0.30012983083724976
Cannabis,301489654032,post,,,,,,,0.659514844417572,,0.3812195658683777,0.1198195070028305,0.2587003707885742,0.2579519748687744,0.08807232230901718,0.7443777322769165,0.501708984375
Cannabis,301673236896,post,,,,,,,0.020567094907164574,,0.3775406777858734,0.34842339158058167,0.0607658326625824,0.13296425342559814,0.014566524885594845,0.07575555145740509,0.280419260263443
Cannabis,301673513916,pre,,,,,,,0.4878259003162384,,0.8166257739067078,0.9429286122322083,0.4605315029621124,0.6397360563278198,0.0011995489476248622,0.021165616810321808,0.002762998454272747
Cannabis,301673513916,post,,,,,,,0.9939847588539124,,0.7401743531227112,0.8570517897605896,0.8930298686027527,0.49853515625,0.0020911062601953745,0.08299414813518524,0.0009946649661287665
Cannabis,301703880780,pre,,,,,,,0.4146025478839874,,0.7961339950561523,0.6491338610649109,0.22000709176063538,0.4225046634674072,0.14511537551879883,0.013299493119120598,0.00026426833937875926
Cannabis,301703880780,post,,,,,,,0.7986583113670349,,0.9832949638366699,0.9524415731430054,0.819604754447937,0.8091251850128174,0.3711366057395935,0.5394684672355652,0.016059981659054756
Cannabis,301738556160,pre,,,,,,,0.8283841609954834,,0.9941232800483704,0.9963429570198059,0.743354320526123,0.03993731364607811,0.07506614178419113,0.0075479233637452126,0.0021074723917990923
Cannabis,301738556160,post,,,,,,,0.5176318287849426,,0.8051729798316956,0.9851611256599426,0.15469498932361603,0.3442229628562927,0.014094127342104912,0.0005725466180592775,0.00018777504737954587
Cannabis,301754976948,pre,,,,,,,0.2552972435951233,,0.9957103729248047,0.8736466765403748,0.013835279271006584,0.0699218362569809,0.0002242905757157132,0.0011160143185406923,0.000234593462664634
Cannabis,301754976948,post,,,,,,,0.006850480102002621,,0.7287483215332031,0.30115649104118347,0.45181018114089966,0.5326682329177856,0.3208213150501251,0.40874871611595154,0.004695494659245014
Cannabis,301856139864,pre,,,,,,,0.9990471601486206,,0.21117271482944489,0.9996587634086609,0.468304306268692,0.0027202791534364223,0.0003181293432135135,0.0008103873115032911,0.0003704614064190537
Cannabis,301856139864,post,,,,,,,0.9980044960975647,,0.7087798118591309,0.9934532642364502,0.06895951181650162,0.0019839033484458923,0.032436151057481766,0.0063143642619252205,0.00042887922609224916
Cannabis,301878235116,pre,,,,,,,0.8620035648345947,,0.9666474461555481,0.9001793265342712,0.3974705636501312,0.033203333616256714,0.06503842025995255,0.0015669888816773891,0.0007495314348489046
Cannabis,301878235116,post,,,,,,,0.9572778344154358,,0.8399966359138489,0.8937738537788391,0.06251679360866547,0.5578452944755554,0.05915588140487671,0.0006758737727068365,0.00028406718047335744
Cannabis,301903336548,pre,,,,,,,0.9559402465820312,,0.6329566240310669,0.5588085651397705,0.411583811044693,0.54625403881073,0.30280324816703796,0.8901987671852112,0.105486661195755
Cannabis,301903336548,post,,,,,,,0.7992856502532959,,0.799755334854126,0.4751182198524475,0.6460136771202087,0.6544531583786011,0.4892594516277313,0.7424216866493225,0.545285701751709
Cannabis,301953198096,pre,,,,,,,0.36291277408599854,,0.9535136818885803,0.9493885636329651,0.6708239316940308,0.8014700412750244,0.20354919135570526,0.06998536735773087,0.0008442883263342083
Cannabis,301953198096,post,,,,,,,0.06313489377498627,,0.009831294417381287,0.993518054485321,0.21617697179317474,0.0023096215445548296,0.0004655269149225205,0.012217680923640728,0.00031565441167913377
Cannabis,301980213360,pre,,,,,,,0.9880388379096985,,0.9902797937393188,0.997512936592102,0.8999597430229187,0.35622265934944153,0.5532639622688293,0.01042845007032156,0.0022343622986227274
Cannabis,301980213360,post,,,,,,,0.1371564120054245,,0.8281063437461853,0.9919692277908325,0.3306872844696045,0.37227699160575867,0.1056249588727951,0.0008934456272982061,0.000317508791340515
Cannabis,301986919980,pre,,,,,,,0.2367146909236908,,0.7146280407905579,0.8872045874595642,0.12754392623901367,0.30985841155052185,0.0004793605476152152,0.0018350844038650393,0.00032062362879514694
Cannabis,301986919980,post,,,,,,,0.2392604649066925,,0.023509453982114792,0.9996880888938904,0.5260080099105835,0.031588878482580185,0.00047749257646501064,0.0006499983137473464,0.0004247131000738591
Cannabis,301991913180,pre,,,,,,,0.9834704399108887,,0.0032986514270305634,0.8779484629631042,0.04320782050490379,0.04643222689628601,0.002163657918572426,0.0016293087974190712,0.00022254552459344268
Cannabis,301991913180,post,,,,,,,0.6699607968330383,,0.000638679601252079,0.9994735717773438,0.028508631512522697,0.0005452766781672835,0.0061450921930372715,0.0006349505856633186,0.00011569318303372711
Cannabis,302212158444,pre,,,,,,,0.7273465394973755,,0.9021795392036438,0.9898499846458435,0.894651472568512,0.6106856465339661,0.004101929254829884,0.025834186002612114,0.0026730061508715153
Cannabis,302212158444,post,,,,,,,0.3765084743499756,,0.02517884224653244,0.9900057911872864,0.9849924445152283,0.048171740025281906,0.016689062118530273,0.9165401458740234,0.0013224404538050294
Cannabis,302248684728,pre,,,,,,,0.9201462864875793,,0.7394224405288696,0.0001673405058681965,0.49072372913360596,0.014172365888953209,0.02175777591764927,0.004773722030222416,0.0004926423425786197
Cannabis,302248684728,post,,,,,,,0.08469125628471375,,0.4510846734046936,0.1946738213300705,0.5693738460540771,0.10894504934549332,0.011984202079474926,0.004399413242936134,0.0005102608702145517
Cannabis,303293362716,pre,,,,,,,0.6951311230659485,,0.9754456877708435,0.6597340703010559,0.6584175229072571,0.5959629416465759,0.3925696611404419,0.740174412727356,0.8216173648834229
Cannabis,303293362716,post,,,,,,,0.6322650909423828,,0.9872711896896362,0.671470582485199,0.5712883472442627,0.7256485819816589,0.20930799841880798,0.46854743361473083,0.7206631898880005
Cannabis,303418463580,pre,,,,,,,0.489625483751297,,0.9398253560066223,0.169956237077713,0.2568320035934448,0.3380770981311798,0.029131511226296425,0.00040133504080586135,0.00017097400268539786
Cannabis,303418463580,post,,,,,,,0.020527789369225502,,0.9756610989570618,0.9070655703544617,0.28776782751083374,0.6410853862762451,0.08377787470817566,0.0012255674228072166,0.00023459347721654922
Cannabis,303442605360,pre,,,,,,,0.2022855579853058,,0.5973730087280273,0.6001883745193481,0.18609505891799927,0.43254268169403076,0.15002883970737457,0.09168662875890732,0.005089918151497841
Cannabis,303442605360,post,,,,,,,0.5399537086486816,,0.9357880353927612,0.7898827195167542,0.5472221374511719,0.6779006123542786,0.3607141971588135,0.3400467038154602,0.0011181936133652925
Cannabis,303481936728,pre,,,,,,,0.9830688238143921,,0.0014579035341739655,0.5563995838165283,0.06283232569694519,0.06808687001466751,0.00041165141738019884,0.04130730405449867,0.0007264875457622111
Cannabis,303481936728,post,,,,,,,0.9845754504203796,,0.0005849732551723719,0.33372029662132263,0.16694685816764832,0.0007702931761741638,0.00014036924403626472,0.007518718484789133,0.0008592476369813085
Cannabis,303550888032,pre,,,,,,,0.0693366676568985,,0.11940813809633255,0.6597340703010559,0.06850632280111313,0.2766905128955841,0.16132023930549622,0.3789186179637909,0.36817851662635803
Cannabis,303550888032,post,,,,,,,0.3478693664073944,,0.18907147645950317,0.537041425704956,0.1030244380235672,0.27747297286987305,0.11407211422920227,0.6190107464790344,0.5477060079574585
Cannabis,303624554832,pre,,,,,,,0.5705705881118774,,0.8021683692932129,0.795340359210968,0.21766993403434753,0.298082560300827,0.02810405194759369,0.0004076525801792741,0.0004407629603520036
Cannabis,303624554832,post,,,,,,,0.0439981110394001,,0.8717207908630371,0.9997800588607788,0.4663594961166382,0.026349090039730072,0.018765578046441078,0.0012255674228072166,0.0004347804933786392
Cannabis,303682488948,pre,,,,,,,0.7798043489456177,,0.4877953827381134,0.8440237045288086,0.059047263115644455,0.18579941987991333,0.006059213541448116,0.0026419467758387327,0.0008626077324151993
Cannabis,303682488948,post,,,,,,,0.7488003373146057,,0.4649015963077545,0.9997413158416748,0.22371606528759003,0.22135068476200104,0.034782398492097855,0.03597794845700264,0.0013096056645736098
Cannabis,303798632832,pre,,,,,,,0.01400956604629755,,0.8444731831550598,0.0002296082820976153,0.00026068079750984907,0.0004747042548842728,0.0008377234335057437,0.9389409422874451,0.0005132578662596643
Cannabis,303798632832,post,,,,,,,0.45574358105659485,,0.8565725088119507,0.10008422285318375,0.12463856488466263,0.297061949968338,0.01605226658284664,0.024916518479585648,0.0004888104740530252
Cannabis,304013473128,pre,,,,,,,0.7088176012039185,,0.530722975730896,0.955514132976532,0.7652426362037659,0.18952108919620514,0.43206337094306946,0.8325091600418091,0.967800498008728
Cannabis,304013473128,post,,,,,,,0.6069644689559937,,0.9010534286499023,0.5496405959129333,0.3393895924091339,0.4765796959400177,0.2660711407661438,0.4144248068332672,0.2609540522098541
Cannabis,304147883232,pre,,,,,,,0.22482039034366608,,0.9184436798095703,0.9389968514442444,0.5248817801475525,0.008417051285505295,0.9994341135025024,0.6838419437408447,0.0007748164352960885
Cannabis,304147883232,post,,,,,,,0.6706082820892334,,0.7962924838066101,0.6343168020248413,0.8545207977294922,0.5674572587013245,0.18330106139183044,0.01021398976445198,0.0012768144952133298
Cannabis,304167717864,pre,,,,,,,0.9998742341995239,,0.5803520679473877,0.9972113370895386,0.9999434351921082,0.8849372863769531,0.1985299289226532,0.04387504234910011,0.0033439078833907843
Cannabis,304167717864,post,,,,,,,0.9908655285835266,,0.000979259260930121,0.9997257590293884,0.9995271563529968,0.045926809310913086,0.013064487837255001,0.0024726230185478926,0.0033569515217095613
Cannabis,304277772780,post,,,,,,,0.026861201971769333,,0.8634203672409058,0.6867903470993042,0.2989005148410797,0.3988746404647827,0.13511790335178375,0.11441798508167267,0.03269767761230469
Cannabis,304323598044,pre,,,,,,,0.6618955135345459,,0.7661187052726746,0.9997246861457825,0.977885901927948,0.4287116825580597,0.004704630933701992,0.5724838376045227,0.02330852672457695
Cannabis,304323598044,post,,,,,,,0.850670337677002,,0.34775859117507935,0.9993600249290466,0.9219218492507935,0.2936069667339325,0.14021848142147064,0.7470627427101135,0.5858122110366821
Cannabis,305308765296,pre,,,,,,,0.590779185295105,,0.5573635101318359,0.9894728660583496,0.8316906094551086,0.8303191065788269,0.23196198046207428,0.9658673405647278,0.005685906857252121
Cannabis,305308765296,post,,,,,,,0.9343352913856506,,0.7927852869033813,0.9635491371154785,0.9508920311927795,0.9328826069831848,0.07286728173494339,0.9597243070602417,0.024703867733478546
Cannabis,305345225916,pre,,,,,,,0.41466179490089417,,0.15882562100887299,0.8725646734237671,0.002536047250032425,0.01725519262254238,0.000818333588540554,0.0018279430223628879,0.0002115288662025705
Cannabis,305345225916,post,,,,,,,0.4387250542640686,,0.787114143371582,0.6118459105491638,0.30177342891693115,0.6491339206695557,0.10132236778736115,0.0014808280393481255,0.00031197804491966963
Cannabis,305448165180,pre,,,,,,,0.06560483574867249,,0.615319013595581,0.8769509196281433,0.6334102749824524,0.33982759714126587,0.002746901009231806,0.04292233660817146,0.011619770899415016
Cannabis,305448165180,post,,,,,,,0.19360435009002686,,0.9853983521461487,0.7896395921707153,0.01662507839500904,0.25183165073394775,0.0005233756965026259,0.0005254230345599353,0.00016832373512443155
Cannabis,305461641348,pre,,,,,,,0.817283034324646,,0.9529093503952026,0.00028296004165895283,0.9993906021118164,0.16371268033981323,0.00027911883080378175,0.0026470981538295746,0.004272936377674341
Cannabis,305461641348,post,,,,,,,0.8113026022911072,,0.9084556102752686,0.3356773853302002,0.8290772438049316,0.05704512819647789,0.0020547446329146624,0.3253061771392822,0.7902066707611084
Cannabis,305573133348,pre,,,,,,,0.2830376625061035,,0.7839884757995605,0.9290552139282227,0.16411417722702026,0.0006324767600744963,0.0005714300204999745,0.00806199200451374,0.0005233756965026259
Cannabis,305573133348,post,,,,,,,0.9886682033538818,,0.6043989062309265,0.6206216216087341,0.45181021094322205,0.45665207505226135,0.29624688625335693,0.42990800738334656,0.9278066158294678
Cannabis,305611706160,pre,,,,,,,0.803559422492981,,0.9662117958068848,0.16940589249134064,0.6791787147521973,0.7166153788566589,0.1540575623512268,0.0008442882681265473,0.4239349365234375
Cannabis,305703775296,pre,,,,,,,0.7859664559364319,,0.6986380219459534,0.8130158185958862,0.76047283411026,0.5477060079574585,0.0072538298554718494,0.01752636395394802,0.0001431373821105808
Cannabis,305703775296,post,,,,,,,0.1554727554321289,,0.19895757734775543,0.034651488065719604,0.5664982199668884,0.18506190180778503,0.11568568646907806,0.00039051397470757365,0.002889581024646759
Cannabis,305892698148,pre,,,,,,,0.6341398358345032,,0.9879926443099976,0.00041406950913369656,0.999566912651062,0.8210441470146179,0.0015307451831176877,0.9418684244155884,0.006705847568809986
Cannabis,305892698148,post,,,,,,,0.09556026756763458,,0.6123096942901611,0.0002203832846134901,0.4373428225517273,0.3869951069355011,0.00026582094142213464,0.000964091916102916,0.000808807322755456
Cannabis,305925391980,pre,,,,,,,0.004022909794002771,,0.9696420431137085,0.99318927526474,0.0004140694800298661,0.00523027777671814,0.0006641048821620643,0.0005463421111926436,0.0002251682453788817
Cannabis,305925391980,post,,,,,,,0.0071283369325101376,,0.9644220471382141,0.8800774812698364,0.14804717898368835,0.42036160826683044,0.12341844290494919,0.023487042635679245,0.06855307519435883
Cannabis,305971564032,pre,,,,,,,0.8044058680534363,,0.3557749092578888,0.9996519684791565,0.4073334038257599,0.18359361588954926,0.04571332782506943,0.01752636581659317,0.0004247131000738591
Cannabis,305971564032,post,,,,,,,0.7346909642219543,,0.009850325994193554,0.9998024702072144,0.32380759716033936,0.023255785927176476,0.0011672310065478086,0.7247728705406189,0.003469890682026744
Cannabis,306075936960,pre,,,,,,,0.12989172339439392,,0.00014539113908540457,0.5384978652000427,0.0004945694818161428,0.00012436226825229824,0.00015476663247682154,0.0005152656231075525,9.610241249902174e-05
Cannabis,306075936960,post,,,,,,,0.08471965044736862,,0.00035350280813872814,0.9592211842536926,0.0008167381165549159,0.0003119780740235001,0.0002879764651879668,0.0008199320873245597,0.00021402176935225725
Cannabis,306151934148,pre,,,,,,,0.7264741659164429,,0.9499878287315369,0.9996360540390015,0.001960835652425885,0.27845296263694763,0.00033274127054028213,0.951096773147583,0.00020422298985067755
Cannabis,306151934148,post,,,,,,,0.014573536813259125,,0.9105851054191589,0.7409248948097229,0.003892041277140379,0.5846269726753235,0.04414210096001625,0.0017926506698131561,0.0002458490489516407
Cannabis,306283263516,pre,,,,,,,0.7344529628753662,,0.8622936606407166,0.9992356896400452,0.17356818914413452,0.30798205733299255,0.010003894567489624,0.0008509045583195984,0.0005495509831234813
Cannabis,306283263516,post,,,,,,,0.051082734018564224,,0.9816127419471741,0.9351691007614136,0.6111499071121216,0.739234209060669,0.2867681086063385,0.01919744908809662,0.001345860306173563
Cannabis,306295094664,pre,,,,,,,0.31247490644454956,,0.8171370625495911,0.7360212802886963,0.2913839817047119,0.610917866230011,0.17092277109622955,0.006857127882540226,0.00034196203341707587
Cannabis,306295094664,post,,,,,,,0.06474212557077408,,0.9393802881240845,0.7931060194969177,0.022650806233286858,0.364777535200119,0.020405426621437073,0.0009004466701298952,0.00019988308486063033
Cannabis,306376282044,pre,,,,,,,0.8843267560005188,,0.014104308560490608,0.9992052912712097,0.6684474945068359,0.04956601932644844,0.30404168367385864,0.6984322667121887,0.010550080798566341
Cannabis,306376282044,post,,,,,,,0.9933717250823975,,0.19057334959506989,0.7237001657485962,0.9997294545173645,0.21206878125667572,0.501953125,0.6758180856704712,0.450540691614151
Cannabis,307958441760,pre,,,,,,,0.9988664388656616,,0.13102026283740997,0.5525397062301636,0.00033274127054028213,0.02224632166326046,0.00016668823082000017,0.0008934456272982061,0.00025664037093520164
Cannabis,307958441760,post,,,,,,,0.10823607444763184,,0.6697448492050171,0.3510885536670685,0.0005274784052744508,0.012353961355984211,9.95407608570531e-05,0.0002511868078727275,0.0001300754665862769
Cannabis,308006390160,pre,,,,,,,0.9872281551361084,,0.7209088802337646,0.865792453289032,0.00036901768180541694,0.09518112242221832,0.0005484792636707425,0.0004407629603520036,0.0001670140482019633
Cannabis,308006390160,post,,,,,,,0.9580694437026978,,0.2402394413948059,0.581303060054779,0.06554500013589859,0.19837458431720734,0.03456176817417145,0.06941547244787216,0.0016484828665852547
Cannabis,308193194664,pre,,,,,,,0.601944625377655,,0.9909403920173645,0.6819385886192322,0.5481898188591003,0.7043635249137878,0.19505688548088074,0.4454089403152466,0.5898345112800598
Cannabis,308342445516,pre,,,,,,,0.6511330604553223,,0.9211095571517944,0.9528600573539734,0.6771538853645325,0.6630147099494934,0.154878631234169,0.9254913330078125,0.45577386021614075
Cannabis,308342445516,post,,,,,,,0.9845754504203796,,0.9396716356277466,0.9994116425514221,0.9997782707214355,0.5879430770874023,0.429548978805542,0.9985393285751343,0.9991958737373352
Cannabis,308492647812,pre,,,,,,,0.9945200681686401,,0.31658050417900085,0.9822281002998352,0.08667071163654327,0.21750368177890778,0.00792646687477827,0.005204934161156416,0.0006214629975147545
Cannabis,308492647812,post,,,,,,,0.9985533952713013,,0.6731916666030884,0.818156361579895,0.491211861371994,0.46733173727989197,0.21917033195495605,0.7621171474456787,0.0010754023678600788
Cannabis,308641552560,pre,,,,,,,0.998351514339447,,0.06730107218027115,0.4402286112308502,0.028040772303938866,0.14934517443180084,0.0012521494645625353,0.6738358736038208,0.0019456056179478765
Cannabis,308641552560,post,,,,,,,0.9069420099258423,,0.6410853862762451,0.8250265717506409,0.4030967950820923,0.46295857429504395,0.20593424141407013,0.7426084280014038,0.55495285987854
Cannabis,308671922160,pre,,,,,,,0.743459165096283,,0.013928858563303947,0.9997817873954773,0.53946852684021,0.013649976812303066,0.0005062919808551669,0.6703925132751465,0.0012303583789616823
Cannabis,308671922160,post,,,,,,,0.8828830122947693,,0.4530652165412903,0.998586893081665,0.8697145581245422,0.00415008096024394,0.0009004466119222343,0.993248462677002,0.9984421730041504
Cannabis,308683550160,pre,,,,,,,0.9402708411216736,,0.5009765625,0.9521977305412292,0.18417982757091522,0.1561049073934555,0.04873313009738922,0.13695430755615234,0.17585629224777222
Cannabis,308683550160,post,,,,,,,0.7414517402648926,,0.9343053102493286,0.9052804708480835,0.4858436584472656,0.36296918988227844,0.06343883275985718,0.04599103331565857,0.0012943680630996823
Cannabis,308766251916,pre,,,,,,,0.6450640559196472,,0.20770645141601562,0.9996373653411865,0.7685595154762268,0.0013723686570301652,0.0007307535852305591,0.0008642927277833223,0.00023050671734381467
Cannabis,308766251916,post,,,,,,,0.6076631546020508,,0.42727723717689514,0.4897475242614746,0.4547143280506134,0.3895465135574341,0.3255205750465393,0.10320506244897842,0.22051025927066803
Cannabis,308779242444,pre,,,,,,,0.130451500415802,,0.8870701789855957,0.8540345430374146,0.000967861560638994,0.04045061767101288,0.00018271105363965034,0.00044248730409890413,0.0001956353517016396
Cannabis,308779242444,post,,,,,,,0.316791832447052,,0.017934536561369896,0.9741412401199341,0.0013670256594195962,0.0003333915665280074,0.00020622671581804752,0.000234593462664634,0.00015936713316477835
Cannabis,308795862960,post,,,,,,,0.9969721436500549,,0.4397473633289337,0.9988004565238953,0.16377952694892883,0.41869691014289856,0.27727723121643066,0.9981755614280701,0.9391505122184753
Cannabis,308894979348,pre,,,,,,,0.49206608533859253,,0.3176378905773163,0.9988027811050415,0.9647557139396667,0.008364237844944,0.9990321397781372,0.0020789147820323706,0.0030101987067610025
Cannabis,308894979348,post,,,,,,,0.5667980313301086,,0.4491509795188904,0.9944234490394592,0.28437721729278564,0.4663594961166382,0.0022430878598243,0.0027576221618801355,0.0003053489199373871
Cannabis,309001268160,pre,,,,,,,0.46089544892311096,,0.9598351120948792,0.7592253684997559,0.507323682308197,0.5992506742477417,0.04830484837293625,0.030271869152784348,0.0008009535376913846
Cannabis,309001268160,post,,,,,,,0.9129807949066162,,0.9933910369873047,0.9986073970794678,0.9991272687911987,0.3652302026748657,0.06617961823940277,0.2887194752693176,0.0026470981538295746
Cannabis,309083079348,pre,,,,,,,0.16244645416736603,,0.8709269762039185,0.9124361276626587,0.04476169869303703,0.20291663706302643,0.0004013350699096918,0.00029365462251007557,0.00017298902093898505
Cannabis,309083079348,post,,,,,,,0.17340520024299622,,0.9654056429862976,0.8846386075019836,0.46976351737976074,0.7049732804298401,0.23988313972949982,0.0005680934991687536,0.00020542291167657822
Cannabis,309102981696,pre,,,,,,,0.48232245445251465,,0.0005410356097854674,0.980978786945343,0.06616076081991196,0.0003799845289904624,0.00036472006468102336,0.0005826939595863223,0.00024393633066210896
Cannabis,309102981696,post,,,,,,,0.5888891220092773,,0.0003083445189986378,0.9982993006706238,0.0019229823956266046,0.0002406247513135895,0.00037924337084405124,0.0009381115669384599,0.00022782183077652007
Cannabis,309120765696,pre,,,,,,,0.90183424949646,,0.02455577813088894,0.29563644528388977,0.057018864899873734,0.011198509484529495,0.0017342079663649201,0.01822929084300995,0.00032503585680387914
Cannabis,309120765696,post,,,,,,,0.9074968695640564,,0.05993515998125076,0.9775643944740295,0.014559519477188587,0.04105665907263756,0.0007613258203491569,0.0010775025002658367,0.00026738259475678205
Cannabis,309980008548,pre,,,,,,,0.992046594619751,,0.9123385548591614,0.9996976256370544,0.8965687155723572,0.8577830195426941,0.09793903678655624,0.5974904894828796,0.0271176565438509
Cannabis,309980008548,post,,,,,,,0.4481847584247589,,0.8401933908462524,0.8067004084587097,0.18169839680194855,0.4344612658023834,0.1367236226797104,0.25091278553009033,0.15778464078903198
Cannabis,310291978896,pre,,,,,,,0.005899603478610516,,0.38769033551216125,0.31784960627555847,0.026851631700992584,0.31048527359962463,0.011090888641774654,0.00019832786347251385,0.0002323141961824149
Cannabis,310291978896,post,,,,,,,0.0008525666780769825,,0.0017409836873412132,0.030675802379846573,0.00014854811888653785,0.006863781251013279,9.934655827237293e-05,0.00016734049131628126,8.922869164962322e-05
Cannabis,310429124316,pre,,,,,,,0.9221675395965576,,0.0014837189810350537,0.9997357130050659,0.9996117353439331,0.0017342079663649201,0.2098742574453354,0.004022910259664059,0.0012843081494793296
Cannabis,310429124316,post,,,,,,,0.9371820092201233,,0.0013224404538050294,0.9986878037452698,0.9995381236076355,0.01411789283156395,0.9144436717033386,0.004455370828509331,0.005797401070594788
Cannabis,310464070560,pre,,,,,,,0.5699723958969116,,0.7689067721366882,0.9645392298698425,0.9201821088790894,0.6139311790466309,0.06944702565670013,0.6734065413475037,0.11561078578233719
Cannabis,310464070560,post,,,,,,,0.9840630292892456,,0.6874201893806458,0.46198752522468567,0.9995425939559937,0.35197898745536804,0.0737796500325203,0.9152803421020508,0.009002836421132088
Cannabis,310471119864,pre,,,,,,,0.81552654504776,,0.7029380798339844,0.5234203338623047,0.4644157290458679,0.5161076784133911,0.18491464853286743,0.02437950111925602,0.0026886719278991222
Cannabis,310471119864,post,,,,,,,0.05480259656906128,,0.031888991594314575,0.15077753365039825,0.996570348739624,0.16885694861412048,0.031454723328351974,0.91016685962677,0.0029320954345166683
Cannabis,310472966664,pre,,,,,,,0.9121235609054565,,0.46198758482933044,0.7367795705795288,0.9996041655540466,0.4941408932209015,0.28279003500938416,0.9334611296653748,0.986057698726654
Cannabis,310472966664,post,,,,,,,0.22232003509998322,,0.8939222693443298,0.9216755032539368,0.5383158326148987,0.5343695282936096,0.061819322407245636,0.014131492003798485,0.00039280790952034295
Cannabis,310511199528,pre,,,,,,,0.7232606410980225,,0.06884204596281052,0.9524250030517578,0.06835458427667618,0.09231887757778168,0.020631127059459686,0.5657786130905151,0.013848608359694481
Cannabis,310511199528,post,,,,,,,0.6772605776786804,,0.002536047250032425,0.9982590079307556,0.4931644797325134,0.007045874372124672,0.09351231157779694,0.009727273136377335,0.0025708680041134357
Cannabis,310513113360,pre,,,,,,,0.9912039041519165,,0.6969905495643616,0.6252092719078064,0.4756053388118744,0.4843800961971283,0.26170814037323,0.08238304406404495,0.030614158138632774
Cannabis,310513113360,post,,,,,,,0.9230218529701233,,0.1772405058145523,0.17314836382865906,0.18359363079071045,0.1902722418308258,0.15921740233898163,0.3593641519546509,0.5535052418708801
Cannabis,310542183360,pre,,,,,,,0.09896834939718246,,0.7045668959617615,0.7295197248458862,0.22712630033493042,0.48291680216789246,0.2546016275882721,0.0076140472665429115,0.006073934491723776
Cannabis,310542183360,post,,,,,,,0.25590112805366516,,0.5438324809074402,0.6813028454780579,0.3106943964958191,0.5029296278953552,0.3350244164466858,0.1030244305729866,0.033796172589063644
Cannabis,310634528148,pre,,,,,,,0.48691093921661377,,0.6055658459663391,0.878783106803894,0.24744147062301636,0.20689404010772705,0.07807816565036774,0.10463733226060867,0.06333737075328827
Cannabis,310634528148,post,,,,,,,0.7044397592544556,,0.5280466675758362,0.9384632706642151,0.4853557348251343,0.34400254487991333,0.07797278463840485,0.03167862445116043,0.0009907911298796535
Cannabis,310788697644,pre,,,,,,,0.7737724184989929,,0.0008119703270494938,0.999824583530426,0.4436004161834717,0.0013696944806724787,0.0057581327855587006,0.00309338653460145,0.00019147785496897995
Cannabis,310788697644,post,,,,,,,0.4472188651561737,,0.031779881566762924,0.9994240999221802,0.2540460228919983,0.0038506160490214825,0.01651368848979473,0.005934067070484161,0.00025865272618830204
Cannabis,310816058328,pre,,,,,,,0.5108625292778015,,0.6857390403747559,0.7789857387542725,0.21272225677967072,0.4946291148662567,0.021351024508476257,0.0011446805438026786,0.00040133509901352227
Cannabis,310816058328,post,,,,,,,0.9738443493843079,,0.690767765045166,0.6926419734954834,0.6791787147521973,0.6428810358047485,0.12874405086040497,0.7730022072792053,0.23616372048854828
Cannabis,310832068716,pre,,,,,,,0.9764231443405151,,0.6011253595352173,0.9883352518081665,0.03474962338805199,0.40874871611595154,0.0006563728675246239,0.000590710376854986,0.0004945694818161428
Cannabis,310832068716,post,,,,,,,0.5675172209739685,,0.9515489935874939,0.5987814664840698,0.3661363124847412,0.4455295205116272,0.1457221508026123,0.17931488156318665,0.18907150626182556
Cannabis,310852586664,pre,,,,,,,0.8776341676712036,,0.44951343536376953,0.998157799243927,0.7010994553565979,0.00787289161235094,0.0005368274869397283,0.5065913796424866,0.1945972889661789
Cannabis,310852586664,post,,,,,,,0.688416063785553,,0.6050992012023926,0.2078571617603302,0.35398629307746887,0.0725381001830101,0.07081619650125504,0.6731916666030884,0.9995326399803162
Cannabis,310956209928,pre,,,,,,,0.6883244514465332,,0.7986582517623901,0.32723814249038696,0.036322467029094696,0.2934044599533081,0.021801989525556564,0.03194934129714966,0.0005431519821286201
Cannabis,310956209928,post,,,,,,,0.0908866673707962,,0.8418256640434265,0.8589553833007812,0.007621430326253176,0.4411914646625519,0.0010628867894411087,0.0007554056355729699,0.00034129503183066845
Cannabis,311108676948,pre,,,,,,,0.8692713379859924,,0.14990434050559998,0.9996922612190247,0.5394684672355652,0.38144993782043457,0.0011491554323583841,0.0006374341319315135,0.00019563532259780914
Cannabis,311108676948,post,,,,,,,0.9756001830101013,,0.8220462799072266,0.5884162187576294,0.70537930727005,0.8354834914207458,0.2450849860906601,0.7768769860267639,0.34981033205986023
Cannabis,311914424844,pre,,,,,,,0.8155999183654785,,0.27933675050735474,0.9996756315231323,0.8724798560142517,0.03228325769305229,0.4561675190925598,0.7369689345359802,0.09309922903776169
Cannabis,311914424844,post,,,,,,,0.3640989661216736,,0.01801210083067417,0.9991238117218018,0.43062615394592285,0.025861850008368492,0.6876299977302551,0.3747906982898712,0.023576801642775536
Cannabis,312036589980,pre,,,,,,,0.7416272163391113,,0.5414088368415833,0.3881540596485138,0.2798284888267517,0.4522939920425415,0.03783905878663063,0.0285983607172966,0.00025118677876889706
Cannabis,312036589980,post,,,,,,,0.5501240491867065,,0.9620541334152222,0.9993845820426941,0.26020142436027527,0.18395982682704926,0.9992068409919739,0.005922556854784489,0.0011604195460677147
Cannabis,312063130548,pre,,,,,,,0.8550662398338318,,0.26913347840309143,0.9988486170768738,0.5204963088035583,0.26511871814727783,0.1625128984451294,0.9995092749595642,0.2133771777153015
Cannabis,312063130548,post,,,,,,,0.9378399848937988,,0.7657685875892639,0.8551267981529236,0.6697448492050171,0.6757645606994629,0.20833994448184967,0.990812361240387,0.0934295579791069
Cannabis,312227975232,pre,,,,,,,0.21036048233509064,,0.7750945091247559,0.4970703423023224,0.5496406555175781,0.6206216216087341,0.5117166042327881,0.823470413684845,0.5009765625
Cannabis,312294663864,post,,,,,,,0.42381569743156433,,0.8673169016838074,0.5253688097000122,0.30611205101013184,0.4960938096046448,0.2356356531381607,0.16211454570293427,0.0072749583050608635
Cannabis,312381322560,pre,,,,,,,0.5258558392524719,,0.6146252751350403,0.5525397062301636,0.9996215105056763,0.7838230729103088,0.38444983959198,0.754349946975708,0.274789035320282
Cannabis,312381322560,post,,,,,,,0.14364507794380188,,0.3103807270526886,0.9467445611953735,0.9994887709617615,0.9970536231994629,0.999346137046814,0.2903139293193817,0.005379710346460342
Cannabis,312501437748,post,,,,,,,0.11089169979095459,,0.11426965147256851,0.9975985884666443,0.8214741945266724,0.19223587214946747,0.05602938309311867,0.0013804223854094744,0.0015218156622722745
Cannabis,312511287348,post,,,,,,,0.27231472730636597,,0.1200772151350975,0.8842393159866333,0.271831214427948,0.36116471886634827,0.334589421749115,0.9984841346740723,0.9769347906112671
Cannabis,312646511412,pre,,,,,,,0.8432992100715637,,0.33393752574920654,0.965266764163971,0.0008882304537110031,0.04422973841428757,0.00019185213022865355,0.0004765613120980561,0.0003837120602838695
Cannabis,312646511412,post,,,,,,,0.5915167927742004,,0.0036146442871540785,0.40089598298072815,0.0922115221619606,0.0004205874283798039,0.0001459601044189185,0.0035380858462303877,0.00023231418163049966
Cannabis,312675510960,post,,,,,,,0.9889171719551086,,0.33415472507476807,0.9995532035827637,0.9982792735099792,0.022640002891421318,0.5463751554489136,0.1063188761472702,0.14700327813625336
Cannabis,312797949012,pre,,,,,,,0.012883162125945091,,0.9277896881103516,0.7134315967559814,0.6085941195487976,0.6500230431556702,0.07257094979286194,0.0005759092164225876,0.00033863994758576155
Cannabis,312797949012,post,,,,,,,0.9568564295768738,,0.862930178642273,0.4344613254070282,0.9910318851470947,0.8967044949531555,0.016561338678002357,0.0004108485300093889,0.00020662983297370374
Cannabis,312849797580,pre,,,,,,,0.994718611240387,,0.7341195344924927,0.642432451248169,0.5443170070648193,0.49609383940696716,0.0029694451950490475,0.7667306065559387,0.002560870721936226
Cannabis,312849797580,post,,,,,,,0.836988091468811,,0.908048689365387,0.18344728648662567,0.6709317564964294,0.3900110721588135,0.0004974745097570121,0.0006771942134946585,0.00023005706316325814
Cannabis,312901643412,pre,,,,,,,0.9451974630355835,,0.7581526637077332,0.9942697882652283,0.9983833432197571,0.8656789660453796,0.1718936562538147,0.02819421887397766,0.9884361624717712
Cannabis,312901643412,post,,,,,,,0.930804967880249,,0.6334102749824524,0.5549529194831848,0.5014649033546448,0.5462540984153748,0.3393895924091339,0.2581389248371124,0.11407211422920227
Cannabis,312926952780,pre,,,,,,,0.960546612739563,,0.5224458575248718,0.9994725584983826,0.2233770489692688,0.04531560093164444,0.002153141424059868,0.9322453737258911,0.965348482131958
Cannabis,312926952780,post,,,,,,,0.9631959199905396,,0.03087971918284893,0.9997855424880981,0.6630147099494934,0.008267597295343876,0.15109042823314667,0.6561076641082764,0.005458660423755646
Cannabis,314759321748,pre,,,,,,,0.5065914392471313,,0.003483423963189125,0.99703049659729,0.8360196948051453,0.014643825590610504,0.5515737533569336,0.9475026726722717,0.6050554513931274
Cannabis,314759321748,post,,,,,,,0.3541538119316101,,0.0014297454617917538,0.9972902536392212,0.9993917346000671,0.0012918456923216581,0.0025065753143280745,0.09825223684310913,0.6319918632507324
Cannabis,315062397360,pre,,,,,,,0.9918120503425598,,0.8801804780960083,0.9938668012619019,0.6011253595352173,0.46004629135131836,0.32018327713012695,0.0032287640497088432,0.0017683518817648292
Cannabis,315062397360,post,,,,,,,0.5282292366027832,,0.8978297710418701,0.9892505407333374,0.049150750041007996,0.2590751051902771,0.31658050417900085,0.0003792433417402208,0.00022916037414688617
Cannabis,315110072160,pre,,,,,,,0.7002802491188049,,0.8204784393310547,0.9279531240463257,0.9924958348274231,0.5921950340270996,0.008552608080208302,0.8045210838317871,0.0011424495605751872
Cannabis,315110072160,post,,,,,,,0.9885029792785645,,0.9580915570259094,0.9995045065879822,0.002273895312100649,0.7341194748878479,0.17788228392601013,0.9996009469032288,0.7354516983032227
Cannabis,315115068780,pre,,,,,,,0.9084962010383606,,0.05113009363412857,0.869742214679718,0.7711548805236816,0.07647662609815598,0.03941638395190239,0.28937169909477234,0.7914989590644836
Cannabis,315115068780,post,,,,,,,0.8641958236694336,,0.2133771777153015,0.5389832258224487,0.5893619060516357,0.531209409236908,0.25552940368652344,0.9593451619148254,0.10743162035942078
Cannabis,315163084212,pre,,,,,,,0.7911058664321899,,0.0005420927773229778,0.9983288645744324,0.6329566836357117,0.0006349506438709795,0.00030238242470659316,0.40969306230545044,0.0011116681853309274
Cannabis,315163084212,post,,,,,,,0.6495369672775269,,0.004982269834727049,0.9990471601486206,0.9997336864471436,0.36829209327697754,0.04966386407613754,0.16163429617881775,0.06477170437574387
Cannabis,315212672160,pre,,,,,,,0.2348889261484146,,0.8807970881462097,0.7932661175727844,0.004886374808847904,0.1898212879896164,0.0006945966160856187,0.0007180297980085015,0.0003433000238146633
Cannabis,315212672160,post,,,,,,,0.8755743503570557,,0.6909762620925903,0.008635813370347023,0.06635712087154388,0.15469498932361603,0.0031943756621330976,0.12532608211040497,0.3053865134716034
Cannabis,315374991516,pre,,,,,,,0.17582093179225922,,0.8554893136024475,0.7534666657447815,0.3102762699127197,0.4790162444114685,0.15027806162834167,0.013108632527291775,0.00030475331004709005
Cannabis,315374991516,post,,,,,,,0.07409726083278656,,0.9519973397254944,0.8824278712272644,0.4134771525859833,0.6731916666030884,0.270865797996521,0.017636002972722054,0.0005193048855289817
Cannabis,315385929360,pre,,,,,,,0.0023734946735203266,,0.4892594814300537,0.5024413466453552,0.1755380779504776,0.367951363325119,0.10809476673603058,0.13245843350887299,0.0004850083205383271
Cannabis,315385929360,post,,,,,,,0.5722447633743286,,0.9529258012771606,0.7065955400466919,0.5874698758125305,0.7004851698875427,0.46004632115364075,0.44504714012145996,0.2978782653808594
Cannabis,315792773928,pre,,,,,,,0.41869693994522095,,0.9993964433670044,0.7911763787269592,0.6104534864425659,0.3372035324573517,0.38444986939430237,0.0016072201542556286,0.00022167808492667973
Cannabis,315792773928,post,,,,,,,0.7486280798912048,,0.730289876461029,0.9998506307601929,0.18506188690662384,0.5414088368415833,0.025383388623595238,0.0007124460535123944,0.0004407629603520036
Cannabis,315817469748,pre,,,,,,,0.28279000520706177,,0.38537466526031494,0.4335017800331116,0.0018821860430762172,0.622459352016449,0.20008836686611176,0.9760751128196716,0.10539454221725464
Cannabis,315817469748,post,,,,,,,0.7008180618286133,,0.8374870419502258,0.7885831594467163,0.6141625642776489,0.5784481763839722,0.333720326423645,0.9983288645744324,0.03141012415289879
Cannabis,315832038948,pre,,,,,,,0.973418116569519,,0.8003801703453064,0.8796645998954773,0.7590468525886536,0.7846491932868958,0.15171778202056885,0.01590639166533947,0.0004994205664843321
Cannabis,315832038948,post,,,,,,,0.5219585299491882,,0.5874698758125305,0.9997997283935547,0.5329113602638245,0.4416729807853699,0.0011073390487581491,0.002007241826504469,0.00032503585680387914
Cannabis,315937648548,post,,,,,,,0.6064984798431396,,0.7511008977890015,0.7950222492218018,0.3670433759689331,0.5341265201568604,0.15546272695064545,0.04113302007317543,0.019846953451633453
Cannabis,316718361360,pre,,,,,,,0.2511882185935974,,0.9483462572097778,0.9909332394599915,0.4824291467666626,0.3544330596923828,0.07356305420398712,0.0016261349665001035,0.0003150386910419911
Cannabis,316718361360,post,,,,,,,0.21149824559688568,,0.8334602117538452,0.5746334791183472,0.454714298248291,0.4373428225517273,0.22936254739761353,0.18713268637657166,0.009330992586910725
Cannabis,316820418264,pre,,,,,,,0.005980329588055611,,0.9635854959487915,0.8037905693054199,0.016789520159363747,0.4177464544773102,0.04436410591006279,0.008660931140184402,0.00016766760381869972
Cannabis,316820418264,post,,,,,,,0.06916356831789017,,0.9796092510223389,0.92950439453125,0.4576214551925659,0.7150261402130127,0.17809657752513885,0.0026991667691618204,0.0002323141961824149
Cannabis,316867954212,pre,,,,,,,0.9139072895050049,,0.9240047931671143,0.999616265296936,0.9663788080215454,0.2609540522098541,0.011508148163557053,0.04809204488992691,0.0006154272705316544
Cannabis,316867954212,post,,,,,,,0.4991455078125,,0.0414477214217186,0.5760650634765625,0.9992958307266235,0.01839166320860386,0.07094483077526093,0.0006563728675246239,0.0005082724965177476
Cannabis,316893197916,pre,,,,,,,0.009642974473536015,,0.07746530324220657,0.9742149114608765,0.004503272008150816,0.0002896682999562472,0.0022019424941390753,0.0004897656035609543,0.00017536994710098952
Cannabis,316893197916,post,,,,,,,0.24662405252456665,,0.031618766486644745,0.9867516756057739,0.011452735401690006,0.0011717940215021372,0.00047842561616562307,0.0007808885420672596,0.0004869056574534625
Cannabis,316902020148,pre,,,,,,,0.9994776248931885,,0.8200374841690063,0.9998546242713928,0.9977238774299622,0.39466747641563416,0.3111128509044647,0.9983091950416565,0.8145362138748169
Cannabis,316902020148,post,,,,,,,0.042245496064424515,,0.19698062539100647,0.9984052777290344,0.14378778636455536,0.530722975730896,0.0009092752006836236,0.00041165141738019884,0.0009253849275410175
Cannabis,316926303516,pre,,,,,,,0.998275876045227,,0.16913123428821564,0.7501868605613708,0.0020467503927648067,0.23633994162082672,0.0311585683375597,0.22708344459533691,0.0008247465593740344
Cannabis,316926303516,post,,,,,,,0.998981773853302,,0.5640984773635864,0.7934262752532959,0.9153938293457031,0.5190338492393494,0.22456522285938263,0.7430747747421265,0.008461998775601387
Cannabis,316958656032,pre,,,,,,,0.01024860143661499,,0.16817277669906616,0.9996697902679443,0.4716491103172302,0.9967396855354309,0.00027159214369021356,0.00024203845532611012,0.0003785036678891629
Cannabis,316958656032,post,,,,,,,0.9982926249504089,,0.8630457520484924,0.9998968243598938,0.0010443859500810504,0.7958168387413025,0.00022167808492667973,0.00034938575117848814,0.00029137005913071334
Cannabis,316965700548,pre,,,,,,,0.8699633479118347,,0.8773717880249023,0.06287546455860138,0.0381849966943264,0.04132664203643799,0.0005517006502486765,0.42679932713508606,0.0059571536257863045
Cannabis,316965700548,post,,,,,,,0.8164429664611816,,0.7788175940513611,0.17314834892749786,0.44022858142852783,0.4239349067211151,0.21354113519191742,0.8255193829536438,0.18877221643924713
Cannabis,317025893916,pre,,,,,,,0.9035923480987549,,0.8312800526618958,0.9995158910751343,0.035519298166036606,0.06760822236537933,0.001325022429227829,0.0016809416702017188,0.00034531671553850174
Cannabis,317025893916,post,,,,,,,0.9315248131752014,,0.7237001657485962,0.9994035363197327,0.12896329164505005,0.23005372285842896,0.0006589401164092124,0.0010242065181955695,0.0001964008843060583
Cannabis,317153595348,pre,,,,,,,0.8967496752738953,,0.9968763589859009,0.9121235609054565,0.9441254138946533,0.9558990597724915,0.2179194837808609,0.8437422513961792,0.9519749283790588
Cannabis,317245731516,pre,,,,,,,0.8321002721786499,,0.0631926879286766,0.9790657758712769,0.4464946985244751,0.1837400496006012,0.010750730521976948,0.0038844766095280647,0.000331444462062791
Cannabis,317245731516,post,,,,,,,0.03989988937973976,,0.005842605605721474,0.07949569821357727,0.012042154558002949,0.027375677600502968,0.0006615174352191389,0.0005474095814861357,0.0004529758298303932
Cannabis,317287793412,post,,,,,,,0.4647858142852783,,0.6963714957237244,0.13083970546722412,0.09463585913181305,0.5,0.23370636999607086,0.9212159514427185,0.7367795705795288
Cannabis,317319329916,pre,,,,,,,0.4852338135242462,,0.07127945870161057,0.9979809522628784,0.09093711525201797,0.0029521482065320015,0.0005965039017610252,0.4746311902999878,0.9747731685638428
Cannabis,317450653812,pre,,,,,,,0.0029464049730449915,,0.2670257091522217,0.18535664677619934,0.0810093879699707,0.22168751060962677,0.10941996425390244,0.14033626019954681,0.07555068284273148
Cannabis,317450653812,post,,,,,,,0.7663810849189758,,0.9352874159812927,0.6220002174377441,0.5389832258224487,0.6675812602043152,0.47609245777130127,0.6759785413742065,0.5961980223655701
Cannabis,318880282212,pre,,,,,,,0.819532573223114,,0.5832033157348633,0.9226219058036804,0.11289317905902863,0.09704755246639252,0.06632687896490097,0.10569417476654053,0.009550157003104687
Cannabis,318880282212,post,,,,,,,0.8494411706924438,,0.8853343725204468,0.8246031999588013,0.13540348410606384,0.38792216777801514,0.25608712434768677,0.8754147291183472,0.8089743256568909
Cannabis,318887057916,pre,,,,,,,0.347537100315094,,0.9278878569602966,0.4799911677837372,0.6397360563278198,0.6029970645904541,0.3324187695980072,0.6638869047164917,0.47219669818878174
Cannabis,318951623412,pre,,,,,,,0.49340856075286865,,0.7179027199745178,0.8833366632461548,0.00024681107606738806,0.367951363325119,0.03797261044383049,0.05165378004312515,0.0002002737601287663
Cannabis,318951623412,post,,,,,,,0.9974190592765808,,0.8849372267723083,0.7158214449882507,0.3720487654209137,0.5229331254959106,0.21883626282215118,0.07999287545681,0.0009830882772803307
Cannabis,319007373516,pre,,,,,,,0.0810093879699707,,0.1441488415002823,0.9958418607711792,0.9990168809890747,0.05746681988239288,0.49536144733428955,0.9152803421020508,0.9745803475379944
Cannabis,319007373516,post,,,,,,,0.20513692498207092,,0.02700837329030037,0.9996359944343567,0.21337716281414032,0.02578047849237919,0.18579940497875214,0.4765796661376953,0.14798562228679657
Cannabis,319123378548,pre,,,,,,,0.9575564861297607,,0.004007289186120033,0.9286679625511169,0.39326849579811096,0.0021405890583992004,0.2354598045349121,0.05387426167726517,0.12629945576190948
Cannabis,319123378548,post,,,,,,,0.133584663271904,,0.9208787083625793,0.881716787815094,0.02132808044552803,0.11216174066066742,0.006692850962281227,0.00041326190694235265,0.0002658209123183042
Cannabis,319158263232,pre,,,,,,,0.9414122700691223,,0.07090460509061813,0.9956769347190857,0.4405294358730316,0.0032730649691075087,0.00030834454810246825,0.02498779259622097,0.0005714300787076354
Cannabis,319158263232,post,,,,,,,0.49343910813331604,,0.9875503778457642,0.7739006280899048,0.5917232036590576,0.7397985458374023,0.3225259780883789,0.49609383940696716,0.8179383277893066
Cannabis,319216674780,pre,,,,,,,0.9641868472099304,,0.6658452749252319,0.9984083771705627,0.796609103679657,0.6446726322174072,0.5224458575248718,0.7689067721366882,0.5268296599388123
Cannabis,319216674780,post,,,,,,,0.5220803618431091,,0.17942269146442413,0.9659237265586853,0.9965837001800537,0.5498823523521423,0.0005965038435533643,0.9566342830657959,0.0025041350163519382
Cannabis,319309766496,pre,,,,,,,0.7311545610427856,,0.8083699345588684,0.577971875667572,0.43638181686401367,0.5626571774482727,0.24908174574375153,0.24113181233406067,0.0728590339422226
Cannabis,319309766496,post,,,,,,,0.0011740822810679674,,0.48121002316474915,0.7498207092285156,0.041705526411533356,0.10980118811130524,0.07168862223625183,0.27386558055877686,0.0020348168909549713
Cannabis,319397800716,post,,,,,,,0.5498521327972412,,0.9903849363327026,0.8373541235923767,0.43470123410224915,0.7559974789619446,0.1787407547235489,0.13072869181632996,0.1253863126039505
Cannabis,319406073696,pre,,,,,,,0.7081620693206787,,0.15297888219356537,0.972362220287323,0.9928370714187622,0.03544984012842178,0.5355842709541321,0.004529616329818964,0.0006011794903315604
Cannabis,319406073696,post,,,,,,,0.898521900177002,,0.7932661771774292,0.7687331438064575,0.6486889719963074,0.6293190717697144,0.26133090257644653,0.07286728173494339,0.0009164001676253974
Cannabis,319637540664,pre,,,,,,,0.05619749054312706,,0.000697313342243433,0.4000459611415863,0.003081363858655095,0.0005132578662596643,0.0011160142021253705,0.4375831186771393,0.9911355376243591
Cannabis,319637540664,post,,,,,,,0.9584503173828125,,0.4848679304122925,0.8981428146362305,0.9889951348304749,0.32809871435165405,0.07482494413852692,0.15824751555919647,0.0025960314087569714
Cannabis,319681659348,pre,,,,,,,0.3805790841579437,,0.5734395384788513,0.6392858028411865,0.1458437740802765,0.2724114954471588,0.08079154789447784,0.012845957651734352,0.00041245590546168387
Cannabis,319681659348,post,,,,,,,0.04611974582076073,,0.9851718544960022,0.8963420987129211,0.18579941987991333,0.7744128108024597,0.39466747641563416,0.17582093179225922,0.02143023908138275
Cannabis,319948896096,post,,,,,,,0.9521087408065796,,0.8186643123626709,0.12549345195293427,0.04401351511478424,0.2123953402042389,0.060453079640865326,0.9237300753593445,0.10903988778591156
Cannabis,319984871760,pre,,,,,,,0.8086912035942078,,0.9673447608947754,0.9267690181732178,0.35042136907577515,0.6562178134918213,0.054248809814453125,0.0004313984827604145,0.00021909602219238877
Cannabis,319984871760,post,,,,,,,0.31289464235305786,,0.7978719472885132,0.7585105895996094,0.4397473931312561,0.5481897592544556,0.18257121741771698,0.3317689299583435,0.10070160031318665
Cannabis,320071743180,pre,,,,,,,0.7987760901451111,,0.38444983959198,0.5865228772163391,0.23178806900978088,0.44504714012145996,0.18417984247207642,0.9588856101036072,0.6781138181686401
Cannabis,320071743180,post,,,,,,,0.37983837723731995,,0.8548846244812012,0.6379335522651672,0.40544870495796204,0.5209837555885315,0.2140335738658905,0.0026470981538295746,0.00045121056609787047
Cannabis,320098008096,pre,,,,,,,0.9700418710708618,,0.6808785796165466,0.9987980723381042,0.6029971241950989,0.32637879252433777,0.14990434050559998,0.5156199336051941,0.10429472476243973
Cannabis,320098008096,post,,,,,,,0.04885777831077576,,0.11516223102807999,0.9643969535827637,0.0016293090302497149,0.059455517679452896,0.006338921375572681,0.0008934456272982061,0.0002152792294509709
Cannabis,321496653348,pre,,,,,,,0.9985674619674683,,0.0209893099963665,0.5602526068687439,0.9991927742958069,0.994168758392334,0.0017007224960252643,0.759002149105072,0.00418249424546957
Cannabis,321496653348,post,,,,,,,0.9897711873054504,,0.2956872880458832,0.8902942538261414,0.9997289180755615,0.9860442876815796,0.006705847568809986,0.03697755187749863,0.0065388246439397335
Cannabis,321515327232,pre,,,,,,,0.6966037154197693,,0.9793738126754761,0.9994184374809265,0.9994011521339417,0.9984421133995056,0.1626458466053009,0.9959927201271057,0.9979372620582581
Cannabis,321515327232,post,,,,,,,0.975877583026886,,0.8189902901649475,0.9843062162399292,0.9614976644515991,0.5469801425933838,0.12651513516902924,0.8932628631591797,0.7927953600883484
Cannabis,321593645232,pre,,,,,,,0.0035553425550460815,,0.01196109876036644,0.23792986571788788,0.0028615801129490137,0.0023990669287741184,0.0002627248177304864,0.0036076167598366737,0.00031442419276572764
Cannabis,321593645232,post,,,,,,,0.04220600053668022,,0.9697379469871521,0.8965234756469727,0.25720497965812683,0.7114309072494507,0.07783249020576477,0.003899620845913887,0.00035976938670501113
Cannabis,321781061232,pre,,,,,,,0.9856491684913635,,0.9339748620986938,0.9889758825302124,0.49609383940696716,0.13095077872276306,0.018415922299027443,0.99903404712677,0.0010901899076998234
Cannabis,321781061232,post,,,,,,,0.9098331928253174,,0.7811219692230225,0.9995197057723999,0.769253671169281,0.15804435312747955,0.036126427352428436,0.9995660185813904,0.0010649625910446048
Cannabis,321941185632,pre,,,,,,,0.16737596690654755,,0.8976953029632568,0.9996666312217712,0.0011717940215021372,0.5491571426391602,0.018003465607762337,0.0014186347834765911,0.00017164304153993726
Cannabis,321941185632,post,,,,,,,0.022021746262907982,,0.7577943801879883,0.9517737030982971,0.001317291520535946,0.13603350520133972,0.00036188281956128776,0.004736748524010181,0.0002663404738996178
Cannabis,322114509180,pre,,,,,,,0.42823341488838196,,0.8575296401977539,0.876634418964386,0.31573596596717834,0.6311396956443787,0.05120120942592621,0.0011380005162209272,0.00013927703548688442
Cannabis,322114509180,post,,,,,,,0.45604637265205383,,0.8796645998954773,0.8751481771469116,0.35309353470802307,0.674050509929657,0.08306849747896194,0.0016166499117389321,0.00014883848780300468
Cannabis,322203904560,pre,,,,,,,0.9948453903198242,,0.0018530593952164054,0.9942808747291565,0.07596094161272049,0.0055495332926511765,0.0006563728675246239,0.0005316132446750998,0.0005072812782600522
Cannabis,322203904560,post,,,,,,,0.6262384653091431,,0.06730107218027115,0.5578452944755554,0.2512800693511963,0.10951515287160873,0.004598383791744709,0.0006798429531045258,0.00045297580072656274
Cannabis,322204179528,pre,,,,,,,0.87700355052948,,0.038321975618600845,0.9983482956886292,0.5515737533569336,0.0007180297398008406,0.09816574305295944,0.6088266372680664,0.8254491090774536
Cannabis,322204179528,post,,,,,,,0.7602726221084595,,0.285222589969635,0.9987416863441467,0.5994851589202881,0.0011902251280844212,0.4383043050765991,0.6667138338088989,0.2546943128108978
Cannabis,322259859864,pre,,,,,,,0.7127322554588318,,0.5813031196594238,0.7759445309638977,0.5669777989387512,0.0749729722738266,0.6064984798431396,0.9993333220481873,0.021729212254285812
Cannabis,322259859864,post,,,,,,,0.9242273569107056,,0.6029970645904541,0.6787529587745667,0.999328076839447,0.6343168616294861,0.7786493301391602,0.0010302190203219652,0.05289957672357559
Cannabis,322280654148,pre,,,,,,,0.9831175208091736,,0.04933076724410057,0.9995899200439453,0.9997783303260803,0.009869393892586231,0.5394684672355652,0.8774505257606506,0.11488885432481766
Cannabis,322280654148,post,,,,,,,0.45859113335609436,,0.7329742908477783,0.5983121991157532,0.5161076784133911,0.5973730683326721,0.3023911118507385,0.2447238266468048,0.0007307537016458809
Cannabis,322300761012,pre,,,,,,,0.15218967199325562,,0.0947614386677742,0.9972397089004517,0.08985310792922974,0.03996540606021881,0.029784776270389557,0.004030743148177862,0.0009235809557139874
Cannabis,322300761012,post,,,,,,,0.9970765113830566,,0.0005861161625944078,0.9997997283935547,0.9996775388717651,0.0008559005800634623,0.00676464568823576,0.0038022249937057495,0.0008864988922141492
Cannabis,322309516212,pre,,,,,,,0.9731897711753845,,0.723504900932312,0.7585105895996094,0.34687310457229614,0.2626526653766632,0.001098731067031622,0.0004756318812724203,0.00024346046848222613
Cannabis,322309516212,post,,,,,,,0.001999431988224387,,0.8843392729759216,0.7333563566207886,0.0071214293129742146,0.18952108919620514,0.06201785430312157,0.0011832797899842262,0.003884476376697421
Cannabis,322356578148,pre,,,,,,,0.8794059753417969,,0.41679665446281433,0.9256343245506287,0.4843800961971283,0.39350154995918274,0.21634246408939362,0.3890821933746338,0.40662631392478943
Cannabis,322356578148,post,,,,,,,0.28279000520706177,,0.9278550744056702,0.9546896815299988,0.839602530002594,0.77167147397995,0.4653874933719635,0.031084951013326645,0.0005233756965026259
Cannabis,322359929748,pre,,,,,,,0.033573657274246216,,0.9699139595031738,0.700894832611084,0.14336751401424408,0.3455468416213989,0.047935813665390015,0.00622915755957365,0.0024014052469283342
Cannabis,322359929748,post,,,,,,,0.033573657274246216,,0.9699139595031738,0.700894832611084,0.14336751401424408,0.3455468416213989,0.047935813665390015,0.00622915755957365,0.0024014052469283342
Cannabis,322388382096,pre,,,,,,,0.9349319338798523,,0.9727014303207397,0.7972412705421448,0.9997981786727905,0.8811554908752441,0.1415778547525406,0.561455249786377,0.02433018945157528
Cannabis,322388382096,post,,,,,,,0.36954256892204285,,0.2632204294204712,0.14730969071388245,0.22988080978393555,0.3473156988620758,0.06779313832521439,0.07716920971870422,0.007647324353456497
Cannabis,322434896832,pre,,,,,,,0.020177317783236504,,0.95008784532547,0.9993674755096436,0.0024582131300121546,0.013467123731970787,0.0006474658148363233,0.0008761799545027316,0.0002152792294509709
Cannabis,322434896832,post,,,,,,,0.8663588166236877,,0.5836780667304993,0.9976586103439331,0.8574103713035583,0.915808916091919,0.06661470979452133,0.5009765625,0.0009678616188466549
Cannabis,322466697360,pre,,,,,,,0.9567959904670715,,0.8152324557304382,0.9997028708457947,0.1467585414648056,0.03390195965766907,0.008881675079464912,0.0007763299508951604,0.0020229530055075884
Cannabis,322466697360,post,,,,,,,0.1274895966053009,,0.0005410356097854674,0.963191568851471,0.04727169871330261,0.0001572034670971334,0.07159119099378586,0.007680746726691723,0.0005988371558487415
Cannabis,322488314496,pre,,,,,,,0.0754484310746193,,0.5192775726318359,0.8305941224098206,0.3420219123363495,0.5539879202842712,0.4692770540714264,0.9996922612190247,0.0012231789296492934
Cannabis,322488314496,post,,,,,,,0.6975123286247253,,0.9480103254318237,0.9386322498321533,0.033526163548231125,0.596433162689209,0.00415816018357873,0.001429745345376432,0.0002824080584105104
Cannabis,322599736044,pre,,,,,,,0.5717666149139404,,0.9344250559806824,0.7142295241355896,0.7390459179878235,0.7004851698875427,0.4411914050579071,0.2689414322376251,0.0859583243727684
Cannabis,322599736044,post,,,,,,,0.3123700022697449,,0.8681575655937195,0.6749081015586853,0.3670433759689331,0.554470419883728,0.15739570558071136,0.06250248849391937,0.009467379190027714
Cannabis,322693443360,pre,,,,,,,0.626067042350769,,0.6617043018341064,0.0004664365842472762,0.997607946395874,0.9746165871620178,0.14706450700759888,0.01421335618942976,0.026657739654183388
Cannabis,322693443360,post,,,,,,,0.6520198583602905,,0.6506892442703247,0.5950219631195068,0.9947773814201355,0.8142005801200867,0.3702254295349121,0.2140335589647293,0.02477455511689186
Cannabis,322694606844,pre,,,,,,,0.8226882815361023,,0.7162185907363892,0.537041425704956,0.6169358491897583,0.6311397552490234,0.4258439838886261,0.9984781742095947,0.031055552884936333
Cannabis,322694606844,post,,,,,,,0.9798033833503723,,0.47414419054985046,0.3293917179107666,0.274545818567276,0.4799911379814148,0.29380956292152405,0.9942586421966553,0.47244006395339966
Cannabis,322707128148,pre,,,,,,,0.9424273371696472,,0.21518577635288239,0.07075196504592896,0.4960938096046448,0.332852303981781,0.14718705415725708,0.756717324256897,0.9553295969963074
Cannabis,322707128148,post,,,,,,,0.9862179160118103,,0.9498673677444458,0.06689800322055817,0.19147881865501404,0.4002804458141327,0.00041326196515001357,0.403919517993927,0.0027683854568749666
Cannabis,322846727760,pre,,,,,,,0.41063809394836426,,0.010358141735196114,0.8703770637512207,0.9644556045532227,0.042285025119781494,0.0009850083151832223,0.9588856101036072,0.0025409928057342768
Cannabis,322846727760,post,,,,,,,0.9854264259338379,,0.7170118093490601,0.5727227926254272,0.9998867511749268,0.7189891338348389,0.448426216840744,0.005620036274194717,0.005343256052583456
Cannabis,323585037360,pre,,,,,,,0.6855548620223999,,0.7670797109603882,0.6886778473854065,0.398406445980072,0.769253671169281,0.25645938515663147,0.9064877033233643,0.8159668445587158
Cannabis,323585037360,post,,,,,,,0.9561454653739929,,0.9782603979110718,0.9214990139007568,0.7183968424797058,0.9004422426223755,0.5312093496322632,0.9163345098495483,0.8330531120300293
Cannabis,323625872160,post,,,,,,,0.7779331207275391,,0.9703243374824524,0.857171356678009,0.17890208959579468,0.28279000520706177,0.014489629305899143,0.0016484827501699328,0.00040448151412419975
Cannabis,323640445464,pre,,,,,,,0.3722769618034363,,0.3937346339225769,0.438785195350647,0.3464307188987732,0.35936418175697327,0.0650087296962738,0.00018342601833865047,0.00012706266716122627
Cannabis,323640445464,post,,,,,,,0.7739219665527344,,0.5051267743110657,0.30321571230888367,0.9993306398391724,0.5268296599388123,0.16572807729244232,0.0014381353976204991,0.0037507887464016676
Cannabis,323689213296,post,,,,,,,0.2604835033416748,,0.9947748184204102,0.9295684099197388,0.5997195839881897,0.030178839340806007,0.025026489049196243,0.0029636684339493513,0.00029023445677012205
Cannabis,323733401748,pre,,,,,,,0.0027683856897056103,,0.6480209827423096,0.6160122752189636,0.1325145661830902,0.23196198046207428,0.14354749023914337,0.007211757358163595,0.16158467531204224
Cannabis,323733401748,post,,,,,,,0.0027362213004380465,,0.6480209827423096,0.6150878667831421,0.13753245770931244,0.23757591843605042,0.14829371869564056,0.007504157721996307,0.15921740233898163
Cannabis,323790307128,pre,,,,,,,0.8392733931541443,,0.02881619706749916,0.7610060572624207,0.5370413661003113,0.45132651925086975,0.0008103873115032911,0.024399833753705025,0.047691281884908676
Cannabis,323790307128,post,,,,,,,0.685265302658081,,0.013649977743625641,0.17709815502166748,0.27318641543388367,0.7512833476066589,0.005089918151497841,0.43086564540863037,0.32611045241355896
Cannabis,323845780896,pre,,,,,,,0.8422802090644836,,0.8446654081344604,0.5607337951660156,0.5588085651397705,0.5674573183059692,0.36071422696113586,0.9372251629829407,0.6836307048797607
Cannabis,323845780896,post,,,,,,,0.44477578997612,,0.8737543821334839,0.0006487308419309556,0.509276270866394,0.4225046634674072,0.18772760033607483,0.1766005903482437,0.01366313174366951
Cannabis,323920475064,pre,,,,,,,0.9238675236701965,,0.40333178639411926,0.967333197593689,0.8385475873947144,0.11095189303159714,0.0008056567166931927,0.00161350064445287,0.00042471312917768955
Cannabis,323920475064,post,,,,,,,0.9291356205940247,,0.622229814529419,0.6601724028587341,0.8599580526351929,0.5248817205429077,0.382602721452713,0.8474003672599792,0.6768335700035095
Cannabis,323935043580,pre,,,,,,,0.31048527359962463,,0.00035143824061378837,0.7345005869865417,0.09409338235855103,0.0001653912477195263,0.03840303048491478,0.19544048607349396,0.05849355831742287
Cannabis,323935043580,post,,,,,,,0.8648250102996826,,0.9408441185951233,0.7150261402130127,0.6293190717697144,0.6817267537117004,0.22034242749214172,0.00333091476932168,0.005774930119514465
Cannabis,324016918380,pre,,,,,,,0.6927459239959717,,0.011846235021948814,0.9604354500770569,0.6043989062309265,0.0007422527996823192,0.008916127495467663,0.31938669085502625,0.4005148410797119
Cannabis,324016918380,post,,,,,,,0.5516643524169922,,0.0060386634431779385,0.9983675479888916,0.28383100032806396,0.000398213102016598,0.0020072420593351126,0.21178337931632996,0.022542966529726982
Cannabis,324062475516,pre,,,,,,,0.4854167699813843,,0.0006226772675290704,0.995685338973999,0.006666931789368391,0.00033079797867685556,0.00027372167096473277,0.001911769388243556,0.00024346046848222613
Cannabis,324062475516,post,,,,,,,0.1696464866399765,,0.0005725465598516166,0.9937101006507874,0.01400956604629755,0.00035557945375330746,0.0002710623375605792,0.0005285090883262455,0.00019147786952089518
Cannabis,324099064044,pre,,,,,,,0.7325440049171448,,0.7654180526733398,0.9995899200439453,0.5973730087280273,0.27260512113571167,0.015123452059924603,0.0572160929441452,0.016753286123275757
Cannabis,324099064044,post,,,,,,,0.5360700488090515,,0.8514593839645386,0.6242935061454773,0.590779185295105,0.6311397552490234,0.4450471103191376,0.4532618820667267,0.2954331338405609
Cannabis,324382650444,pre,,,,,,,0.34048518538475037,,0.006890459917485714,0.2643583416938782,0.7898827195167542,0.22456520795822144,0.0033667676616460085,0.9793540835380554,0.2502480149269104
Cannabis,324382650444,post,,,,,,,0.9772842526435852,,0.7327830791473389,0.7325918078422546,0.4323030114173889,0.5034179091453552,0.003937738481909037,0.01065251138061285,0.000716629670932889
Cannabis,324383265360,pre,,,,,,,0.9913390874862671,,0.0023596608079969883,0.5626571774482727,0.005620036274194717,0.0031115084420889616,0.00021995337738189846,0.41004741191864014,0.0002764070814009756
Cannabis,324383265360,post,,,,,,,0.1809011697769165,,0.7354041337966919,0.914976954460144,0.5537843704223633,0.4421547055244446,0.0018895388348028064,0.9762199521064758,0.993561863899231
Cannabis,324482381064,post,,,,,,,0.011984201148152351,,0.0011809737188741565,0.29057809710502625,0.0001628275349503383,0.07303238660097122,0.025338130071759224,0.025154883041977882,0.5190337300300598
Cannabis,324510290316,pre,,,,,,,0.33725470304489136,,0.000956596399191767,0.36931508779525757,0.9995858669281006,0.1540575623512268,0.24635200202465057,0.004996814765036106,0.0012570442631840706
Cannabis,324510290316,post,,,,,,,0.9933846592903137,,0.7070003151893616,0.6410853862762451,0.45471426844596863,0.545285701751709,0.314050555229187,0.5209837555885315,0.09264672547578812
Cannabis,324632247516,pre,,,,,,,0.8994972109794617,,0.7176059484481812,0.40922078490257263,0.5855752229690552,0.5034179091453552,0.12732674181461334,0.004356845282018185,0.0005849732551723719
Cannabis,324632247516,post,,,,,,,0.9692369699478149,,0.7205649614334106,0.6329566240310669,0.6540113091468811,0.5827285051345825,0.2564593553543091,0.020405426621437073,0.0026112475898116827
Cannabis,324806187348,pre,,,,,,,0.534885823726654,,0.0011291546979919076,0.988447368144989,0.9877350926399231,0.0010302190203219652,0.0013723686570301652,0.22388572990894318,0.000971645989920944
Cannabis,324806187348,post,,,,,,,0.7138307690620422,,0.5443170070648193,0.6800292730331421,0.6406358480453491,0.47609245777130127,0.4455295205116272,0.227812722325325,0.2393493354320526
Cannabis,325705305348,pre,,,,,,,0.9931361675262451,,0.8823265433311462,0.9476723670959473,0.9360515475273132,0.6233768463134766,0.2254166156053543,0.001113839098252356,0.0008899655658751726
Cannabis,325705305348,post,,,,,,,0.9521087408065796,,0.6982265710830688,0.14235107600688934,0.5462540984153748,0.6011253595352173,0.4007493853569031,0.4975586533546448,0.7045668363571167
Cannabis,325791216432,pre,,,,,,,0.3385143280029297,,0.6746938228607178,0.6160122752189636,0.5760650634765625,0.5273165106773376,0.2391716092824936,0.9562068581581116,0.13184243440628052
Cannabis,325791216432,post,,,,,,,0.1942722648382187,,0.0024534284602850676,0.3437821865081787,0.28145959973335266,0.0005930211045779288,0.0006628098781220615,0.003010198939591646,0.00045386096462607384
Cannabis,325862962560,pre,,,,,,,0.9883353114128113,,0.09463585913181305,0.42919012904167175,0.6001883745193481,0.40098389983177185,0.20040114223957062,0.9601748585700989,0.4397473633289337
Cannabis,325862962560,post,,,,,,,0.5958453416824341,,0.17652960121631622,0.997285008430481,0.1284157931804657,0.21758680045604706,0.01032815221697092,0.4081588387489319,0.00851130299270153
Cannabis,325973500380,pre,,,,,,,0.9957766532897949,,0.9351543188095093,0.8955227136611938,0.2925952672958374,0.010199190117418766,0.0019154995679855347,0.17567944526672363,0.0008847707649692893
Cannabis,325973500380,post,,,,,,,0.85542893409729,,0.7722731232643127,0.41182032227516174,0.5136684775352478,0.46976348757743835,0.3791484832763672,0.9827903509140015,0.8451692461967468
Cannabis,326105443980,pre,,,,,,,0.9994956851005554,,0.34246155619621277,0.7659436464309692,0.3048688769340515,0.21766993403434753,0.023670068010687828,0.011288073845207691,0.0006719277589581907
Cannabis,326105443980,post,,,,,,,0.6351092457771301,,0.0004503306117840111,0.9953927397727966,0.2577650845050812,0.00025814815307967365,0.05490385368466377,0.7381031513214111,0.000398213102016598
Cannabis,326118436560,pre,,,,,,,0.2918883264064789,,0.8621196746826172,0.9992371797561646,0.3988746702671051,0.34422293305397034,0.05332932621240616,0.0019043302163481712,0.0003822166472673416
Cannabis,326118436560,post,,,,,,,0.7813305854797363,,0.9797646403312683,0.9964134097099304,0.9343540072441101,0.042662329971790314,0.7200731039047241,0.12635333836078644,0.0038618696853518486
Cannabis,326166322716,pre,,,,,,,0.9502265453338623,,0.7518304586410522,0.8899121284484863,0.2324843555688858,0.22371606528759003,0.021961361169815063,0.0766846090555191,0.0006324767600744963
Cannabis,326166322716,post,,,,,,,0.9502265453338623,,0.7518304586410522,0.8899121284484863,0.2324843555688858,0.22371606528759003,0.021961361169815063,0.0766846090555191,0.0006324767600744963
Cannabis,326278086264,pre,,,,,,,0.10800065100193024,,0.0005378763889893889,0.6636689901351929,0.24113182723522186,0.003157277824357152,0.0035277721472084522,0.008348054252564907,0.0002824080584105104
Cannabis,326278086264,post,,,,,,,0.9010969400405884,,0.0005452766199596226,0.9997063279151917,0.27396270632743835,0.00026426833937875926,0.036408018320798874,0.1569429486989975,0.03302355483174324
Cannabis,326295594612,pre,,,,,,,0.9219569563865662,,0.005571132525801659,0.9973270297050476,0.9819965362548828,0.0062050228007137775,0.00020105745352339,0.0032794426660984755,0.0003333915665280074
Cannabis,326295594612,post,,,,,,,0.9515715837478638,,0.15555089712142944,0.9739808440208435,0.9316182136535645,0.34886693954467773,0.015247590839862823,0.00911681167781353,0.0008119703852571547
Cannabis,326310098832,post,,,,,,,0.02748069167137146,,0.897560715675354,0.6039318442344666,0.31784960627555847,0.46101677417755127,0.14128141105175018,0.006797531619668007,0.0015885253669694066
Cannabis,326440400832,pre,,,,,,,0.9308050274848938,,0.9410510063171387,0.9971523284912109,0.7304821610450745,0.333720326423645,0.005184746813029051,0.0013939501950517297,0.00025915823061950505
Cannabis,326440400832,post,,,,,,,0.6359010338783264,,0.8587185740470886,0.00014942092821002007,0.5126925706863403,0.01260366477072239,0.0002497196546755731,0.0075919427908957005,0.0003083445189986378
Cannabis,326445730560,pre,,,,,,,0.8905086517333984,,0.9867261052131653,0.8644249439239502,0.6627418994903564,0.000539980421308428,0.0003466678026597947,0.1517806202173233,0.0005431519821286201
Cannabis,326445730560,post,,,,,,,0.6688802242279053,,0.31615808606147766,0.17314836382865906,0.7399865388870239,0.48584362864494324,0.18213440477848053,0.37799975275993347,0.18937112390995026
Cannabis,326513041632,pre,,,,,,,0.6803479194641113,,0.9002670049667358,0.5053708553314209,0.6680145859718323,0.7341195344924927,0.5136684775352478,0.4099292457103729,0.9985923767089844
Cannabis,326513041632,post,,,,,,,0.6067315340042114,,0.7739006280899048,0.7476159334182739,0.5973730087280273,0.6274948120117188,0.509276270866394,0.46587345004081726,0.33111974596977234
Cannabis,326513858328,pre,,,,,,,0.5,,0.8766607642173767,0.00043733438360504806,0.7126322984695435,0.3670433759689331,0.17695587873458862,0.24050693213939667,0.0024296436458826065
Cannabis,326513858328,post,,,,,,,0.6576157212257385,,0.4851118326187134,0.8316906094551086,0.37536296248435974,0.7214489579200745,0.4632014036178589,0.9659196138381958,0.938010573387146
Cannabis,326591356896,pre,,,,,,,0.672331690788269,,0.9243810772895813,0.7082125544548035,0.6749081015586853,0.6265812516212463,0.4201236963272095,0.0014103584690019488,0.01600605994462967
Cannabis,326591356896,post,,,,,,,0.884912371635437,,0.32523584365844727,0.9903803467750549,0.7680379748344421,0.0033700461499392986,0.48194143176078796,0.8699356913566589,0.021064694970846176
Cannabis,326616460380,pre,,,,,,,0.7624903917312622,,0.8508408665657043,0.9952030777931213,0.473900705575943,0.29746994376182556,0.08057423681020737,0.0017961491830646992,0.0015247863484546542
Cannabis,326616460380,post,,,,,,,0.5596811771392822,,0.993129551410675,0.7098243832588196,0.5796383619308472,0.7362110018730164,0.2266124188899994,0.5684158205986023,0.7319216728210449
Cannabis,326668168044,pre,,,,,,,0.9970363974571228,,0.9939024448394775,0.9368651509284973,0.7025300860404968,0.5034179091453552,0.054324015974998474,0.0011116681853309274,0.00045033058268018067
Cannabis,326668168044,post,,,,,,,0.9803938865661621,,0.16735470294952393,0.879767894744873,0.32082128524780273,0.11446747183799744,0.09113914519548416,0.03577106446027756,0.004231587052345276
Cannabis,326671658496,pre,,,,,,,0.4700067639350891,,0.7959755063056946,0.32338011264801025,0.5510905981063843,0.5784481763839722,0.377540647983551,0.7659436464309692,0.73829185962677
Cannabis,326687595012,pre,,,,,,,0.09955772012472153,,0.843766450881958,0.6851073503494263,0.18624302744865417,0.18213440477848053,0.002906512701883912,0.0004802972252946347,0.00025814815307967365
Cannabis,326687595012,post,,,,,,,0.9923933744430542,,0.9702681303024292,0.9966642260551453,0.002621440915390849,0.05939411744475365,0.001730829942971468,0.0013617033837363124,0.0003521250619087368
Cannabis,326813589864,pre,,,,,,,0.9995939135551453,,0.10475175082683563,0.9883829951286316,0.9998655319213867,0.2729925513267517,0.19667187333106995,0.9821683764457703,0.00872826762497425
Cannabis,326813589864,post,,,,,,,0.9796092510223389,,0.7696001529693604,0.4450470805168152,0.5997195839881897,0.16000336408615112,0.8840408325195312,0.25367608666419983,0.0031974867451936007
Cannabis,326914750044,pre,,,,,,,0.9968945384025574,,0.00970847625285387,0.9993461966514587,0.2577650547027588,0.08819004148244858,0.04954301938414574,0.027585281059145927,0.0004802972252946347
Cannabis,326914750044,post,,,,,,,0.25912195444107056,,0.0021912408992648125,0.9993798136711121,0.07942426949739456,0.0028009270317852497,0.012588480487465858,0.009689717553555965,0.0006905414629727602
Cannabis,326915164548,pre,,,,,,,0.9974982738494873,,0.2762998342514038,0.9992098808288574,0.6399610638618469,0.013499596156179905,0.022382142022252083,0.39570319652557373,0.5113506317138672
Cannabis,326915164548,post,,,,,,,0.8911496996879578,,0.0009181901114061475,0.9997316002845764,0.9996374249458313,0.5009765028953552,0.0033309145364910364,0.1710612028837204,0.0009217805345542729
Cannabis,328337065116,pre,,,,,,,0.8214025497436523,,0.19651763141155243,0.7585105895996094,0.7895584106445312,0.38861802220344543,0.08203306049108505,0.008364237844944,0.0006745558930560946
Cannabis,328337065116,post,,,,,,,0.19849108159542084,,0.17938674986362457,0.5126926302909851,0.6739432215690613,0.44601204991340637,0.4356614351272583,0.9114953279495239,0.6899327039718628
Cannabis,328362096096,pre,,,,,,,0.9555686116218567,,0.0030219450127333403,0.9991943836212158,0.9777616262435913,0.0026316738221794367,0.004442394711077213,0.01919744908809662,0.00046371284406632185
Cannabis,328362096096,post,,,,,,,0.9846198558807373,,0.031499382108449936,0.9997813105583191,0.9905509352684021,0.014566524885594845,0.0008509045001119375,0.0007763300091028214,0.0002203832846134901
Cannabis,328386378096,pre,,,,,,,0.9216930866241455,,0.3312278687953949,0.9817838072776794,0.7405497431755066,0.17624583840370178,0.015189048834145069,0.0030219447799026966,0.0003966611984651536
Cannabis,328386378096,post,,,,,,,0.31742626428604126,,0.7977144122123718,0.8380180597305298,0.5879430770874023,0.6761924028396606,0.4082767963409424,0.0008263576892204583,0.00016346470511052758
Cannabis,328405054716,pre,,,,,,,0.9740920066833496,,0.0017891592578962445,0.9977172017097473,0.9994868040084839,0.024739187210798264,0.013222821056842804,0.0019877743907272816,0.01720971241593361
Cannabis,328405054716,post,,,,,,,0.5918412208557129,,0.002178466646000743,0.9996294975280762,0.011190402321517467,0.00047656134120188653,0.00031565441167913377,0.001889538485556841,0.0002425115671940148
Cannabis,328670034264,pre,,,,,,,0.9661878347396851,,0.6270381212234497,0.9997721314430237,0.8024007678031921,0.4205995798110962,0.023607732728123665,0.41814738512039185,0.010860331356525421
Cannabis,328670034264,post,,,,,,,0.6202191114425659,,0.5146442651748657,0.9995408058166504,0.12294379621744156,0.10748431086540222,0.0020368010737001896,0.0011203773319721222,0.0002994447131641209
Cannabis,329088025296,pre,,,,,,,0.5632278323173523,,0.45513805747032166,0.9977656006813049,0.8775981664657593,0.011485951952636242,0.0028671587351709604,0.05310790613293648,0.008821701630949974
Cannabis,329088025296,post,,,,,,,0.7202453017234802,,0.013007947243750095,0.9949617385864258,0.7927852272987366,0.03725238889455795,0.03938866779208183,0.00022871331020724028,0.00016282752039842308
Cannabis,329266000728,pre,,,,,,,0.7867201566696167,,0.6043989062309265,0.48681944608688354,0.11201595515012741,0.43782347440719604,0.042245492339134216,0.0011855904012918472,0.0004165018326602876
Cannabis,329266000728,post,,,,,,,0.9587699770927429,,0.8159668445587158,0.6477982401847839,0.7369689345359802,0.5214711427688599,0.16694685816764832,0.0020911062601953745,0.00043308618478477
Cannabis,329277080844,pre,,,,,,,0.4902355968952179,,0.5789243578910828,0.5808276534080505,0.8092759847640991,0.5043944120407104,0.3711366057395935,0.008745182305574417,0.04038906842470169
Cannabis,329277080844,post,,,,,,,0.891703188419342,,0.5597714185714722,0.9501803517341614,0.998879611492157,0.27943506836891174,0.0938439592719078,0.022116588428616524,0.0008642927859909832
Cannabis,329286656160,pre,,,,,,,0.7140800952911377,,0.811937153339386,0.6575384140014648,0.43494126200675964,0.4445647895336151,0.05687464401125908,0.4318237900733948,0.20769640803337097
Cannabis,329286656160,post,,,,,,,0.38783884048461914,,0.9360990524291992,0.35667070746421814,0.4014531075954437,0.6951311230659485,0.009869394823908806,0.8901033401489258,0.6027632355690002
Cannabis,329313745980,pre,,,,,,,0.6062654256820679,,0.8754679560661316,0.6509111523628235,0.4804787039756775,0.5741559863090515,0.22901752591133118,0.0007962780073285103,0.000250207755016163
Cannabis,329313745980,post,,,,,,,0.7287483215332031,,0.8382830023765564,0.6791787147521973,0.6043989062309265,0.6242935657501221,0.46101677417755127,0.43926623463630676,0.1458437591791153
Cannabis,329325577812,pre,,,,,,,0.8310059905052185,,0.8656363487243652,0.9994663000106812,0.3042483627796173,0.09244170039892197,0.011125752702355385,0.39770445227622986,0.008124709129333496
Cannabis,329325577812,post,,,,,,,0.7303109169006348,,0.29098087549209595,0.7405498623847961,0.18997152149677277,0.22034242749214172,0.22168749570846558,0.10970577597618103,0.0014693213161081076
Cannabis,329344181928,post,,,,,,,0.8719663023948669,,0.8236123323440552,0.6522414088249207,0.7070003151893616,0.6918097734451294,0.2806163728237152,0.000697313342243433,0.0012893283274024725
Cannabis,329345483580,pre,,,,,,,0.8929365873336792,,0.05693360045552254,0.9932024478912354,0.7174080014228821,0.29320207238197327,0.6545636057853699,0.14712578058242798,0.0016908030956983566
Cannabis,329345483580,post,,,,,,,0.4663594961166382,,0.22388572990894318,0.5087881684303284,0.5573635101318359,0.1716158092021942,0.2351084053516388,0.2359876036643982,0.040417466312646866
Cannabis,329356699812,pre,,,,,,,0.17369955778121948,,0.6817267537117004,0.7509182691574097,0.5912513136863708,0.5239075422286987,0.42895087599754333,0.1751144826412201,0.20291663706302643
Cannabis,329356699812,post,,,,,,,0.921322226524353,,0.6727617979049683,0.5195213556289673,0.9993663430213928,0.47219666838645935,0.2889702320098877,0.29401224851608276,0.28736767172813416
Cannabis,329362716960,pre,,,,,,,0.8422639966011047,,0.776961624622345,0.9993587732315063,0.5126925706863403,0.2203424572944641,0.3083985149860382,0.4165593087673187,0.13683892786502838
Cannabis,329362716960,post,,,,,,,0.5901002287864685,,0.00040924744098447263,0.9968641400337219,0.3619536757469177,0.0003199982165824622,0.0027202789206057787,0.8609546422958374,0.0002835130726452917
Cannabis,329385221928,pre,,,,,,,0.8292069435119629,,0.8004581332206726,0.7629542946815491,0.32018327713012695,0.0368993878364563,0.003350423416122794,0.008536061272025108,0.0006745558930560946
Cannabis,329385221928,post,,,,,,,0.4490604102611542,,0.9846346378326416,0.9565150141716003,0.7958168387413025,0.13869494199752808,0.056809201836586,0.012383786030113697,0.0027308969292789698
Cannabis,329391793116,pre,,,,,,,0.9884361624717712,,0.0010282108560204506,0.997468888759613,0.44987595081329346,0.011239132843911648,0.021284807473421097,0.007968814112246037,0.12656909227371216
Cannabis,329391793116,post,,,,,,,0.8164063692092896,,0.0007166297291405499,0.9941003918647766,0.7839884161949158,0.00031503866193816066,0.12896330654621124,0.8635067939758301,0.0006825019372627139
Cannabis,329421818664,pre,,,,,,,0.14321765303611755,,0.8611883521080017,0.00014091856428422034,0.5170831680297852,0.0012113065458834171,0.004302120301872492,0.0003912771353498101,0.0003755592624656856
Cannabis,329421818664,post,,,,,,,0.7655933499336243,,0.8935883045196533,0.6976089477539062,0.61555016040802,0.7490872740745544,0.5375269651412964,0.25645938515663147,0.587706446647644
Cannabis,329435021232,pre,,,,,,,0.1531054675579071,,0.9908920526504517,0.039213526993989944,0.9994827508926392,0.2366926223039627,0.02317550964653492,0.9978257417678833,0.0015669888816773891
Cannabis,329435021232,post,,,,,,,0.06518702954053879,,0.9556927680969238,0.003422935027629137,0.7442499399185181,0.5226895213127136,0.03231378272175789,0.9912208914756775,0.002560870721936226
Cannabis,329454786096,pre,,,,,,,0.7741568088531494,,0.8856315016746521,0.7690801620483398,0.61555016040802,0.5399537086486816,0.004390866495668888,0.05018060281872749,0.0003366621967870742
Cannabis,329454786096,post,,,,,,,0.004783010575920343,,0.0007524628308601677,0.9666001796722412,0.674050509929657,0.009864622727036476,0.04284217208623886,0.09117958694696426,0.0003250358277000487
Cannabis,329485223412,pre,,,,,,,0.6727617979049683,,0.12210387736558914,0.9947032332420349,0.5112285614013672,0.14330755174160004,0.05608105659484863,0.9980807304382324,0.05845324322581291
Cannabis,329485223412,post,,,,,,,0.14116299152374268,,0.39793840050697327,0.6540113687515259,0.285770446062088,0.4040370583534241,0.3670433759689331,0.9949100613594055,0.332852303981781
Cannabis,329562035244,pre,,,,,,,0.9554855823516846,,0.10466020554304123,0.9708539843559265,0.24364244937896729,0.22936256229877472,0.0009907910134643316,0.010086438618600368,0.0005152656813152134
Cannabis,329562035244,post,,,,,,,0.73189777135849,,0.004690933041274548,0.9995915293693542,0.19713515043258667,0.0014241792960092425,0.0054639652371406555,0.004556113854050636,0.0014158706180751324
Cannabis,329587821360,pre,,,,,,,0.5602526664733887,,0.8908652067184448,0.7918210625648499,0.5798763036727905,0.7000752687454224,0.39094075560569763,0.3086068034172058,0.02895316109061241
Cannabis,329587821360,post,,,,,,,0.0024438865948468447,,0.0002835130726452917,0.6111499071121216,0.0003288660373073071,0.0002930818300228566,0.0008231385727412999,0.006837205030024052,0.0002684288483578712
Cannabis,329589326160,pre,,,,,,,0.9770883321762085,,0.9803844690322876,0.791176438331604,0.7386690378189087,0.5992506146430969,0.04193297401070595,0.07072789967060089,0.0015669888816773891
Cannabis,329589326160,post,,,,,,,0.7797204852104187,,0.9491062760353088,0.849846601486206,0.730289876461029,0.6649755835533142,0.17175468802452087,0.01277802512049675,0.0003640087088569999
Cannabis,330411837528,pre,,,,,,,0.758622407913208,,0.012077060528099537,0.4222663938999176,0.002132261637598276,0.0012743262341246009,0.0025065753143280745,0.001622966956347227,0.0008056567166931927
Cannabis,330411837528,post,,,,,,,0.38288116455078125,,0.9870170950889587,0.8807714581489563,0.5592900514602661,0.7652426958084106,0.20236437022686005,0.38237202167510986,0.7154923677444458
Cannabis,330538103244,pre,,,,,,,0.08870180696249008,,0.6961649060249329,0.9537942409515381,0.020410308614373207,0.6306849122047424,0.01295164693146944,0.0026678042486310005,0.0007672923966310918
Cannabis,330538103244,post,,,,,,,0.014531522989273071,,0.801780641078949,0.8125699758529663,0.07450025528669357,0.6270381212234497,0.24762338399887085,0.05516413599252701,0.0007854739087633789
Cannabis,330632295516,pre,,,,,,,0.6934534907341003,,0.9667574167251587,0.997986912727356,0.6540113687515259,0.6781138181686401,0.2247353047132492,0.015116182155907154,0.0767010822892189
Cannabis,330632295516,post,,,,,,,0.8446654081344604,,0.9332789778709412,0.9352282881736755,0.6143940091133118,0.47852885723114014,0.0030664007645100355,0.0014269596431404352,0.00033996489946730435
Cannabis,330682908780,pre,,,,,,,0.0903133898973465,,0.39817240834236145,0.7106282711029053,0.057785023003816605,0.1792430281639099,0.0403796061873436,0.014063626527786255,0.0006487308419309556
Cannabis,330682908780,post,,,,,,,0.11853807419538498,,0.1619819551706314,0.6779006123542786,0.11255131661891937,0.2628418505191803,0.16572809219360352,0.338733047246933,0.1516549289226532
Cannabis,330730649244,pre,,,,,,,0.05934639647603035,,0.4970703423023224,0.33676713705062866,0.18624302744865417,0.2766905128955841,0.1619819551706314,0.020483043044805527,0.04312337189912796
Cannabis,330730649244,post,,,,,,,0.9989119172096252,,0.7367795705795288,0.5664982199668884,0.6548947691917419,0.6774739623069763,0.16013464331626892,0.8087478280067444,0.059101544320583344
Cannabis,330737286096,pre,,,,,,,0.7471953630447388,,0.24526572227478027,0.98382967710495,0.3279373049736023,0.9630659222602844,0.00047101182281039655,0.0014779430348426104,0.0010024585062637925
Cannabis,330737286096,post,,,,,,,0.23952718079090118,,0.6270381212234497,0.9587313532829285,0.2927974760532379,0.6757645606994629,0.03561141714453697,0.00032187814940698445,0.00016931274149101228
Cannabis,330822715644,post,,,,,,,0.9487749934196472,,0.737205445766449,0.6413100957870483,0.32359379529953003,0.3176378905773163,0.04348750039935112,0.9261202216148376,0.8800774812698364
Cannabis,330853152960,pre,,,,,,,0.958304226398468,,0.8827314972877502,0.6922260522842407,0.4522939920425415,0.565058708190918,0.17023195326328278,0.3482017517089844,0.26664361357688904
Cannabis,330853152960,post,,,,,,,0.9973373413085938,,0.98497074842453,0.9944477677345276,0.8447615504264832,0.008686121553182602,0.997908890247345,0.002132261637598276,0.004591683391481638
Cannabis,330983937864,pre,,,,,,,0.2258431613445282,,0.920325517654419,0.8285229802131653,0.5297499895095825,0.45665207505226135,0.21700547635555267,0.04819273203611374,0.011630993336439133
Cannabis,330983937864,post,,,,,,,0.13201020658016205,,0.6553360819816589,0.7114309072494507,0.23196199536323547,0.43206340074539185,0.09973295032978058,0.010745537467300892,0.0007466113893315196
Cannabis,330992489232,pre,,,,,,,0.8211516737937927,,0.8200374841690063,0.5263427495956421,0.2538610100746155,0.5770187377929688,0.2747403681278229,0.10837754607200623,0.013775450177490711
Cannabis,330992489232,post,,,,,,,0.8211516737937927,,0.8200374841690063,0.5263427495956421,0.2538610100746155,0.5770187377929688,0.2747403681278229,0.10837754607200623,0.013775450177490711
Cannabis,331066087632,pre,,,,,,,0.7697299718856812,,0.22000709176063538,0.7166153788566589,0.545285701751709,0.4148988127708435,0.2940122187137604,0.9353353977203369,0.8743323087692261
Cannabis,331066087632,post,,,,,,,0.37287619709968567,,0.0006576552405022085,0.156491219997406,0.8330913186073303,0.0007152324542403221,0.0007509956485591829,0.9931628108024597,0.00301606603898108
Cannabis,331199533980,pre,,,,,,,0.41679665446281433,,0.7275885343551636,0.740174412727356,0.42107561230659485,0.5664982795715332,0.3923368752002716,0.3090237081050873,0.097906693816185
Cannabis,331199533980,post,,,,,,,0.09717600047588348,,0.847873330116272,0.9986646175384521,0.31111282110214233,0.10500386357307434,0.12278593331575394,0.0020111582707613707,0.00018128944793716073
Cannabis,331428197232,pre,,,,,,,0.21771150827407837,,0.1718241572380066,0.4941408932209015,0.9994263052940369,0.12940272688865662,0.011915021575987339,0.1233656257390976,0.0893353521823883
Cannabis,331428197232,post,,,,,,,0.866075873374939,,0.9858344793319702,0.9589385986328125,0.1296229362487793,0.6164741516113281,0.12921032309532166,0.003117572283372283,0.0011357826879248023
Cannabis,331497006264,pre,,,,,,,0.5717068314552307,,0.05823862552642822,0.9098069071769714,0.7759445905685425,0.0005549409543164074,0.05103541910648346,0.013480101712048054,0.01595231704413891
Cannabis,331497006264,post,,,,,,,0.48694145679473877,,0.7723590135574341,0.9998319745063782,0.23704567551612854,0.5346125364303589,0.04238400608301163,0.0019304942106828094,0.00016931272693909705
Cannabis,331558564212,pre,,,,,,,0.674693763256073,,0.5448014140129089,0.35801634192466736,0.3844498097896576,0.4668456017971039,0.12231338769197464,0.12549343705177307,0.008478401228785515
Cannabis,331558564212,post,,,,,,,0.961605966091156,,0.9960545897483826,0.20545558631420135,0.9996806979179382,0.9965503215789795,0.9986276626586914,0.0032224843744188547,0.8066837191581726
Cannabis,331646387760,pre,,,,,,,0.996523380279541,,0.0004974744515493512,0.939331591129303,0.3274531960487366,0.0033864856231957674,0.18374003469944,0.9415870308876038,0.0066153923980891705
Cannabis,331646387760,post,,,,,,,0.9979492425918579,,0.0006118340534158051,0.9620897769927979,0.5898345112800598,0.000338639976689592,0.05964693799614906,0.14627006649971008,0.002387409331277013
Cannabis,331664859864,pre,,,,,,,0.9652175903320312,,0.001396671636030078,0.9944180250167847,0.47852885723114014,0.0004230579943396151,0.006718870252370834,0.9879229068756104,0.03228326141834259
Cannabis,331664859864,post,,,,,,,0.6653562188148499,,0.0005976693355478346,0.9968149662017822,0.30404168367385864,0.00015356238873209804,0.012747264467179775,0.005384938325732946,0.001964661292731762
Cannabis,331683325812,pre,,,,,,,0.05490385368466377,,0.966529130935669,0.9779044985771179,0.06543946266174316,0.09467769414186478,0.0007870083791203797,0.013782084919512272,0.00025664037093520164
Cannabis,331683325812,post,,,,,,,0.15791547298431396,,0.9677014946937561,0.9993461966514587,0.06656160950660706,0.31153157353401184,0.000526449759490788,0.0004538609937299043,0.0002721229684539139
Cannabis,332476016148,post,,,,,,,0.8996515274047852,,0.9195522665977478,0.9965502619743347,0.7622471451759338,0.6099889278411865,0.14965561032295227,0.18639108538627625,0.11267788708209991
Cannabis,332533810728,pre,,,,,,,0.6431052088737488,,0.1609242558479309,0.31742626428604126,0.9988969564437866,0.7283620238304138,0.006887119263410568,0.00208500144071877,0.00025564010138623416
Cannabis,332533810728,post,,,,,,,0.14481276273727417,,0.0011469158343970776,0.16277889907360077,0.9977700114250183,0.7816641330718994,0.05509418621659279,0.03173859417438507,0.001092319143936038
Cannabis,332551598148,pre,,,,,,,0.998091995716095,,0.0055333878844976425,0.6477982401847839,0.0005357805057428777,0.00020662983297370374,0.0001344663032796234,0.9925466179847717,0.0001670140482019633
Cannabis,332551598148,post,,,,,,,0.9896518588066101,,0.8011105060577393,0.4163219630718231,0.6671476364135742,0.017904460430145264,0.0007839425816200674,0.3958345949649811,0.0009092752006836236
Cannabis,332579913696,pre,,,,,,,0.9819620251655579,,0.7325440049171448,0.9730876684188843,0.38630029559135437,0.27581191062927246,0.21452683210372925,0.7543047070503235,0.7646281123161316
Cannabis,332579913696,post,,,,,,,0.714777410030365,,0.8509337306022644,0.8961832523345947,0.49365270137786865,0.2780607044696808,0.09211449325084686,0.6781138777732849,0.003922447096556425
Cannabis,332724581064,pre,,,,,,,0.19814175367355347,,0.2221934050321579,0.5346125364303589,0.21272225677967072,0.267408162355423,0.14139993488788605,0.06548520922660828,0.012217680923640728
Cannabis,332724581064,post,,,,,,,0.49121183156967163,,0.37616467475891113,0.596433162689209,0.3255205750465393,0.3140505254268646,0.2913839817047119,0.25017932057380676,0.40262696146965027
Cannabis,332796813516,pre,,,,,,,0.8601930141448975,,0.7631308436393738,0.7581526637077332,0.37937840819358826,0.5258558392524719,0.11869121342897415,0.0010024583898484707,0.00026375282322987914
Cannabis,332796813516,post,,,,,,,0.2914344072341919,,0.6938879489898682,0.7476159334182739,0.32637879252433777,0.5219585299491882,0.11013571918010712,0.0049245101399719715,0.0012843080330640078
Cannabis,332922253644,pre,,,,,,,0.8949273228645325,,0.33361175656318665,0.9656053781509399,0.3515336215496063,0.10800065100193024,0.007431773003190756,0.023341897875070572,0.0007539327489212155
Cannabis,332922253644,post,,,,,,,0.7917405366897583,,0.530722975730896,0.9964756965637207,0.7397985458374023,0.12273335456848145,0.14829371869564056,0.008890275843441486,0.00017882819520309567
Cannabis,333132449580,pre,,,,,,,0.5200088024139404,,0.7260372638702393,0.6297745704650879,0.9998107552528381,0.43782350420951843,0.2372223287820816,0.06010044366121292,0.0018748616566881537
Cannabis,333132449580,post,,,,,,,0.035111747682094574,,0.09885956346988678,0.9995197057723999,0.06925792992115021,0.0003654328756965697,0.0005132578662596643,0.0007854740251787007,0.00020703370682895184
Cannabis,333186824160,pre,,,,,,,0.22154010832309723,,0.9179301857948303,0.8267117738723755,0.5312093496322632,0.454714298248291,0.21700547635555267,0.04819273203611374,0.011574994772672653
Cannabis,333186824160,post,,,,,,,0.07250525057315826,,0.9733549356460571,0.9342753291130066,0.561214804649353,0.7174080610275269,0.1937568634748459,0.006944127380847931,0.0002531563804950565
Cannabis,333303379128,pre,,,,,,,0.8932221531867981,,0.8938202261924744,0.42465054988861084,0.9316959381103516,0.6897237300872803,0.16824108362197876,0.9128546714782715,0.7443312406539917
Cannabis,333303379128,post,,,,,,,0.7848348617553711,,0.9554492235183716,0.4082767367362976,0.6947170495986938,0.7041600942611694,0.4440825581550598,0.8231863379478455,0.8525676131248474
Cannabis,333382381812,pre,,,,,,,0.8078399300575256,,0.8893367648124695,0.7813306450843811,0.6104534864425659,0.6062653660774231,0.4469774663448334,0.9422016739845276,0.3354596793651581
Cannabis,333382381812,post,,,,,,,0.8654232621192932,,0.9252975583076477,0.7291342616081238,0.9997731447219849,0.7880943417549133,0.42202815413475037,0.6873152852058411,0.2743513584136963
Cannabis,333419387580,pre,,,,,,,0.014240749180316925,,0.0002726548118516803,0.04795810207724571,0.00043224156252108514,0.00019222713308408856,0.000191104321856983,0.0009473090176470578,0.0002497196546755731
Cannabis,333419387580,post,,,,,,,0.3047136664390564,,0.000552778656128794,0.9993976354598999,0.007937993854284286,0.00029827762045897543,0.0002658209123183042,0.004223365802317858,0.000170640429132618
Cannabis,333509673528,pre,,,,,,,0.5349997282028198,,0.4328423738479614,0.514644205570221,0.7836575508117676,0.04726070538163185,0.2963486909866333,0.8108910918235779,0.0362541638314724
Cannabis,333509673528,post,,,,,,,0.9066118001937866,,0.9429023265838623,0.8048664331436157,0.2818007171154022,0.12667709589004517,0.10254599153995514,0.7842364311218262,0.0131086315959692
Cannabis,333524107980,pre,,,,,,,0.9694401621818542,,0.7453983426094055,0.9990013837814331,0.2743513584136963,0.005522650200873613,0.023655615746974945,0.34792473912239075,0.2194211333990097
Cannabis,333524107980,post,,,,,,,0.4736572504043579,,0.26549938321113586,0.4593186378479004,0.5443170070648193,0.543832540512085,0.23231014609336853,0.033242542296648026,0.0036856739316135645
Cannabis,333524655864,post,,,,,,,0.9928370714187622,,0.0022387211211025715,0.9993228316307068,0.9712656736373901,0.0006905415211804211,0.00047936048940755427,0.19132769107818604,0.009011554531753063
Cannabis,333621101232,pre,,,,,,,0.4322880804538727,,0.9814267158508301,0.7956580519676208,0.3911733627319336,0.5898345112800598,0.10861368477344513,0.14669740200042725,0.07100921869277954
Cannabis,333621101232,post,,,,,,,0.35995450615882874,,0.9797646403312683,0.6520198583602905,0.43830427527427673,0.5491570830345154,0.4172714650630951,0.25277578830718994,0.07517640292644501
Cannabis,333674999748,post,,,,,,,0.242923304438591,,0.07778868824243546,0.319121390581131,0.020407866686582565,0.012543042190372944,0.0004916815087199211,0.00036188281956128776,0.00018450374773237854
Cannabis,333757626264,pre,,,,,,,0.5312093496322632,,0.8859772086143494,0.5645787119865417,0.2907794415950775,0.32103413343429565,0.16145239770412445,0.03773254156112671,0.13854917883872986
Cannabis,333757626264,post,,,,,,,0.011125752702355385,,0.8019357919692993,0.7872777581214905,0.06187598779797554,0.4054487645626068,0.07359633594751358,0.002992665395140648,0.0011581579456105828
Cannabis,335869337412,pre,,,,,,,0.018194368109107018,,0.99260413646698,0.9814578890800476,0.9235406517982483,0.01852879673242569,0.002420194214209914,0.0006615174352191389,0.0005305765080265701
Cannabis,335869337412,post,,,,,,,0.4490092098712921,,0.9953724145889282,0.9875413179397583,0.8885172009468079,0.34268149733543396,0.005685906391590834,0.0008642927277833223,0.009974921122193336
Cannabis,335891226096,pre,,,,,,,0.7215715646743774,,0.49560555815696716,0.6513548493385315,0.12603029608726501,0.3562226891517639,0.1550784707069397,0.3195458948612213,0.4339815080165863
Cannabis,335891226096,post,,,,,,,0.5930202007293701,,0.9953770041465759,0.7314424514770508,0.5748721957206726,0.7774688601493835,0.3993430435657501,0.7974779009819031,0.3750481605529785
Cannabis,335905795296,pre,,,,,,,0.8113772869110107,,0.9997695088386536,0.9991457462310791,0.990678071975708,0.9009009599685669,0.02867221087217331,0.30036064982414246,0.434101402759552
Cannabis,335905795296,post,,,,,,,0.6834326386451721,,0.9914886951446533,0.9895614981651306,0.9958741068840027,0.9960469007492065,0.024645116180181503,0.6934729814529419,0.27474039793014526
Cannabis,335907029232,pre,,,,,,,0.9977568984031677,,0.6130049228668213,0.6460137367248535,0.7459539175033569,0.3508661091327667,0.18082882463932037,0.050272319465875626,0.04095105826854706
Cannabis,335907029232,post,,,,,,,0.4990234076976776,,0.02520282380282879,0.31027624011039734,0.6473524570465088,0.17231109738349915,0.0208281259983778,0.001081715221516788,0.0035174882505089045
Cannabis,335939244948,pre,,,,,,,0.48730742931365967,,0.02850187197327614,0.7676898837089539,0.7367795705795288,0.08555635809898376,0.07068778574466705,0.4368622601032257,0.2735743820667267
Cannabis,335939244948,post,,,,,,,0.8127558827400208,,0.00016832372057251632,0.9853173494338989,0.5180585384368896,0.0001823546044761315,0.025917263701558113,0.001192549243569374,0.0007222463027574122
Cannabis,335953130148,pre,,,,,,,0.867555558681488,,0.8726732730865479,0.7483522891998291,0.5760650634765625,0.7291342616081238,0.24707794189453125,0.16749082505702972,0.00625338451936841
Cannabis,335953130148,post,,,,,,,0.0015548133524134755,,0.9887852668762207,0.8997397422790527,0.6397360563278198,0.7170119285583496,0.268557608127594,0.001842253259383142,0.00015266539412550628
Cannabis,335992182444,pre,,,,,,,0.41232308745384216,,0.6596243977546692,0.9877262115478516,0.13546065986156464,0.03760863468050957,0.01945657469332218,0.0006918906001374125,0.0002368950954405591
Cannabis,335992182444,post,,,,,,,0.7659874558448792,,0.8399966955184937,0.97342449426651,0.60905921459198,0.6909763216972351,0.14033624529838562,0.010189336724579334,0.0003726376744452864
Cannabis,336050532432,post,,,,,,,0.5755879878997803,,0.7487199306488037,0.7559974789619446,0.6123096346855164,0.6081286668777466,0.4125301241874695,0.01342178788036108,0.02578507922589779
Cannabis,336066055128,pre,,,,,,,0.9950659275054932,,0.07288376986980438,0.7509182691574097,0.4313446581363678,0.13730095326900482,0.013835279271006584,0.08381536602973938,0.0015457439003512263
Cannabis,336066055128,post,,,,,,,0.01729249209165573,,0.3348069190979004,0.5631377100944519,0.0384661927819252,0.09376095235347748,0.06856867671012878,0.000962212448939681,0.0014550628839060664
Cannabis,336092047812,pre,,,,,,,0.9747010469436646,,0.907034695148468,0.9995434880256653,0.008560892194509506,0.000284622423350811,0.0002278218453284353,0.00033404320129193366,0.00016124539251904935
Cannabis,336092047812,post,,,,,,,0.1927671879529953,,0.4975586235523224,0.9995063543319702,0.4644157588481903,0.05597776174545288,0.0030634168069809675,0.0007643033168278635,0.0006411776994355023
Cannabis,336209078844,post,,,,,,,0.899871826171875,,0.9891133904457092,0.6570984721183777,0.6020616292953491,0.7778065800666809,0.5515737533569336,0.9000915884971619,0.8497219681739807
Cannabis,336213594612,pre,,,,,,,0.99946528673172,,0.9543983936309814,0.6229182481765747,0.9787938594818115,0.6579781174659729,0.1856517195701599,0.547947883605957,0.029535340145230293
Cannabis,336213594612,post,,,,,,,0.9995353817939758,,0.429668664932251,0.9996200203895569,0.070719875395298,0.00955939944833517,0.012467669323086739,0.002082970691844821,0.00025266254669986665
Cannabis,336220230780,pre,,,,,,,0.780662477016449,,0.2936069667339325,0.9722340703010559,0.3510885536670685,0.21617697179317474,0.0006474658148363233,0.2506375312805176,0.34455370903015137
Cannabis,336220230780,post,,,,,,,0.2735743820667267,,0.5359485745429993,0.9070243835449219,0.007907291874289513,0.009936419315636158,0.0007110568694770336,0.21874237060546875,0.011050794273614883
Cannabis,336312157644,pre,,,,,,,0.6433853507041931,,0.031588878482580185,0.9942697882652283,0.1446918547153473,0.001492425100877881,0.02627403289079666,0.03240551799535751,0.0023967307060956955
Cannabis,336312157644,post,,,,,,,0.3492552638053894,,0.6734064817428589,0.8333245515823364,0.6006569266319275,0.14884962141513824,0.2968835234642029,0.24848860502243042,0.002230012556537986
Cannabis,336365716212,pre,,,,,,,0.9377830624580383,,0.3904758393764496,0.8811554908752441,0.6796041131019592,0.30259713530540466,0.056979499757289886,0.47073662281036377,0.11162799596786499
Cannabis,336365716212,post,,,,,,,0.9750835299491882,,0.2936069965362549,0.4335017800331116,0.6482437252998352,0.3890821933746338,0.06754668802022934,0.9957683682441711,0.2886568009853363
Cannabis,336368866716,pre,,,,,,,0.014172365888953209,,0.3704531490802765,0.6451199054718018,0.16398024559020996,0.21800272166728973,0.09438513964414597,0.32766830921173096,0.0007350448868237436
Cannabis,336368866716,post,,,,,,,0.9774893522262573,,0.8283841609954834,0.7523766756057739,0.8525676131248474,0.6043989062309265,0.5384978652000427,0.24355244636535645,0.25683197379112244
Cannabis,336436920612,pre,,,,,,,0.8582959771156311,,0.6343168020248413,0.4814538359642029,0.10729707777500153,0.34400254487991333,0.020376166328787804,0.2041831761598587,0.5185461640357971
Cannabis,336436920612,post,,,,,,,0.9978780746459961,,0.21321330964565277,0.849597156047821,0.7325918674468994,0.4639299809932709,0.36658975481987,0.48620954155921936,0.49853515625
Cannabis,336453335928,pre,,,,,,,0.9980695843696594,,0.23863889276981354,0.9988003969192505,0.9575763940811157,0.27464309334754944,0.07585818320512772,0.9997069239616394,0.998981773853302
Cannabis,336453335928,post,,,,,,,0.9007700681686401,,0.9150908589363098,0.6802417039871216,0.553022563457489,0.6658452749252319,0.3770817816257477,0.9135994911193848,0.9584988951683044
Cannabis,337439599632,post,,,,,,,0.4544040560722351,,0.23388127982616425,0.998095691204071,0.5448014140129089,0.0014103584690019488,0.010818448849022388,0.02460992895066738,0.00037118548061698675
Cannabis,337490487180,pre,,,,,,,0.9933071136474609,,0.7217431664466858,0.8918110132217407,0.18967114388942719,0.2818007171154022,0.06699521839618683,0.5853382349014282,0.011179601773619652
Cannabis,337490487180,post,,,,,,,0.6604461669921875,,0.48072242736816406,0.5346125364303589,0.06625132262706757,0.5884162187576294,0.4926762878894806,0.9964133501052856,0.6949241161346436
Cannabis,337500337464,pre,,,,,,,0.5189423561096191,,0.899739682674408,0.84065181016922,0.22456520795822144,0.5803520083427429,0.04764695093035698,0.013861952349543571,0.000257141946349293
Cannabis,337500337464,post,,,,,,,0.05170163884758949,,0.9814845323562622,0.9355823993682861,0.6240644454956055,0.7384805083274841,0.2867681086063385,0.01919744908809662,0.001359049929305911
Cannabis,337523113296,pre,,,,,,,0.8301815390586853,,0.5600120425224304,0.820325493812561,0.7516481876373291,0.08393730223178864,0.02118586003780365,0.7615384459495544,0.004477080889046192
Cannabis,337523113296,post,,,,,,,0.8824278712272644,,0.17486774921417236,0.9992297291755676,0.843444287776947,0.16545821726322174,0.030625026673078537,0.6964230537414551,0.00457386439666152
Cannabis,337564903644,pre,,,,,,,0.9826576709747314,,0.7784809470176697,0.49609383940696716,0.2137051820755005,0.46295857429504395,0.19868536293506622,0.8332567811012268,0.7244805693626404
Cannabis,337564903644,post,,,,,,,0.3806438148021698,,0.5755879878997803,0.4196479618549347,0.21850256621837616,0.3965354263782501,0.15713685750961304,0.5580862164497375,0.1359187662601471
Cannabis,337689875232,post,,,,,,,0.2317880541086197,,0.2420264482498169,0.6229182481765747,0.21386931836605072,0.38861802220344543,0.2211824208498001,0.4780414402484894,0.39676913619041443
Cannabis,337924757412,pre,,,,,,,0.9843814969062805,,0.08945459872484207,0.9904590845108032,0.7797414064407349,0.35398629307746887,0.3752484917640686,0.9646059274673462,0.9996830821037292
Cannabis,337924757412,post,,,,,,,0.5456791520118713,,0.6649755835533142,0.29563644528388977,0.08115490525960922,0.3553273677825928,0.10989668220281601,0.9182055592536926,0.0012042381567880511
Cannabis,338387077116,pre,,,,,,,0.9967900514602661,,0.671147346496582,0.7956581115722656,0.45786383748054504,0.16411417722702026,0.055336177349090576,0.5141563415527344,0.0011291546979919076
Cannabis,338424079464,pre,,,,,,,0.9951326251029968,,0.9650965332984924,0.9996547102928162,0.8541257977485657,0.35891464352607727,0.03289904072880745,0.6160122752189636,0.07931723445653915
Cannabis,338559034716,pre,,,,,,,0.5660185217857361,,0.887057900428772,0.35488009452819824,0.9037199020385742,0.6491338610649109,0.25701841711997986,0.29380956292152405,0.0006118339952081442
Cannabis,338559034716,post,,,,,,,0.5674572587013245,,0.7846491932868958,0.5803520679473877,0.5860490798950195,0.6034646034240723,0.4868195056915283,0.532181978225708,0.42823341488838196
Cannabis,339360065748,pre,,,,,,,0.9697567820549011,,0.7045668363571167,0.9876490235328674,0.7962924242019653,0.39326852560043335,0.10338596254587173,0.016434574499726295,0.0004556365602184087
Cannabis,339360065748,post,,,,,,,0.02782202512025833,,0.0008917038212530315,0.9780517220497131,0.01588347740471363,0.001276814378798008,0.0002874147321563214,0.0005082725547254086,0.00023968686582520604
Cannabis,339400418328,pre,,,,,,,0.47828516364097595,,0.9546262621879578,0.918772280216217,0.501953125,0.6838419437408447,0.23846150934696198,0.02963697724044323,0.0006130294059403241
Cannabis,339400418328,post,,,,,,,0.22414036095142365,,0.8133125305175781,0.6197015047073364,0.3928025960922241,0.46198755502700806,0.29098084568977356,0.13632069528102875,0.006406943779438734
Cannabis,339412460148,pre,,,,,,,0.9919536113739014,,0.8767399191856384,0.7704648375511169,0.6740504503250122,0.6123096942901611,0.45713669061660767,0.000338639976689592,0.002287227427586913
Cannabis,339412460148,post,,,,,,,0.9294244050979614,,0.888372004032135,0.6938879489898682,0.9975561499595642,0.7956581115722656,0.45519861578941345,0.0011559008853510022,0.005708033684641123
Cannabis,339468139116,pre,,,,,,,0.9733802080154419,,0.2978782653808594,0.8467044830322266,0.562176525592804,0.26779094338417053,0.10576342046260834,0.008319806307554245,0.00015059267752803862
Cannabis,339468139116,post,,,,,,,0.2112744152545929,,0.9252974987030029,0.9997097849845886,0.4892595112323761,0.696784257888794,0.0038581155240535736,0.0005152656813152134,0.00012100819731131196
Cannabis,339512253696,pre,,,,,,,0.04389553144574165,,0.9719692468643188,0.9329437613487244,0.47268348932266235,0.6437773108482361,0.13986565172672272,0.0004068574926350266,0.00014313739666249603
Cannabis,339512253696,post,,,,,,,0.5434085130691528,,0.5650587677955627,0.9990527629852295,0.5978426933288574,0.05457540601491928,0.06506811827421188,0.0003951154067181051,0.00033930179779417813
Cannabis,339572310264,pre,,,,,,,0.018689310178160667,,0.03419705480337143,0.20833995938301086,0.04709608480334282,0.18242551386356354,0.059619564563035965,0.19636346399784088,0.2546016275882721
Cannabis,339572310264,post,,,,,,,0.09999631345272064,,0.5746334791183472,0.3747906982898712,0.07585817575454712,0.24816957116127014,0.05831902474164963,0.05782490596175194,0.057354528456926346
Cannabis,339637903812,pre,,,,,,,0.6747206449508667,,0.9905873537063599,0.1911766231060028,0.645566999912262,0.7114309668540955,0.6261242032051086,0.7950222492218018,0.908048689365387
Cannabis,339637903812,post,,,,,,,0.5067744851112366,,0.9925031661987305,0.6570985317230225,0.6265812516212463,0.733738124370575,0.5602526664733887,0.5590493083000183,0.5460120439529419
Cannabis,339838728948,pre,,,,,,,0.44299790263175964,,0.7709825038909912,0.9998633861541748,0.5506073236465454,0.3974705636501312,0.04643222317099571,0.003628740319982171,0.00014482438564300537
Cannabis,339838728948,post,,,,,,,0.0034229345619678497,,0.7823300361633301,0.5732007026672363,0.024128170683979988,0.2206781506538391,0.05455021932721138,0.010238701477646828,0.003976227715611458
Cannabis,339960888612,pre,,,,,,,0.22644133865833282,,0.641534686088562,0.9326069355010986,0.12635335326194763,0.07306545227766037,0.0002902344276662916,0.0004710117937065661,0.00018023049051407725
Cannabis,339960888612,post,,,,,,,0.9681110382080078,,0.7831604480743408,0.9996094703674316,0.013808656483888626,0.2218560427427292,0.00016734052042011172,0.0006576552405022085,0.000152070279000327
Cannabis,340026146316,pre,,,,,,,0.026810195297002792,,0.16431522369384766,0.3530935049057007,0.028442779555916786,0.11767348647117615,0.046055346727371216,0.008461997844278812,0.0069105364382267
Cannabis,340026146316,post,,,,,,,0.0138086574152112,,0.9933460354804993,0.9968056678771973,0.10706346482038498,0.053009774535894394,0.00879612099379301,0.000471011851914227,0.0003528132801875472
Cannabis,340120874160,post,,,,,,,0.9617499709129333,,0.7828285694122314,0.18609505891799927,0.805785059928894,0.13128456473350525,0.04506278783082962,0.01595231704413891,0.00040211935993283987
Cannabis,340237222560,pre,,,,,,,0.9982959628105164,,0.8492224216461182,0.9618754386901855,0.998932957649231,0.5607337355613708,0.008227657526731491,0.6670392155647278,0.061494454741477966
Cannabis,340237222560,post,,,,,,,0.9988190531730652,,0.9281812310218811,0.999376118183136,0.879845380783081,0.36590972542762756,0.0031175725162029266,0.998472273349762,0.040960643440485
Cannabis,340243723296,pre,,,,,,,0.6188955903053284,,0.7638362646102905,0.20529620349407196,0.9995685815811157,0.6053325533866882,0.02077466994524002,0.9966035485267639,0.003657096764072776
Cannabis,340243723296,post,,,,,,,0.4030967950820923,,0.7972413301467896,0.6548947095870972,0.5360700488090515,0.6057990789413452,0.4054487347602844,0.017987826839089394,0.01850217580795288
Cannabis,340245912780,pre,,,,,,,0.5606886744499207,,0.18198898434638977,0.9997981190681458,0.42107564210891724,0.003324436955153942,0.0017683516489341855,0.004857966210693121,0.0003569706459529698
Cannabis,340245912780,post,,,,,,,0.0007687913603149354,,0.00038371203118003905,0.0805312991142273,0.0011073390487581491,0.000204223018954508,0.00023782205244060606,0.0004381890466902405,0.00023968686582520604
Cannabis,340410140496,post,,,,,,,0.5309661626815796,,0.9390020370483398,0.9497160911560059,0.5282900333404541,0.3285294473171234,0.19985400140285492,0.0026678042486310005,0.0002862945257220417
Cannabis,340416364896,pre,,,,,,,0.004982269834727049,,0.003791144350543618,0.2819984257221222,0.00875788927078247,0.014647348783910275,0.019287293776869774,0.0009290034067817032,0.0005988371558487415
Cannabis,340416364896,post,,,,,,,0.8035980463027954,,0.968938946723938,0.9829218983650208,0.3844498097896576,0.42155182361602783,0.08119132369756699,0.001548761036247015,0.0002161216107197106
Cannabis,340552889928,pre,,,,,,,0.8167719841003418,,0.006500871852040291,0.984105110168457,0.4576214551925659,0.00045474787475541234,0.06687323749065399,0.5765419602394104,0.03286798298358917
Cannabis,340634619720,pre,,,,,,,0.9995206594467163,,0.4120568633079529,0.9997448921203613,0.9802584648132324,0.21535074710845947,0.05215838924050331,0.036322467029094696,0.002204089192673564
Cannabis,340634619720,post,,,,,,,0.5660185217857361,,0.40403708815574646,0.4450471103191376,0.20354916155338287,0.3127897083759308,0.21044160425662994,0.19915220141410828,0.18417982757091522
Cannabis,340636960368,pre,,,,,,,0.9379537105560303,,0.9903290271759033,0.6334102749824524,0.6201616525650024,0.7900447845458984,0.5712882876396179,0.9069008231163025,0.8451772928237915
Cannabis,340636960368,post,,,,,,,0.5757072567939758,,0.9882760643959045,0.7723590135574341,0.5841525793075562,0.7154240012168884,0.31384021043777466,0.5384978652000427,0.6306849122047424
Cannabis,340639446708,post,,,,,,,0.8657357692718506,,0.6634508967399597,0.9907140135765076,0.31056368350982666,0.09361065179109573,0.0009022054728120565,0.28427785634994507,0.01678548939526081
Cannabis,340640571888,post,,,,,,,0.5535392165184021,,0.9915992021560669,0.6855285167694092,0.6199315786361694,0.7183969020843506,0.1516549289226532,0.5898345112800598,0.6838418841362
Cannabis,340640868744,pre,,,,,,,0.8983660340309143,,0.16742275655269623,0.9300295114517212,0.998492956161499,0.7844841480255127,0.01012062281370163,0.0034362857695668936,0.0023413407616317272
Cannabis,340640868744,post,,,,,,,0.896930456161499,,0.8688268065452576,0.9858139753341675,0.8574103116989136,0.2952299416065216,0.11109645664691925,0.2112540453672409,0.003802225226536393
Cannabis,340641067104,pre,,,,,,,0.853851854801178,,0.3749051094055176,0.9970621466636658,0.20180952548980713,0.007968815043568611,0.003960787318646908,0.04252294823527336,0.0010838276939466596
Cannabis,340641067104,post,,,,,,,0.564548671245575,,0.9016882181167603,0.9997730255126953,0.5109845399856567,0.6656279563903809,0.04488975554704666,0.027272667735815048,0.0009308179141953588
Cannabis,340641527436,pre,,,,,,,0.8246738314628601,,0.580173671245575,0.9996464848518372,0.9974491000175476,0.16918271780014038,0.08705195039510727,0.7950620055198669,0.2485341876745224
Cannabis,340641527436,post,,,,,,,0.4831759035587311,,0.9426652789115906,0.9993499517440796,0.8534247279167175,0.09459403157234192,0.9994440078735352,0.0029464049730449915,0.0008509045001119375
Cannabis,340641934416,pre,,,,,,,0.8521682620048523,,0.9566746950149536,0.98280268907547,0.07850097864866257,0.32831403613090515,0.05070536583662033,0.001026206649839878,0.0013147244462743402
Cannabis,340641934416,post,,,,,,,0.7690585255622864,,0.028134074062108994,0.32809874415397644,0.1536761224269867,0.0018494504038244486,0.0002780309587251395,0.1300228387117386,0.0060269515961408615
Cannabis,340641935100,pre,,,,,,,0.5581463575363159,,0.0018315102206543088,0.9362849593162537,0.06804041564464569,0.004547263961285353,0.12155535817146301,0.9970189929008484,0.0008312097052112222
Cannabis,340641935100,post,,,,,,,0.9840936660766602,,0.07592666894197464,0.845432698726654,0.6514484286308289,0.4635656774044037,0.009559398517012596,0.9360661506652832,0.9046927094459534
Cannabis,340642271628,pre,,,,,,,0.6457623839378357,,0.9906508922576904,0.8083699345588684,0.6526843309402466,0.7051762938499451,0.41182035207748413,0.6588566303253174,0.783491849899292
Cannabis,340642271628,post,,,,,,,0.6231690645217896,,0.9913892149925232,0.7509182095527649,0.6136996746063232,0.7283620238304138,0.4455295205116272,0.6573184728622437,0.818881630897522
Cannabis,340642298304,pre,,,,,,,0.04365027695894241,,0.41917237639427185,0.7570767402648926,0.10145583003759384,0.5195212960243225,0.22286924719810486,0.18417984247207642,0.056667111814022064
Cannabis,340642298304,post,,,,,,,0.10715685784816742,,0.3453260362148285,0.6062653660774231,0.061143141239881516,0.31658050417900085,0.07084833830595016,0.08375269919633865,0.0893750861287117
Cannabis,340642943316,pre,,,,,,,0.5997195839881897,,0.8755743503570557,0.8746136426925659,0.5693738460540771,0.6688802242279053,0.329391747713089,0.0484791100025177,0.0004108485300093889
Cannabis,340642943316,post,,,,,,,0.9960082769393921,,0.9544355869293213,0.9551311731338501,0.6297746300697327,0.7839884757995605,0.03285247087478638,0.002204089192673564,0.0004592085024341941
Cannabis,340643476152,pre,,,,,,,0.9984781742095947,,0.9540303945541382,0.9897878766059875,0.08870181441307068,0.2643583416938782,0.0021489490754902363,0.08985311537981033,0.0005571117508225143
Cannabis,340643476152,post,,,,,,,0.9907945394515991,,0.8943750262260437,0.9226218461990356,0.02136888913810253,0.4873073995113373,0.0010587475262582302,0.001026206649839878,0.0002824080875143409
Cannabis,340644762756,pre,,,,,,,0.9967900514602661,,0.0013617033837363124,0.42202815413475037,0.02684844098985195,0.042260315269231796,0.0008642927277833223,0.8280020356178284,0.005808669608086348
Cannabis,340644762756,post,,,,,,,0.9483940005302429,,0.003285833168774843,0.28736770153045654,0.21060390770435333,0.01943795569241047,0.0007748163188807666,0.6347697377204895,0.7700327038764954
Cannabis,340646687532,pre,,,,,,,0.9418416619300842,,0.9431253671646118,0.9931429028511047,0.7550053000450134,0.647129476070404,0.06351139396429062,0.07126733660697937,0.00898542907088995
Cannabis,340646687532,post,,,,,,,0.7912167906761169,,0.8380180597305298,0.9997432827949524,0.005888159852474928,0.6845804452896118,0.0032413601875305176,0.0025708680041134357,0.00048217613948509097
Cannabis,340646807916,pre,,,,,,,0.9686492681503296,,0.6817268133163452,0.8449215292930603,0.28219619393348694,0.6424325108528137,0.010086439549922943,0.0014048677403479815,0.000159678646014072
